analysis_name,yearly_aggregate,window_size,config_type,r_squared,p_value,aic,bic,is_normal,is_homoscedastic,no_autocorrelation,durbin_watson,cv_r2_score,cv_r2_std,vif_PPT,vif_ortho_PPT_lag1,p_value_lag1,vif_ortho_sin_cycle,vif_ortho_cos_cycle,p_value_sin,p_value_cos
Maize-Cluster_2_yearly_False_window_1_lags_none_sinusoidal_no_linear,False,1,linear_lags_none_sinusoidal_no,0.007,0.723,413.036,415.125,False,True,True,2.126,-0.097,0,1.0,,,,,,
Maize-Cluster_2_yearly_False_window_1_lags_1_sinusoidal_no_linear,False,1,linear_lags_1_sinusoidal_no,0.012,0.654,396.311,399.298,False,True,True,2.181,-0.794,0,1.0,1.0,0.787,,,,
Maize-Cluster_2_yearly_False_window_1_lags_none_sinusoidal_yes_linear,False,1,linear_lags_none_sinusoidal_yes,0.038,0.981,416.369,420.547,False,True,True,2.221,-0.262,0,1.0,,,1.0,1.0,0.948,0.47
Maize-Cluster_2_yearly_False_window_1_lags_1_sinusoidal_yes_linear,False,1,linear_lags_1_sinusoidal_yes,0.033,0.958,399.889,404.868,False,True,True,2.199,-1.287,0,1.0,1.0,0.982,1.0,1.0,0.996,0.592
Maize-Cluster_2_yearly_True_window_1_lags_none_sinusoidal_no_linear,True,1,linear_lags_none_sinusoidal_no,0.031,0.549,276.944,278.222,False,True,True,2.357,-1.013,0,1.0,,,,,,
Maize-Cluster_2_yearly_True_window_1_lags_1_sinusoidal_no_linear,True,1,linear_lags_1_sinusoidal_no,0.151,0.216,258.511,260.206,True,True,True,2.414,-0.45,0,1.0,1.0,0.267,,,,
Maize-Cluster_2_yearly_True_window_1_lags_none_sinusoidal_yes_linear,True,1,linear_lags_none_sinusoidal_yes,0.075,0.869,280.296,282.852,False,True,True,2.448,-1.111,0,1.0,,,1.0,1.0,0.838,0.511
Maize-Cluster_2_yearly_True_window_1_lags_1_sinusoidal_yes_linear,True,1,linear_lags_1_sinusoidal_yes,0.162,0.379,262.347,265.172,True,True,True,2.486,-1.082,0,1.0,1.0,0.387,1.0,1.0,0.884,0.803
Maize-Cluster_2_yearly_False_window_2_lags_none_sinusoidal_no_linear,False,2,linear_lags_none_sinusoidal_no,0.002,0.847,396.295,398.384,False,True,False,1.185,-0.205,0,1.0,,,,,,
Maize-Cluster_2_yearly_False_window_2_lags_1_sinusoidal_no_linear,False,2,linear_lags_1_sinusoidal_no,0.145,0.312,377.901,380.888,True,True,False,1.262,-0.486,0,1.0,1.0,0.113,,,,
Maize-Cluster_2_yearly_False_window_2_lags_none_sinusoidal_yes_linear,False,2,linear_lags_none_sinusoidal_yes,0.127,0.59,397.49,401.669,False,True,False,1.305,-0.015,0,1.0,,,1.0,1.0,0.915,0.141
Maize-Cluster_2_yearly_False_window_2_lags_1_sinusoidal_yes_linear,False,2,linear_lags_1_sinusoidal_yes,0.199,0.85,380.599,385.577,True,True,False,1.261,-0.688,0,1.0,1.0,0.257,1.0,1.0,0.945,0.335
Maize-Cluster_2_yearly_True_window_2_lags_none_sinusoidal_no_linear,True,2,linear_lags_none_sinusoidal_no,0.22,0.09,261.961,263.239,True,True,True,1.579,-1.705,0,1.0,,,,,,
Maize-Cluster_2_yearly_True_window_2_lags_1_sinusoidal_no_linear,True,2,linear_lags_1_sinusoidal_no,0.376,0.034,243.926,245.621,True,True,False,1.423,-1.555,0,1.0,1.0,0.228,,,,
Maize-Cluster_2_yearly_True_window_2_lags_none_sinusoidal_yes_linear,True,2,linear_lags_none_sinusoidal_yes,0.246,0.36,265.486,268.042,True,True,True,1.632,-2.502,0,1.0,,,1.0,1.0,0.917,0.582
Maize-Cluster_2_yearly_True_window_2_lags_1_sinusoidal_yes_linear,True,2,linear_lags_1_sinusoidal_yes,0.427,0.085,246.823,249.648,True,True,False,1.469,-5.418,0,1.0,1.0,0.184,1.0,1.0,0.869,0.424
Maize-Cluster_2_yearly_False_window_3_lags_none_sinusoidal_no_linear,False,3,linear_lags_none_sinusoidal_no,0.025,0.494,371.545,373.634,True,True,False,1.068,-0.118,0,1.0,,,,,,
Maize-Cluster_2_yearly_False_window_3_lags_1_sinusoidal_no_linear,False,3,linear_lags_1_sinusoidal_no,0.307,0.614,349.901,352.888,True,True,False,1.37,-0.019,0,1.0,1.0,0.019,,,,
Maize-Cluster_2_yearly_False_window_3_lags_none_sinusoidal_yes_linear,False,3,linear_lags_none_sinusoidal_yes,0.211,0.147,371.105,375.283,True,True,False,1.4,0.029,0,1.0,,,1.0,1.0,0.693,0.062
Maize-Cluster_2_yearly_False_window_3_lags_1_sinusoidal_yes_linear,False,3,linear_lags_1_sinusoidal_yes,0.347,0.859,352.721,357.699,True,True,True,1.55,-1.459,0,1.0,1.0,0.061,1.0,1.0,0.715,0.368
Maize-Cluster_2_yearly_True_window_3_lags_none_sinusoidal_no_linear,True,3,linear_lags_none_sinusoidal_no,0.014,0.688,243.48,244.758,False,True,True,1.673,-1.301,0,1.0,,,,,,
Maize-Cluster_2_yearly_True_window_3_lags_1_sinusoidal_no_linear,True,3,linear_lags_1_sinusoidal_no,0.122,0.289,227.379,229.074,True,True,False,1.28,-0.79,0,1.0,1.0,0.381,,,,
Maize-Cluster_2_yearly_True_window_3_lags_none_sinusoidal_yes_linear,True,3,linear_lags_none_sinusoidal_yes,0.066,0.619,246.72,249.276,True,True,True,1.696,-2.008,0,1.0,,,1.0,1.0,0.472,0.92
Maize-Cluster_2_yearly_True_window_3_lags_1_sinusoidal_yes_linear,True,3,linear_lags_1_sinusoidal_yes,0.44,0.041,225.519,228.344,False,True,False,1.432,-1.187,0,1.0,1.0,0.076,1.0,1.0,0.347,0.074
Maize-Cluster_2_yearly_False_window_4_lags_none_sinusoidal_no_linear,False,4,linear_lags_none_sinusoidal_no,0.0,0.951,354.265,356.354,True,True,False,0.816,-0.039,0,1.0,,,,,,
Maize-Cluster_2_yearly_False_window_4_lags_1_sinusoidal_no_linear,False,4,linear_lags_1_sinusoidal_no,0.048,0.833,339.18,342.167,True,False,False,0.858,-0.397,0,1.0,1.0,0.379,,,,
Maize-Cluster_2_yearly_False_window_4_lags_none_sinusoidal_yes_linear,False,4,linear_lags_none_sinusoidal_yes,0.249,0.194,352.259,356.437,True,True,False,1.329,-0.424,0,1.0,,,1.0,1.0,0.266,0.039
Maize-Cluster_2_yearly_False_window_4_lags_1_sinusoidal_yes_linear,False,4,linear_lags_1_sinusoidal_yes,0.175,0.446,340.309,345.288,True,True,False,1.156,-0.285,0,1.0,1.0,0.719,1.0,1.0,0.431,0.186
Maize-Cluster_2_yearly_True_window_4_lags_none_sinusoidal_no_linear,True,4,linear_lags_none_sinusoidal_no,0.079,0.33,239.616,240.894,True,True,False,1.306,-0.01,0,1.0,,,,,,
Maize-Cluster_2_yearly_True_window_4_lags_1_sinusoidal_no_linear,True,4,linear_lags_1_sinusoidal_no,0.074,0.405,225.265,226.96,True,True,False,1.251,-1.641,0,1.0,1.0,0.77,,,,
Maize-Cluster_2_yearly_True_window_4_lags_none_sinusoidal_yes_linear,True,4,linear_lags_none_sinusoidal_yes,0.356,0.734,238.61,241.166,True,True,False,1.377,0.224,0,1.0,,,1.0,1.0,0.094,0.349
Maize-Cluster_2_yearly_True_window_4_lags_1_sinusoidal_yes_linear,True,4,linear_lags_1_sinusoidal_yes,0.299,0.287,225.638,228.463,True,True,False,0.99,-2.842,0,1.0,1.0,0.478,1.0,1.0,0.151,0.654
Maize-Cluster_2_yearly_False_window_5_lags_none_sinusoidal_no_linear,False,5,linear_lags_none_sinusoidal_no,0.001,0.918,352.637,354.726,False,True,False,1.168,-0.29,0,1.0,,,,,,
Maize-Cluster_2_yearly_False_window_5_lags_1_sinusoidal_no_linear,False,5,linear_lags_1_sinusoidal_no,0.001,0.96,338.563,341.551,False,False,False,1.204,-2.499,0,1.0,1.0,0.918,,,,
Maize-Cluster_2_yearly_False_window_5_lags_none_sinusoidal_yes_linear,False,5,linear_lags_none_sinusoidal_yes,0.317,0.136,348.633,352.811,True,True,False,1.427,-0.122,0,1.0,,,1.0,1.0,0.016,0.201
Maize-Cluster_2_yearly_False_window_5_lags_1_sinusoidal_yes_linear,False,5,linear_lags_1_sinusoidal_yes,0.279,0.261,336.045,341.023,True,True,False,1.268,-6.748,0,1.0,1.0,0.589,1.0,1.0,0.033,0.305
Maize-Cluster_2_yearly_True_window_5_lags_none_sinusoidal_no_linear,True,5,linear_lags_none_sinusoidal_no,0.223,0.088,233.318,234.596,False,True,True,1.993,-1.117,0,1.0,,,,,,
Maize-Cluster_2_yearly_True_window_5_lags_1_sinusoidal_no_linear,True,5,linear_lags_1_sinusoidal_no,0.26,0.195,220.777,222.472,True,True,True,2.246,-0.149,0,1.0,1.0,0.477,,,,
Maize-Cluster_2_yearly_True_window_5_lags_none_sinusoidal_yes_linear,True,5,linear_lags_none_sinusoidal_yes,0.308,0.374,235.694,238.25,True,True,True,2.233,-1.016,0,1.0,,,1.0,1.0,0.309,0.965
Maize-Cluster_2_yearly_True_window_5_lags_1_sinusoidal_yes_linear,True,5,linear_lags_1_sinusoidal_yes,0.62,0.018,216.104,218.929,True,True,False,3.016,-8.199,0,1.0,1.0,0.593,1.0,1.0,0.055,0.05
Maize-Cluster_2_yearly_False_window_6_lags_none_sinusoidal_no_linear,False,6,linear_lags_none_sinusoidal_no,0.145,0.088,340.687,342.776,True,True,False,0.804,0.061,0,1.0,,,,,,
Maize-Cluster_2_yearly_False_window_6_lags_1_sinusoidal_no_linear,False,6,linear_lags_1_sinusoidal_no,0.272,0.094,323.682,326.669,True,True,False,1.212,0.111,0,1.0,1.0,0.241,,,,
Maize-Cluster_2_yearly_False_window_6_lags_none_sinusoidal_yes_linear,False,6,linear_lags_none_sinusoidal_yes,0.252,0.862,341.894,346.072,True,False,False,0.932,0.101,0,1.0,,,1.0,1.0,0.141,0.449
Maize-Cluster_2_yearly_False_window_6_lags_1_sinusoidal_yes_linear,False,6,linear_lags_1_sinusoidal_yes,0.318,0.872,326.36,331.339,True,True,False,1.268,-0.102,0,1.0,1.0,0.196,1.0,1.0,0.336,0.573
Maize-Cluster_2_yearly_True_window_6_lags_none_sinusoidal_no_linear,True,6,linear_lags_none_sinusoidal_no,0.243,0.074,228.932,230.21,True,True,False,1.164,-0.185,0,1.0,,,,,,
Maize-Cluster_2_yearly_True_window_6_lags_1_sinusoidal_no_linear,True,6,linear_lags_1_sinusoidal_no,0.353,0.317,215.794,217.489,True,True,True,1.771,0.231,0,1.0,1.0,0.235,,,,
Maize-Cluster_2_yearly_True_window_6_lags_none_sinusoidal_yes_linear,True,6,linear_lags_none_sinusoidal_yes,0.437,0.171,228.784,231.341,True,True,True,1.724,-0.997,0,1.0,,,1.0,1.0,0.111,0.683
Maize-Cluster_2_yearly_True_window_6_lags_1_sinusoidal_yes_linear,True,6,linear_lags_1_sinusoidal_yes,0.828,0.001,202.549,205.374,True,True,True,2.415,0.1,0,1.0,1.0,0.091,1.0,1.0,0.002,0.004
Maize-Cluster_2_yearly_False_window_7_lags_none_sinusoidal_no_linear,False,7,linear_lags_none_sinusoidal_no,0.079,0.217,347.706,349.795,True,False,False,1.172,0.027,0,1.0,,,,,,
Maize-Cluster_2_yearly_False_window_7_lags_1_sinusoidal_no_linear,False,7,linear_lags_1_sinusoidal_no,0.135,0.132,332.357,335.344,True,True,False,1.323,-1.662,0,1.0,1.0,0.651,,,,
Maize-Cluster_2_yearly_False_window_7_lags_none_sinusoidal_yes_linear,False,7,linear_lags_none_sinusoidal_yes,0.166,0.339,349.618,353.796,True,False,False,1.429,0.092,0,1.0,,,1.0,1.0,0.211,0.867
Maize-Cluster_2_yearly_False_window_7_lags_1_sinusoidal_yes_linear,False,7,linear_lags_1_sinusoidal_yes,0.263,0.096,333.147,338.126,True,True,True,1.784,-1.653,0,1.0,1.0,0.423,1.0,1.0,0.262,0.326
Maize-Cluster_2_yearly_True_window_7_lags_none_sinusoidal_no_linear,True,7,linear_lags_none_sinusoidal_no,0.377,0.019,224.528,225.806,False,True,True,1.855,0.222,0,1.0,,,,,,
Maize-Cluster_2_yearly_True_window_7_lags_none_sinusoidal_yes_linear,True,7,linear_lags_none_sinusoidal_yes,0.524,0.03,224.777,227.333,True,True,False,2.553,-1.334,0,1.0,,,1.0,1.0,0.73,0.179
Maize-Cluster_2_yearly_False_window_8_lags_none_sinusoidal_no_linear,False,8,linear_lags_none_sinusoidal_no,0.074,0.234,341.3,343.389,False,True,False,0.848,-0.071,0,1.0,,,,,,
Maize-Cluster_2_yearly_False_window_8_lags_1_sinusoidal_no_linear,False,8,linear_lags_1_sinusoidal_no,0.17,0.08,325.192,328.179,True,True,False,0.896,-0.079,0,1.0,1.0,0.444,,,,
Maize-Cluster_2_yearly_False_window_8_lags_none_sinusoidal_yes_linear,False,8,linear_lags_none_sinusoidal_yes,0.21,0.472,341.965,346.144,True,True,False,1.127,-0.005,0,1.0,,,1.0,1.0,0.113,0.686
Maize-Cluster_2_yearly_False_window_8_lags_1_sinusoidal_yes_linear,False,8,linear_lags_1_sinusoidal_yes,0.324,0.071,325.079,330.058,True,True,False,1.23,-0.326,0,1.0,1.0,0.308,1.0,1.0,0.104,0.486
Maize-Cluster_2_yearly_False_window_9_lags_none_sinusoidal_no_linear,False,9,linear_lags_none_sinusoidal_no,0.009,0.689,338.211,340.3,False,False,False,0.5,-0.049,0,1.0,,,,,,
Maize-Cluster_2_yearly_False_window_9_lags_1_sinusoidal_no_linear,False,9,linear_lags_1_sinusoidal_no,0.051,0.39,323.273,326.261,False,False,False,0.601,-0.799,0,1.0,1.0,0.936,,,,
Maize-Cluster_2_yearly_False_window_9_lags_none_sinusoidal_yes_linear,False,9,linear_lags_none_sinusoidal_yes,0.2,0.775,337.699,341.877,True,False,False,0.759,0.078,0,1.0,,,1.0,1.0,0.06,0.915
Maize-Cluster_2_yearly_False_window_9_lags_1_sinusoidal_yes_linear,False,9,linear_lags_1_sinusoidal_yes,0.266,0.192,322.116,327.095,True,False,False,0.824,-1.626,0,1.0,1.0,0.687,1.0,1.0,0.064,0.448
Maize-Cluster_2_yearly_False_window_10_lags_none_sinusoidal_no_linear,False,10,linear_lags_none_sinusoidal_no,0.133,0.105,332.435,334.524,False,False,False,0.424,0.016,0,1.0,,,,,,
Maize-Cluster_2_yearly_False_window_10_lags_1_sinusoidal_no_linear,False,10,linear_lags_1_sinusoidal_no,0.304,0.11,314.217,317.204,True,True,False,0.678,-0.177,0,1.0,1.0,0.266,,,,
Maize-Cluster_2_yearly_False_window_10_lags_none_sinusoidal_yes_linear,False,10,linear_lags_none_sinusoidal_yes,0.3,0.269,331.922,336.101,True,False,False,0.578,0.211,0,1.0,,,1.0,1.0,0.087,0.467
Maize-Cluster_2_yearly_False_window_10_lags_1_sinusoidal_yes_linear,False,10,linear_lags_1_sinusoidal_yes,0.434,0.239,314.081,319.06,True,True,False,0.842,-1.201,0,1.0,1.0,0.261,1.0,1.0,0.113,0.606
