analysis_name,yearly_aggregate,window_size,config_type,r_squared,p_value,aic,bic,is_normal,is_homoscedastic,no_autocorrelation,durbin_watson,cv_r2_score,cv_r2_std,vif_PPT,vif_spline_0,vif_spline_1,vif_spline_2,p_value_spline_0,p_value_spline_1,p_value_spline_2,knots,vif_ortho_PPT_lag1,p_value_lag1,vif_ortho_sin_cycle,vif_ortho_cos_cycle,p_value_sin,p_value_cos
Maize-Cluster_2_yearly_False_window_1_lags_none_sinusoidal_no_spline,False,1,spline_lags_none_sinusoidal_no,0.064,0.99,417.798,423.021,False,True,True,2.07,-72.765,0,1.0,1.0,1.0,1.0,0.4,0.869,0.796,"[np.float64(930.0718), np.float64(982.618), np.float64(1043.0), np.float64(1081.0), np.float64(1259.824995)]",,,,,,
Maize-Cluster_2_yearly_False_window_1_lags_1_sinusoidal_no_spline,False,1,spline_lags_1_sinusoidal_no,0.092,0.836,400.624,406.599,False,True,True,2.175,-34.41,0,1.0,1.09,1.01,1.001,0.472,0.799,0.507,"[np.float64(930.0718), np.float64(997.19601), np.float64(1043.768), np.float64(1088.075), np.float64(1259.824995)]",1.101,0.774,,,,
Maize-Cluster_2_yearly_False_window_1_lags_none_sinusoidal_yes_spline,False,1,spline_lags_none_sinusoidal_yes,0.109,0.744,420.753,428.064,False,True,True,2.247,-254.133,0,1.0,1.02,1.077,1.037,0.383,0.867,0.7,"[np.float64(930.0718), np.float64(982.618), np.float64(1043.0), np.float64(1081.0), np.float64(1259.824995)]",,,1.037,1.096,0.736,0.425
Maize-Cluster_2_yearly_False_window_1_lags_1_sinusoidal_yes_spline,False,1,spline_lags_1_sinusoidal_yes,0.137,0.734,403.604,411.57,False,True,True,2.295,-92.522,0,1.0,1.121,1.153,1.04,0.396,0.842,0.475,"[np.float64(930.0718), np.float64(997.19601), np.float64(1043.768), np.float64(1088.075), np.float64(1259.824995)]",1.106,0.876,1.071,1.138,0.66,0.462
Maize-Cluster_2_yearly_False_window_2_lags_none_sinusoidal_no_spline,False,2,spline_lags_none_sinusoidal_no,0.076,0.697,400.67,405.892,False,True,False,1.207,-1.267,0,1.0,1.0,1.0,1.0,0.314,0.754,0.663,"[np.float64(965.543), np.float64(1005.5359), np.float64(1028.2945), np.float64(1070.566255), np.float64(1184.5624975)]",,,,,,
Maize-Cluster_2_yearly_False_window_2_lags_1_sinusoidal_no_spline,False,2,spline_lags_1_sinusoidal_no,0.264,0.374,380.89,386.864,True,True,False,1.286,-1.454,0,1.0,1.025,1.0,1.006,0.267,0.599,0.478,"[np.float64(965.543), np.float64(1016.9152), np.float64(1066.183412), np.float64(1104.934136), np.float64(1184.5624975)]",1.032,0.111,,,,
Maize-Cluster_2_yearly_False_window_2_lags_none_sinusoidal_yes_spline,False,2,spline_lags_none_sinusoidal_yes,0.256,0.267,400.136,407.448,False,True,False,1.458,-1.428,0,1.0,1.019,1.522,1.207,0.178,0.917,0.716,"[np.float64(965.543), np.float64(1005.5359), np.float64(1028.2945), np.float64(1070.566255), np.float64(1184.5624975)]",,,1.23,1.518,0.551,0.102
Maize-Cluster_2_yearly_False_window_2_lags_1_sinusoidal_yes_spline,False,2,spline_lags_1_sinusoidal_yes,0.459,0.668,378.746,386.712,True,False,True,1.689,-0.868,0,1.0,1.393,1.916,1.013,0.183,0.135,0.376,"[np.float64(965.543), np.float64(1016.9152), np.float64(1066.183412), np.float64(1104.934136), np.float64(1184.5624975)]",1.041,0.325,1.319,1.962,0.32,0.075
Maize-Cluster_2_yearly_False_window_3_lags_none_sinusoidal_no_spline,False,3,spline_lags_none_sinusoidal_no,0.138,0.25,374.949,380.172,False,True,False,0.953,-199.076,0,1.0,1.0,1.0,1.0,0.181,0.834,0.704,"[np.float64(975.589), np.float64(1012.173011), np.float64(1028.546506), np.float64(1064.54), np.float64(1161.554)]",,,,,,
Maize-Cluster_2_yearly_False_window_3_lags_1_sinusoidal_no_spline,False,3,spline_lags_1_sinusoidal_no,0.397,0.796,353.127,359.101,True,True,False,1.097,-13.913,0,1.0,1.032,1.003,1.0,0.2,0.701,0.928,"[np.float64(975.589), np.float64(1016.948004), np.float64(1049.462), np.float64(1073.492), np.float64(1161.554)]",1.035,0.021,,,,
Maize-Cluster_2_yearly_False_window_3_lags_none_sinusoidal_yes_spline,False,3,spline_lags_none_sinusoidal_yes,0.342,0.066,373.295,380.607,True,True,False,1.32,-1089.319,0,1.0,1.039,1.137,1.061,0.13,0.839,0.891,"[np.float64(975.589), np.float64(1012.173011), np.float64(1028.546506), np.float64(1064.54), np.float64(1161.554)]",,,1.05,1.186,0.417,0.061
Maize-Cluster_2_yearly_False_window_3_lags_1_sinusoidal_yes_spline,False,3,spline_lags_1_sinusoidal_yes,0.497,0.527,353.521,361.487,True,True,True,1.658,-24.363,0,1.0,1.099,1.28,1.011,0.13,0.373,0.856,"[np.float64(975.589), np.float64(1016.948004), np.float64(1049.462), np.float64(1073.492), np.float64(1161.554)]",1.038,0.071,1.125,1.227,0.318,0.203
Maize-Cluster_2_yearly_False_window_4_lags_none_sinusoidal_no_spline,False,4,spline_lags_none_sinusoidal_no,0.05,0.895,359.197,364.42,True,True,False,1.062,-0.885,0,1.0,1.0,1.0,1.0,0.541,0.571,0.917,"[np.float64(979.1035001), np.float64(1014.560508), np.float64(1028.546506), np.float64(1063.124002), np.float64(1135.4270000000001)]",,,,,,
Maize-Cluster_2_yearly_False_window_4_lags_1_sinusoidal_no_spline,False,4,spline_lags_1_sinusoidal_no,0.085,0.822,344.371,350.346,True,True,False,1.104,-51.272,0,1.0,1.017,1.029,1.002,0.779,0.627,0.655,"[np.float64(979.1035001), np.float64(1013.503927), np.float64(1030.109154), np.float64(1050.07175), np.float64(1135.4270000000001)]",1.049,0.418,,,,
Maize-Cluster_2_yearly_False_window_4_lags_none_sinusoidal_yes_spline,False,4,spline_lags_none_sinusoidal_yes,0.317,0.211,356.267,363.579,True,True,True,1.761,-4.63,0,1.0,1.062,1.047,1.17,0.533,0.498,0.569,"[np.float64(979.1035001), np.float64(1014.560508), np.float64(1028.546506), np.float64(1063.124002), np.float64(1135.4270000000001)]",,,1.179,1.101,0.272,0.042
Maize-Cluster_2_yearly_False_window_4_lags_1_sinusoidal_yes_spline,False,4,spline_lags_1_sinusoidal_yes,0.244,0.451,344.554,352.52,True,True,True,1.604,-247.098,0,1.0,1.034,1.144,1.014,0.646,0.531,0.537,"[np.float64(979.1035001), np.float64(1013.503927), np.float64(1030.109154), np.float64(1050.07175), np.float64(1135.4270000000001)]",1.053,0.792,1.018,1.121,0.483,0.162
Maize-Cluster_2_yearly_False_window_5_lags_none_sinusoidal_no_spline,False,5,spline_lags_none_sinusoidal_no,0.126,0.879,355.829,361.051,True,True,True,1.533,-3.902,0,1.0,1.0,1.0,1.0,0.79,0.22,0.513,"[np.float64(982.6180002), np.float64(1009.2945), np.float64(1016.948004), np.float64(1043.0), np.float64(1109.3)]",,,,,,
Maize-Cluster_2_yearly_False_window_5_lags_1_sinusoidal_no_spline,False,5,spline_lags_1_sinusoidal_no,0.107,0.778,342.323,348.298,True,True,True,1.536,-6.312,0,1.0,1.23,1.01,1.008,0.947,0.3,0.491,"[np.float64(982.6180002), np.float64(1013.121252), np.float64(1035.760401), np.float64(1050.806), np.float64(1109.3)]",1.248,0.97,,,,
Maize-Cluster_2_yearly_False_window_5_lags_none_sinusoidal_yes_spline,False,5,spline_lags_none_sinusoidal_yes,0.486,0.066,348.66,355.972,True,True,True,1.558,-17.654,0,1.0,1.012,1.134,1.097,0.119,0.76,0.299,"[np.float64(982.6180002), np.float64(1009.2945), np.float64(1016.948004), np.float64(1043.0), np.float64(1109.3)]",,,1.098,1.146,0.012,0.108
Maize-Cluster_2_yearly_False_window_5_lags_1_sinusoidal_yes_spline,False,5,spline_lags_1_sinusoidal_yes,0.519,0.076,333.951,341.917,True,True,False,1.495,-48.767,0,1.0,1.548,1.384,1.016,0.09,0.261,0.481,"[np.float64(982.6180002), np.float64(1013.121252), np.float64(1035.760401), np.float64(1050.806), np.float64(1109.3)]",1.314,0.76,1.281,1.354,0.012,0.059
Maize-Cluster_2_yearly_False_window_6_lags_none_sinusoidal_no_spline,False,6,spline_lags_none_sinusoidal_no,0.345,0.088,341.083,346.306,True,True,False,0.937,-0.888,0,1.0,1.0,1.0,1.0,0.465,0.144,0.251,"[np.float64(979.1035001), np.float64(999.3376), np.float64(1014.560508), np.float64(1029.559255), np.float64(1077.1100000000001)]",,,,,,
Maize-Cluster_2_yearly_False_window_6_lags_1_sinusoidal_no_spline,False,6,spline_lags_1_sinusoidal_no,0.302,0.153,328.843,334.817,False,True,False,1.106,-2.572,0,1.0,1.01,1.058,1.213,0.757,0.553,0.935,"[np.float64(979.1035001), np.float64(1006.30743), np.float64(1023.5825), np.float64(1035.129801), np.float64(1077.1100000000001)]",1.281,0.445,,,,
Maize-Cluster_2_yearly_False_window_6_lags_none_sinusoidal_yes_spline,False,6,spline_lags_none_sinusoidal_yes,0.474,0.928,340.472,347.783,True,False,False,0.921,-1.78,0,1.0,1.644,1.497,1.003,0.207,0.445,0.187,"[np.float64(979.1035001), np.float64(999.3376), np.float64(1014.560508), np.float64(1029.559255), np.float64(1077.1100000000001)]",,,1.186,1.958,0.096,0.444
Maize-Cluster_2_yearly_False_window_6_lags_1_sinusoidal_yes_spline,False,6,spline_lags_1_sinusoidal_yes,0.375,0.919,330.642,338.607,True,True,False,1.059,-24.66,0,1.0,1.733,1.32,1.351,0.396,0.806,0.89,"[np.float64(979.1035001), np.float64(1006.30743), np.float64(1023.5825), np.float64(1035.129801), np.float64(1077.1100000000001)]",1.364,0.309,1.408,1.632,0.26,0.696
Maize-Cluster_2_yearly_False_window_7_lags_none_sinusoidal_no_spline,False,7,spline_lags_none_sinusoidal_no,0.459,0.994,342.554,347.777,False,True,True,1.536,-25.73,0,1.0,1.0,1.0,1.0,0.004,0.741,0.694,"[np.float64(982.6180002), np.float64(1009.2945), np.float64(1030.934002), np.float64(1044.92), np.float64(1109.3)]",,,,,,
Maize-Cluster_2_yearly_False_window_7_lags_1_sinusoidal_no_spline,False,7,spline_lags_1_sinusoidal_no,0.484,0.404,328.018,333.992,True,True,True,1.51,-3.731,0,1.0,1.0,1.006,1.089,0.009,0.156,0.709,"[np.float64(982.6180002), np.float64(1012.738577), np.float64(1021.843103), np.float64(1044.92), np.float64(1109.3)]",1.095,0.337,,,,
Maize-Cluster_2_yearly_False_window_7_lags_none_sinusoidal_yes_spline,False,7,spline_lags_none_sinusoidal_yes,0.54,0.606,343.113,350.424,True,True,True,1.836,-15.501,0,1.0,1.246,1.013,1.19,0.005,0.817,0.374,"[np.float64(982.6180002), np.float64(1009.2945), np.float64(1030.934002), np.float64(1044.92), np.float64(1109.3)]",,,1.069,1.38,0.396,0.269
Maize-Cluster_2_yearly_False_window_7_lags_1_sinusoidal_yes_spline,False,7,spline_lags_1_sinusoidal_yes,0.538,0.932,329.793,337.759,True,True,True,1.848,-15.395,0,1.0,1.472,1.063,1.463,0.021,0.413,0.81,"[np.float64(982.6180002), np.float64(1012.738577), np.float64(1021.843103), np.float64(1044.92), np.float64(1109.3)]",1.12,0.69,1.325,1.553,0.471,0.612
Maize-Cluster_2_yearly_False_window_8_lags_none_sinusoidal_no_spline,False,8,spline_lags_none_sinusoidal_no,0.567,0.611,331.303,336.525,True,False,False,1.307,-1.925,0,1.0,1.0,1.0,1.0,0.001,0.992,0.73,"[np.float64(982.6180002), np.float64(999.3376), np.float64(1016.948004), np.float64(1044.92), np.float64(1086.92)]",,,,,,
Maize-Cluster_2_yearly_False_window_8_lags_1_sinusoidal_no_spline,False,8,spline_lags_1_sinusoidal_no,0.581,0.047,317.534,323.509,True,True,False,1.415,-0.27,0,1.0,1.001,1.249,1.011,0.004,0.814,0.181,"[np.float64(982.6180002), np.float64(1013.184241), np.float64(1035.129801), np.float64(1048.5608), np.float64(1086.92)]",1.261,0.37,,,,
Maize-Cluster_2_yearly_False_window_8_lags_none_sinusoidal_yes_spline,False,8,spline_lags_none_sinusoidal_yes,0.641,0.803,331.384,338.695,True,False,True,1.887,-0.735,0,1.0,1.262,1.001,1.111,0.002,0.916,0.412,"[np.float64(982.6180002), np.float64(999.3376), np.float64(1016.948004), np.float64(1044.92), np.float64(1086.92)]",,,1.153,1.22,0.121,0.803
Maize-Cluster_2_yearly_False_window_8_lags_1_sinusoidal_yes_spline,False,8,spline_lags_1_sinusoidal_yes,0.703,0.047,314.603,322.569,True,True,True,2.462,-0.695,0,1.0,1.119,1.254,1.351,0.008,0.838,0.138,"[np.float64(982.6180002), np.float64(1013.184241), np.float64(1035.129801), np.float64(1048.5608), np.float64(1086.92)]",1.266,0.214,1.22,1.238,0.071,0.544
Maize-Cluster_2_yearly_False_window_9_lags_none_sinusoidal_no_spline,False,9,spline_lags_none_sinusoidal_no,0.726,0.63,317.225,322.448,True,True,False,0.82,-2.102,0,1.0,1.0,1.0,1.0,0.0,0.038,0.093,"[np.float64(982.6180002), np.float64(1016.948004), np.float64(1030.934002), np.float64(1044.92), np.float64(1109.3)]",,,,,,
Maize-Cluster_2_yearly_False_window_9_lags_1_sinusoidal_no_spline,False,9,spline_lags_1_sinusoidal_no,0.575,0.789,313.194,319.168,True,True,False,1.102,-4.974,0,1.0,1.0,1.027,1.031,0.003,0.25,0.211,"[np.float64(982.6180002), np.float64(1016.948004), np.float64(1035.129801), np.float64(1048.844), np.float64(1109.3)]",1.059,0.852,,,,
Maize-Cluster_2_yearly_False_window_9_lags_none_sinusoidal_yes_spline,False,9,spline_lags_none_sinusoidal_yes,0.835,0.996,310.604,317.916,True,True,True,1.654,-22.795,0,1.0,1.137,1.109,1.03,0.0,0.072,0.027,"[np.float64(982.6180002), np.float64(1016.948004), np.float64(1030.934002), np.float64(1044.92), np.float64(1109.3)]",,,1.111,1.164,0.024,0.146
Maize-Cluster_2_yearly_False_window_9_lags_1_sinusoidal_yes_spline,False,9,spline_lags_1_sinusoidal_yes,0.677,0.32,311.732,319.698,True,True,False,1.498,-13.056,0,1.0,1.103,1.233,1.134,0.003,0.351,0.431,"[np.float64(982.6180002), np.float64(1016.948004), np.float64(1035.129801), np.float64(1048.844), np.float64(1109.3)]",1.06,0.821,1.3,1.111,0.209,0.187
Maize-Cluster_2_yearly_False_window_10_lags_none_sinusoidal_no_spline,False,10,spline_lags_none_sinusoidal_no,0.564,0.877,324.015,329.238,False,True,False,1.302,-0.067,0,1.0,1.0,1.0,1.0,0.001,0.704,0.744,"[np.float64(982.6180002), np.float64(996.958055), np.float64(1016.948004), np.float64(1040.744002), np.float64(1086.92)]",,,,,,
Maize-Cluster_2_yearly_False_window_10_lags_1_sinusoidal_no_spline,False,10,spline_lags_1_sinusoidal_no,0.7,0.402,303.408,309.382,True,True,False,1.475,-3.252,0,1.0,1.012,1.063,1.03,0.001,0.407,0.54,"[np.float64(982.6180002), np.float64(1006.95303), np.float64(1030.109154), np.float64(1041.788002), np.float64(1086.92)]",1.105,0.043,,,,
Maize-Cluster_2_yearly_False_window_10_lags_none_sinusoidal_yes_spline,False,10,spline_lags_none_sinusoidal_yes,0.684,0.976,321.207,328.518,False,True,True,1.813,-3.655,0,1.0,1.332,1.087,1.048,0.001,0.33,0.457,"[np.float64(982.6180002), np.float64(996.958055), np.float64(1016.948004), np.float64(1040.744002), np.float64(1086.92)]",,,1.123,1.344,0.036,0.928
Maize-Cluster_2_yearly_False_window_10_lags_1_sinusoidal_yes_spline,False,10,spline_lags_1_sinusoidal_yes,0.781,0.4,301.13,309.095,False,True,True,2.171,-56.698,0,1.0,1.247,1.166,1.155,0.003,0.168,0.301,"[np.float64(982.6180002), np.float64(1006.95303), np.float64(1030.109154), np.float64(1041.788002), np.float64(1086.92)]",1.135,0.071,1.143,1.29,0.061,0.711
