analysis_name,yearly_aggregate,window_size,config_type,r_squared,p_value,aic,bic,is_normal,is_homoscedastic,no_autocorrelation,durbin_watson,cv_r2_score,cv_r2_std,vif_PPT,vif_spline_0,vif_spline_1,vif_spline_2,p_value_spline_0,p_value_spline_1,p_value_spline_2,knots,vif_ortho_PPT_lag1,p_value_lag1,vif_ortho_sin_cycle,vif_ortho_cos_cycle,p_value_sin,p_value_cos
Maize-Cluster_1_yearly_False_window_1_lags_none_sinusoidal_no_spline,False,1,spline_lags_none_sinusoidal_no,0.204,0.273,527.665,534.144,True,True,True,2.183,-1.439,0,1.0,1.0,1.0,1.0,0.151,0.699,0.213,"[np.float64(705.841), np.float64(762.152297), np.float64(798.075401), np.float64(845.046), np.float64(885.608)]",,,,,,
Maize-Cluster_1_yearly_False_window_1_lags_1_sinusoidal_no_spline,False,1,spline_lags_1_sinusoidal_no,0.133,0.419,509.882,517.431,True,True,True,2.104,-1.308,0,1.0,1.034,1.176,1.003,0.293,0.974,0.645,"[np.float64(705.841), np.float64(760.997747), np.float64(794.773), np.float64(835.166), np.float64(885.608)]",1.213,0.93,,,,
Maize-Cluster_1_yearly_False_window_1_lags_none_sinusoidal_yes_spline,False,1,spline_lags_none_sinusoidal_yes,0.207,0.365,531.577,540.648,True,True,True,2.165,-1.517,0,1.0,1.193,1.175,1.097,0.182,0.726,0.291,"[np.float64(705.841), np.float64(762.152297), np.float64(798.075401), np.float64(845.046), np.float64(885.608)]",,,1.089,1.376,0.873,0.841
Maize-Cluster_1_yearly_False_window_1_lags_1_sinusoidal_yes_spline,False,1,spline_lags_1_sinusoidal_yes,0.136,0.476,513.781,523.845,True,True,True,2.091,-2.114,0,1.0,1.271,1.451,1.038,0.346,0.899,0.654,"[np.float64(705.841), np.float64(760.997747), np.float64(794.773), np.float64(835.166), np.float64(885.608)]",1.239,0.921,1.109,1.412,0.804,0.931
Maize-Cluster_1_yearly_True_window_1_lags_none_sinusoidal_no_spline,True,1,spline_lags_none_sinusoidal_no,0.406,0.028,360.547,365.269,True,True,False,1.214,-18.996,0,1.0,1.0,1.0,1.0,0.104,0.035,0.887,"[np.float64(738.9062), np.float64(769.5332), np.float64(797.6968), np.float64(820.0145), np.float64(877.57)]",,,,,,
Maize-Cluster_1_yearly_True_window_1_lags_1_sinusoidal_no_spline,True,1,spline_lags_1_sinusoidal_no,0.598,0.037,331.72,337.062,True,True,True,1.622,-5.881,0,1.0,1.003,1.036,1.032,0.032,0.009,0.47,"[np.float64(738.9062), np.float64(786.251), np.float64(802.423701), np.float64(839.136), np.float64(877.57)]",1.071,0.848,,,,
Maize-Cluster_1_yearly_True_window_1_lags_none_sinusoidal_yes_spline,True,1,spline_lags_none_sinusoidal_yes,0.502,0.038,361.18,367.792,True,True,False,1.484,-6.913,0,1.0,1.273,1.714,1.013,0.045,0.021,0.894,"[np.float64(738.9062), np.float64(769.5332), np.float64(797.6968), np.float64(820.0145), np.float64(877.57)]",,,1.425,1.575,0.399,0.185
Maize-Cluster_1_yearly_True_window_1_lags_1_sinusoidal_yes_spline,True,1,spline_lags_1_sinusoidal_yes,0.652,0.051,333.083,340.206,True,True,True,1.726,-3.685,0,1.0,1.602,1.715,1.105,0.036,0.01,0.654,"[np.float64(738.9062), np.float64(786.251), np.float64(802.423701), np.float64(839.136), np.float64(877.57)]",1.079,0.854,1.612,1.731,0.238,0.722
Maize-Cluster_1_yearly_False_window_2_lags_none_sinusoidal_no_spline,False,2,spline_lags_none_sinusoidal_no,0.073,0.612,511.408,517.887,True,True,False,0.9,-96.689,0,1.0,1.0,1.0,1.0,0.663,0.632,0.486,"[np.float64(715.2515000000001), np.float64(779.41535), np.float64(789.4145), np.float64(816.466997), np.float64(849.3489999999999)]",,,,,,
Maize-Cluster_1_yearly_False_window_2_lags_1_sinusoidal_no_spline,False,2,spline_lags_1_sinusoidal_no,0.214,0.533,480.445,487.994,True,True,False,1.373,-4.315,0,1.0,1.024,1.342,1.0,0.279,0.754,0.127,"[np.float64(715.2515000000001), np.float64(774.01775), np.float64(794.147), np.float64(816.631248), np.float64(849.3489999999999)]",1.367,0.575,,,,
Maize-Cluster_1_yearly_False_window_2_lags_none_sinusoidal_yes_spline,False,2,spline_lags_none_sinusoidal_yes,0.13,0.749,513.687,522.757,True,True,False,0.919,-66.002,0,1.0,1.071,1.018,1.025,0.844,0.637,0.469,"[np.float64(715.2515000000001), np.float64(779.41535), np.float64(789.4145), np.float64(816.466997), np.float64(849.3489999999999)]",,,1.05,1.064,0.265,0.979
Maize-Cluster_1_yearly_False_window_2_lags_1_sinusoidal_yes_spline,False,2,spline_lags_1_sinusoidal_yes,0.305,0.424,481.219,491.284,True,True,False,1.5,-3.767,0,1.0,1.076,1.389,1.021,0.465,0.826,0.106,"[np.float64(715.2515000000001), np.float64(774.01775), np.float64(794.147), np.float64(816.631248), np.float64(849.3489999999999)]",1.373,0.717,1.057,1.055,0.184,0.511
Maize-Cluster_1_yearly_True_window_2_lags_none_sinusoidal_no_spline,True,2,spline_lags_none_sinusoidal_no,0.209,0.332,360.42,365.142,True,True,False,0.905,-17.489,0,1.0,1.0,1.0,1.0,0.609,0.594,0.223,"[np.float64(738.9637), np.float64(775.975639), np.float64(786.28345), np.float64(814.755447), np.float64(838.7667465)]",,,,,,
Maize-Cluster_1_yearly_True_window_2_lags_1_sinusoidal_no_spline,True,2,spline_lags_1_sinusoidal_no,0.117,0.619,335.156,340.499,True,True,False,0.723,-3.463,0,1.0,1.016,1.032,1.026,0.69,0.594,0.872,"[np.float64(738.9637), np.float64(769.79024), np.float64(784.151041), np.float64(817.305997), np.float64(838.7667465)]",1.074,0.854,,,,
Maize-Cluster_1_yearly_True_window_2_lags_none_sinusoidal_yes_spline,True,2,spline_lags_none_sinusoidal_yes,0.307,0.366,361.91,368.521,True,True,False,1.03,-15.557,0,1.0,1.024,1.083,1.079,0.569,0.436,0.357,"[np.float64(738.9637), np.float64(775.975639), np.float64(786.28345), np.float64(814.755447), np.float64(838.7667465)]",,,1.118,1.068,0.223,0.854
Maize-Cluster_1_yearly_True_window_2_lags_1_sinusoidal_yes_spline,True,2,spline_lags_1_sinusoidal_yes,0.55,0.074,327.02,334.143,True,True,True,1.905,-16.838,0,1.0,1.116,1.128,1.143,0.431,0.298,0.269,"[np.float64(738.9637), np.float64(769.79024), np.float64(784.151041), np.float64(817.305997), np.float64(838.7667465)]",1.075,0.516,1.153,1.159,0.035,0.047
Maize-Cluster_1_yearly_False_window_3_lags_none_sinusoidal_no_spline,False,3,spline_lags_none_sinusoidal_no,0.219,0.469,497.203,503.682,True,True,False,1.293,-2.362,0,1.0,1.0,1.0,1.0,0.104,0.45,0.283,"[np.float64(727.8844666666668), np.float64(773.480999), np.float64(795.425283), np.float64(804.8809), np.float64(841.9926666666667)]",,,,,,
Maize-Cluster_1_yearly_False_window_3_lags_1_sinusoidal_no_spline,False,3,spline_lags_1_sinusoidal_no,0.227,0.413,476.045,483.594,True,True,False,1.39,-0.075,0,1.0,1.014,1.098,1.003,0.06,0.826,0.36,"[np.float64(727.8844666666668), np.float64(773.451999), np.float64(798.026167), np.float64(809.606667), np.float64(841.9926666666667)]",1.115,0.633,,,,
Maize-Cluster_1_yearly_False_window_3_lags_none_sinusoidal_yes_spline,False,3,spline_lags_none_sinusoidal_yes,0.253,0.614,499.994,509.065,True,True,False,1.33,-6.722,0,1.0,1.031,1.178,1.076,0.152,0.415,0.215,"[np.float64(727.8844666666668), np.float64(773.480999), np.float64(795.425283), np.float64(804.8809), np.float64(841.9926666666667)]",,,1.094,1.191,0.414,0.77
Maize-Cluster_1_yearly_False_window_3_lags_1_sinusoidal_yes_spline,False,3,spline_lags_1_sinusoidal_yes,0.265,0.439,478.747,488.812,True,True,False,1.408,-1.092,0,1.0,1.04,1.274,1.085,0.094,0.945,0.36,"[np.float64(727.8844666666668), np.float64(773.451999), np.float64(798.026167), np.float64(809.606667), np.float64(841.9926666666667)]",1.136,0.757,1.077,1.185,0.512,0.595
Maize-Cluster_1_yearly_True_window_3_lags_none_sinusoidal_no_spline,True,3,spline_lags_none_sinusoidal_no,0.418,0.372,344.67,349.392,True,True,False,1.049,-0.904,0,1.0,1.0,1.0,1.0,0.089,0.293,0.162,"[np.float64(750.5081333333334), np.float64(780.049832), np.float64(802.760267), np.float64(814.244921), np.float64(841.5244976666667)]",,,,,,
Maize-Cluster_1_yearly_True_window_3_lags_1_sinusoidal_no_spline,True,3,spline_lags_1_sinusoidal_no,0.3,0.584,326.3,331.643,True,True,False,0.947,-11.301,0,1.0,1.007,1.006,1.175,0.126,0.546,0.629,"[np.float64(750.5081333333334), np.float64(781.793583), np.float64(800.454623), np.float64(813.501169), np.float64(841.5244976666667)]",1.188,0.791,,,,
Maize-Cluster_1_yearly_True_window_3_lags_none_sinusoidal_yes_spline,True,3,spline_lags_none_sinusoidal_yes,0.549,0.237,343.832,350.443,True,True,True,1.54,-28.526,0,1.0,1.002,1.144,1.057,0.076,0.205,0.199,"[np.float64(750.5081333333334), np.float64(780.049832), np.float64(802.760267), np.float64(814.244921), np.float64(841.5244976666667)]",,,1.071,1.132,0.289,0.232
Maize-Cluster_1_yearly_True_window_3_lags_1_sinusoidal_yes_spline,True,3,spline_lags_1_sinusoidal_yes,0.602,0.093,320.155,327.278,True,True,True,1.68,-7.837,0,1.0,1.009,1.124,1.242,0.103,0.499,0.812,"[np.float64(750.5081333333334), np.float64(781.793583), np.float64(800.454623), np.float64(813.501169), np.float64(841.5244976666667)]",1.194,0.805,1.09,1.09,0.174,0.047
Maize-Cluster_1_yearly_False_window_4_lags_none_sinusoidal_no_spline,False,4,spline_lags_none_sinusoidal_no,0.259,0.535,489.109,495.588,True,True,False,0.828,-1.143,0,1.0,1.0,1.0,1.0,0.482,0.17,0.165,"[np.float64(725.8383500000001), np.float64(780.4497), np.float64(791.209425), np.float64(805.1513), np.float64(834.05399825)]",,,,,,
Maize-Cluster_1_yearly_False_window_4_lags_1_sinusoidal_no_spline,False,4,spline_lags_1_sinusoidal_no,0.194,0.36,467.047,474.596,True,True,False,0.674,-0.405,0,1.0,1.004,1.109,1.019,0.22,0.587,0.525,"[np.float64(725.8383500000001), np.float64(779.181124), np.float64(795.302749), np.float64(807.500375), np.float64(834.05399825)]",1.131,0.722,,,,
Maize-Cluster_1_yearly_False_window_4_lags_none_sinusoidal_yes_spline,False,4,spline_lags_none_sinusoidal_yes,0.371,0.408,488.687,497.758,True,True,False,1.131,-0.251,0,1.0,1.018,1.334,1.004,0.416,0.086,0.133,"[np.float64(725.8383500000001), np.float64(780.4497), np.float64(791.209425), np.float64(805.1513), np.float64(834.05399825)]",,,1.014,1.342,0.195,0.278
Maize-Cluster_1_yearly_False_window_4_lags_1_sinusoidal_yes_spline,False,4,spline_lags_1_sinusoidal_yes,0.455,0.117,460.888,470.953,True,True,False,1.064,-3.117,0,1.0,1.024,1.449,1.058,0.097,0.25,0.436,"[np.float64(725.8383500000001), np.float64(779.181124), np.float64(795.302749), np.float64(807.500375), np.float64(834.05399825)]",1.158,0.337,1.04,1.333,0.056,0.076
Maize-Cluster_1_yearly_True_window_4_lags_none_sinusoidal_no_spline,True,4,spline_lags_none_sinusoidal_no,0.539,0.344,339.251,343.974,True,True,False,1.05,-2.213,0,1.0,1.0,1.0,1.0,0.113,0.036,0.146,"[np.float64(762.4062666500001), np.float64(784.42284), np.float64(798.91827), np.float64(811.156999), np.float64(837.9633732499999)]",,,,,,
Maize-Cluster_1_yearly_True_window_4_lags_1_sinusoidal_no_spline,True,4,spline_lags_1_sinusoidal_no,0.386,0.727,320.374,325.716,True,True,False,0.743,-3.756,0,1.0,1.015,1.0,1.001,0.131,0.175,0.988,"[np.float64(762.4062666500001), np.float64(781.988899), np.float64(798.409133), np.float64(814.942874), np.float64(837.9633732499999)]",1.016,0.492,,,,
Maize-Cluster_1_yearly_True_window_4_lags_none_sinusoidal_yes_spline,True,4,spline_lags_none_sinusoidal_yes,0.756,0.036,331.159,337.771,True,True,True,1.993,-1.655,0,1.0,1.012,1.135,1.022,0.054,0.009,0.037,"[np.float64(762.4062666500001), np.float64(784.42284), np.float64(798.91827), np.float64(811.156999), np.float64(837.9633732499999)]",,,1.001,1.169,0.049,0.041
Maize-Cluster_1_yearly_True_window_4_lags_1_sinusoidal_yes_spline,True,4,spline_lags_1_sinusoidal_yes,0.828,0.01,301.471,308.594,True,True,False,1.167,-1.529,0,1.0,1.036,1.086,1.062,0.018,0.051,0.379,"[np.float64(762.4062666500001), np.float64(781.988899), np.float64(798.409133), np.float64(814.942874), np.float64(837.9633732499999)]",1.016,0.792,1.072,1.096,0.004,0.004
Maize-Cluster_1_yearly_False_window_5_lags_none_sinusoidal_no_spline,False,5,spline_lags_none_sinusoidal_no,0.356,0.22,480.385,486.864,True,True,False,0.867,-12.696,0,1.0,1.0,1.0,1.0,0.201,0.24,0.112,"[np.float64(732.3391600000001), np.float64(783.435453), np.float64(794.53668), np.float64(805.178499), np.float64(832.6991986)]",,,,,,
Maize-Cluster_1_yearly_False_window_5_lags_1_sinusoidal_no_spline,False,5,spline_lags_1_sinusoidal_no,0.349,0.28,457.666,465.215,True,True,False,0.934,-12.042,0,1.0,1.033,1.023,1.001,0.065,0.727,0.523,"[np.float64(732.3391600000001), np.float64(782.71352), np.float64(797.38974), np.float64(807.3004), np.float64(832.6991986)]",1.057,0.283,,,,
Maize-Cluster_1_yearly_False_window_5_lags_none_sinusoidal_yes_spline,False,5,spline_lags_none_sinusoidal_yes,0.5,0.033,477.52,486.591,True,True,False,1.294,-8.388,0,1.0,1.013,1.641,1.028,0.264,0.069,0.048,"[np.float64(732.3391600000001), np.float64(783.435453), np.float64(794.53668), np.float64(805.178499), np.float64(832.6991986)]",,,1.142,1.54,0.85,0.032
Maize-Cluster_1_yearly_False_window_5_lags_1_sinusoidal_yes_spline,False,5,spline_lags_1_sinusoidal_yes,0.559,0.019,451.58,461.645,True,True,False,1.402,-13.57,0,1.0,1.077,1.599,1.111,0.067,0.297,0.572,"[np.float64(732.3391600000001), np.float64(782.71352), np.float64(797.38974), np.float64(807.3004), np.float64(832.6991986)]",1.066,0.872,1.225,1.496,0.998,0.013
Maize-Cluster_1_yearly_True_window_5_lags_none_sinusoidal_no_spline,True,5,spline_lags_none_sinusoidal_no,0.387,0.178,339.747,344.47,True,True,False,0.53,-0.072,0,1.0,1.0,1.0,1.0,0.175,0.404,0.378,"[np.float64(772.4748133200001), np.float64(785.97608), np.float64(795.80166), np.float64(815.957315), np.float64(828.2535985999999)]",,,,,,
Maize-Cluster_1_yearly_True_window_5_lags_1_sinusoidal_no_spline,True,5,spline_lags_1_sinusoidal_no,0.412,0.362,315.219,320.562,True,True,False,0.923,-11.023,0,1.0,1.058,1.062,1.009,0.287,0.49,0.629,"[np.float64(772.4748133200001), np.float64(787.159589), np.float64(798.506017), np.float64(816.634407), np.float64(828.2535985999999)]",1.129,0.136,,,,
Maize-Cluster_1_yearly_True_window_5_lags_none_sinusoidal_yes_spline,True,5,spline_lags_none_sinusoidal_yes,0.585,0.019,336.314,342.926,False,True,False,0.76,-0.276,0,1.0,1.191,1.088,1.002,0.098,0.637,0.409,"[np.float64(772.4748133200001), np.float64(785.97608), np.float64(795.80166), np.float64(815.957315), np.float64(828.2535985999999)]",,,1.153,1.129,0.9,0.04
Maize-Cluster_1_yearly_True_window_5_lags_1_sinusoidal_yes_spline,True,5,spline_lags_1_sinusoidal_yes,0.885,0.0,289.852,296.975,True,False,True,2.313,-1943.496,0,1.0,1.1,1.56,1.143,0.018,0.426,0.969,"[np.float64(772.4748133200001), np.float64(787.159589), np.float64(798.506017), np.float64(816.634407), np.float64(828.2535985999999)]",1.14,0.421,1.593,1.071,0.742,0.0
Maize-Cluster_1_yearly_False_window_6_lags_none_sinusoidal_no_spline,False,6,spline_lags_none_sinusoidal_no,0.336,0.228,478.619,485.098,True,True,False,0.523,0.129,0,1.0,1.0,1.0,1.0,0.525,0.092,0.667,"[np.float64(745.7408), np.float64(780.754216), np.float64(794.307333), np.float64(805.744332), np.float64(821.7199988333332)]",,,,,,
Maize-Cluster_1_yearly_False_window_6_lags_1_sinusoidal_no_spline,False,6,spline_lags_1_sinusoidal_no,0.384,0.194,451.524,459.072,True,True,False,0.856,-0.187,0,1.0,1.099,1.004,1.036,0.213,0.221,0.422,"[np.float64(745.7408), np.float64(779.099833), np.float64(793.115033), np.float64(807.819582), np.float64(821.7199988333332)]",1.139,0.62,,,,
Maize-Cluster_1_yearly_False_window_6_lags_none_sinusoidal_yes_spline,False,6,spline_lags_none_sinusoidal_yes,0.531,0.012,473.25,482.321,False,True,False,1.029,0.149,0,1.0,1.053,1.583,1.057,0.502,0.017,0.403,"[np.float64(745.7408), np.float64(780.754216), np.float64(794.307333), np.float64(805.744332), np.float64(821.7199988333332)]",,,1.222,1.471,0.709,0.011
Maize-Cluster_1_yearly_False_window_6_lags_1_sinusoidal_yes_spline,False,6,spline_lags_1_sinusoidal_yes,0.719,0.0,435.072,445.137,True,True,True,1.753,-0.38,0,1.0,1.218,1.47,1.07,0.3,0.043,0.608,"[np.float64(745.7408), np.float64(779.099833), np.float64(793.115033), np.float64(807.819582), np.float64(821.7199988333332)]",1.143,0.311,1.207,1.408,0.508,0.0
Maize-Cluster_1_yearly_True_window_6_lags_none_sinusoidal_no_spline,True,6,spline_lags_none_sinusoidal_no,0.403,0.087,338.88,343.602,True,True,False,0.579,-0.697,0,1.0,1.0,1.0,1.0,0.263,0.986,0.327,"[np.float64(777.63774945), np.float64(787.281851), np.float64(795.304366), np.float64(813.997138), np.float64(828.2535986)]",,,,,,
Maize-Cluster_1_yearly_True_window_6_lags_1_sinusoidal_no_spline,True,6,spline_lags_1_sinusoidal_no,0.463,0.172,311.336,316.679,True,True,False,0.516,-18.159,0,1.0,1.194,1.036,1.011,0.7,0.602,0.914,"[np.float64(773.4519990333333), np.float64(786.537279), np.float64(793.886098), np.float64(813.273002), np.float64(828.2535986)]",1.241,0.092,,,,
Maize-Cluster_1_yearly_True_window_6_lags_none_sinusoidal_yes_spline,True,6,spline_lags_none_sinusoidal_yes,0.597,0.01,335.407,342.018,True,True,False,1.173,-0.065,0,1.0,1.379,1.146,1.036,0.12,0.726,0.213,"[np.float64(777.63774945), np.float64(787.281851), np.float64(795.304366), np.float64(813.997138), np.float64(828.2535986)]",,,1.272,1.289,0.925,0.041
Maize-Cluster_1_yearly_True_window_6_lags_1_sinusoidal_yes_spline,True,6,spline_lags_1_sinusoidal_yes,0.776,0.003,299.624,306.747,True,True,False,1.348,-13.599,0,1.0,1.464,1.636,1.102,0.133,0.649,0.809,"[np.float64(773.4519990333333), np.float64(786.537279), np.float64(793.886098), np.float64(813.273002), np.float64(828.2535986)]",1.293,0.268,1.649,1.26,0.261,0.006
Maize-Cluster_1_yearly_False_window_7_lags_none_sinusoidal_no_spline,False,7,spline_lags_none_sinusoidal_no,0.373,0.05,470.871,477.351,True,True,False,0.442,0.143,0,1.0,1.0,1.0,1.0,0.942,0.133,0.645,"[np.float64(753.8065428571429), np.float64(781.29466), np.float64(792.297166), np.float64(806.397542), np.float64(820.9613999999999)]",,,,,,
Maize-Cluster_1_yearly_False_window_7_lags_1_sinusoidal_no_spline,False,7,spline_lags_1_sinusoidal_no,0.392,0.068,444.629,452.178,True,False,False,0.607,-1.147,0,1.0,1.052,1.011,1.016,0.498,0.326,0.729,"[np.float64(753.8065428571429), np.float64(778.26895), np.float64(794.386883), np.float64(807.195142), np.float64(820.9613999999999)]",1.078,0.564,,,,
Maize-Cluster_1_yearly_False_window_7_lags_none_sinusoidal_yes_spline,False,7,spline_lags_none_sinusoidal_yes,0.569,0.002,464.747,473.818,False,True,False,0.84,0.272,0,1.0,1.161,1.309,1.002,0.993,0.054,0.695,"[np.float64(753.8065428571429), np.float64(781.29466), np.float64(792.297166), np.float64(806.397542), np.float64(820.9613999999999)]",,,1.323,1.149,0.292,0.007
Maize-Cluster_1_yearly_False_window_7_lags_1_sinusoidal_yes_spline,False,7,spline_lags_1_sinusoidal_yes,0.799,0.0,419.9,429.965,True,True,False,1.192,0.444,0,1.0,1.379,1.268,1.019,0.892,0.184,0.554,"[np.float64(753.8065428571429), np.float64(778.26895), np.float64(794.386883), np.float64(807.195142), np.float64(820.9613999999999)]",1.089,0.065,1.417,1.16,0.373,0.0
Maize-Cluster_1_yearly_True_window_7_lags_none_sinusoidal_no_spline,True,7,spline_lags_none_sinusoidal_no,0.343,0.103,335.923,340.645,True,True,False,0.385,-1.499,0,1.0,1.0,1.0,1.0,0.301,0.833,0.593,"[np.float64(777.63774945), np.float64(788.786084), np.float64(797.660025), np.float64(814.202094), np.float64(828.2535986)]",,,,,,
Maize-Cluster_1_yearly_True_window_7_lags_1_sinusoidal_no_spline,True,7,spline_lags_1_sinusoidal_no,0.344,0.318,309.26,314.602,True,True,False,0.542,-4.943,0,1.0,1.108,1.053,1.006,0.663,0.245,0.885,"[np.float64(778.604499275), np.float64(791.755742), np.float64(798.111026), np.float64(810.182187), np.float64(828.2535985999999)]",1.167,0.284,,,,
Maize-Cluster_1_yearly_True_window_7_lags_none_sinusoidal_yes_spline,True,7,spline_lags_none_sinusoidal_yes,0.405,0.066,338.04,344.651,True,True,False,0.579,-1.368,0,1.0,1.382,1.083,1.486,0.338,0.898,0.7,"[np.float64(777.63774945), np.float64(788.786084), np.float64(797.660025), np.float64(814.202094), np.float64(828.2535986)]",,,1.886,1.065,0.793,0.288
Maize-Cluster_1_yearly_True_window_7_lags_1_sinusoidal_yes_spline,True,7,spline_lags_1_sinusoidal_yes,0.531,0.083,307.219,314.341,True,True,False,0.605,-11.139,0,1.0,1.315,1.22,1.103,0.777,0.592,0.713,"[np.float64(778.604499275), np.float64(791.755742), np.float64(798.111026), np.float64(810.182187), np.float64(828.2535985999999)]",1.173,0.397,1.396,1.068,0.554,0.101
Maize-Cluster_1_yearly_False_window_8_lags_none_sinusoidal_no_spline,False,8,spline_lags_none_sinusoidal_no,0.453,0.037,466.785,473.264,True,True,False,0.595,0.191,0,1.0,1.0,1.0,1.0,0.903,0.022,0.885,"[np.float64(761.17435), np.float64(776.8953), np.float64(792.297166), np.float64(802.8487), np.float64(821.564999125)]",,,,,,
Maize-Cluster_1_yearly_False_window_8_lags_1_sinusoidal_no_spline,False,8,spline_lags_1_sinusoidal_no,0.616,0.122,430.565,438.113,True,True,True,1.546,0.126,0,1.0,1.002,1.024,1.009,0.463,0.01,0.036,"[np.float64(761.17435), np.float64(776.765762), np.float64(791.180764), np.float64(801.943062), np.float64(821.564999125)]",1.036,0.102,,,,
Maize-Cluster_1_yearly_False_window_8_lags_none_sinusoidal_yes_spline,False,8,spline_lags_none_sinusoidal_yes,0.618,0.001,461.071,470.142,True,True,False,0.752,0.361,0,1.0,1.354,1.324,1.01,0.96,0.012,0.986,"[np.float64(761.17435), np.float64(776.8953), np.float64(792.297166), np.float64(802.8487), np.float64(821.564999125)]",,,1.624,1.063,0.311,0.008
Maize-Cluster_1_yearly_False_window_8_lags_1_sinusoidal_yes_spline,False,8,spline_lags_1_sinusoidal_yes,0.797,0.0,418.027,428.092,True,True,True,1.531,0.409,0,1.0,1.47,1.536,1.027,0.859,0.127,0.126,"[np.float64(761.17435), np.float64(776.765762), np.float64(791.180764), np.float64(801.943062), np.float64(821.564999125)]",1.056,0.406,1.914,1.063,0.749,0.001
Maize-Cluster_1_yearly_True_window_8_lags_none_sinusoidal_no_spline,True,8,spline_lags_none_sinusoidal_no,0.481,0.039,331.627,336.35,True,True,False,0.444,-2.918,0,1.0,1.0,1.0,1.0,0.143,0.958,0.578,"[np.float64(777.63774945), np.float64(790.913439), np.float64(797.361378), np.float64(811.775376), np.float64(828.2535986)]",,,,,,
Maize-Cluster_1_yearly_True_window_8_lags_1_sinusoidal_no_spline,True,8,spline_lags_1_sinusoidal_no,0.555,0.096,300.812,306.155,True,True,False,0.781,-2.56,0,1.0,1.14,1.003,1.086,0.196,0.474,0.095,"[np.float64(778.604499275), np.float64(792.287581), np.float64(796.700461), np.float64(809.314488), np.float64(828.2535985999999)]",1.229,0.895,,,,
Maize-Cluster_1_yearly_True_window_8_lags_none_sinusoidal_yes_spline,True,8,spline_lags_none_sinusoidal_yes,0.56,0.021,332.467,339.078,True,True,False,0.697,-3.357,0,1.0,1.618,1.103,1.042,0.109,0.895,0.472,"[np.float64(777.63774945), np.float64(790.913439), np.float64(797.361378), np.float64(811.775376), np.float64(828.2535986)]",,,1.662,1.102,0.387,0.206
Maize-Cluster_1_yearly_True_window_8_lags_1_sinusoidal_yes_spline,True,8,spline_lags_1_sinusoidal_yes,0.77,0.005,292.92,300.043,True,True,False,1.437,-6.884,0,1.0,1.736,1.16,1.1,0.316,0.46,0.046,"[np.float64(778.604499275), np.float64(792.287581), np.float64(796.700461), np.float64(809.314488), np.float64(828.2535985999999)]",1.303,0.781,1.556,1.136,0.579,0.018
Maize-Cluster_1_yearly_False_window_9_lags_none_sinusoidal_no_spline,False,9,spline_lags_none_sinusoidal_no,0.456,0.008,460.795,467.274,True,False,False,0.591,-0.188,0,1.0,1.0,1.0,1.0,0.343,0.17,0.124,"[np.float64(764.0040887777778), np.float64(780.460964), np.float64(789.491676), np.float64(796.099942), np.float64(820.9613999999999)]",,,,,,
Maize-Cluster_1_yearly_False_window_9_lags_1_sinusoidal_no_spline,False,9,spline_lags_1_sinusoidal_no,0.452,0.049,436.079,443.628,True,False,False,0.57,-0.389,0,1.0,1.0,1.013,1.028,0.954,0.165,0.905,"[np.float64(764.0040887777777), np.float64(780.205923), np.float64(790.893503), np.float64(796.687333), np.float64(820.9613999999999)]",1.041,0.434,,,,
Maize-Cluster_1_yearly_False_window_9_lags_none_sinusoidal_yes_spline,False,9,spline_lags_none_sinusoidal_yes,0.572,0.001,458.281,467.352,True,True,False,0.889,-0.653,0,1.0,1.446,1.586,1.012,0.228,0.417,0.058,"[np.float64(764.0040887777778), np.float64(780.460964), np.float64(789.491676), np.float64(796.099942), np.float64(820.9613999999999)]",,,2.03,1.015,0.967,0.034
Maize-Cluster_1_yearly_False_window_9_lags_1_sinusoidal_yes_spline,False,9,spline_lags_1_sinusoidal_yes,0.609,0.006,431.282,441.347,True,True,False,0.565,-1.82,0,1.0,1.479,1.543,1.048,0.434,0.933,0.871,"[np.float64(764.0040887777777), np.float64(780.205923), np.float64(790.893503), np.float64(796.687333), np.float64(820.9613999999999)]",1.049,0.519,2.007,1.015,0.708,0.027
Maize-Cluster_1_yearly_True_window_9_lags_none_sinusoidal_no_spline,True,9,spline_lags_none_sinusoidal_no,0.59,0.01,322.746,327.469,True,True,False,0.792,-0.242,0,1.0,1.0,1.0,1.0,0.087,0.673,0.108,"[np.float64(780.8734885666667), np.float64(791.623404), np.float64(802.003541), np.float64(815.433573), np.float64(828.2535986)]",,,,,,
Maize-Cluster_1_yearly_True_window_9_lags_1_sinusoidal_no_spline,True,9,spline_lags_1_sinusoidal_no,0.564,0.069,297.99,303.333,True,True,False,0.625,-2.371,0,1.0,1.082,1.035,1.026,0.06,0.956,0.359,"[np.float64(780.8734885666668), np.float64(792.736757), np.float64(797.827185), np.float64(813.645144), np.float64(828.2535985999999)]",1.143,0.327,,,,
Maize-Cluster_1_yearly_True_window_9_lags_none_sinusoidal_yes_spline,True,9,spline_lags_none_sinusoidal_yes,0.62,0.012,325.271,331.882,True,True,False,0.895,-7.33,0,1.0,1.541,1.603,1.032,0.132,0.999,0.13,"[np.float64(780.8734885666667), np.float64(791.623404), np.float64(802.003541), np.float64(815.433573), np.float64(828.2535986)]",,,1.503,1.674,0.506,0.518
Maize-Cluster_1_yearly_True_window_9_lags_1_sinusoidal_yes_spline,True,9,spline_lags_1_sinusoidal_yes,0.742,0.005,292.557,299.68,True,True,False,1.23,-9.739,0,1.0,1.951,2.107,1.067,0.929,0.102,0.171,"[np.float64(780.8734885666668), np.float64(792.736757), np.float64(797.827185), np.float64(813.645144), np.float64(828.2535985999999)]",1.259,0.541,1.665,2.201,0.73,0.026
Maize-Cluster_1_yearly_False_window_10_lags_none_sinusoidal_no_spline,False,10,spline_lags_none_sinusoidal_no,0.384,0.017,464.276,470.755,True,False,False,0.437,-0.643,0,1.0,1.0,1.0,1.0,0.716,0.19,0.569,"[np.float64(767.09477998), np.float64(781.103388), np.float64(793.173673), np.float64(804.991399), np.float64(820.3321418571428)]",,,,,,
Maize-Cluster_1_yearly_False_window_10_lags_1_sinusoidal_no_spline,False,10,spline_lags_1_sinusoidal_no,0.492,0.043,433.375,440.924,True,False,False,0.733,-0.294,0,1.0,1.015,1.007,1.002,0.526,0.308,0.258,"[np.float64(767.09477998), np.float64(781.102453), np.float64(795.221524), np.float64(805.211899), np.float64(820.3321418571429)]",1.023,0.238,,,,
Maize-Cluster_1_yearly_False_window_10_lags_none_sinusoidal_yes_spline,False,10,spline_lags_none_sinusoidal_yes,0.471,0.021,464.203,473.274,True,True,False,0.582,-2.127,0,1.0,1.523,1.146,1.016,0.372,0.233,0.721,"[np.float64(767.09477998), np.float64(781.103388), np.float64(793.173673), np.float64(804.991399), np.float64(820.3321418571428)]",,,1.619,1.066,0.567,0.166
Maize-Cluster_1_yearly_False_window_10_lags_1_sinusoidal_yes_spline,False,10,spline_lags_1_sinusoidal_yes,0.581,0.121,432.335,442.399,True,True,False,0.815,-0.441,0,1.0,1.588,1.102,1.007,0.587,0.537,0.227,"[np.float64(767.09477998), np.float64(781.102453), np.float64(795.221524), np.float64(805.211899), np.float64(820.3321418571429)]",1.035,0.668,1.573,1.089,0.341,0.306
