analysis_name,yearly_aggregate,window_size,config_type,r_squared,p_value,aic,bic,is_normal,is_homoscedastic,no_autocorrelation,durbin_watson,cv_r2_score,cv_r2_std,vif_PPT,vif_quadratic,p_value_quadratic,vif_ortho_PPT_lag1,p_value_lag1,vif_ortho_sin_cycle,vif_ortho_cos_cycle,p_value_sin,p_value_cos
Maize-Cluster_2_yearly_False_window_1_lags_none_sinusoidal_no_quadratic,False,1,quadratic_lags_none_sinusoidal_no,0.044,0.425,414.235,417.368,False,True,True,2.105,-1.845,0,1.546,1.546,0.414,,,,,,
Maize-Cluster_2_yearly_False_window_1_lags_1_sinusoidal_no_quadratic,False,1,quadratic_lags_1_sinusoidal_no,0.044,0.461,397.649,401.632,False,True,True,2.144,-3.198,0,1.743,1.998,0.474,1.255,0.847,,,,
Maize-Cluster_2_yearly_False_window_1_lags_none_sinusoidal_yes_quadratic,False,1,quadratic_lags_none_sinusoidal_yes,0.08,0.632,417.426,422.649,False,True,True,2.246,-4.178,0,1.723,2.047,0.404,,,1.259,1.065,0.757,0.453
Maize-Cluster_2_yearly_False_window_1_lags_1_sinusoidal_yes_quadratic,False,1,quadratic_lags_1_sinusoidal_yes,0.077,0.811,400.958,406.932,False,True,True,2.206,-8.585,0,2.065,2.864,0.428,1.366,0.853,1.288,1.145,0.76,0.499
Maize-Cluster_2_yearly_True_window_1_lags_none_sinusoidal_no_quadratic,True,1,quadratic_lags_none_sinusoidal_no,0.155,0.236,277.017,278.934,False,True,True,2.352,-1.014,0,1.495,1.495,0.229,,,,,,
Maize-Cluster_2_yearly_True_window_1_lags_1_sinusoidal_no_quadratic,True,1,quadratic_lags_1_sinusoidal_no,0.314,0.086,257.737,259.997,True,True,True,2.385,-1.118,0,1.633,1.769,0.177,1.136,0.174,,,,
Maize-Cluster_2_yearly_True_window_1_lags_none_sinusoidal_yes_quadratic,True,1,quadratic_lags_none_sinusoidal_yes,0.241,0.443,279.52,282.716,False,True,False,2.552,-1.779,0,1.729,2.204,0.194,,,1.44,1.035,0.434,0.502
Maize-Cluster_2_yearly_True_window_1_lags_1_sinusoidal_yes_quadratic,True,1,quadratic_lags_1_sinusoidal_yes,0.433,0.15,259.257,262.646,True,True,False,2.838,-15.191,0,2.028,2.873,0.11,1.221,0.262,1.46,1.164,0.292,0.787
Maize-Cluster_2_yearly_False_window_2_lags_none_sinusoidal_no_quadratic,False,2,quadratic_lags_none_sinusoidal_no,0.065,0.403,396.933,400.066,False,True,False,1.152,-0.148,0,1.825,1.825,0.286,,,,,,
Maize-Cluster_2_yearly_False_window_2_lags_1_sinusoidal_no_quadratic,False,2,quadratic_lags_1_sinusoidal_no,0.234,0.117,377.702,381.685,True,True,False,1.17,-0.41,0,1.957,1.992,0.192,1.035,0.084,,,,
Maize-Cluster_2_yearly_False_window_2_lags_none_sinusoidal_yes_quadratic,False,2,quadratic_lags_none_sinusoidal_yes,0.222,0.862,397.069,402.292,False,True,False,1.39,0.015,0,2.34,2.964,0.181,,,1.467,1.157,0.475,0.096
Maize-Cluster_2_yearly_False_window_2_lags_1_sinusoidal_yes_quadratic,False,2,quadratic_lags_1_sinusoidal_yes,0.357,0.418,378.184,384.159,True,True,False,1.269,-0.574,0,2.767,3.678,0.084,1.064,0.254,1.563,1.284,0.301,0.156
Maize-Cluster_2_yearly_True_window_2_lags_none_sinusoidal_no_quadratic,True,2,quadratic_lags_none_sinusoidal_no,0.616,0.004,254.048,255.965,True,False,True,1.991,-1.584,0,2.113,2.113,0.006,,,,,,
Maize-Cluster_2_yearly_True_window_2_lags_1_sinusoidal_no_quadratic,True,2,quadratic_lags_1_sinusoidal_no,0.658,0.008,238.123,240.383,True,False,True,2.054,-0.467,0,2.599,2.705,0.024,1.105,0.358,,,,
Maize-Cluster_2_yearly_True_window_2_lags_none_sinusoidal_yes_quadratic,True,2,quadratic_lags_none_sinusoidal_yes,0.651,0.05,256.698,259.893,True,False,True,2.236,-3.502,0,2.237,2.348,0.01,,,1.045,1.066,0.659,0.408
Maize-Cluster_2_yearly_True_window_2_lags_1_sinusoidal_yes_quadratic,True,2,quadratic_lags_1_sinusoidal_yes,0.67,0.213,241.627,245.016,True,True,True,2.221,-1.497,0,2.858,3.142,0.057,1.123,0.696,1.034,1.128,0.681,0.811
Maize-Cluster_2_yearly_False_window_3_lags_none_sinusoidal_no_quadratic,False,3,quadratic_lags_none_sinusoidal_no,0.128,0.509,371.204,374.338,True,True,False,0.869,-0.487,0,1.644,1.644,0.162,,,,,,
Maize-Cluster_2_yearly_False_window_3_lags_1_sinusoidal_no_quadratic,False,3,quadratic_lags_1_sinusoidal_no,0.388,0.167,349.416,353.399,True,True,False,1.104,0.202,0,1.809,1.962,0.165,1.153,0.015,,,,
Maize-Cluster_2_yearly_False_window_3_lags_none_sinusoidal_yes_quadratic,False,3,quadratic_lags_none_sinusoidal_yes,0.318,0.994,370.036,375.258,True,True,False,1.371,0.145,0,1.845,2.157,0.132,,,1.211,1.102,0.443,0.056
Maize-Cluster_2_yearly_False_window_3_lags_1_sinusoidal_yes_quadratic,False,3,quadratic_lags_1_sinusoidal_yes,0.455,0.364,351.106,357.081,True,True,True,1.529,-7.002,0,2.181,2.865,0.118,1.224,0.055,1.191,1.27,0.396,0.284
Maize-Cluster_2_yearly_True_window_3_lags_none_sinusoidal_no_quadratic,True,3,quadratic_lags_none_sinusoidal_no,0.434,0.066,237.701,239.618,True,False,True,2.413,-0.33,0,3.384,3.384,0.016,,,,,,
Maize-Cluster_2_yearly_True_window_3_lags_1_sinusoidal_no_quadratic,True,3,quadratic_lags_1_sinusoidal_no,0.654,0.328,217.281,219.541,True,True,False,1.399,0.146,0,2.62,2.844,0.005,1.225,0.641,,,,
Maize-Cluster_2_yearly_True_window_3_lags_none_sinusoidal_yes_quadratic,True,3,quadratic_lags_none_sinusoidal_yes,0.477,0.104,240.609,243.804,True,True,True,2.389,-1.303,0,3.713,3.85,0.026,,,1.025,1.113,0.421,0.997
Maize-Cluster_2_yearly_True_window_3_lags_1_sinusoidal_yes_quadratic,True,3,quadratic_lags_1_sinusoidal_yes,0.719,0.149,218.567,221.957,True,True,False,1.227,-18.307,0,2.66,2.916,0.034,1.23,0.623,1.016,1.01,0.605,0.247
Maize-Cluster_2_yearly_False_window_4_lags_none_sinusoidal_no_quadratic,False,4,quadratic_lags_none_sinusoidal_no,0.019,0.718,355.874,359.008,True,True,False,0.91,-0.106,0,1.677,1.677,0.568,,,,,,
Maize-Cluster_2_yearly_False_window_4_lags_1_sinusoidal_no_quadratic,False,4,quadratic_lags_1_sinusoidal_no,0.05,0.786,341.139,345.121,True,True,False,0.893,-0.997,0,1.822,1.921,0.858,1.099,0.394,,,,
Maize-Cluster_2_yearly_False_window_4_lags_none_sinusoidal_yes_quadratic,False,4,quadratic_lags_none_sinusoidal_yes,0.264,0.532,353.82,359.043,True,True,False,1.492,-0.416,0,1.782,1.937,0.569,,,1.048,1.107,0.277,0.045
Maize-Cluster_2_yearly_False_window_4_lags_1_sinusoidal_yes_quadratic,False,4,quadratic_lags_1_sinusoidal_yes,0.181,0.653,342.169,348.143,True,True,False,1.248,-0.919,0,2.06,2.476,0.759,1.127,0.736,1.02,1.268,0.441,0.193
Maize-Cluster_2_yearly_True_window_4_lags_none_sinusoidal_no_quadratic,True,4,quadratic_lags_none_sinusoidal_no,0.461,0.039,234.132,236.049,True,True,True,1.97,-0.202,0,1.408,1.408,0.018,,,,,,
Maize-Cluster_2_yearly_True_window_4_lags_1_sinusoidal_no_quadratic,True,4,quadratic_lags_1_sinusoidal_no,0.25,0.318,224.521,226.781,True,True,False,1.473,-1.527,0,2.183,2.576,0.18,1.393,0.734,,,,
Maize-Cluster_2_yearly_True_window_4_lags_none_sinusoidal_yes_quadratic,True,4,quadratic_lags_none_sinusoidal_yes,0.583,0.177,234.512,237.707,True,True,True,1.876,-11.477,0,1.424,1.465,0.054,,,1.039,1.001,0.149,0.598
Maize-Cluster_2_yearly_True_window_4_lags_1_sinusoidal_yes_quadratic,True,4,quadratic_lags_1_sinusoidal_yes,0.34,0.365,226.865,230.255,True,True,False,1.095,-2.759,0,2.58,3.44,0.533,1.525,0.798,1.335,1.0,0.364,0.745
Maize-Cluster_2_yearly_False_window_5_lags_none_sinusoidal_no_quadratic,False,5,quadratic_lags_none_sinusoidal_no,0.001,0.94,354.637,357.77,False,True,False,1.168,-0.37,0,1.91,1.91,0.998,,,,,,
Maize-Cluster_2_yearly_False_window_5_lags_1_sinusoidal_no_quadratic,False,5,quadratic_lags_1_sinusoidal_no,0.001,0.978,340.563,344.546,False,True,False,1.206,-3.188,0,2.041,2.041,0.99,1.0,0.929,,,,
Maize-Cluster_2_yearly_False_window_5_lags_none_sinusoidal_yes_quadratic,False,5,quadratic_lags_none_sinusoidal_yes,0.404,0.521,347.776,352.999,True,True,False,1.347,-0.011,0,2.603,3.365,0.146,,,1.473,1.289,0.006,0.089
Maize-Cluster_2_yearly_False_window_5_lags_1_sinusoidal_yes_quadratic,False,5,quadratic_lags_1_sinusoidal_yes,0.431,0.759,333.313,339.288,True,True,False,1.041,-7.005,0,3.433,4.771,0.074,1.0,0.879,1.792,1.546,0.006,0.095
Maize-Cluster_2_yearly_True_window_5_lags_none_sinusoidal_no_quadratic,True,5,quadratic_lags_none_sinusoidal_no,0.453,0.013,230.402,232.319,True,True,False,2.733,-0.726,0,2.211,2.211,0.055,,,,,,
Maize-Cluster_2_yearly_True_window_5_lags_1_sinusoidal_no_quadratic,True,5,quadratic_lags_1_sinusoidal_no,0.351,0.125,221.071,223.331,False,True,True,2.105,-8.409,0,2.743,2.799,0.29,1.056,0.395,,,,
Maize-Cluster_2_yearly_True_window_5_lags_none_sinusoidal_yes_quadratic,True,5,quadratic_lags_none_sinusoidal_yes,0.484,0.113,233.582,236.777,True,True,False,2.891,-0.74,0,2.369,2.5,0.114,,,1.0,1.131,0.5,0.997
Maize-Cluster_2_yearly_True_window_5_lags_1_sinusoidal_yes_quadratic,True,5,quadratic_lags_1_sinusoidal_yes,0.653,0.022,216.934,220.323,True,True,False,2.9,-3.7,0,3.067,3.32,0.443,1.066,0.705,1.122,1.064,0.103,0.065
Maize-Cluster_2_yearly_False_window_6_lags_none_sinusoidal_no_quadratic,False,6,quadratic_lags_none_sinusoidal_no,0.157,0.083,342.38,345.514,True,True,False,0.775,0.062,0,1.752,1.752,0.613,,,,,,
Maize-Cluster_2_yearly_False_window_6_lags_1_sinusoidal_no_quadratic,False,6,quadratic_lags_1_sinusoidal_no,0.281,0.096,325.417,329.4,True,True,False,1.183,-0.842,0,1.942,1.98,0.65,1.038,0.23,,,,
Maize-Cluster_2_yearly_False_window_6_lags_none_sinusoidal_yes_quadratic,False,6,quadratic_lags_none_sinusoidal_yes,0.335,0.592,341.421,346.644,True,False,False,0.914,-0.1,0,2.153,2.686,0.177,,,1.53,1.004,0.056,0.662
Maize-Cluster_2_yearly_False_window_6_lags_1_sinusoidal_yes_quadratic,False,6,quadratic_lags_1_sinusoidal_yes,0.371,0.804,326.758,332.733,True,True,False,1.113,-1.754,0,2.414,2.973,0.298,1.058,0.152,1.483,1.018,0.18,0.664
Maize-Cluster_2_yearly_True_window_6_lags_none_sinusoidal_no_quadratic,True,6,quadratic_lags_none_sinusoidal_no,0.296,0.055,229.911,231.828,True,True,False,1.285,-0.709,0,1.984,1.984,0.381,,,,,,
Maize-Cluster_2_yearly_True_window_6_lags_1_sinusoidal_no_quadratic,True,6,quadratic_lags_1_sinusoidal_no,0.36,0.352,217.643,219.903,True,True,True,1.694,0.035,0,2.838,2.894,0.753,1.056,0.243,,,,
Maize-Cluster_2_yearly_True_window_6_lags_none_sinusoidal_yes_quadratic,True,6,quadratic_lags_none_sinusoidal_yes,0.482,0.132,229.604,232.799,True,True,True,1.986,-1.495,0,2.046,2.109,0.397,,,1.001,1.062,0.131,0.637
Maize-Cluster_2_yearly_True_window_6_lags_1_sinusoidal_yes_quadratic,True,6,quadratic_lags_1_sinusoidal_yes,0.828,0.003,204.541,207.931,True,True,True,2.415,0.071,0,2.864,2.935,0.949,1.057,0.126,1.005,1.009,0.004,0.008
Maize-Cluster_2_yearly_False_window_7_lags_none_sinusoidal_no_quadratic,False,7,quadratic_lags_none_sinusoidal_no,0.452,0.002,338.806,341.94,False,True,True,1.535,-0.972,0,1.35,1.35,0.003,,,,,,
Maize-Cluster_2_yearly_False_window_7_lags_1_sinusoidal_no_quadratic,False,7,quadratic_lags_1_sinusoidal_no,0.468,0.003,324.645,328.628,True,True,False,1.41,-1.084,0,1.894,2.49,0.006,1.596,0.422,,,,
Maize-Cluster_2_yearly_False_window_7_lags_none_sinusoidal_yes_quadratic,False,7,quadratic_lags_none_sinusoidal_yes,0.512,0.005,340.392,345.615,True,True,True,1.774,-1.379,0,1.384,1.482,0.004,,,1.0,1.098,0.327,0.419
Maize-Cluster_2_yearly_False_window_7_lags_1_sinusoidal_yes_quadratic,False,7,quadratic_lags_1_sinusoidal_yes,0.532,0.007,326.047,332.021,True,True,True,1.819,-0.374,0,2.15,3.203,0.013,1.767,0.782,1.01,1.277,0.363,0.353
Maize-Cluster_2_yearly_True_window_7_lags_none_sinusoidal_no_quadratic,True,7,quadratic_lags_none_sinusoidal_no,0.392,0.046,226.188,228.105,False,True,True,1.969,0.008,0,2.143,2.143,0.613,,,,,,
Maize-Cluster_2_yearly_True_window_7_lags_none_sinusoidal_yes_quadratic,True,7,quadratic_lags_none_sinusoidal_yes,0.546,0.034,226.114,229.31,True,True,False,2.783,-2.301,0,2.89,3.543,0.526,,,1.34,1.313,0.622,0.219
Maize-Cluster_2_yearly_False_window_8_lags_none_sinusoidal_no_quadratic,False,8,quadratic_lags_none_sinusoidal_no,0.554,0.0,327.969,331.103,True,True,False,1.378,0.326,0,1.554,1.554,0.0,,,,,,
Maize-Cluster_2_yearly_False_window_8_lags_1_sinusoidal_no_quadratic,False,8,quadratic_lags_1_sinusoidal_no,0.519,0.001,316.271,320.254,True,True,False,1.327,0.128,0,2.167,2.314,0.004,1.147,0.48,,,,
Maize-Cluster_2_yearly_False_window_8_lags_none_sinusoidal_yes_quadratic,False,8,quadratic_lags_none_sinusoidal_yes,0.61,0.003,329.114,334.337,True,False,True,1.8,0.288,0,1.618,1.733,0.001,,,1.011,1.104,0.152,0.868
Maize-Cluster_2_yearly_False_window_8_lags_1_sinusoidal_yes_quadratic,False,8,quadratic_lags_1_sinusoidal_yes,0.639,0.001,314.516,320.49,True,True,True,2.044,-0.075,0,2.341,2.66,0.004,1.169,0.19,1.045,1.104,0.167,0.136
Maize-Cluster_2_yearly_False_window_9_lags_none_sinusoidal_no_quadratic,False,9,quadratic_lags_none_sinusoidal_no,0.515,0.002,325.178,328.311,True,True,True,1.596,-2.36,0,1.329,1.329,0.0,,,,,,
Maize-Cluster_2_yearly_False_window_9_lags_1_sinusoidal_no_quadratic,False,9,quadratic_lags_1_sinusoidal_no,0.477,0.005,313.333,317.315,True,True,True,1.558,0.117,0,1.703,1.917,0.002,1.214,0.65,,,,
Maize-Cluster_2_yearly_False_window_9_lags_none_sinusoidal_yes_quadratic,False,9,quadratic_lags_none_sinusoidal_yes,0.674,0.002,320.88,326.102,True,True,True,2.257,-1.545,0,1.365,1.474,0.0,,,1.002,1.107,0.015,0.586
Maize-Cluster_2_yearly_False_window_9_lags_1_sinusoidal_yes_quadratic,False,9,quadratic_lags_1_sinusoidal_yes,0.635,0.002,310.151,316.126,True,True,True,2.023,-0.169,0,1.818,2.232,0.002,1.249,0.963,1.037,1.127,0.05,0.206
Maize-Cluster_2_yearly_False_window_10_lags_none_sinusoidal_no_quadratic,False,10,quadratic_lags_none_sinusoidal_no,0.559,0.0,320.247,323.381,False,True,False,1.341,0.252,0,1.464,1.464,0.001,,,,,,
Maize-Cluster_2_yearly_False_window_10_lags_1_sinusoidal_no_quadratic,False,10,quadratic_lags_1_sinusoidal_no,0.675,0.0,301.017,304.999,True,True,False,1.19,0.582,0,2.046,2.301,0.001,1.255,0.019,,,,
Maize-Cluster_2_yearly_False_window_10_lags_none_sinusoidal_yes_quadratic,False,10,quadratic_lags_none_sinusoidal_yes,0.669,0.001,318.209,323.431,False,True,True,1.685,0.334,0,1.5,1.578,0.001,,,1.016,1.062,0.035,0.948
Maize-Cluster_2_yearly_False_window_10_lags_1_sinusoidal_yes_quadratic,False,10,quadratic_lags_1_sinusoidal_yes,0.724,0.004,301.732,307.707,True,True,False,1.36,0.255,0,2.168,2.57,0.002,1.285,0.041,1.082,1.035,0.136,0.886
