analysis_name,yearly_aggregate,window_size,config_type,r_squared,p_value,aic,bic,is_normal,is_homoscedastic,no_autocorrelation,durbin_watson,cv_r2_score,cv_r2_std,vif_PPT,vif_segment,p_value_segment,breakpoint,vif_ortho_PPT_lag1,p_value_lag1,vif_ortho_sin_cycle,vif_ortho_cos_cycle,p_value_sin,p_value_cos
Maize-Cluster_2_yearly_False_window_1_lags_none_sinusoidal_no_piecewise,False,1,piecewise_lags_none_sinusoidal_no,0.075,0.243,413.543,416.677,False,True,True,2.086,-0.629,0,1.528,1.528,0.265,1029.2220404040404,,,,,,
Maize-Cluster_2_yearly_False_window_1_lags_1_sinusoidal_no_piecewise,False,1,piecewise_lags_1_sinusoidal_no,0.076,0.267,396.967,400.95,False,True,True,2.157,-1.995,0,1.859,2.413,0.307,1031.300909090909,1.553,0.747,,,,
Maize-Cluster_2_yearly_False_window_1_lags_none_sinusoidal_yes_piecewise,False,1,piecewise_lags_none_sinusoidal_yes,0.118,0.274,416.548,421.77,False,True,True,2.241,-0.931,0,1.753,2.18,0.246,1029.2220404040404,,,1.238,1.189,0.76,0.399
Maize-Cluster_2_yearly_False_window_1_lags_1_sinusoidal_yes_piecewise,False,1,piecewise_lags_1_sinusoidal_yes,0.119,0.317,400.011,405.985,False,True,True,2.25,-3.382,0,2.667,4.681,0.26,1031.300909090909,2.073,0.912,1.356,1.584,0.735,0.425
Maize-Cluster_2_yearly_True_window_1_lags_none_sinusoidal_no_piecewise,True,1,piecewise_lags_none_sinusoidal_no,0.183,0.145,276.549,278.466,False,True,False,2.502,-0.718,0,1.37,1.37,0.18,1036.8477575757577,,,,,,
Maize-Cluster_2_yearly_True_window_1_lags_1_sinusoidal_no_piecewise,True,1,piecewise_lags_1_sinusoidal_no,0.387,0.042,256.284,258.544,True,True,False,2.672,-0.392,0,1.576,2.226,0.096,1042.6400686868687,1.65,0.111,,,,
Maize-Cluster_2_yearly_True_window_1_lags_none_sinusoidal_yes_piecewise,True,1,piecewise_lags_none_sinusoidal_yes,0.243,0.221,279.488,282.683,False,True,False,2.638,-2.781,0,1.526,1.948,0.191,1036.8477575757577,,,1.281,1.14,0.55,0.53
Maize-Cluster_2_yearly_True_window_1_lags_1_sinusoidal_yes_piecewise,True,1,piecewise_lags_1_sinusoidal_yes,0.485,0.058,258.003,261.392,True,True,False,3.193,-9.76,0,2.001,3.869,0.074,1042.6400686868687,2.13,0.159,1.191,1.547,0.352,0.629
Maize-Cluster_2_yearly_False_window_2_lags_none_sinusoidal_no_piecewise,False,2,piecewise_lags_none_sinusoidal_no,0.077,0.242,396.657,399.79,False,True,False,1.212,-0.263,0,1.544,1.544,0.243,1035.3358586474749,,,,,,
Maize-Cluster_2_yearly_False_window_2_lags_1_sinusoidal_no_piecewise,False,2,piecewise_lags_1_sinusoidal_no,0.27,0.068,376.723,380.706,True,True,False,1.259,-0.387,0,1.62,1.79,0.116,1044.9124500277778,1.17,0.066,,,,
Maize-Cluster_2_yearly_False_window_2_lags_none_sinusoidal_yes_piecewise,False,2,piecewise_lags_none_sinusoidal_yes,0.249,0.218,396.336,401.559,False,True,False,1.449,-0.054,0,1.918,2.606,0.127,1035.3358586474749,,,1.305,1.383,0.512,0.075
Maize-Cluster_2_yearly_False_window_2_lags_1_sinusoidal_yes_piecewise,False,2,piecewise_lags_1_sinusoidal_yes,0.409,0.058,376.494,382.468,True,False,False,1.428,-0.313,0,2.273,3.676,0.042,1044.9124500277778,1.35,0.201,1.362,1.691,0.247,0.122
Maize-Cluster_2_yearly_True_window_2_lags_none_sinusoidal_no_piecewise,True,2,piecewise_lags_none_sinusoidal_no,0.632,0.002,253.47,255.387,True,False,True,2.081,0.566,0,1.611,1.611,0.005,1016.3319922515152,,,,,,
Maize-Cluster_2_yearly_True_window_2_lags_1_sinusoidal_no_piecewise,True,2,piecewise_lags_1_sinusoidal_no,0.637,0.006,238.872,241.132,True,False,True,1.995,-1.046,0,2.237,2.853,0.031,1017.0317355455555,1.617,0.391,,,,
Maize-Cluster_2_yearly_True_window_2_lags_none_sinusoidal_yes_piecewise,True,2,piecewise_lags_none_sinusoidal_yes,0.644,0.008,257.0,260.196,True,False,True,2.179,0.105,0,1.913,2.407,0.011,1016.3319922515152,,,1.025,1.469,0.762,0.648
Maize-Cluster_2_yearly_True_window_2_lags_1_sinusoidal_yes_piecewise,True,2,piecewise_lags_1_sinusoidal_yes,0.642,0.017,242.69,246.08,True,True,True,2.041,-0.897,0,5.491,10.363,0.079,1017.0317355455555,3.24,0.575,1.013,3.619,0.763,0.971
Maize-Cluster_2_yearly_False_window_3_lags_none_sinusoidal_no_piecewise,False,3,piecewise_lags_none_sinusoidal_no,0.149,0.184,370.689,373.822,False,True,False,0.84,-0.12,0,1.46,1.46,0.123,1021.9591515151516,,,,,,
Maize-Cluster_2_yearly_False_window_3_lags_1_sinusoidal_no_piecewise,False,3,piecewise_lags_1_sinusoidal_no,0.426,0.079,348.161,352.144,True,True,False,0.977,0.163,0,1.796,2.101,0.089,1000.6290967272728,1.305,0.012,,,,
Maize-Cluster_2_yearly_False_window_3_lags_none_sinusoidal_yes_piecewise,False,3,piecewise_lags_none_sinusoidal_yes,0.372,0.167,368.308,373.53,True,True,False,1.32,0.202,0,1.666,2.115,0.06,1021.9591515151516,,,1.213,1.236,0.349,0.034
Maize-Cluster_2_yearly_False_window_3_lags_1_sinusoidal_yes_piecewise,False,3,piecewise_lags_1_sinusoidal_yes,0.551,0.028,347.222,353.196,True,True,True,1.569,0.018,0,2.351,3.565,0.024,1000.6290967272728,1.517,0.051,1.133,1.564,0.181,0.112
Maize-Cluster_2_yearly_True_window_3_lags_none_sinusoidal_no_piecewise,True,3,piecewise_lags_none_sinusoidal_no,0.506,0.007,235.802,237.719,True,True,True,2.291,-0.279,0,1.998,1.998,0.007,987.835291850101,,,,,,
Maize-Cluster_2_yearly_True_window_3_lags_1_sinusoidal_no_piecewise,True,3,piecewise_lags_1_sinusoidal_no,0.646,0.003,217.571,219.83,True,True,True,1.626,0.097,0,2.745,3.227,0.005,1003.443508603367,1.482,0.518,,,,
Maize-Cluster_2_yearly_True_window_3_lags_none_sinusoidal_yes_piecewise,True,3,piecewise_lags_none_sinusoidal_yes,0.508,0.018,239.752,242.948,True,True,True,2.244,-56.295,0,2.517,3.037,0.019,987.835291850101,,,1.089,1.431,0.864,0.956
Maize-Cluster_2_yearly_True_window_3_lags_1_sinusoidal_yes_piecewise,True,3,piecewise_lags_1_sinusoidal_yes,0.716,0.007,218.717,222.107,True,True,False,1.415,-215.449,0,6.547,10.256,0.035,1003.443508603367,2.531,0.222,1.127,3.051,0.485,0.253
Maize-Cluster_2_yearly_False_window_4_lags_none_sinusoidal_no_piecewise,False,4,piecewise_lags_none_sinusoidal_no,0.121,0.134,353.573,356.706,True,True,False,0.925,-0.103,0,2.293,2.293,0.134,982.3835,,,,,,
Maize-Cluster_2_yearly_False_window_4_lags_1_sinusoidal_no_piecewise,False,4,piecewise_lags_1_sinusoidal_no,0.163,0.156,338.591,342.574,True,True,False,0.945,-1.246,0,2.478,2.698,0.156,982.3835,1.219,0.404,,,,
Maize-Cluster_2_yearly_False_window_4_lags_none_sinusoidal_yes_piecewise,False,4,piecewise_lags_none_sinusoidal_yes,0.323,0.211,352.071,357.293,True,True,False,1.396,-0.363,0,2.856,3.292,0.204,982.3835,,,1.127,1.309,0.247,0.063
Maize-Cluster_2_yearly_False_window_4_lags_1_sinusoidal_yes_piecewise,False,4,piecewise_lags_1_sinusoidal_yes,0.261,0.228,340.103,346.077,True,True,False,1.226,-1.929,0,3.484,4.533,0.222,982.3835,1.368,0.707,1.05,1.63,0.406,0.265
Maize-Cluster_2_yearly_True_window_4_lags_none_sinusoidal_no_piecewise,True,4,piecewise_lags_none_sinusoidal_no,0.54,0.004,231.898,233.815,True,True,True,1.907,0.191,0,1.552,1.552,0.007,1012.7659189436364,,,,,,
Maize-Cluster_2_yearly_True_window_4_lags_1_sinusoidal_no_piecewise,True,4,piecewise_lags_1_sinusoidal_no,0.295,0.089,223.726,225.986,True,True,True,1.559,-1.921,0,2.101,2.682,0.128,1015.7317734060606,1.581,0.811,,,,
Maize-Cluster_2_yearly_True_window_4_lags_none_sinusoidal_yes_piecewise,True,4,piecewise_lags_none_sinusoidal_yes,0.647,0.026,232.187,235.382,True,True,True,1.785,-1.433,0,1.647,1.819,0.023,1012.7659189436364,,,1.004,1.168,0.134,0.77
Maize-Cluster_2_yearly_True_window_4_lags_1_sinusoidal_yes_piecewise,True,4,piecewise_lags_1_sinusoidal_yes,0.396,0.166,225.716,229.106,True,True,False,1.175,-2.245,0,4.936,9.587,0.326,1015.7317734060606,3.076,0.854,1.618,2.957,0.337,0.853
Maize-Cluster_2_yearly_False_window_5_lags_none_sinusoidal_no_piecewise,False,5,piecewise_lags_none_sinusoidal_no,0.001,0.0,352.637,354.726,False,True,False,1.168,-0.29,0,2.158,2.158,0.006,982.6180002,,,,,,
Maize-Cluster_2_yearly_False_window_5_lags_1_sinusoidal_no_piecewise,False,5,piecewise_lags_1_sinusoidal_no,0.001,0.0,338.563,341.551,False,True,False,1.204,-2.499,0,2.488,2.734,0.014,982.6180002,1.245,0.918,,,,
Maize-Cluster_2_yearly_False_window_5_lags_none_sinusoidal_yes_piecewise,False,5,piecewise_lags_none_sinusoidal_yes,0.317,0.0,348.633,352.811,True,True,False,1.427,-0.122,0,2.66,3.093,0.163,982.6180002,,,1.245,1.188,0.016,0.201
Maize-Cluster_2_yearly_False_window_5_lags_1_sinusoidal_yes_piecewise,False,5,piecewise_lags_1_sinusoidal_yes,0.279,0.0,336.045,341.023,True,True,False,1.268,-6.748,0,3.567,4.716,0.286,982.6180002,1.423,0.589,1.195,1.53,0.033,0.305
Maize-Cluster_2_yearly_True_window_5_lags_none_sinusoidal_no_piecewise,True,5,piecewise_lags_none_sinusoidal_no,0.459,0.016,230.263,232.18,False,True,False,2.874,-0.702,0,1.459,1.459,0.051,1020.3087376161617,,,,,,
Maize-Cluster_2_yearly_True_window_5_lags_1_sinusoidal_no_piecewise,True,5,piecewise_lags_1_sinusoidal_no,0.424,0.102,219.507,221.767,False,True,True,1.747,-1527.541,0,2.281,2.388,0.143,1004.9693669615353,1.107,0.506,,,,
Maize-Cluster_2_yearly_True_window_5_lags_none_sinusoidal_yes_piecewise,True,5,piecewise_lags_none_sinusoidal_yes,0.503,0.06,233.073,236.268,True,True,False,3.05,-0.671,0,1.748,2.378,0.093,1020.3087376161617,,,1.126,1.503,0.409,0.966
Maize-Cluster_2_yearly_True_window_5_lags_1_sinusoidal_yes_piecewise,True,5,piecewise_lags_1_sinusoidal_yes,0.738,0.026,213.268,216.658,False,True,True,2.395,-1383.221,0,7.122,11.412,0.119,1004.9693669615353,1.512,0.545,1.209,4.569,0.051,0.045
Maize-Cluster_2_yearly_False_window_6_lags_none_sinusoidal_no_piecewise,False,6,piecewise_lags_none_sinusoidal_no,0.247,0.101,340.032,343.165,False,True,False,0.615,0.025,0,2.742,2.742,0.137,991.6093967727273,,,,,,
Maize-Cluster_2_yearly_False_window_6_lags_1_sinusoidal_no_piecewise,False,6,piecewise_lags_1_sinusoidal_no,0.335,0.182,323.854,327.837,True,True,False,1.014,-1.039,0,3.058,3.14,0.234,990.8566114545455,1.082,0.262,,,,
Maize-Cluster_2_yearly_False_window_6_lags_none_sinusoidal_yes_piecewise,False,6,piecewise_lags_none_sinusoidal_yes,0.382,0.084,339.871,345.093,True,False,False,0.734,0.086,0,6.058,7.961,0.085,991.6093967727273,,,1.337,2.566,0.08,0.422
Maize-Cluster_2_yearly_False_window_6_lags_1_sinusoidal_yes_piecewise,False,6,piecewise_lags_1_sinusoidal_yes,0.399,0.191,325.85,331.825,True,True,False,1.033,-1.155,0,11.342,15.78,0.193,990.8566114545455,1.413,0.199,1.274,4.752,0.248,0.55
Maize-Cluster_2_yearly_True_window_6_lags_none_sinusoidal_no_piecewise,True,6,piecewise_lags_none_sinusoidal_no,0.361,0.049,228.544,230.461,True,True,False,1.464,-0.133,0,1.488,1.488,0.18,1012.0907907245455,,,,,,
Maize-Cluster_2_yearly_True_window_6_lags_1_sinusoidal_no_piecewise,True,6,piecewise_lags_1_sinusoidal_no,0.373,0.497,217.38,219.64,True,True,True,1.621,0.126,0,2.836,3.147,0.602,1005.3885305910976,1.31,0.277,,,,
Maize-Cluster_2_yearly_True_window_6_lags_none_sinusoidal_yes_piecewise,True,6,piecewise_lags_none_sinusoidal_yes,0.526,0.081,228.383,231.579,True,True,True,2.141,-0.521,0,1.933,2.848,0.227,1012.0907907245455,,,1.0,1.914,0.144,0.601
Maize-Cluster_2_yearly_True_window_6_lags_1_sinusoidal_yes_piecewise,True,6,piecewise_lags_1_sinusoidal_yes,0.83,0.071,204.421,207.81,True,True,True,2.357,0.113,0,12.227,19.237,0.8,1005.3885305910976,2.896,0.116,1.986,5.127,0.004,0.008
Maize-Cluster_2_yearly_False_window_7_lags_none_sinusoidal_no_piecewise,False,7,piecewise_lags_none_sinusoidal_no,0.482,0.001,337.634,340.768,False,True,True,1.555,-0.029,0,1.257,1.257,0.002,1026.6443212636364,,,,,,
Maize-Cluster_2_yearly_False_window_7_lags_1_sinusoidal_no_piecewise,False,7,piecewise_lags_1_sinusoidal_no,0.456,0.002,325.068,329.051,True,True,True,1.52,-1.487,0,1.448,1.938,0.007,1035.229250549495,1.49,0.638,,,,
Maize-Cluster_2_yearly_False_window_7_lags_none_sinusoidal_yes_piecewise,False,7,piecewise_lags_none_sinusoidal_yes,0.533,0.002,339.431,344.654,True,True,True,1.754,-0.127,0,1.321,1.568,0.003,1026.6443212636364,,,1.003,1.244,0.415,0.375
Maize-Cluster_2_yearly_False_window_7_lags_1_sinusoidal_yes_piecewise,False,7,piecewise_lags_1_sinusoidal_yes,0.535,0.003,325.941,331.916,True,True,True,1.98,-1.681,0,1.719,3.11,0.013,1035.229250549495,1.786,0.913,1.001,1.604,0.435,0.235
Maize-Cluster_2_yearly_True_window_7_lags_none_sinusoidal_no_piecewise,True,7,piecewise_lags_none_sinusoidal_no,0.431,0.535,225.258,227.175,True,True,True,1.957,0.192,0,1.667,1.667,0.329,994.3631027419192,,,,,,
Maize-Cluster_2_yearly_True_window_7_lags_none_sinusoidal_yes_piecewise,True,7,piecewise_lags_none_sinusoidal_yes,0.528,0.873,226.656,229.852,True,True,True,2.499,-1.605,0,2.534,3.833,0.787,994.3631027419192,,,1.506,1.793,0.808,0.255
Maize-Cluster_2_yearly_False_window_8_lags_none_sinusoidal_no_piecewise,False,8,piecewise_lags_none_sinusoidal_no,0.583,0.0,326.546,329.679,True,True,False,1.431,0.365,0,1.356,1.356,0.0,1020.2152388636364,,,,,,
Maize-Cluster_2_yearly_False_window_8_lags_1_sinusoidal_no_piecewise,False,8,piecewise_lags_1_sinusoidal_no,0.502,0.001,316.979,320.962,True,True,False,1.347,0.078,0,1.704,2.028,0.005,1020.2371045656566,1.324,0.793,,,,
Maize-Cluster_2_yearly_False_window_8_lags_none_sinusoidal_yes_piecewise,False,8,piecewise_lags_none_sinusoidal_yes,0.642,0.0,327.339,332.562,True,True,True,1.979,0.32,0,1.454,1.731,0.0,1020.2152388636364,,,1.001,1.276,0.149,0.648
Maize-Cluster_2_yearly_False_window_8_lags_1_sinusoidal_yes_piecewise,False,8,piecewise_lags_1_sinusoidal_yes,0.615,0.001,315.799,321.774,True,True,True,2.018,-0.111,0,2.133,3.265,0.006,1020.2371045656566,1.521,0.399,1.018,1.592,0.173,0.174
Maize-Cluster_2_yearly_False_window_9_lags_none_sinusoidal_no_piecewise,False,9,piecewise_lags_none_sinusoidal_no,0.72,0.0,313.639,316.773,False,True,False,1.081,0.576,0,1.264,1.264,0.0,1020.8159652878788,,,,,,
Maize-Cluster_2_yearly_False_window_9_lags_1_sinusoidal_no_piecewise,False,9,piecewise_lags_1_sinusoidal_no,0.58,0.0,308.955,312.938,True,True,False,1.046,0.063,0,1.513,1.794,0.0,1022.5769610833333,1.281,0.629,,,,
Maize-Cluster_2_yearly_False_window_9_lags_none_sinusoidal_yes_piecewise,False,9,piecewise_lags_none_sinusoidal_yes,0.813,0.0,309.231,314.454,True,True,True,1.541,0.629,0,1.321,1.536,0.0,1020.8159652878788,,,1.009,1.207,0.052,0.108
Maize-Cluster_2_yearly_False_window_9_lags_1_sinusoidal_yes_piecewise,False,9,piecewise_lags_1_sinusoidal_yes,0.717,0.0,305.077,311.051,True,True,False,1.447,0.067,0,1.713,2.495,0.0,1022.5769610833333,1.39,0.814,1.064,1.327,0.222,0.041
Maize-Cluster_2_yearly_False_window_10_lags_none_sinusoidal_no_piecewise,False,10,piecewise_lags_none_sinusoidal_no,0.618,0.0,317.194,320.328,False,True,False,1.323,0.433,0,1.363,1.363,0.0,1017.045313278788,,,,,,
Maize-Cluster_2_yearly_False_window_10_lags_1_sinusoidal_no_piecewise,False,10,piecewise_lags_1_sinusoidal_no,0.674,0.0,301.062,305.045,True,True,False,1.473,-0.008,0,1.196,1.362,0.001,1072.6673882066668,1.166,0.071,,,,
Maize-Cluster_2_yearly_False_window_10_lags_none_sinusoidal_yes_piecewise,False,10,piecewise_lags_none_sinusoidal_yes,0.668,0.0,318.275,323.497,True,True,True,1.536,0.433,0,1.469,1.761,0.001,1017.045313278788,,,1.045,1.247,0.169,0.606
Maize-Cluster_2_yearly_False_window_10_lags_1_sinusoidal_yes_piecewise,False,10,piecewise_lags_1_sinusoidal_yes,0.785,0.001,296.723,302.697,False,True,True,2.142,0.483,0,1.242,1.676,0.0,1072.6673882066668,1.204,0.055,1.026,1.204,0.025,0.541
