analysis_name,yearly_aggregate,window_size,config_type,r_squared,p_value,aic,bic,is_normal,is_homoscedastic,no_autocorrelation,durbin_watson,cv_r2_score,cv_r2_std,vif_PPT
NP_yearly_False_window_1_lags_none_sinusoidal_no_linear,False,1,linear_lags_none_sinusoidal_no,0.054,0.352,320.63,322.41,True,True,True,1.743,-0.725,0,1.0
NP_yearly_True_window_1_lags_none_sinusoidal_no_linear,True,1,linear_lags_none_sinusoidal_no,0.054,0.352,320.63,322.41,True,True,True,1.743,-0.725,0,1.0
NP_yearly_False_window_2_lags_none_sinusoidal_no_linear,False,2,linear_lags_none_sinusoidal_no,0.113,0.173,311.02,312.801,True,True,False,0.987,-0.745,0,1.0
NP_yearly_True_window_2_lags_none_sinusoidal_no_linear,True,2,linear_lags_none_sinusoidal_no,0.113,0.173,311.02,312.801,True,True,False,0.987,-0.745,0,1.0
NP_yearly_False_window_3_lags_none_sinusoidal_no_linear,False,3,linear_lags_none_sinusoidal_no,0.27,0.027,299.483,301.264,False,True,False,0.792,0.051,0,1.0
NP_yearly_True_window_3_lags_none_sinusoidal_no_linear,True,3,linear_lags_none_sinusoidal_no,0.27,0.027,299.483,301.264,False,True,False,0.792,0.051,0,1.0
NP_yearly_False_window_4_lags_none_sinusoidal_no_linear,False,4,linear_lags_none_sinusoidal_no,0.385,0.006,294.171,295.952,True,True,False,0.457,0.216,0,1.0
NP_yearly_True_window_4_lags_none_sinusoidal_no_linear,True,4,linear_lags_none_sinusoidal_no,0.385,0.006,294.171,295.952,True,True,False,0.457,0.216,0,1.0
NP_yearly_False_window_5_lags_none_sinusoidal_no_linear,False,5,linear_lags_none_sinusoidal_no,0.331,0.013,294.302,296.083,False,True,False,0.472,0.135,0,1.0
NP_yearly_True_window_5_lags_none_sinusoidal_no_linear,True,5,linear_lags_none_sinusoidal_no,0.331,0.013,294.302,296.083,False,True,False,0.472,0.135,0,1.0
NP_yearly_False_window_6_lags_none_sinusoidal_no_linear,False,6,linear_lags_none_sinusoidal_no,0.362,0.008,292.202,293.983,False,True,False,0.321,0.179,0,1.0
NP_yearly_True_window_6_lags_none_sinusoidal_no_linear,True,6,linear_lags_none_sinusoidal_no,0.362,0.008,292.202,293.983,False,True,False,0.321,0.179,0,1.0
NP_yearly_False_window_7_lags_none_sinusoidal_no_linear,False,7,linear_lags_none_sinusoidal_no,0.432,0.003,284.56,286.341,False,True,False,0.403,0.126,0,1.0
NP_yearly_True_window_7_lags_none_sinusoidal_no_linear,True,7,linear_lags_none_sinusoidal_no,0.432,0.003,284.56,286.341,False,True,False,0.403,0.126,0,1.0
NP_yearly_False_window_8_lags_none_sinusoidal_no_linear,False,8,linear_lags_none_sinusoidal_no,0.375,0.007,283.841,285.622,False,True,False,0.35,0.102,0,1.0
NP_yearly_True_window_8_lags_none_sinusoidal_no_linear,True,8,linear_lags_none_sinusoidal_no,0.375,0.007,283.841,285.622,False,True,False,0.35,0.102,0,1.0
NP_yearly_False_window_9_lags_none_sinusoidal_no_linear,False,9,linear_lags_none_sinusoidal_no,0.5,0.001,273.531,275.311,True,True,False,0.83,0.471,0,1.0
NP_yearly_True_window_9_lags_none_sinusoidal_no_linear,True,9,linear_lags_none_sinusoidal_no,0.5,0.001,273.531,275.311,True,True,False,0.83,0.471,0,1.0
