analysis_name,yearly_aggregate,window_size,config_type,r_squared,p_value,aic,bic,is_normal,is_homoscedastic,no_autocorrelation,durbin_watson,cv_r2_score,cv_r2_std,vif_PPT,vif_segment,p_value_segment,breakpoint
NP_yearly_False_window_1_lags_none_sinusoidal_no_piecewise,False,1,piecewise_lags_none_sinusoidal_no,0.428,0.005,313.59,316.261,True,True,True,1.565,0.317,0,4.703,4.703,0.007,348.15999999999997
NP_yearly_True_window_1_lags_none_sinusoidal_no_piecewise,True,1,piecewise_lags_none_sinusoidal_no,0.428,0.005,313.59,316.261,True,True,True,1.565,0.317,0,4.703,4.703,0.007,348.15999999999997
NP_yearly_False_window_2_lags_none_sinusoidal_no_piecewise,False,2,piecewise_lags_none_sinusoidal_no,0.355,0.012,307.275,309.946,False,True,False,1.17,-0.798,0,1.579,1.579,0.031,515.0404292020203
NP_yearly_True_window_2_lags_none_sinusoidal_no_piecewise,True,2,piecewise_lags_none_sinusoidal_no,0.355,0.012,307.275,309.946,False,True,False,1.17,-0.798,0,1.579,1.579,0.031,515.0404292020203
NP_yearly_False_window_3_lags_none_sinusoidal_no_piecewise,False,3,piecewise_lags_none_sinusoidal_no,0.569,0.001,292.002,294.674,True,True,True,1.647,0.374,0,2.459,2.459,0.006,456.65111111111105
NP_yearly_True_window_3_lags_none_sinusoidal_no_piecewise,True,3,piecewise_lags_none_sinusoidal_no,0.569,0.001,292.002,294.674,True,True,True,1.647,0.374,0,2.459,2.459,0.006,456.65111111111105
NP_yearly_False_window_4_lags_none_sinusoidal_no_piecewise,False,4,piecewise_lags_none_sinusoidal_no,0.669,0.0,285.018,287.689,True,True,False,0.787,0.564,0,2.456,2.456,0.003,438.8205555555556
NP_yearly_True_window_4_lags_none_sinusoidal_no_piecewise,True,4,piecewise_lags_none_sinusoidal_no,0.669,0.0,285.018,287.689,True,True,False,0.787,0.564,0,2.456,2.456,0.003,438.8205555555556
NP_yearly_False_window_5_lags_none_sinusoidal_no_piecewise,False,5,piecewise_lags_none_sinusoidal_no,0.503,0.004,290.937,293.609,True,True,False,0.774,0.075,0,2.25,2.25,0.037,437.43727272727267
NP_yearly_True_window_5_lags_none_sinusoidal_no_piecewise,True,5,piecewise_lags_none_sinusoidal_no,0.503,0.004,290.937,293.609,True,True,False,0.774,0.075,0,2.25,2.25,0.037,437.43727272727267
NP_yearly_False_window_6_lags_none_sinusoidal_no_piecewise,False,6,piecewise_lags_none_sinusoidal_no,0.447,0.013,291.648,294.32,True,False,False,0.409,0.254,0,2.096,2.096,0.151,438.547196969697
NP_yearly_True_window_6_lags_none_sinusoidal_no_piecewise,True,6,piecewise_lags_none_sinusoidal_no,0.447,0.013,291.648,294.32,True,False,False,0.409,0.254,0,2.096,2.096,0.151,438.547196969697
NP_yearly_False_window_7_lags_none_sinusoidal_no_piecewise,False,7,piecewise_lags_none_sinusoidal_no,0.454,0.038,285.879,288.55,False,False,False,0.475,-0.035,0,1.961,1.961,0.459,440.2098051948052
NP_yearly_True_window_7_lags_none_sinusoidal_no_piecewise,True,7,piecewise_lags_none_sinusoidal_no,0.454,0.038,285.879,288.55,False,False,False,0.475,-0.035,0,1.961,1.961,0.459,440.2098051948052
NP_yearly_False_window_8_lags_none_sinusoidal_no_piecewise,False,8,piecewise_lags_none_sinusoidal_no,0.421,0.039,284.462,287.133,True,True,False,0.441,0.081,0,1.843,1.843,0.292,441.80281358545454
NP_yearly_True_window_8_lags_none_sinusoidal_no_piecewise,True,8,piecewise_lags_none_sinusoidal_no,0.421,0.039,284.462,287.133,True,True,False,0.441,0.081,0,1.843,1.843,0.292,441.80281358545454
NP_yearly_False_window_9_lags_none_sinusoidal_no_piecewise,False,9,piecewise_lags_none_sinusoidal_no,0.518,0.07,274.892,277.563,True,True,False,0.996,0.162,0,1.937,1.937,0.473,441.2276542568687
NP_yearly_True_window_9_lags_none_sinusoidal_no_piecewise,True,9,piecewise_lags_none_sinusoidal_no,0.518,0.07,274.892,277.563,True,True,False,0.996,0.162,0,1.937,1.937,0.473,441.2276542568687
