analysis_name,yearly_aggregate,window_size,config_type,r_squared,p_value,aic,bic,is_normal,is_homoscedastic,no_autocorrelation,durbin_watson,cv_r2_score,cv_r2_std,vif_PPT,vif_quadratic,p_value_quadratic
NP_yearly_False_window_1_lags_none_sinusoidal_no_quadratic,False,1,quadratic_lags_none_sinusoidal_no,0.326,0.12,316.535,319.206,True,True,True,1.599,0.033,0,2.107,2.107,0.027
NP_yearly_True_window_1_lags_none_sinusoidal_no_quadratic,True,1,quadratic_lags_none_sinusoidal_no,0.326,0.12,316.535,319.206,True,True,True,1.599,0.033,0,2.107,2.107,0.027
NP_yearly_False_window_2_lags_none_sinusoidal_no_quadratic,False,2,quadratic_lags_none_sinusoidal_no,0.322,0.173,308.172,310.843,True,True,False,0.889,-0.878,0,1.971,1.971,0.048
NP_yearly_True_window_2_lags_none_sinusoidal_no_quadratic,True,2,quadratic_lags_none_sinusoidal_no,0.322,0.173,308.172,310.843,True,True,False,0.889,-0.878,0,1.971,1.971,0.048
NP_yearly_False_window_3_lags_none_sinusoidal_no_quadratic,False,3,quadratic_lags_none_sinusoidal_no,0.471,0.037,295.663,298.334,True,True,False,1.431,0.236,0,2.075,2.075,0.03
NP_yearly_True_window_3_lags_none_sinusoidal_no_quadratic,True,3,quadratic_lags_none_sinusoidal_no,0.471,0.037,295.663,298.334,True,True,False,1.431,0.236,0,2.075,2.075,0.03
NP_yearly_False_window_4_lags_none_sinusoidal_no_quadratic,False,4,quadratic_lags_none_sinusoidal_no,0.564,0.005,289.959,292.63,True,True,False,0.631,0.479,0,1.801,1.801,0.025
NP_yearly_True_window_4_lags_none_sinusoidal_no_quadratic,True,4,quadratic_lags_none_sinusoidal_no,0.564,0.005,289.959,292.63,True,True,False,0.631,0.479,0,1.801,1.801,0.025
NP_yearly_False_window_5_lags_none_sinusoidal_no_quadratic,False,5,quadratic_lags_none_sinusoidal_no,0.432,0.013,293.343,296.014,True,True,False,0.586,-0.237,0,1.615,1.615,0.122
NP_yearly_True_window_5_lags_none_sinusoidal_no_quadratic,True,5,quadratic_lags_none_sinusoidal_no,0.432,0.013,293.343,296.014,True,True,False,0.586,-0.237,0,1.615,1.615,0.122
NP_yearly_False_window_6_lags_none_sinusoidal_no_quadratic,False,6,quadratic_lags_none_sinusoidal_no,0.415,0.015,292.647,295.318,True,True,False,0.372,0.173,0,1.664,1.664,0.263
NP_yearly_True_window_6_lags_none_sinusoidal_no_quadratic,True,6,quadratic_lags_none_sinusoidal_no,0.415,0.015,292.647,295.318,True,True,False,0.372,0.173,0,1.664,1.664,0.263
NP_yearly_False_window_7_lags_none_sinusoidal_no_quadratic,False,7,quadratic_lags_none_sinusoidal_no,0.447,0.004,286.088,288.759,False,True,False,0.472,0.058,0,1.655,1.655,0.537
NP_yearly_True_window_7_lags_none_sinusoidal_no_quadratic,True,7,quadratic_lags_none_sinusoidal_no,0.447,0.004,286.088,288.759,False,True,False,0.472,0.058,0,1.655,1.655,0.537
NP_yearly_False_window_8_lags_none_sinusoidal_no_quadratic,False,8,quadratic_lags_none_sinusoidal_no,0.397,0.007,285.2,287.871,False,True,False,0.42,-0.296,0,1.686,1.686,0.472
NP_yearly_True_window_8_lags_none_sinusoidal_no_quadratic,True,8,quadratic_lags_none_sinusoidal_no,0.397,0.007,285.2,287.871,False,True,False,0.42,-0.296,0,1.686,1.686,0.472
NP_yearly_False_window_9_lags_none_sinusoidal_no_quadratic,False,9,quadratic_lags_none_sinusoidal_no,0.51,0.001,275.165,277.836,True,True,False,0.954,-0.038,0,1.585,1.585,0.587
NP_yearly_True_window_9_lags_none_sinusoidal_no_quadratic,True,9,quadratic_lags_none_sinusoidal_no,0.51,0.001,275.165,277.836,True,True,False,0.954,-0.038,0,1.585,1.585,0.587
