analysis_name,yearly_aggregate,window_size,config_type,r_squared,p_value,aic,bic,is_normal,is_homoscedastic,no_autocorrelation,durbin_watson,cv_r2_score,cv_r2_std,vif_PPT,vif_spline_0,vif_spline_1,vif_spline_2,p_value_spline_0,p_value_spline_1,p_value_spline_2,knots
NP_yearly_False_window_1_lags_none_sinusoidal_no_spline,False,1,spline_lags_none_sinusoidal_no,0.385,0.718,318.895,323.347,True,True,True,1.958,-20.183,0,1.0,1.0,1.0,1.0,0.046,0.489,0.341,"[np.float64(229.8), np.float64(384.68), np.float64(436.55), np.float64(553.95), np.float64(724.1)]"
NP_yearly_True_window_1_lags_none_sinusoidal_no_spline,True,1,spline_lags_none_sinusoidal_no,0.385,0.718,318.895,323.347,True,True,True,1.958,-20.183,0,1.0,1.0,1.0,1.0,0.046,0.489,0.341,"[np.float64(229.8), np.float64(384.68), np.float64(436.55), np.float64(553.95), np.float64(724.1)]"
NP_yearly_False_window_2_lags_none_sinusoidal_no_spline,False,2,spline_lags_none_sinusoidal_no,0.331,0.166,311.923,316.375,True,True,False,0.837,-3.705,0,1.0,1.0,1.0,1.0,0.096,0.426,0.682,"[np.float64(270.4), np.float64(387.15), np.float64(450.675), np.float64(519.815), np.float64(617.95)]"
NP_yearly_True_window_2_lags_none_sinusoidal_no_spline,True,2,spline_lags_none_sinusoidal_no,0.331,0.166,311.923,316.375,True,True,False,0.837,-3.705,0,1.0,1.0,1.0,1.0,0.096,0.426,0.682,"[np.float64(270.4), np.float64(387.15), np.float64(450.675), np.float64(519.815), np.float64(617.95)]"
NP_yearly_False_window_3_lags_none_sinusoidal_no_spline,False,3,spline_lags_none_sinusoidal_no,0.484,0.015,299.224,303.676,True,False,False,1.388,-1.73,0,1.0,1.0,1.0,1.0,0.128,0.164,0.658,"[np.float64(300.7), np.float64(396.841667), np.float64(466.844833), np.float64(525.67), np.float64(591.9666666666667)]"
NP_yearly_True_window_3_lags_none_sinusoidal_no_spline,True,3,spline_lags_none_sinusoidal_no,0.484,0.015,299.224,303.676,True,False,False,1.388,-1.73,0,1.0,1.0,1.0,1.0,0.128,0.164,0.658,"[np.float64(300.7), np.float64(396.841667), np.float64(466.844833), np.float64(525.67), np.float64(591.9666666666667)]"
NP_yearly_False_window_4_lags_none_sinusoidal_no_spline,False,4,spline_lags_none_sinusoidal_no,0.673,0.001,288.778,293.23,True,True,False,1.238,0.432,0,1.0,1.0,1.0,1.0,0.06,0.084,0.081,"[np.float64(330.09999999999997), np.float64(408.834225), np.float64(467.3625), np.float64(493.376049), np.float64(591.9666666666667)]"
NP_yearly_True_window_4_lags_none_sinusoidal_no_spline,True,4,spline_lags_none_sinusoidal_no,0.673,0.001,288.778,293.23,True,True,False,1.238,0.432,0,1.0,1.0,1.0,1.0,0.06,0.084,0.081,"[np.float64(330.09999999999997), np.float64(408.834225), np.float64(467.3625), np.float64(493.376049), np.float64(591.9666666666667)]"
NP_yearly_False_window_5_lags_none_sinusoidal_no_spline,False,5,spline_lags_none_sinusoidal_no,0.471,0.008,296.061,300.513,True,True,False,0.808,-12.768,0,1.0,1.0,1.0,1.0,0.495,0.174,0.392,"[np.float64(314.56), np.float64(438.870905), np.float64(476.588), np.float64(519.688), np.float64(591.9666666666667)]"
NP_yearly_True_window_5_lags_none_sinusoidal_no_spline,True,5,spline_lags_none_sinusoidal_no,0.471,0.008,296.061,300.513,True,True,False,0.808,-12.768,0,1.0,1.0,1.0,1.0,0.495,0.174,0.392,"[np.float64(314.56), np.float64(438.870905), np.float64(476.588), np.float64(519.688), np.float64(591.9666666666667)]"
NP_yearly_False_window_6_lags_none_sinusoidal_no_spline,False,6,spline_lags_none_sinusoidal_no,0.483,0.006,294.43,298.882,True,True,False,0.603,0.288,0,1.0,1.0,1.0,1.0,0.608,0.236,0.279,"[np.float64(354.7166666666667), np.float64(440.437529), np.float64(470.666667), np.float64(491.063333), np.float64(545.46)]"
NP_yearly_True_window_6_lags_none_sinusoidal_no_spline,True,6,spline_lags_none_sinusoidal_no,0.483,0.006,294.43,298.882,True,True,False,0.603,0.288,0,1.0,1.0,1.0,1.0,0.608,0.236,0.279,"[np.float64(354.7166666666667), np.float64(440.437529), np.float64(470.666667), np.float64(491.063333), np.float64(545.46)]"
NP_yearly_False_window_7_lags_none_sinusoidal_no_spline,False,7,spline_lags_none_sinusoidal_no,0.515,0.007,287.723,292.175,False,True,False,0.612,-0.168,0,1.0,1.0,1.0,1.0,0.554,0.878,0.2,"[np.float64(360.59999999999997), np.float64(436.771429), np.float64(456.501429), np.float64(484.915271), np.float64(545.46)]"
NP_yearly_True_window_7_lags_none_sinusoidal_no_spline,True,7,spline_lags_none_sinusoidal_no,0.515,0.007,287.723,292.175,False,True,False,0.612,-0.168,0,1.0,1.0,1.0,1.0,0.554,0.878,0.2,"[np.float64(360.59999999999997), np.float64(436.771429), np.float64(456.501429), np.float64(484.915271), np.float64(545.46)]"
NP_yearly_False_window_8_lags_none_sinusoidal_no_spline,False,8,spline_lags_none_sinusoidal_no,0.4,0.057,289.107,293.559,False,True,False,0.478,-3.62,0,1.0,1.0,1.0,1.0,0.522,0.939,0.811,"[np.float64(384.9625), np.float64(433.334375), np.float64(451.219345), np.float64(480.418918), np.float64(545.46)]"
NP_yearly_True_window_8_lags_none_sinusoidal_no_spline,True,8,spline_lags_none_sinusoidal_no,0.4,0.057,289.107,293.559,False,True,False,0.478,-3.62,0,1.0,1.0,1.0,1.0,0.522,0.939,0.811,"[np.float64(384.9625), np.float64(433.334375), np.float64(451.219345), np.float64(480.418918), np.float64(545.46)]"
NP_yearly_False_window_9_lags_none_sinusoidal_no_spline,False,9,spline_lags_none_sinusoidal_no,0.653,0.013,272.959,277.411,True,True,False,1.083,-76.772,0,1.0,1.0,1.0,1.0,0.504,0.481,0.045,"[np.float64(390.21111111111105), np.float64(433.701667), np.float64(455.455556), np.float64(479.257264), np.float64(545.46)]"
NP_yearly_True_window_9_lags_none_sinusoidal_no_spline,True,9,spline_lags_none_sinusoidal_no,0.653,0.013,272.959,277.411,True,True,False,1.083,-76.772,0,1.0,1.0,1.0,1.0,0.504,0.481,0.045,"[np.float64(390.21111111111105), np.float64(433.701667), np.float64(455.455556), np.float64(479.257264), np.float64(545.46)]"
