analysis_name,yearly_aggregate,window_size,config_type,r_squared,p_value,aic,bic,is_normal,is_homoscedastic,no_autocorrelation,durbin_watson,cv_r2_score,cv_r2_std,vif_PPT,vif_segment,p_value_segment,breakpoint,vif_ortho_sin_cycle,vif_ortho_cos_cycle,p_value_sin,p_value_cos
Pasture_yearly_False_window_1_lags_none_sinusoidal_no_piecewise,False,1,piecewise_lags_none_sinusoidal_no,0.073,0.045,1088.972,1095.205,False,True,True,1.978,-0.133,0,2.223,2.223,0.119,797.521595959596,,,,
Pasture_yearly_False_window_1_lags_none_sinusoidal_yes_piecewise,False,1,piecewise_lags_none_sinusoidal_yes,0.074,0.05,1092.918,1103.306,False,True,True,1.979,-0.209,0,2.279,2.326,0.134,797.521595959596,1.0,1.046,0.877,0.874
Pasture_yearly_True_window_1_lags_none_sinusoidal_no_piecewise,True,1,piecewise_lags_none_sinusoidal_no,0.125,0.398,386.857,390.263,True,True,False,2.906,-0.212,0,1.652,1.652,0.119,853.9863739022222,,,,
Pasture_yearly_True_window_1_lags_none_sinusoidal_yes_piecewise,True,1,piecewise_lags_none_sinusoidal_yes,0.16,0.413,389.916,395.593,True,True,False,2.958,-1.099,0,1.665,1.684,0.136,853.9863739022222,1.01,1.009,0.516,0.588
Pasture_yearly_False_window_2_lags_none_sinusoidal_no_piecewise,False,2,piecewise_lags_none_sinusoidal_no,0.032,0.407,1048.703,1054.936,True,True,False,1.442,-0.193,0,4.589,4.589,0.588,686.8127818181817,,,,
Pasture_yearly_False_window_2_lags_none_sinusoidal_yes_piecewise,False,2,piecewise_lags_none_sinusoidal_yes,0.038,0.446,1052.368,1062.755,True,True,False,1.447,-0.297,0,4.874,4.953,0.654,686.8127818181817,1.002,1.077,0.83,0.615
Pasture_yearly_True_window_2_lags_none_sinusoidal_no_piecewise,True,2,piecewise_lags_none_sinusoidal_no,0.226,0.435,360.769,364.175,True,False,False,1.39,0.126,0,1.207,1.207,0.029,861.814503030303,,,,
Pasture_yearly_True_window_2_lags_none_sinusoidal_yes_piecewise,True,2,piecewise_lags_none_sinusoidal_yes,0.285,0.473,362.953,368.63,True,True,False,1.362,-1.11,0,1.215,1.257,0.036,861.814503030303,1.002,1.04,0.249,0.813
Pasture_yearly_False_window_3_lags_none_sinusoidal_no_piecewise,False,3,piecewise_lags_none_sinusoidal_no,0.037,0.612,997.796,1004.029,True,True,False,1.202,-0.054,0,1.132,1.132,0.38,937.195532,,,,
Pasture_yearly_False_window_3_lags_none_sinusoidal_yes_piecewise,False,3,piecewise_lags_none_sinusoidal_yes,0.055,0.527,1000.732,1011.12,True,True,False,1.241,-0.048,0,1.14,1.203,0.342,937.195532,1.023,1.04,0.919,0.328
Pasture_yearly_True_window_3_lags_none_sinusoidal_no_piecewise,True,3,piecewise_lags_none_sinusoidal_no,0.173,0.592,353.56,356.966,True,True,False,1.062,0.038,0,1.347,1.347,0.065,847.7391213569023,,,,
Pasture_yearly_True_window_3_lags_none_sinusoidal_yes_piecewise,True,3,piecewise_lags_none_sinusoidal_yes,0.241,0.517,355.583,361.261,True,True,False,0.947,-0.983,0,1.389,1.509,0.047,847.7391213569023,1.006,1.114,0.559,0.284
Pasture_yearly_False_window_4_lags_none_sinusoidal_no_piecewise,False,4,piecewise_lags_none_sinusoidal_no,0.11,0.322,953.408,959.641,True,True,False,0.602,0.0,0,1.279,1.279,0.014,874.9116386868686,,,,
Pasture_yearly_False_window_4_lags_none_sinusoidal_yes_piecewise,False,4,piecewise_lags_none_sinusoidal_yes,0.164,0.376,953.689,964.077,True,True,False,0.721,0.038,0,1.326,1.493,0.004,874.9116386868686,1.004,1.163,0.963,0.066
Pasture_yearly_True_window_4_lags_none_sinusoidal_no_piecewise,True,4,piecewise_lags_none_sinusoidal_no,0.185,0.25,344.001,347.407,True,True,False,1.25,-0.238,0,1.633,1.633,0.047,826.9151717172729,,,,
Pasture_yearly_True_window_4_lags_none_sinusoidal_yes_piecewise,True,4,piecewise_lags_none_sinusoidal_yes,0.21,0.268,347.275,352.952,True,False,False,1.258,-1.141,0,1.65,1.677,0.053,826.9151717172729,1.006,1.022,0.458,0.962
