analysis_name,yearly_aggregate,window_size,config_type,r_squared,p_value,aic,bic,is_normal,is_homoscedastic,no_autocorrelation,durbin_watson,cv_r2_score,cv_r2_std,vif_PPT,vif_ortho_sin_cycle,vif_ortho_cos_cycle,p_value_sin,p_value_cos
Pasture_yearly_False_window_1_lags_none_sinusoidal_no_linear,False,1,linear_lags_none_sinusoidal_no,0.032,0.175,1089.55,1093.705,False,True,True,2.054,-0.024,0,1.0,,,,
Pasture_yearly_False_window_1_lags_none_sinusoidal_yes_linear,False,1,linear_lags_none_sinusoidal_yes,0.035,0.171,1093.393,1101.703,False,True,True,2.055,-0.08,0,1.0,1.0,1.0,0.868,0.733
Pasture_yearly_True_window_1_lags_none_sinusoidal_no_linear,True,1,linear_lags_none_sinusoidal_no,0.009,0.664,387.716,389.987,True,True,False,2.564,-0.368,0,1.0,,,,
Pasture_yearly_True_window_1_lags_none_sinusoidal_yes_linear,True,1,linear_lags_none_sinusoidal_yes,0.046,0.694,390.837,395.379,True,True,False,2.609,-1.035,0,1.0,1.0,1.0,0.472,0.662
Pasture_yearly_False_window_2_lags_none_sinusoidal_no_linear,False,2,linear_lags_none_sinusoidal_no,0.027,0.214,1047.015,1051.17,True,True,False,1.44,-0.126,0,1.0,,,,
Pasture_yearly_False_window_2_lags_none_sinusoidal_yes_linear,False,2,linear_lags_none_sinusoidal_yes,0.034,0.185,1050.59,1058.9,True,True,False,1.448,-0.25,0,1.0,1.0,1.0,0.873,0.545
Pasture_yearly_True_window_2_lags_none_sinusoidal_no_linear,True,2,linear_lags_none_sinusoidal_no,0.011,0.633,364.404,366.675,False,True,False,1.148,-0.207,0,1.0,,,,
Pasture_yearly_True_window_2_lags_none_sinusoidal_yes_linear,True,2,linear_lags_none_sinusoidal_yes,0.081,0.642,366.728,371.27,False,True,False,1.137,-0.518,0,1.0,1.0,1.0,0.247,0.93
Pasture_yearly_False_window_3_lags_none_sinusoidal_no_linear,False,3,linear_lags_none_sinusoidal_no,0.024,0.242,996.614,1000.769,True,True,False,1.185,-0.014,0,1.0,,,,
Pasture_yearly_False_window_3_lags_none_sinusoidal_yes_linear,False,3,linear_lags_none_sinusoidal_yes,0.039,0.181,999.727,1008.038,True,True,False,1.216,-0.018,0,1.0,1.0,1.0,0.935,0.367
Pasture_yearly_True_window_3_lags_none_sinusoidal_no_linear,True,3,linear_lags_none_sinusoidal_no,0.016,0.571,355.575,357.846,True,True,False,0.949,-0.102,0,1.0,,,,
Pasture_yearly_True_window_3_lags_none_sinusoidal_yes_linear,True,3,linear_lags_none_sinusoidal_yes,0.05,0.568,358.765,363.307,True,True,False,0.914,-1.147,0,1.0,1.0,1.0,0.471,0.713
Pasture_yearly_False_window_4_lags_none_sinusoidal_no_linear,False,4,linear_lags_none_sinusoidal_no,0.009,0.482,957.772,961.927,False,True,False,0.632,-0.105,0,1.0,,,,
Pasture_yearly_False_window_4_lags_none_sinusoidal_yes_linear,False,4,linear_lags_none_sinusoidal_yes,0.028,0.34,960.613,968.923,False,True,False,0.686,-0.131,0,1.0,1.0,1.0,0.992,0.301
Pasture_yearly_True_window_4_lags_none_sinusoidal_no_linear,True,4,linear_lags_none_sinusoidal_no,0.002,0.835,346.65,348.921,False,True,False,0.879,-0.317,0,1.0,,,,
Pasture_yearly_True_window_4_lags_none_sinusoidal_yes_linear,True,4,linear_lags_none_sinusoidal_yes,0.022,0.832,350.18,354.722,True,True,False,0.873,-1.496,0,1.0,1.0,1.0,0.564,0.832
