analysis_name,yearly_aggregate,window_size,config_type,r_squared,p_value,aic,bic,is_normal,is_homoscedastic,no_autocorrelation,durbin_watson,cv_r2_score,cv_r2_std,vif_PPT,vif_quadratic,p_value_quadratic,vif_ortho_sin_cycle,vif_ortho_cos_cycle,p_value_sin,p_value_cos
Pasture_yearly_False_window_1_lags_none_sinusoidal_no_quadratic,False,1,quadratic_lags_none_sinusoidal_no,0.071,0.168,1089.118,1095.35,False,True,True,1.977,-0.173,0,1.506,1.506,0.13,,,,
Pasture_yearly_False_window_1_lags_none_sinusoidal_yes_quadratic,False,1,quadratic_lags_none_sinusoidal_yes,0.072,0.173,1093.067,1103.455,False,True,True,1.979,-0.297,0,1.51,1.518,0.146,1.002,1.007,0.912,0.855
Pasture_yearly_True_window_1_lags_none_sinusoidal_no_quadratic,True,1,quadratic_lags_none_sinusoidal_no,0.086,0.353,387.871,391.278,True,True,False,2.691,-0.274,0,1.456,1.456,0.211,,,,
Pasture_yearly_True_window_1_lags_none_sinusoidal_yes_quadratic,True,1,quadratic_lags_none_sinusoidal_yes,0.142,0.338,390.415,396.093,True,True,False,2.761,-0.979,0,1.466,1.489,0.175,1.006,1.017,0.432,0.476
Pasture_yearly_False_window_2_lags_none_sinusoidal_no_quadratic,False,2,quadratic_lags_none_sinusoidal_no,0.029,0.254,1048.877,1055.11,True,True,False,1.439,-0.154,0,1.479,1.479,0.719,,,,
Pasture_yearly_False_window_2_lags_none_sinusoidal_yes_quadratic,False,2,quadratic_lags_none_sinusoidal_yes,0.035,0.222,1052.538,1062.926,True,True,False,1.445,-0.304,0,1.491,1.515,0.829,1.002,1.022,0.881,0.592
Pasture_yearly_True_window_2_lags_none_sinusoidal_no_quadratic,True,2,quadratic_lags_none_sinusoidal_no,0.129,0.201,363.49,366.897,False,True,False,1.301,-0.117,0,1.331,1.331,0.116,,,,
Pasture_yearly_True_window_2_lags_none_sinusoidal_yes_quadratic,True,2,quadratic_lags_none_sinusoidal_yes,0.222,0.163,364.875,370.553,True,False,False,1.291,-1.321,0,1.337,1.354,0.087,1.005,1.012,0.168,0.724
Pasture_yearly_False_window_3_lags_none_sinusoidal_no_quadratic,False,3,quadratic_lags_none_sinusoidal_no,0.038,0.177,997.779,1004.011,True,True,False,1.195,-0.083,0,1.365,1.365,0.375,,,,
Pasture_yearly_False_window_3_lags_none_sinusoidal_yes_quadratic,False,3,quadratic_lags_none_sinusoidal_yes,0.064,0.1,1000.154,1010.542,True,True,False,1.251,-0.081,0,1.386,1.442,0.232,1.018,1.038,0.939,0.225
Pasture_yearly_True_window_3_lags_none_sinusoidal_no_quadratic,True,3,quadratic_lags_none_sinusoidal_no,0.102,0.173,355.466,358.873,True,True,False,1.002,-0.169,0,1.322,1.322,0.181,,,,
Pasture_yearly_True_window_3_lags_none_sinusoidal_yes_quadratic,True,3,quadratic_lags_none_sinusoidal_yes,0.142,0.164,358.42,364.098,True,True,False,0.928,-2.238,0,1.344,1.414,0.181,1.039,1.03,0.774,0.416
Pasture_yearly_False_window_4_lags_none_sinusoidal_no_quadratic,False,4,quadratic_lags_none_sinusoidal_no,0.065,0.149,956.312,962.544,True,True,False,0.608,-0.11,0,1.292,1.292,0.071,,,,
Pasture_yearly_False_window_4_lags_none_sinusoidal_yes_quadratic,False,4,quadratic_lags_none_sinusoidal_yes,0.131,0.031,955.994,966.382,True,True,False,0.728,-0.048,0,1.305,1.35,0.014,1.003,1.041,0.998,0.048
Pasture_yearly_True_window_4_lags_none_sinusoidal_no_quadratic,True,4,quadratic_lags_none_sinusoidal_no,0.092,0.259,346.491,349.898,True,True,False,1.054,-0.321,0,1.364,1.364,0.176,,,,
Pasture_yearly_True_window_4_lags_none_sinusoidal_yes_quadratic,True,4,quadratic_lags_none_sinusoidal_yes,0.102,0.297,350.236,355.913,True,True,False,1.048,-1.793,0,1.372,1.392,0.224,1.012,1.008,0.662,0.962
