analysis_name,yearly_aggregate,window_size,config_type,r_squared,p_value,aic,bic,is_normal,is_homoscedastic,no_autocorrelation,durbin_watson,cv_r2_score,cv_r2_std,vif_PPT,vif_spline_0,vif_spline_1,vif_spline_2,p_value_spline_0,p_value_spline_1,p_value_spline_2,knots,vif_ortho_sin_cycle,vif_ortho_cos_cycle,p_value_sin,p_value_cos
Pasture_yearly_False_window_1_lags_none_sinusoidal_no_spline,False,1,spline_lags_none_sinusoidal_no,0.094,0.346,1091.661,1102.049,False,True,True,1.939,-0.895,0,1.0,1.0,1.0,1.0,0.138,0.892,0.26,"[np.float64(443.231), np.float64(722.1252), np.float64(828.607), np.float64(922.4712), np.float64(1212.314995)]",,,,
Pasture_yearly_False_window_1_lags_none_sinusoidal_yes_spline,False,1,spline_lags_none_sinusoidal_yes,0.096,0.38,1095.501,1110.044,False,True,True,1.944,-1.024,0,1.0,1.002,1.295,1.001,0.139,0.956,0.265,"[np.float64(443.231), np.float64(722.1252), np.float64(828.607), np.float64(922.4712), np.float64(1212.314995)]",1.015,1.283,0.884,0.724
Pasture_yearly_True_window_1_lags_none_sinusoidal_no_spline,True,1,spline_lags_none_sinusoidal_no,0.113,0.888,391.162,396.839,True,True,False,2.735,-7.221,0,1.0,1.0,1.0,1.0,0.288,0.559,0.489,"[np.float64(468.605), np.float64(703.754), np.float64(794.1632), np.float64(874.75666), np.float64(1042.051)]",,,,
Pasture_yearly_True_window_1_lags_none_sinusoidal_yes_spline,True,1,spline_lags_none_sinusoidal_yes,0.165,0.885,393.778,401.726,True,True,False,2.657,-3.928,0,1.0,1.048,1.196,1.005,0.428,0.342,0.55,"[np.float64(468.605), np.float64(703.754), np.float64(794.1632), np.float64(874.75666), np.float64(1042.051)]",1.109,1.14,0.449,0.483
Pasture_yearly_False_window_2_lags_none_sinusoidal_no_spline,False,2,spline_lags_none_sinusoidal_no,0.03,0.266,1052.856,1063.244,True,True,False,1.436,-0.768,0,1.0,1.0,1.0,1.0,0.726,0.889,0.949,"[np.float64(514.071), np.float64(751.6395), np.float64(854.706), np.float64(900.182499), np.float64(1078.0555000000002)]",,,,
Pasture_yearly_False_window_2_lags_none_sinusoidal_yes_spline,False,2,spline_lags_none_sinusoidal_yes,0.035,0.253,1056.532,1071.074,True,True,False,1.443,-0.541,0,1.0,1.133,1.136,1.014,0.835,0.939,0.992,"[np.float64(514.071), np.float64(751.6395), np.float64(854.706), np.float64(900.182499), np.float64(1078.0555000000002)]",1.179,1.105,0.918,0.601
Pasture_yearly_True_window_2_lags_none_sinusoidal_no_spline,True,2,spline_lags_none_sinusoidal_no,0.191,0.767,365.78,371.458,True,True,False,1.365,-1.233,0,1.0,1.0,1.0,1.0,0.08,0.662,0.579,"[np.float64(514.071), np.float64(746.530388), np.float64(813.1223), np.float64(857.274849), np.float64(1008.91575)]",,,,
Pasture_yearly_True_window_2_lags_none_sinusoidal_yes_spline,True,2,spline_lags_none_sinusoidal_yes,0.243,0.888,368.269,376.217,True,True,False,1.316,-2.707,0,1.0,1.04,1.183,1.097,0.129,0.467,0.745,"[np.float64(514.071), np.float64(746.530388), np.float64(813.1223), np.float64(857.274849), np.float64(1008.91575)]",1.141,1.179,0.314,0.855
Pasture_yearly_False_window_3_lags_none_sinusoidal_no_spline,False,3,spline_lags_none_sinusoidal_no,0.038,0.422,1001.761,1012.148,True,True,False,1.197,-0.463,0,1.0,1.0,1.0,1.0,0.415,0.747,0.932,"[np.float64(541.663), np.float64(764.285833), np.float64(824.007765), np.float64(879.8436), np.float64(1046.7369999999999)]",,,,
Pasture_yearly_False_window_3_lags_none_sinusoidal_yes_spline,False,3,spline_lags_none_sinusoidal_yes,0.065,0.407,1004.107,1018.649,True,True,False,1.252,-0.408,0,1.0,1.064,1.215,1.038,0.326,0.478,0.951,"[np.float64(541.663), np.float64(764.285833), np.float64(824.007765), np.float64(879.8436), np.float64(1046.7369999999999)]",1.084,1.232,0.957,0.23
Pasture_yearly_True_window_3_lags_none_sinusoidal_no_spline,True,3,spline_lags_none_sinusoidal_no,0.142,0.82,358.411,364.089,True,True,False,1.089,-3.635,0,1.0,1.0,1.0,1.0,0.203,0.384,0.887,"[np.float64(566.7423333333334), np.float64(774.152344), np.float64(813.099723), np.float64(856.302563), np.float64(938.5301666666668)]",,,,
Pasture_yearly_True_window_3_lags_none_sinusoidal_yes_spline,True,3,spline_lags_none_sinusoidal_yes,0.192,0.801,361.019,368.968,True,True,False,0.989,-3.12,0,1.0,1.032,1.224,1.08,0.169,0.425,0.909,"[np.float64(566.7423333333334), np.float64(774.152344), np.float64(813.099723), np.float64(856.302563), np.float64(938.5301666666668)]",1.185,1.15,0.613,0.424
Pasture_yearly_False_window_4_lags_none_sinusoidal_no_spline,False,4,spline_lags_none_sinusoidal_no,0.103,0.835,957.85,968.238,False,True,False,0.623,-0.073,0,1.0,1.0,1.0,1.0,0.031,0.516,0.531,"[np.float64(566.4775), np.float64(782.224875), np.float64(838.620475), np.float64(878.898374), np.float64(1008.9157500000001)]",,,,
Pasture_yearly_False_window_4_lags_none_sinusoidal_yes_spline,False,4,spline_lags_none_sinusoidal_yes,0.151,0.84,958.612,973.155,True,True,False,0.721,-0.047,0,1.0,1.019,1.34,1.041,0.019,0.19,0.724,"[np.float64(566.4775), np.float64(782.224875), np.float64(838.620475), np.float64(878.898374), np.float64(1008.9157500000001)]",1.026,1.374,0.981,0.093
Pasture_yearly_True_window_4_lags_none_sinusoidal_no_spline,True,4,spline_lags_none_sinusoidal_no,0.11,0.861,350.02,355.697,True,True,False,1.156,-4.792,0,1.0,1.0,1.0,1.0,0.37,0.306,0.734,"[np.float64(566.4775), np.float64(758.308619), np.float64(809.555428), np.float64(847.016075), np.float64(934.9976250000001)]",,,,
Pasture_yearly_True_window_4_lags_none_sinusoidal_yes_spline,True,4,spline_lags_none_sinusoidal_yes,0.151,0.982,352.938,360.887,True,True,False,1.229,-28.538,0,1.0,1.164,1.123,1.19,0.264,0.495,0.553,"[np.float64(566.4775), np.float64(758.308619), np.float64(809.555428), np.float64(847.016075), np.float64(934.9976250000001)]",1.338,1.139,0.395,0.946
