analysis_name,yearly_aggregate,window_size,config_type,r_squared,p_value,aic,bic,is_normal,is_homoscedastic,no_autocorrelation,durbin_watson,cv_r2_score,cv_r2_std,vif_PPT,vif_ortho_PPT_lag1,p_value_lag1,vif_ortho_PPT_lag2,p_value_lag2,vif_ortho_PPT_lag3,p_value_lag3,vif_ortho_PPT_lag4,p_value_lag4,vif_ortho_sin_cycle,vif_ortho_cos_cycle,p_value_sin,p_value_cos
PRHPA-Soybean_yearly_False_window_1_lags_none_sinusoidal_no_linear,False,1,linear_lags_none_sinusoidal_no,0.182,0.009,607.043,610.21,True,True,False,1.321,0.138,0,1.0,,,,,,,,,,,,
PRHPA-Soybean_yearly_False_window_1_lags_1_sinusoidal_no_linear,False,1,linear_lags_1_sinusoidal_no,0.23,0.025,587.466,592.132,False,True,False,1.179,-0.041,0,1.0,1.0,0.763,,,,,,,,,,
PRHPA-Soybean_yearly_False_window_1_lags_2_sinusoidal_no_linear,False,1,linear_lags_2_sinusoidal_no,0.24,0.12,570.062,574.641,False,True,False,1.123,0.085,0,1.0,,,1.0,0.498,,,,,,,,
PRHPA-Soybean_yearly_False_window_1_lags_3_sinusoidal_no_linear,False,1,linear_lags_3_sinusoidal_no,0.231,0.061,554.64,559.13,False,True,False,1.101,0.195,0,1.0,,,,,1.0,0.912,,,,,,
PRHPA-Soybean_yearly_False_window_1_lags_4_sinusoidal_no_linear,False,1,linear_lags_4_sinusoidal_no,0.272,0.205,536.125,540.522,False,True,False,1.143,0.158,0,1.0,,,,,,,1.0,0.559,,,,
PRHPA-Soybean_yearly_False_window_1_lags_none_sinusoidal_yes_linear,False,1,linear_lags_none_sinusoidal_yes,0.21,0.102,609.773,616.107,True,True,False,1.346,0.144,0,1.0,,,,,,,,,1.0,1.0,0.914,0.299
PRHPA-Soybean_yearly_False_window_1_lags_1_sinusoidal_yes_linear,False,1,linear_lags_1_sinusoidal_yes,0.31,0.424,587.624,595.401,True,True,False,1.245,-0.009,0,1.0,1.0,0.333,,,,,,,1.0,1.0,0.721,0.073
PRHPA-Soybean_yearly_False_window_1_lags_2_sinusoidal_yes_linear,False,1,linear_lags_2_sinusoidal_yes,0.295,0.437,571.467,579.099,True,True,False,1.215,-0.149,0,1.0,,,1.0,0.323,,,,,1.0,1.0,0.805,0.14
PRHPA-Soybean_yearly_False_window_1_lags_3_sinusoidal_yes_linear,False,1,linear_lags_3_sinusoidal_yes,0.309,0.079,555.107,562.589,True,True,False,1.126,-0.239,0,1.0,,,,,1.0,0.947,,,1.0,1.0,0.733,0.094
PRHPA-Soybean_yearly_False_window_1_lags_4_sinusoidal_yes_linear,False,1,linear_lags_4_sinusoidal_yes,0.294,0.267,539.132,546.461,True,True,False,1.207,0.118,0,1.0,,,,,,,1.0,0.503,1.0,1.0,0.862,0.372
PRHPA-Soybean_yearly_True_window_1_lags_none_sinusoidal_no_linear,True,1,linear_lags_none_sinusoidal_no,0.182,0.009,607.043,610.21,True,True,False,1.321,0.138,0,1.0,,,,,,,,,,,,
PRHPA-Soybean_yearly_True_window_1_lags_1_sinusoidal_no_linear,True,1,linear_lags_1_sinusoidal_no,0.23,0.025,587.466,592.132,False,True,False,1.179,-0.041,0,1.0,1.0,0.763,,,,,,,,,,
PRHPA-Soybean_yearly_True_window_1_lags_2_sinusoidal_no_linear,True,1,linear_lags_2_sinusoidal_no,0.24,0.12,570.062,574.641,False,True,False,1.123,0.085,0,1.0,,,1.0,0.498,,,,,,,,
PRHPA-Soybean_yearly_True_window_1_lags_3_sinusoidal_no_linear,True,1,linear_lags_3_sinusoidal_no,0.231,0.061,554.64,559.13,False,True,False,1.101,0.195,0,1.0,,,,,1.0,0.912,,,,,,
PRHPA-Soybean_yearly_True_window_1_lags_4_sinusoidal_no_linear,True,1,linear_lags_4_sinusoidal_no,0.272,0.205,536.125,540.522,False,True,False,1.143,0.158,0,1.0,,,,,,,1.0,0.559,,,,
PRHPA-Soybean_yearly_True_window_1_lags_none_sinusoidal_yes_linear,True,1,linear_lags_none_sinusoidal_yes,0.21,0.102,609.773,616.107,True,True,False,1.346,0.144,0,1.0,,,,,,,,,1.0,1.0,0.914,0.299
PRHPA-Soybean_yearly_True_window_1_lags_1_sinusoidal_yes_linear,True,1,linear_lags_1_sinusoidal_yes,0.31,0.424,587.624,595.401,True,True,False,1.245,-0.009,0,1.0,1.0,0.333,,,,,,,1.0,1.0,0.721,0.073
PRHPA-Soybean_yearly_True_window_1_lags_2_sinusoidal_yes_linear,True,1,linear_lags_2_sinusoidal_yes,0.295,0.437,571.467,579.099,True,True,False,1.215,-0.149,0,1.0,,,1.0,0.323,,,,,1.0,1.0,0.805,0.14
PRHPA-Soybean_yearly_True_window_1_lags_3_sinusoidal_yes_linear,True,1,linear_lags_3_sinusoidal_yes,0.309,0.079,555.107,562.589,True,True,False,1.126,-0.239,0,1.0,,,,,1.0,0.947,,,1.0,1.0,0.733,0.094
PRHPA-Soybean_yearly_True_window_1_lags_4_sinusoidal_yes_linear,True,1,linear_lags_4_sinusoidal_yes,0.294,0.267,539.132,546.461,True,True,False,1.207,0.118,0,1.0,,,,,,,1.0,0.503,1.0,1.0,0.862,0.372
PRHPA-Soybean_yearly_False_window_2_lags_none_sinusoidal_no_linear,False,2,linear_lags_none_sinusoidal_no,0.156,0.017,596.234,599.401,True,True,False,0.587,0.049,0,1.0,,,,,,,,,,,,
PRHPA-Soybean_yearly_False_window_2_lags_1_sinusoidal_no_linear,False,2,linear_lags_1_sinusoidal_no,0.234,0.017,576.022,580.688,True,True,False,0.551,0.091,0,1.0,1.0,0.59,,,,,,,,,,
PRHPA-Soybean_yearly_False_window_2_lags_2_sinusoidal_no_linear,False,2,linear_lags_2_sinusoidal_no,0.217,0.145,558.934,563.513,False,True,False,0.505,0.095,0,1.0,,,1.0,0.513,,,,,,,,
PRHPA-Soybean_yearly_False_window_2_lags_3_sinusoidal_no_linear,False,2,linear_lags_3_sinusoidal_no,0.21,0.305,545.106,549.595,True,True,False,0.478,0.041,0,1.0,,,,,1.0,0.568,,,,,,
PRHPA-Soybean_yearly_False_window_2_lags_4_sinusoidal_no_linear,False,2,linear_lags_4_sinusoidal_no,0.291,0.125,525.825,530.222,True,False,False,0.504,0.21,0,1.0,,,,,,,1.0,0.931,,,,
PRHPA-Soybean_yearly_False_window_2_lags_none_sinusoidal_yes_linear,False,2,linear_lags_none_sinusoidal_yes,0.182,0.222,599.133,605.467,True,True,False,0.593,0.006,0,1.0,,,,,,,,,1.0,1.0,0.629,0.342
PRHPA-Soybean_yearly_False_window_2_lags_1_sinusoidal_yes_linear,False,2,linear_lags_1_sinusoidal_yes,0.341,0.534,574.723,582.499,True,True,False,0.542,0.138,0,1.0,1.0,0.214,,,,,,,1.0,1.0,0.175,0.052
PRHPA-Soybean_yearly_False_window_2_lags_2_sinusoidal_yes_linear,False,2,linear_lags_2_sinusoidal_yes,0.308,0.616,558.746,566.378,True,True,False,0.551,-0.15,0,1.0,,,1.0,0.292,,,,,1.0,1.0,0.441,0.077
PRHPA-Soybean_yearly_False_window_2_lags_3_sinusoidal_yes_linear,False,2,linear_lags_3_sinusoidal_yes,0.302,0.403,545.008,552.491,True,True,False,0.504,-0.075,0,1.0,,,,,1.0,0.516,,,1.0,1.0,0.82,0.066
PRHPA-Soybean_yearly_False_window_2_lags_4_sinusoidal_yes_linear,False,2,linear_lags_4_sinusoidal_yes,0.335,0.198,527.766,535.094,True,True,False,0.519,0.137,0,1.0,,,,,,,1.0,0.78,1.0,1.0,0.882,0.195
PRHPA-Soybean_yearly_True_window_2_lags_none_sinusoidal_no_linear,True,2,linear_lags_none_sinusoidal_no,0.156,0.017,596.234,599.401,True,True,False,0.587,0.049,0,1.0,,,,,,,,,,,,
PRHPA-Soybean_yearly_True_window_2_lags_1_sinusoidal_no_linear,True,2,linear_lags_1_sinusoidal_no,0.234,0.017,576.022,580.688,True,True,False,0.551,0.091,0,1.0,1.0,0.59,,,,,,,,,,
PRHPA-Soybean_yearly_True_window_2_lags_2_sinusoidal_no_linear,True,2,linear_lags_2_sinusoidal_no,0.217,0.145,558.934,563.513,False,True,False,0.505,0.095,0,1.0,,,1.0,0.513,,,,,,,,
PRHPA-Soybean_yearly_True_window_2_lags_3_sinusoidal_no_linear,True,2,linear_lags_3_sinusoidal_no,0.21,0.305,545.106,549.595,True,True,False,0.478,0.041,0,1.0,,,,,1.0,0.568,,,,,,
PRHPA-Soybean_yearly_True_window_2_lags_4_sinusoidal_no_linear,True,2,linear_lags_4_sinusoidal_no,0.291,0.125,525.825,530.222,True,False,False,0.504,0.21,0,1.0,,,,,,,1.0,0.931,,,,
PRHPA-Soybean_yearly_True_window_2_lags_none_sinusoidal_yes_linear,True,2,linear_lags_none_sinusoidal_yes,0.182,0.222,599.133,605.467,True,True,False,0.593,0.006,0,1.0,,,,,,,,,1.0,1.0,0.629,0.342
PRHPA-Soybean_yearly_True_window_2_lags_1_sinusoidal_yes_linear,True,2,linear_lags_1_sinusoidal_yes,0.341,0.534,574.723,582.499,True,True,False,0.542,0.138,0,1.0,1.0,0.214,,,,,,,1.0,1.0,0.175,0.052
PRHPA-Soybean_yearly_True_window_2_lags_2_sinusoidal_yes_linear,True,2,linear_lags_2_sinusoidal_yes,0.308,0.616,558.746,566.378,True,True,False,0.551,-0.15,0,1.0,,,1.0,0.292,,,,,1.0,1.0,0.441,0.077
PRHPA-Soybean_yearly_True_window_2_lags_3_sinusoidal_yes_linear,True,2,linear_lags_3_sinusoidal_yes,0.302,0.403,545.008,552.491,True,True,False,0.504,-0.075,0,1.0,,,,,1.0,0.516,,,1.0,1.0,0.82,0.066
PRHPA-Soybean_yearly_True_window_2_lags_4_sinusoidal_yes_linear,True,2,linear_lags_4_sinusoidal_yes,0.335,0.198,527.766,535.094,True,True,False,0.519,0.137,0,1.0,,,,,,,1.0,0.78,1.0,1.0,0.882,0.195
PRHPA-Soybean_yearly_False_window_3_lags_none_sinusoidal_no_linear,False,3,linear_lags_none_sinusoidal_no,0.149,0.02,581.0,584.167,True,True,False,0.295,0.061,0,1.0,,,,,,,,,,,,
PRHPA-Soybean_yearly_False_window_3_lags_1_sinusoidal_no_linear,False,3,linear_lags_1_sinusoidal_no,0.203,0.025,566.591,571.257,True,True,False,0.316,0.027,0,1.0,1.0,0.613,,,,,,,,,,
PRHPA-Soybean_yearly_False_window_3_lags_2_sinusoidal_no_linear,False,3,linear_lags_2_sinusoidal_no,0.157,0.26,552.409,556.988,True,True,False,0.261,0.064,0,1.0,,,1.0,0.417,,,,,,,,
PRHPA-Soybean_yearly_False_window_3_lags_3_sinusoidal_no_linear,False,3,linear_lags_3_sinusoidal_no,0.215,0.328,536.951,541.441,True,True,False,0.281,0.099,0,1.0,,,,,1.0,0.553,,,,,,
PRHPA-Soybean_yearly_False_window_3_lags_4_sinusoidal_no_linear,False,3,linear_lags_4_sinusoidal_no,0.234,0.316,518.388,522.786,True,True,False,0.286,0.175,0,1.0,,,,,,,1.0,0.743,,,,
PRHPA-Soybean_yearly_False_window_3_lags_none_sinusoidal_yes_linear,False,3,linear_lags_none_sinusoidal_yes,0.233,0.547,581.27,587.604,True,True,False,0.308,0.062,0,1.0,,,,,,,,,1.0,1.0,0.865,0.078
PRHPA-Soybean_yearly_False_window_3_lags_1_sinusoidal_yes_linear,False,3,linear_lags_1_sinusoidal_yes,0.303,0.593,565.922,573.699,True,True,False,0.29,-0.131,0,1.0,1.0,0.264,,,,,,,1.0,1.0,0.463,0.047
PRHPA-Soybean_yearly_False_window_3_lags_2_sinusoidal_yes_linear,False,3,linear_lags_2_sinusoidal_yes,0.275,0.836,551.274,558.906,True,True,False,0.276,0.023,0,1.0,,,1.0,0.211,,,,,1.0,1.0,0.624,0.038
PRHPA-Soybean_yearly_False_window_3_lags_3_sinusoidal_yes_linear,False,3,linear_lags_3_sinusoidal_yes,0.294,0.519,537.459,544.941,True,True,False,0.244,0.06,0,1.0,,,,,1.0,0.438,,,1.0,1.0,0.952,0.088
PRHPA-Soybean_yearly_False_window_3_lags_4_sinusoidal_yes_linear,False,3,linear_lags_4_sinusoidal_yes,0.287,0.409,520.064,527.392,True,True,False,0.261,-0.008,0,1.0,,,,,,,1.0,0.635,1.0,1.0,0.896,0.166
PRHPA-Soybean_yearly_True_window_3_lags_none_sinusoidal_no_linear,True,3,linear_lags_none_sinusoidal_no,0.149,0.02,581.0,584.167,True,True,False,0.295,0.061,0,1.0,,,,,,,,,,,,
PRHPA-Soybean_yearly_True_window_3_lags_1_sinusoidal_no_linear,True,3,linear_lags_1_sinusoidal_no,0.203,0.025,566.591,571.257,True,True,False,0.316,0.027,0,1.0,1.0,0.613,,,,,,,,,,
PRHPA-Soybean_yearly_True_window_3_lags_2_sinusoidal_no_linear,True,3,linear_lags_2_sinusoidal_no,0.157,0.26,552.409,556.988,True,True,False,0.261,0.064,0,1.0,,,1.0,0.417,,,,,,,,
PRHPA-Soybean_yearly_True_window_3_lags_3_sinusoidal_no_linear,True,3,linear_lags_3_sinusoidal_no,0.215,0.328,536.951,541.441,True,True,False,0.281,0.099,0,1.0,,,,,1.0,0.553,,,,,,
PRHPA-Soybean_yearly_True_window_3_lags_4_sinusoidal_no_linear,True,3,linear_lags_4_sinusoidal_no,0.234,0.316,518.388,522.786,True,True,False,0.286,0.175,0,1.0,,,,,,,1.0,0.743,,,,
PRHPA-Soybean_yearly_True_window_3_lags_none_sinusoidal_yes_linear,True,3,linear_lags_none_sinusoidal_yes,0.233,0.547,581.27,587.604,True,True,False,0.308,0.062,0,1.0,,,,,,,,,1.0,1.0,0.865,0.078
PRHPA-Soybean_yearly_True_window_3_lags_1_sinusoidal_yes_linear,True,3,linear_lags_1_sinusoidal_yes,0.303,0.593,565.922,573.699,True,True,False,0.29,-0.131,0,1.0,1.0,0.264,,,,,,,1.0,1.0,0.463,0.047
PRHPA-Soybean_yearly_True_window_3_lags_2_sinusoidal_yes_linear,True,3,linear_lags_2_sinusoidal_yes,0.275,0.836,551.274,558.906,True,True,False,0.276,0.023,0,1.0,,,1.0,0.211,,,,,1.0,1.0,0.624,0.038
PRHPA-Soybean_yearly_True_window_3_lags_3_sinusoidal_yes_linear,True,3,linear_lags_3_sinusoidal_yes,0.294,0.519,537.459,544.941,True,True,False,0.244,0.06,0,1.0,,,,,1.0,0.438,,,1.0,1.0,0.952,0.088
PRHPA-Soybean_yearly_True_window_3_lags_4_sinusoidal_yes_linear,True,3,linear_lags_4_sinusoidal_yes,0.287,0.409,520.064,527.392,True,True,False,0.261,-0.008,0,1.0,,,,,,,1.0,0.635,1.0,1.0,0.896,0.166
PRHPA-Soybean_yearly_False_window_4_lags_none_sinusoidal_no_linear,False,4,linear_lags_none_sinusoidal_no,0.073,0.11,576.216,579.383,False,True,False,0.222,-0.021,0,1.0,,,,,,,,,,,,
PRHPA-Soybean_yearly_False_window_4_lags_1_sinusoidal_no_linear,False,4,linear_lags_1_sinusoidal_no,0.152,0.06,561.03,565.696,True,True,False,0.233,-0.007,0,1.0,1.0,0.595,,,,,,,,,,
PRHPA-Soybean_yearly_False_window_4_lags_2_sinusoidal_no_linear,False,4,linear_lags_2_sinusoidal_no,0.091,0.465,548.415,552.994,False,True,False,0.203,-0.062,0,1.0,,,1.0,0.416,,,,,,,,
PRHPA-Soybean_yearly_False_window_4_lags_3_sinusoidal_no_linear,False,4,linear_lags_3_sinusoidal_no,0.192,0.417,533.696,538.186,True,True,False,0.207,0.051,0,1.0,,,,,1.0,0.422,,,,,,
PRHPA-Soybean_yearly_False_window_4_lags_4_sinusoidal_no_linear,False,4,linear_lags_4_sinusoidal_no,0.228,0.442,514.375,518.772,False,True,False,0.197,0.182,0,1.0,,,,,,,1.0,0.643,,,,
PRHPA-Soybean_yearly_False_window_4_lags_none_sinusoidal_yes_linear,False,4,linear_lags_none_sinusoidal_yes,0.156,0.947,576.874,583.208,True,True,False,0.217,-0.081,0,1.0,,,,,,,,,1.0,1.0,0.44,0.091
PRHPA-Soybean_yearly_False_window_4_lags_1_sinusoidal_yes_linear,False,4,linear_lags_1_sinusoidal_yes,0.241,0.731,561.148,568.925,True,True,False,0.205,-0.128,0,1.0,1.0,0.292,,,,,,,1.0,1.0,0.21,0.115
PRHPA-Soybean_yearly_False_window_4_lags_2_sinusoidal_yes_linear,False,4,linear_lags_2_sinusoidal_yes,0.204,0.996,547.898,555.53,True,True,False,0.204,-0.115,0,1.0,,,1.0,0.245,,,,,1.0,1.0,0.399,0.072
PRHPA-Soybean_yearly_False_window_4_lags_3_sinusoidal_yes_linear,False,4,linear_lags_3_sinusoidal_yes,0.237,0.554,535.79,543.272,True,False,False,0.164,-0.055,0,1.0,,,,,1.0,0.379,,,1.0,1.0,0.785,0.216
PRHPA-Soybean_yearly_False_window_4_lags_4_sinusoidal_yes_linear,False,4,linear_lags_4_sinusoidal_yes,0.257,0.525,517.163,524.491,False,False,False,0.177,0.01,0,1.0,,,,,,,1.0,0.584,1.0,1.0,0.898,0.321
PRHPA-Soybean_yearly_True_window_4_lags_none_sinusoidal_no_linear,True,4,linear_lags_none_sinusoidal_no,0.073,0.11,576.216,579.383,False,True,False,0.222,-0.021,0,1.0,,,,,,,,,,,,
PRHPA-Soybean_yearly_True_window_4_lags_1_sinusoidal_no_linear,True,4,linear_lags_1_sinusoidal_no,0.152,0.06,561.03,565.696,True,True,False,0.233,-0.007,0,1.0,1.0,0.595,,,,,,,,,,
PRHPA-Soybean_yearly_True_window_4_lags_2_sinusoidal_no_linear,True,4,linear_lags_2_sinusoidal_no,0.091,0.465,548.415,552.994,False,True,False,0.203,-0.062,0,1.0,,,1.0,0.416,,,,,,,,
PRHPA-Soybean_yearly_True_window_4_lags_3_sinusoidal_no_linear,True,4,linear_lags_3_sinusoidal_no,0.192,0.417,533.696,538.186,True,True,False,0.207,0.051,0,1.0,,,,,1.0,0.422,,,,,,
PRHPA-Soybean_yearly_True_window_4_lags_4_sinusoidal_no_linear,True,4,linear_lags_4_sinusoidal_no,0.228,0.442,514.375,518.772,False,True,False,0.197,0.182,0,1.0,,,,,,,1.0,0.643,,,,
PRHPA-Soybean_yearly_True_window_4_lags_none_sinusoidal_yes_linear,True,4,linear_lags_none_sinusoidal_yes,0.156,0.947,576.874,583.208,True,True,False,0.217,-0.081,0,1.0,,,,,,,,,1.0,1.0,0.44,0.091
PRHPA-Soybean_yearly_True_window_4_lags_1_sinusoidal_yes_linear,True,4,linear_lags_1_sinusoidal_yes,0.241,0.731,561.148,568.925,True,True,False,0.205,-0.128,0,1.0,1.0,0.292,,,,,,,1.0,1.0,0.21,0.115
PRHPA-Soybean_yearly_True_window_4_lags_2_sinusoidal_yes_linear,True,4,linear_lags_2_sinusoidal_yes,0.204,0.996,547.898,555.53,True,True,False,0.204,-0.115,0,1.0,,,1.0,0.245,,,,,1.0,1.0,0.399,0.072
PRHPA-Soybean_yearly_True_window_4_lags_3_sinusoidal_yes_linear,True,4,linear_lags_3_sinusoidal_yes,0.237,0.554,535.79,543.272,True,False,False,0.164,-0.055,0,1.0,,,,,1.0,0.379,,,1.0,1.0,0.785,0.216
PRHPA-Soybean_yearly_True_window_4_lags_4_sinusoidal_yes_linear,True,4,linear_lags_4_sinusoidal_yes,0.257,0.525,517.163,524.491,False,False,False,0.177,0.01,0,1.0,,,,,,,1.0,0.584,1.0,1.0,0.898,0.321
PRHPA-Soybean_yearly_False_window_5_lags_none_sinusoidal_no_linear,False,5,linear_lags_none_sinusoidal_no,0.022,0.388,572.026,575.193,True,True,False,0.187,-0.079,0,1.0,,,,,,,,,,,,
PRHPA-Soybean_yearly_False_window_5_lags_1_sinusoidal_no_linear,False,5,linear_lags_1_sinusoidal_no,0.064,0.261,556.543,561.209,True,True,False,0.19,-0.355,0,1.0,1.0,0.545,,,,,,,,,,
PRHPA-Soybean_yearly_False_window_5_lags_2_sinusoidal_no_linear,False,5,linear_lags_2_sinusoidal_no,0.082,0.657,543.79,548.369,True,True,False,0.176,-0.065,0,1.0,,,1.0,0.246,,,,,,,,
PRHPA-Soybean_yearly_False_window_5_lags_3_sinusoidal_no_linear,False,5,linear_lags_3_sinusoidal_no,0.173,0.654,527.921,532.41,True,True,False,0.185,0.095,0,1.0,,,,,1.0,0.212,,,,,,
PRHPA-Soybean_yearly_False_window_5_lags_4_sinusoidal_no_linear,False,5,linear_lags_4_sinusoidal_no,0.157,0.773,509.988,514.385,False,True,False,0.177,0.125,0,1.0,,,,,,,1.0,0.402,,,,
PRHPA-Soybean_yearly_False_window_5_lags_none_sinusoidal_yes_linear,False,5,linear_lags_none_sinusoidal_yes,0.109,0.739,572.653,578.987,True,True,False,0.175,-0.217,0,1.0,,,,,,,,,1.0,1.0,0.904,0.091
PRHPA-Soybean_yearly_False_window_5_lags_1_sinusoidal_yes_linear,False,5,linear_lags_1_sinusoidal_yes,0.141,0.984,557.516,565.293,True,True,False,0.16,-0.77,0,1.0,1.0,0.38,,,,,,,1.0,1.0,0.493,0.118
PRHPA-Soybean_yearly_False_window_5_lags_2_sinusoidal_yes_linear,False,5,linear_lags_2_sinusoidal_yes,0.146,0.846,545.36,552.992,True,True,False,0.149,-0.182,0,1.0,,,1.0,0.157,,,,,1.0,1.0,0.54,0.173
PRHPA-Soybean_yearly_False_window_5_lags_3_sinusoidal_yes_linear,False,5,linear_lags_3_sinusoidal_yes,0.193,0.825,531.111,538.593,True,True,False,0.163,-0.057,0,1.0,,,,,1.0,0.188,,,1.0,1.0,0.723,0.45
PRHPA-Soybean_yearly_False_window_5_lags_4_sinusoidal_yes_linear,False,5,linear_lags_4_sinusoidal_yes,0.176,0.81,513.289,520.618,True,False,False,0.157,-0.14,0,1.0,,,,,,,1.0,0.395,1.0,1.0,0.95,0.448
PRHPA-Soybean_yearly_True_window_5_lags_none_sinusoidal_no_linear,True,5,linear_lags_none_sinusoidal_no,0.022,0.388,572.026,575.193,True,True,False,0.187,-0.079,0,1.0,,,,,,,,,,,,
PRHPA-Soybean_yearly_True_window_5_lags_1_sinusoidal_no_linear,True,5,linear_lags_1_sinusoidal_no,0.064,0.261,556.543,561.209,True,True,False,0.19,-0.355,0,1.0,1.0,0.545,,,,,,,,,,
PRHPA-Soybean_yearly_True_window_5_lags_2_sinusoidal_no_linear,True,5,linear_lags_2_sinusoidal_no,0.082,0.657,543.79,548.369,True,True,False,0.176,-0.065,0,1.0,,,1.0,0.246,,,,,,,,
PRHPA-Soybean_yearly_True_window_5_lags_3_sinusoidal_no_linear,True,5,linear_lags_3_sinusoidal_no,0.173,0.654,527.921,532.41,True,True,False,0.185,0.095,0,1.0,,,,,1.0,0.212,,,,,,
PRHPA-Soybean_yearly_True_window_5_lags_4_sinusoidal_no_linear,True,5,linear_lags_4_sinusoidal_no,0.157,0.773,509.988,514.385,False,True,False,0.177,0.125,0,1.0,,,,,,,1.0,0.402,,,,
PRHPA-Soybean_yearly_True_window_5_lags_none_sinusoidal_yes_linear,True,5,linear_lags_none_sinusoidal_yes,0.109,0.739,572.653,578.987,True,True,False,0.175,-0.217,0,1.0,,,,,,,,,1.0,1.0,0.904,0.091
PRHPA-Soybean_yearly_True_window_5_lags_1_sinusoidal_yes_linear,True,5,linear_lags_1_sinusoidal_yes,0.141,0.984,557.516,565.293,True,True,False,0.16,-0.77,0,1.0,1.0,0.38,,,,,,,1.0,1.0,0.493,0.118
PRHPA-Soybean_yearly_True_window_5_lags_2_sinusoidal_yes_linear,True,5,linear_lags_2_sinusoidal_yes,0.146,0.846,545.36,552.992,True,True,False,0.149,-0.182,0,1.0,,,1.0,0.157,,,,,1.0,1.0,0.54,0.173
PRHPA-Soybean_yearly_True_window_5_lags_3_sinusoidal_yes_linear,True,5,linear_lags_3_sinusoidal_yes,0.193,0.825,531.111,538.593,True,True,False,0.163,-0.057,0,1.0,,,,,1.0,0.188,,,1.0,1.0,0.723,0.45
PRHPA-Soybean_yearly_True_window_5_lags_4_sinusoidal_yes_linear,True,5,linear_lags_4_sinusoidal_yes,0.176,0.81,513.289,520.618,True,False,False,0.157,-0.14,0,1.0,,,,,,,1.0,0.395,1.0,1.0,0.95,0.448
PRHPA-Soybean_yearly_False_window_6_lags_none_sinusoidal_no_linear,False,6,linear_lags_none_sinusoidal_no,0.001,0.862,567.51,570.677,True,True,False,0.188,-0.105,0,1.0,,,,,,,,,,,,
PRHPA-Soybean_yearly_False_window_6_lags_1_sinusoidal_no_linear,False,6,linear_lags_1_sinusoidal_no,0.027,0.508,551.474,556.14,True,True,False,0.184,-0.149,0,1.0,1.0,0.58,,,,,,,,,,
PRHPA-Soybean_yearly_False_window_6_lags_2_sinusoidal_no_linear,False,6,linear_lags_2_sinusoidal_no,0.077,0.982,539.804,544.383,True,True,False,0.159,-0.093,0,1.0,,,1.0,0.151,,,,,,,,
PRHPA-Soybean_yearly_False_window_6_lags_3_sinusoidal_no_linear,False,6,linear_lags_3_sinusoidal_no,0.195,0.78,524.448,528.937,True,True,False,0.193,0.105,0,1.0,,,,,1.0,0.121,,,,,,
PRHPA-Soybean_yearly_False_window_6_lags_4_sinusoidal_no_linear,False,6,linear_lags_4_sinusoidal_no,0.179,0.801,506.281,510.679,True,True,False,0.179,0.047,0,1.0,,,,,,,1.0,0.3,,,,
PRHPA-Soybean_yearly_False_window_6_lags_none_sinusoidal_yes_linear,False,6,linear_lags_none_sinusoidal_yes,0.036,0.731,570.233,576.567,True,True,False,0.187,-0.319,0,1.0,,,,,,,,,1.0,1.0,0.74,0.298
PRHPA-Soybean_yearly_False_window_6_lags_1_sinusoidal_yes_linear,False,6,linear_lags_1_sinusoidal_yes,0.062,0.936,554.22,561.997,True,True,False,0.175,-0.337,0,1.0,1.0,0.527,,,,,,,1.0,1.0,0.436,0.444
PRHPA-Soybean_yearly_False_window_6_lags_2_sinusoidal_yes_linear,False,6,linear_lags_2_sinusoidal_yes,0.097,0.765,543.056,550.688,True,True,False,0.152,-0.222,0,1.0,,,1.0,0.132,,,,,1.0,1.0,0.498,0.659
PRHPA-Soybean_yearly_False_window_6_lags_3_sinusoidal_yes_linear,False,6,linear_lags_3_sinusoidal_yes,0.198,0.867,528.317,535.8,True,True,False,0.192,-0.008,0,1.0,,,,,1.0,0.126,,,1.0,1.0,0.745,0.957
PRHPA-Soybean_yearly_False_window_6_lags_4_sinusoidal_yes_linear,False,6,linear_lags_4_sinusoidal_yes,0.181,0.815,510.222,517.551,True,False,False,0.175,-0.125,0,1.0,,,,,,,1.0,0.313,1.0,1.0,0.955,0.831
PRHPA-Soybean_yearly_True_window_6_lags_none_sinusoidal_no_linear,True,6,linear_lags_none_sinusoidal_no,0.001,0.862,567.51,570.677,True,True,False,0.188,-0.105,0,1.0,,,,,,,,,,,,
PRHPA-Soybean_yearly_True_window_6_lags_1_sinusoidal_no_linear,True,6,linear_lags_1_sinusoidal_no,0.027,0.508,551.474,556.14,True,True,False,0.184,-0.149,0,1.0,1.0,0.58,,,,,,,,,,
PRHPA-Soybean_yearly_True_window_6_lags_2_sinusoidal_no_linear,True,6,linear_lags_2_sinusoidal_no,0.077,0.982,539.804,544.383,True,True,False,0.159,-0.093,0,1.0,,,1.0,0.151,,,,,,,,
PRHPA-Soybean_yearly_True_window_6_lags_3_sinusoidal_no_linear,True,6,linear_lags_3_sinusoidal_no,0.195,0.78,524.448,528.937,True,True,False,0.193,0.105,0,1.0,,,,,1.0,0.121,,,,,,
PRHPA-Soybean_yearly_True_window_6_lags_4_sinusoidal_no_linear,True,6,linear_lags_4_sinusoidal_no,0.179,0.801,506.281,510.679,True,True,False,0.179,0.047,0,1.0,,,,,,,1.0,0.3,,,,
PRHPA-Soybean_yearly_True_window_6_lags_none_sinusoidal_yes_linear,True,6,linear_lags_none_sinusoidal_yes,0.036,0.731,570.233,576.567,True,True,False,0.187,-0.319,0,1.0,,,,,,,,,1.0,1.0,0.74,0.298
PRHPA-Soybean_yearly_True_window_6_lags_1_sinusoidal_yes_linear,True,6,linear_lags_1_sinusoidal_yes,0.062,0.936,554.22,561.997,True,True,False,0.175,-0.337,0,1.0,1.0,0.527,,,,,,,1.0,1.0,0.436,0.444
PRHPA-Soybean_yearly_True_window_6_lags_2_sinusoidal_yes_linear,True,6,linear_lags_2_sinusoidal_yes,0.097,0.765,543.056,550.688,True,True,False,0.152,-0.222,0,1.0,,,1.0,0.132,,,,,1.0,1.0,0.498,0.659
PRHPA-Soybean_yearly_True_window_6_lags_3_sinusoidal_yes_linear,True,6,linear_lags_3_sinusoidal_yes,0.198,0.867,528.317,535.8,True,True,False,0.192,-0.008,0,1.0,,,,,1.0,0.126,,,1.0,1.0,0.745,0.957
PRHPA-Soybean_yearly_True_window_6_lags_4_sinusoidal_yes_linear,True,6,linear_lags_4_sinusoidal_yes,0.181,0.815,510.222,517.551,True,False,False,0.175,-0.125,0,1.0,,,,,,,1.0,0.313,1.0,1.0,0.955,0.831
PRHPA-Soybean_yearly_False_window_7_lags_none_sinusoidal_no_linear,False,7,linear_lags_none_sinusoidal_no,0.002,0.793,563.78,566.947,True,True,False,0.14,-0.085,0,1.0,,,,,,,,,,,,
PRHPA-Soybean_yearly_False_window_7_lags_1_sinusoidal_no_linear,False,7,linear_lags_1_sinusoidal_no,0.029,0.861,546.537,551.203,True,True,False,0.148,-0.146,0,1.0,1.0,0.351,,,,,,,,,,
PRHPA-Soybean_yearly_False_window_7_lags_2_sinusoidal_no_linear,False,7,linear_lags_2_sinusoidal_no,0.085,0.924,534.835,539.414,True,True,False,0.135,0.054,0,1.0,,,1.0,0.116,,,,,,,,
PRHPA-Soybean_yearly_False_window_7_lags_3_sinusoidal_no_linear,False,7,linear_lags_3_sinusoidal_no,0.179,0.957,519.268,523.757,True,True,False,0.169,0.147,0,1.0,,,,,1.0,0.081,,,,,,
PRHPA-Soybean_yearly_False_window_7_lags_4_sinusoidal_no_linear,False,7,linear_lags_4_sinusoidal_no,0.128,0.973,501.713,506.11,True,False,False,0.155,0.073,0,1.0,,,,,,,1.0,0.233,,,,
PRHPA-Soybean_yearly_False_window_7_lags_none_sinusoidal_yes_linear,False,7,linear_lags_none_sinusoidal_yes,0.009,0.755,567.532,573.866,True,True,False,0.14,-0.276,0,1.0,,,,,,,,,1.0,1.0,0.814,0.694
PRHPA-Soybean_yearly_False_window_7_lags_1_sinusoidal_yes_linear,False,7,linear_lags_1_sinusoidal_yes,0.038,0.965,550.22,557.997,True,True,False,0.145,-0.426,0,1.0,1.0,0.36,,,,,,,1.0,1.0,0.782,0.656
PRHPA-Soybean_yearly_False_window_7_lags_2_sinusoidal_yes_linear,False,7,linear_lags_2_sinusoidal_yes,0.093,0.85,538.514,546.146,True,True,False,0.132,-0.086,0,1.0,,,1.0,0.12,,,,,1.0,1.0,0.768,0.665
PRHPA-Soybean_yearly_False_window_7_lags_3_sinusoidal_yes_linear,False,7,linear_lags_3_sinusoidal_yes,0.183,0.988,523.102,530.584,True,True,False,0.167,0.018,0,1.0,,,,,1.0,0.086,,,1.0,1.0,0.745,0.856
PRHPA-Soybean_yearly_False_window_7_lags_4_sinusoidal_yes_linear,False,7,linear_lags_4_sinusoidal_yes,0.129,0.969,505.669,512.998,True,True,False,0.151,-0.229,0,1.0,,,,,,,1.0,0.248,1.0,1.0,0.907,0.881
PRHPA-Soybean_yearly_True_window_7_lags_none_sinusoidal_no_linear,True,7,linear_lags_none_sinusoidal_no,0.002,0.793,563.78,566.947,True,True,False,0.14,-0.085,0,1.0,,,,,,,,,,,,
PRHPA-Soybean_yearly_True_window_7_lags_1_sinusoidal_no_linear,True,7,linear_lags_1_sinusoidal_no,0.029,0.861,546.537,551.203,True,True,False,0.148,-0.146,0,1.0,1.0,0.351,,,,,,,,,,
PRHPA-Soybean_yearly_True_window_7_lags_2_sinusoidal_no_linear,True,7,linear_lags_2_sinusoidal_no,0.085,0.924,534.835,539.414,True,True,False,0.135,0.054,0,1.0,,,1.0,0.116,,,,,,,,
PRHPA-Soybean_yearly_True_window_7_lags_3_sinusoidal_no_linear,True,7,linear_lags_3_sinusoidal_no,0.179,0.957,519.268,523.757,True,True,False,0.169,0.147,0,1.0,,,,,1.0,0.081,,,,,,
PRHPA-Soybean_yearly_True_window_7_lags_4_sinusoidal_no_linear,True,7,linear_lags_4_sinusoidal_no,0.128,0.973,501.713,506.11,True,False,False,0.155,0.073,0,1.0,,,,,,,1.0,0.233,,,,
PRHPA-Soybean_yearly_True_window_7_lags_none_sinusoidal_yes_linear,True,7,linear_lags_none_sinusoidal_yes,0.009,0.755,567.532,573.866,True,True,False,0.14,-0.276,0,1.0,,,,,,,,,1.0,1.0,0.814,0.694
PRHPA-Soybean_yearly_True_window_7_lags_1_sinusoidal_yes_linear,True,7,linear_lags_1_sinusoidal_yes,0.038,0.965,550.22,557.997,True,True,False,0.145,-0.426,0,1.0,1.0,0.36,,,,,,,1.0,1.0,0.782,0.656
PRHPA-Soybean_yearly_True_window_7_lags_2_sinusoidal_yes_linear,True,7,linear_lags_2_sinusoidal_yes,0.093,0.85,538.514,546.146,True,True,False,0.132,-0.086,0,1.0,,,1.0,0.12,,,,,1.0,1.0,0.768,0.665
PRHPA-Soybean_yearly_True_window_7_lags_3_sinusoidal_yes_linear,True,7,linear_lags_3_sinusoidal_yes,0.183,0.988,523.102,530.584,True,True,False,0.167,0.018,0,1.0,,,,,1.0,0.086,,,1.0,1.0,0.745,0.856
PRHPA-Soybean_yearly_True_window_7_lags_4_sinusoidal_yes_linear,True,7,linear_lags_4_sinusoidal_yes,0.129,0.969,505.669,512.998,True,True,False,0.151,-0.229,0,1.0,,,,,,,1.0,0.248,1.0,1.0,0.907,0.881
PRHPA-Soybean_yearly_False_window_8_lags_none_sinusoidal_no_linear,False,8,linear_lags_none_sinusoidal_no,0.004,0.726,561.092,564.259,False,True,False,0.094,-0.098,0,1.0,,,,,,,,,,,,
PRHPA-Soybean_yearly_False_window_8_lags_1_sinusoidal_no_linear,False,8,linear_lags_1_sinusoidal_no,0.049,0.899,541.955,546.621,True,True,False,0.141,-0.056,0,1.0,1.0,0.218,,,,,,,,,,
PRHPA-Soybean_yearly_False_window_8_lags_2_sinusoidal_no_linear,False,8,linear_lags_2_sinusoidal_no,0.131,0.775,531.188,535.768,True,True,False,0.158,0.064,0,1.0,,,1.0,0.048,,,,,,,,
PRHPA-Soybean_yearly_False_window_8_lags_3_sinusoidal_no_linear,False,8,linear_lags_3_sinusoidal_no,0.264,0.945,514.773,519.263,True,True,False,0.207,0.211,0,1.0,,,,,1.0,0.028,,,,,,
PRHPA-Soybean_yearly_False_window_8_lags_4_sinusoidal_no_linear,False,8,linear_lags_4_sinusoidal_no,0.261,0.695,495.31,499.707,True,True,False,0.171,0.198,0,1.0,,,,,,,1.0,0.037,,,,
PRHPA-Soybean_yearly_False_window_8_lags_none_sinusoidal_yes_linear,False,8,linear_lags_none_sinusoidal_yes,0.011,0.768,564.819,571.153,False,True,False,0.092,-0.292,0,1.0,,,,,,,,,1.0,1.0,0.695,0.768
PRHPA-Soybean_yearly_False_window_8_lags_1_sinusoidal_yes_linear,False,8,linear_lags_1_sinusoidal_yes,0.049,0.9,545.948,553.725,True,True,False,0.14,-0.299,0,1.0,1.0,0.233,,,,,,,1.0,1.0,0.956,0.956
PRHPA-Soybean_yearly_False_window_8_lags_2_sinusoidal_yes_linear,False,8,linear_lags_2_sinusoidal_yes,0.135,0.791,535.058,542.69,True,True,False,0.16,-0.071,0,1.0,,,1.0,0.056,,,,,1.0,1.0,0.99,0.741
PRHPA-Soybean_yearly_False_window_8_lags_3_sinusoidal_yes_linear,False,8,linear_lags_3_sinusoidal_yes,0.268,0.918,518.623,526.105,True,True,False,0.204,0.091,0,1.0,,,,,1.0,0.032,,,1.0,1.0,0.811,0.793
PRHPA-Soybean_yearly_False_window_8_lags_4_sinusoidal_yes_linear,False,8,linear_lags_4_sinusoidal_yes,0.263,0.694,499.248,506.577,True,True,False,0.168,0.046,0,1.0,,,,,,,1.0,0.044,1.0,1.0,0.854,0.896
PRHPA-Soybean_yearly_True_window_8_lags_none_sinusoidal_no_linear,True,8,linear_lags_none_sinusoidal_no,0.004,0.726,561.092,564.259,False,True,False,0.094,-0.098,0,1.0,,,,,,,,,,,,
PRHPA-Soybean_yearly_True_window_8_lags_1_sinusoidal_no_linear,True,8,linear_lags_1_sinusoidal_no,0.049,0.899,541.955,546.621,True,True,False,0.141,-0.056,0,1.0,1.0,0.218,,,,,,,,,,
PRHPA-Soybean_yearly_True_window_8_lags_2_sinusoidal_no_linear,True,8,linear_lags_2_sinusoidal_no,0.131,0.775,531.188,535.768,True,True,False,0.158,0.064,0,1.0,,,1.0,0.048,,,,,,,,
PRHPA-Soybean_yearly_True_window_8_lags_3_sinusoidal_no_linear,True,8,linear_lags_3_sinusoidal_no,0.264,0.945,514.773,519.263,True,True,False,0.207,0.211,0,1.0,,,,,1.0,0.028,,,,,,
PRHPA-Soybean_yearly_True_window_8_lags_4_sinusoidal_no_linear,True,8,linear_lags_4_sinusoidal_no,0.261,0.695,495.31,499.707,True,True,False,0.171,0.198,0,1.0,,,,,,,1.0,0.037,,,,
PRHPA-Soybean_yearly_True_window_8_lags_none_sinusoidal_yes_linear,True,8,linear_lags_none_sinusoidal_yes,0.011,0.768,564.819,571.153,False,True,False,0.092,-0.292,0,1.0,,,,,,,,,1.0,1.0,0.695,0.768
PRHPA-Soybean_yearly_True_window_8_lags_1_sinusoidal_yes_linear,True,8,linear_lags_1_sinusoidal_yes,0.049,0.9,545.948,553.725,True,True,False,0.14,-0.299,0,1.0,1.0,0.233,,,,,,,1.0,1.0,0.956,0.956
PRHPA-Soybean_yearly_True_window_8_lags_2_sinusoidal_yes_linear,True,8,linear_lags_2_sinusoidal_yes,0.135,0.791,535.058,542.69,True,True,False,0.16,-0.071,0,1.0,,,1.0,0.056,,,,,1.0,1.0,0.99,0.741
PRHPA-Soybean_yearly_True_window_8_lags_3_sinusoidal_yes_linear,True,8,linear_lags_3_sinusoidal_yes,0.268,0.918,518.623,526.105,True,True,False,0.204,0.091,0,1.0,,,,,1.0,0.032,,,1.0,1.0,0.811,0.793
PRHPA-Soybean_yearly_True_window_8_lags_4_sinusoidal_yes_linear,True,8,linear_lags_4_sinusoidal_yes,0.263,0.694,499.248,506.577,True,True,False,0.168,0.046,0,1.0,,,,,,,1.0,0.044,1.0,1.0,0.854,0.896
PRHPA-Soybean_yearly_False_window_9_lags_none_sinusoidal_no_linear,False,9,linear_lags_none_sinusoidal_no,0.0,0.948,559.907,563.074,False,True,False,0.095,-0.175,0,1.0,,,,,,,,,,,,
PRHPA-Soybean_yearly_False_window_9_lags_1_sinusoidal_no_linear,False,9,linear_lags_1_sinusoidal_no,0.093,0.829,538.134,542.8,False,True,False,0.177,-0.029,0,1.0,1.0,0.099,,,,,,,,,,
PRHPA-Soybean_yearly_False_window_9_lags_2_sinusoidal_no_linear,False,9,linear_lags_2_sinusoidal_no,0.138,0.767,527.759,532.338,False,True,False,0.162,0.05,0,1.0,,,1.0,0.048,,,,,,,,
PRHPA-Soybean_yearly_False_window_9_lags_3_sinusoidal_no_linear,False,9,linear_lags_3_sinusoidal_no,0.263,0.789,510.418,514.907,True,True,False,0.24,0.224,0,1.0,,,,,1.0,0.018,,,,,,
PRHPA-Soybean_yearly_False_window_9_lags_4_sinusoidal_no_linear,False,9,linear_lags_4_sinusoidal_no,0.281,0.517,490.384,494.781,True,True,False,0.198,0.226,0,1.0,,,,,,,1.0,0.017,,,,
PRHPA-Soybean_yearly_False_window_9_lags_none_sinusoidal_yes_linear,False,9,linear_lags_none_sinusoidal_yes,0.029,0.924,562.866,569.2,False,True,False,0.093,-0.25,0,1.0,,,,,,,,,1.0,1.0,0.701,0.385
PRHPA-Soybean_yearly_False_window_9_lags_1_sinusoidal_yes_linear,False,9,linear_lags_1_sinusoidal_yes,0.105,0.882,541.644,549.421,False,True,False,0.178,-0.201,0,1.0,1.0,0.106,,,,,,,1.0,1.0,0.564,0.777
PRHPA-Soybean_yearly_False_window_9_lags_2_sinusoidal_yes_linear,False,9,linear_lags_2_sinusoidal_yes,0.157,0.787,530.99,538.622,True,True,False,0.187,-0.085,0,1.0,,,1.0,0.055,,,,,1.0,1.0,0.522,0.629
PRHPA-Soybean_yearly_False_window_9_lags_3_sinusoidal_yes_linear,False,9,linear_lags_3_sinusoidal_yes,0.287,0.724,513.307,520.789,True,True,False,0.267,0.08,0,1.0,,,,,1.0,0.018,,,1.0,1.0,0.845,0.346
PRHPA-Soybean_yearly_False_window_9_lags_4_sinusoidal_yes_linear,False,9,linear_lags_4_sinusoidal_yes,0.289,0.487,494.009,501.338,True,True,False,0.199,0.106,0,1.0,,,,,,,1.0,0.019,1.0,1.0,0.791,0.622
PRHPA-Soybean_yearly_True_window_9_lags_none_sinusoidal_no_linear,True,9,linear_lags_none_sinusoidal_no,0.0,0.948,559.907,563.074,False,True,False,0.095,-0.175,0,1.0,,,,,,,,,,,,
PRHPA-Soybean_yearly_True_window_9_lags_1_sinusoidal_no_linear,True,9,linear_lags_1_sinusoidal_no,0.093,0.829,538.134,542.8,False,True,False,0.177,-0.029,0,1.0,1.0,0.099,,,,,,,,,,
PRHPA-Soybean_yearly_True_window_9_lags_2_sinusoidal_no_linear,True,9,linear_lags_2_sinusoidal_no,0.138,0.767,527.759,532.338,False,True,False,0.162,0.05,0,1.0,,,1.0,0.048,,,,,,,,
PRHPA-Soybean_yearly_True_window_9_lags_3_sinusoidal_no_linear,True,9,linear_lags_3_sinusoidal_no,0.263,0.789,510.418,514.907,True,True,False,0.24,0.224,0,1.0,,,,,1.0,0.018,,,,,,
PRHPA-Soybean_yearly_True_window_9_lags_4_sinusoidal_no_linear,True,9,linear_lags_4_sinusoidal_no,0.281,0.517,490.384,494.781,True,True,False,0.198,0.226,0,1.0,,,,,,,1.0,0.017,,,,
PRHPA-Soybean_yearly_True_window_9_lags_none_sinusoidal_yes_linear,True,9,linear_lags_none_sinusoidal_yes,0.029,0.924,562.866,569.2,False,True,False,0.093,-0.25,0,1.0,,,,,,,,,1.0,1.0,0.701,0.385
PRHPA-Soybean_yearly_True_window_9_lags_1_sinusoidal_yes_linear,True,9,linear_lags_1_sinusoidal_yes,0.105,0.882,541.644,549.421,False,True,False,0.178,-0.201,0,1.0,1.0,0.106,,,,,,,1.0,1.0,0.564,0.777
PRHPA-Soybean_yearly_True_window_9_lags_2_sinusoidal_yes_linear,True,9,linear_lags_2_sinusoidal_yes,0.157,0.787,530.99,538.622,True,True,False,0.187,-0.085,0,1.0,,,1.0,0.055,,,,,1.0,1.0,0.522,0.629
PRHPA-Soybean_yearly_True_window_9_lags_3_sinusoidal_yes_linear,True,9,linear_lags_3_sinusoidal_yes,0.287,0.724,513.307,520.789,True,True,False,0.267,0.08,0,1.0,,,,,1.0,0.018,,,1.0,1.0,0.845,0.346
PRHPA-Soybean_yearly_True_window_9_lags_4_sinusoidal_yes_linear,True,9,linear_lags_4_sinusoidal_yes,0.289,0.487,494.009,501.338,True,True,False,0.199,0.106,0,1.0,,,,,,,1.0,0.019,1.0,1.0,0.791,0.622
PRHPA-Soybean_yearly_False_window_10_lags_none_sinusoidal_no_linear,False,10,linear_lags_none_sinusoidal_no,0.002,0.803,559.036,562.203,False,True,False,0.07,-0.24,0,1.0,,,,,,,,,,,,
PRHPA-Soybean_yearly_False_window_10_lags_1_sinusoidal_no_linear,False,10,linear_lags_1_sinusoidal_no,0.13,0.726,534.976,539.642,False,True,False,0.193,0.013,0,1.0,1.0,0.06,,,,,,,,,,
PRHPA-Soybean_yearly_False_window_10_lags_2_sinusoidal_no_linear,False,10,linear_lags_2_sinusoidal_no,0.196,0.738,524.936,529.515,False,True,False,0.151,0.141,0,1.0,,,1.0,0.019,,,,,,,,
PRHPA-Soybean_yearly_False_window_10_lags_3_sinusoidal_no_linear,False,10,linear_lags_3_sinusoidal_no,0.391,0.928,504.431,508.921,False,True,False,0.256,0.352,0,1.0,,,,,1.0,0.003,,,,,,
PRHPA-Soybean_yearly_False_window_10_lags_4_sinusoidal_no_linear,False,10,linear_lags_4_sinusoidal_no,0.464,0.436,481.323,485.72,True,True,False,0.316,0.432,0,1.0,,,,,,,1.0,0.001,,,,
PRHPA-Soybean_yearly_False_window_10_lags_none_sinusoidal_yes_linear,False,10,linear_lags_none_sinusoidal_yes,0.053,0.889,561.133,567.467,False,True,False,0.063,-0.285,0,1.0,,,,,,,,,1.0,1.0,0.401,0.309
PRHPA-Soybean_yearly_False_window_10_lags_1_sinusoidal_yes_linear,False,10,linear_lags_1_sinusoidal_yes,0.171,0.888,537.297,545.074,False,True,False,0.235,-0.123,0,1.0,1.0,0.056,,,,,,,1.0,1.0,0.244,0.843
PRHPA-Soybean_yearly_False_window_10_lags_2_sinusoidal_yes_linear,False,10,linear_lags_2_sinusoidal_yes,0.262,0.642,526.005,533.637,False,True,False,0.238,-0.012,0,1.0,,,1.0,0.016,,,,,1.0,1.0,0.369,0.196
PRHPA-Soybean_yearly_False_window_10_lags_3_sinusoidal_yes_linear,False,10,linear_lags_3_sinusoidal_yes,0.469,0.727,503.927,511.409,False,True,False,0.324,0.268,0,1.0,,,,,1.0,0.001,,,1.0,1.0,0.899,0.053
PRHPA-Soybean_yearly_False_window_10_lags_4_sinusoidal_yes_linear,False,10,linear_lags_4_sinusoidal_yes,0.507,0.317,482.627,489.955,True,True,False,0.359,0.399,0,1.0,,,,,,,1.0,0.001,1.0,1.0,0.337,0.24
PRHPA-Soybean_yearly_True_window_10_lags_none_sinusoidal_no_linear,True,10,linear_lags_none_sinusoidal_no,0.002,0.803,559.036,562.203,False,True,False,0.07,-0.24,0,1.0,,,,,,,,,,,,
PRHPA-Soybean_yearly_True_window_10_lags_1_sinusoidal_no_linear,True,10,linear_lags_1_sinusoidal_no,0.13,0.726,534.976,539.642,False,True,False,0.193,0.013,0,1.0,1.0,0.06,,,,,,,,,,
PRHPA-Soybean_yearly_True_window_10_lags_2_sinusoidal_no_linear,True,10,linear_lags_2_sinusoidal_no,0.196,0.738,524.936,529.515,False,True,False,0.151,0.141,0,1.0,,,1.0,0.019,,,,,,,,
PRHPA-Soybean_yearly_True_window_10_lags_3_sinusoidal_no_linear,True,10,linear_lags_3_sinusoidal_no,0.391,0.928,504.431,508.921,False,True,False,0.256,0.352,0,1.0,,,,,1.0,0.003,,,,,,
PRHPA-Soybean_yearly_True_window_10_lags_4_sinusoidal_no_linear,True,10,linear_lags_4_sinusoidal_no,0.464,0.436,481.323,485.72,True,True,False,0.316,0.432,0,1.0,,,,,,,1.0,0.001,,,,
PRHPA-Soybean_yearly_True_window_10_lags_none_sinusoidal_yes_linear,True,10,linear_lags_none_sinusoidal_yes,0.053,0.889,561.133,567.467,False,True,False,0.063,-0.285,0,1.0,,,,,,,,,1.0,1.0,0.401,0.309
PRHPA-Soybean_yearly_True_window_10_lags_1_sinusoidal_yes_linear,True,10,linear_lags_1_sinusoidal_yes,0.171,0.888,537.297,545.074,False,True,False,0.235,-0.123,0,1.0,1.0,0.056,,,,,,,1.0,1.0,0.244,0.843
PRHPA-Soybean_yearly_True_window_10_lags_2_sinusoidal_yes_linear,True,10,linear_lags_2_sinusoidal_yes,0.262,0.642,526.005,533.637,False,True,False,0.238,-0.012,0,1.0,,,1.0,0.016,,,,,1.0,1.0,0.369,0.196
PRHPA-Soybean_yearly_True_window_10_lags_3_sinusoidal_yes_linear,True,10,linear_lags_3_sinusoidal_yes,0.469,0.727,503.927,511.409,False,True,False,0.324,0.268,0,1.0,,,,,1.0,0.001,,,1.0,1.0,0.899,0.053
PRHPA-Soybean_yearly_True_window_10_lags_4_sinusoidal_yes_linear,True,10,linear_lags_4_sinusoidal_yes,0.507,0.317,482.627,489.955,True,True,False,0.359,0.399,0,1.0,,,,,,,1.0,0.001,1.0,1.0,0.337,0.24
PRHPA-Soybean_yearly_False_window_11_lags_none_sinusoidal_no_linear,False,11,linear_lags_none_sinusoidal_no,0.009,0.58,556.629,559.796,False,True,False,0.065,-0.265,0,1.0,,,,,,,,,,,,
PRHPA-Soybean_yearly_False_window_11_lags_1_sinusoidal_no_linear,False,11,linear_lags_1_sinusoidal_no,0.136,0.637,532.211,536.877,False,True,False,0.19,-0.045,0,1.0,1.0,0.062,,,,,,,,,,
PRHPA-Soybean_yearly_False_window_11_lags_2_sinusoidal_no_linear,False,11,linear_lags_2_sinusoidal_no,0.177,0.796,522.364,526.943,False,True,False,0.115,0.095,0,1.0,,,1.0,0.026,,,,,,,,
PRHPA-Soybean_yearly_False_window_11_lags_3_sinusoidal_no_linear,False,11,linear_lags_3_sinusoidal_no,0.383,0.972,501.23,505.72,False,True,False,0.273,0.335,0,1.0,,,,,1.0,0.003,,,,,,
PRHPA-Soybean_yearly_False_window_11_lags_4_sinusoidal_no_linear,False,11,linear_lags_4_sinusoidal_no,0.488,0.265,475.227,479.625,True,True,False,0.299,0.401,0,1.0,,,,,,,1.0,0.0,,,,
PRHPA-Soybean_yearly_False_window_11_lags_none_sinusoidal_yes_linear,False,11,linear_lags_none_sinusoidal_yes,0.056,0.995,558.874,565.208,False,True,False,0.062,-0.334,0,1.0,,,,,,,,,1.0,1.0,0.6,0.263
PRHPA-Soybean_yearly_False_window_11_lags_1_sinusoidal_yes_linear,False,11,linear_lags_1_sinusoidal_yes,0.217,0.853,532.797,540.573,False,True,False,0.353,-0.194,0,1.0,1.0,0.051,,,,,,,1.0,1.0,0.092,0.929
PRHPA-Soybean_yearly_False_window_11_lags_2_sinusoidal_yes_linear,False,11,linear_lags_2_sinusoidal_yes,0.319,0.644,519.905,527.537,False,True,False,0.32,0.093,0,1.0,,,1.0,0.016,,,,,1.0,1.0,0.11,0.087
PRHPA-Soybean_yearly_False_window_11_lags_3_sinusoidal_yes_linear,False,11,linear_lags_3_sinusoidal_yes,0.582,0.612,492.33,499.812,False,True,False,0.615,0.421,0,1.0,,,,,1.0,0.0,,,1.0,1.0,0.34,0.001
PRHPA-Soybean_yearly_False_window_11_lags_4_sinusoidal_yes_linear,False,11,linear_lags_4_sinusoidal_yes,0.668,0.054,465.391,472.719,True,True,False,0.632,0.574,0,1.0,,,,,,,1.0,0.0,1.0,1.0,0.522,0.001
PRHPA-Soybean_yearly_True_window_11_lags_none_sinusoidal_no_linear,True,11,linear_lags_none_sinusoidal_no,0.009,0.58,556.629,559.796,False,True,False,0.065,-0.265,0,1.0,,,,,,,,,,,,
PRHPA-Soybean_yearly_True_window_11_lags_1_sinusoidal_no_linear,True,11,linear_lags_1_sinusoidal_no,0.136,0.637,532.211,536.877,False,True,False,0.19,-0.045,0,1.0,1.0,0.062,,,,,,,,,,
PRHPA-Soybean_yearly_True_window_11_lags_2_sinusoidal_no_linear,True,11,linear_lags_2_sinusoidal_no,0.177,0.796,522.364,526.943,False,True,False,0.115,0.095,0,1.0,,,1.0,0.026,,,,,,,,
PRHPA-Soybean_yearly_True_window_11_lags_3_sinusoidal_no_linear,True,11,linear_lags_3_sinusoidal_no,0.383,0.972,501.23,505.72,False,True,False,0.273,0.335,0,1.0,,,,,1.0,0.003,,,,,,
PRHPA-Soybean_yearly_True_window_11_lags_4_sinusoidal_no_linear,True,11,linear_lags_4_sinusoidal_no,0.488,0.265,475.227,479.625,True,True,False,0.299,0.401,0,1.0,,,,,,,1.0,0.0,,,,
PRHPA-Soybean_yearly_True_window_11_lags_none_sinusoidal_yes_linear,True,11,linear_lags_none_sinusoidal_yes,0.056,0.995,558.874,565.208,False,True,False,0.062,-0.334,0,1.0,,,,,,,,,1.0,1.0,0.6,0.263
PRHPA-Soybean_yearly_True_window_11_lags_1_sinusoidal_yes_linear,True,11,linear_lags_1_sinusoidal_yes,0.217,0.853,532.797,540.573,False,True,False,0.353,-0.194,0,1.0,1.0,0.051,,,,,,,1.0,1.0,0.092,0.929
PRHPA-Soybean_yearly_True_window_11_lags_2_sinusoidal_yes_linear,True,11,linear_lags_2_sinusoidal_yes,0.319,0.644,519.905,527.537,False,True,False,0.32,0.093,0,1.0,,,1.0,0.016,,,,,1.0,1.0,0.11,0.087
PRHPA-Soybean_yearly_True_window_11_lags_3_sinusoidal_yes_linear,True,11,linear_lags_3_sinusoidal_yes,0.582,0.612,492.33,499.812,False,True,False,0.615,0.421,0,1.0,,,,,1.0,0.0,,,1.0,1.0,0.34,0.001
PRHPA-Soybean_yearly_True_window_11_lags_4_sinusoidal_yes_linear,True,11,linear_lags_4_sinusoidal_yes,0.668,0.054,465.391,472.719,True,True,False,0.632,0.574,0,1.0,,,,,,,1.0,0.0,1.0,1.0,0.522,0.001
PRHPA-Soybean_yearly_False_window_12_lags_none_sinusoidal_no_linear,False,12,linear_lags_none_sinusoidal_no,0.003,0.758,555.987,559.154,False,True,False,0.065,-0.254,0,1.0,,,,,,,,,,,,
PRHPA-Soybean_yearly_False_window_12_lags_1_sinusoidal_no_linear,False,12,linear_lags_1_sinusoidal_no,0.139,0.633,530.389,535.056,False,True,False,0.182,0.03,0,1.0,1.0,0.052,,,,,,,,,,
PRHPA-Soybean_yearly_False_window_12_lags_2_sinusoidal_no_linear,False,12,linear_lags_2_sinusoidal_no,0.178,0.946,521.743,526.322,False,True,False,0.133,0.065,0,1.0,,,1.0,0.023,,,,,,,,
PRHPA-Soybean_yearly_False_window_12_lags_3_sinusoidal_no_linear,False,12,linear_lags_3_sinusoidal_no,0.449,0.696,497.577,502.067,True,True,False,0.303,0.364,0,1.0,,,,,1.0,0.001,,,,,,
PRHPA-Soybean_yearly_False_window_12_lags_4_sinusoidal_no_linear,False,12,linear_lags_4_sinusoidal_no,0.576,0.322,469.244,473.641,True,True,False,0.337,0.512,0,1.0,,,,,,,1.0,0.0,,,,
PRHPA-Soybean_yearly_False_window_12_lags_none_sinusoidal_yes_linear,False,12,linear_lags_none_sinusoidal_yes,0.055,0.811,558.037,564.371,False,True,False,0.059,-0.305,0,1.0,,,,,,,,,1.0,1.0,0.345,0.327
PRHPA-Soybean_yearly_False_window_12_lags_1_sinusoidal_yes_linear,False,12,linear_lags_1_sinusoidal_yes,0.255,0.82,529.344,537.121,True,True,False,0.414,-0.188,0,1.0,1.0,0.039,,,,,,,1.0,1.0,0.091,0.273
PRHPA-Soybean_yearly_False_window_12_lags_2_sinusoidal_yes_linear,False,12,linear_lags_2_sinusoidal_yes,0.363,0.935,517.071,524.703,False,True,False,0.388,0.097,0,1.0,,,1.0,0.014,,,,,1.0,1.0,0.247,0.014
PRHPA-Soybean_yearly_False_window_12_lags_3_sinusoidal_yes_linear,False,12,linear_lags_3_sinusoidal_yes,0.694,0.9,482.144,489.626,False,True,False,0.673,0.472,0,1.0,,,,,1.0,0.0,,,1.0,1.0,0.908,0.0
PRHPA-Soybean_yearly_False_window_12_lags_4_sinusoidal_yes_linear,False,12,linear_lags_4_sinusoidal_yes,0.833,0.011,443.516,450.845,True,True,False,0.825,0.704,0,1.0,,,,,,,1.0,0.0,1.0,1.0,0.012,0.0
PRHPA-Soybean_yearly_True_window_12_lags_none_sinusoidal_no_linear,True,12,linear_lags_none_sinusoidal_no,0.003,0.758,555.987,559.154,False,True,False,0.065,-0.254,0,1.0,,,,,,,,,,,,
PRHPA-Soybean_yearly_True_window_12_lags_1_sinusoidal_no_linear,True,12,linear_lags_1_sinusoidal_no,0.139,0.633,530.389,535.056,False,True,False,0.182,0.03,0,1.0,1.0,0.052,,,,,,,,,,
PRHPA-Soybean_yearly_True_window_12_lags_2_sinusoidal_no_linear,True,12,linear_lags_2_sinusoidal_no,0.178,0.946,521.743,526.322,False,True,False,0.133,0.065,0,1.0,,,1.0,0.023,,,,,,,,
PRHPA-Soybean_yearly_True_window_12_lags_3_sinusoidal_no_linear,True,12,linear_lags_3_sinusoidal_no,0.449,0.696,497.577,502.067,True,True,False,0.303,0.364,0,1.0,,,,,1.0,0.001,,,,,,
PRHPA-Soybean_yearly_True_window_12_lags_4_sinusoidal_no_linear,True,12,linear_lags_4_sinusoidal_no,0.576,0.322,469.244,473.641,True,True,False,0.337,0.512,0,1.0,,,,,,,1.0,0.0,,,,
PRHPA-Soybean_yearly_True_window_12_lags_none_sinusoidal_yes_linear,True,12,linear_lags_none_sinusoidal_yes,0.055,0.811,558.037,564.371,False,True,False,0.059,-0.305,0,1.0,,,,,,,,,1.0,1.0,0.345,0.327
PRHPA-Soybean_yearly_True_window_12_lags_1_sinusoidal_yes_linear,True,12,linear_lags_1_sinusoidal_yes,0.255,0.82,529.344,537.121,True,True,False,0.414,-0.188,0,1.0,1.0,0.039,,,,,,,1.0,1.0,0.091,0.273
PRHPA-Soybean_yearly_True_window_12_lags_2_sinusoidal_yes_linear,True,12,linear_lags_2_sinusoidal_yes,0.363,0.935,517.071,524.703,False,True,False,0.388,0.097,0,1.0,,,1.0,0.014,,,,,1.0,1.0,0.247,0.014
PRHPA-Soybean_yearly_True_window_12_lags_3_sinusoidal_yes_linear,True,12,linear_lags_3_sinusoidal_yes,0.694,0.9,482.144,489.626,False,True,False,0.673,0.472,0,1.0,,,,,1.0,0.0,,,1.0,1.0,0.908,0.0
PRHPA-Soybean_yearly_True_window_12_lags_4_sinusoidal_yes_linear,True,12,linear_lags_4_sinusoidal_yes,0.833,0.011,443.516,450.845,True,True,False,0.825,0.704,0,1.0,,,,,,,1.0,0.0,1.0,1.0,0.012,0.0
PRHPA-Soybean_yearly_False_window_13_lags_none_sinusoidal_no_linear,False,13,linear_lags_none_sinusoidal_no,0.002,0.793,553.042,556.21,False,True,False,0.053,-0.27,0,1.0,,,,,,,,,,,,
PRHPA-Soybean_yearly_False_window_13_lags_1_sinusoidal_no_linear,False,13,linear_lags_1_sinusoidal_no,0.078,0.683,529.368,534.034,False,True,False,0.142,-0.075,0,1.0,1.0,0.159,,,,,,,,,,
PRHPA-Soybean_yearly_False_window_13_lags_2_sinusoidal_no_linear,False,13,linear_lags_2_sinusoidal_no,0.125,0.988,520.291,524.87,False,True,False,0.112,-0.001,0,1.0,,,1.0,0.06,,,,,,,,
PRHPA-Soybean_yearly_False_window_13_lags_3_sinusoidal_no_linear,False,13,linear_lags_3_sinusoidal_no,0.381,0.603,496.684,501.173,True,True,False,0.253,0.275,0,1.0,,,,,1.0,0.002,,,,,,
PRHPA-Soybean_yearly_False_window_13_lags_4_sinusoidal_no_linear,False,13,linear_lags_4_sinusoidal_no,0.558,0.448,466.578,470.975,True,True,False,0.387,0.491,0,1.0,,,,,,,1.0,0.0,,,,
PRHPA-Soybean_yearly_False_window_13_lags_none_sinusoidal_yes_linear,False,13,linear_lags_none_sinusoidal_yes,0.035,0.94,555.817,562.151,False,True,False,0.052,-0.332,0,1.0,,,,,,,,,1.0,1.0,0.557,0.393
PRHPA-Soybean_yearly_False_window_13_lags_1_sinusoidal_yes_linear,False,13,linear_lags_1_sinusoidal_yes,0.139,0.81,530.987,538.764,False,True,False,0.248,-0.313,0,1.0,1.0,0.15,,,,,,,1.0,1.0,0.158,0.96
PRHPA-Soybean_yearly_False_window_13_lags_2_sinusoidal_yes_linear,False,13,linear_lags_2_sinusoidal_yes,0.214,0.966,520.681,528.313,False,True,False,0.253,-0.085,0,1.0,,,1.0,0.06,,,,,1.0,1.0,0.219,0.221
PRHPA-Soybean_yearly_False_window_13_lags_3_sinusoidal_yes_linear,False,13,linear_lags_3_sinusoidal_yes,0.579,0.476,488.003,495.485,True,True,False,0.549,0.401,0,1.0,,,,,1.0,0.001,,,1.0,1.0,0.321,0.002
PRHPA-Soybean_yearly_False_window_13_lags_4_sinusoidal_yes_linear,False,13,linear_lags_4_sinusoidal_yes,0.741,0.104,453.553,460.882,True,True,False,0.865,0.544,0,1.0,,,,,,,1.0,0.0,1.0,1.0,0.549,0.0
PRHPA-Soybean_yearly_True_window_13_lags_none_sinusoidal_no_linear,True,13,linear_lags_none_sinusoidal_no,0.002,0.793,553.042,556.21,False,True,False,0.053,-0.27,0,1.0,,,,,,,,,,,,
PRHPA-Soybean_yearly_True_window_13_lags_1_sinusoidal_no_linear,True,13,linear_lags_1_sinusoidal_no,0.078,0.683,529.368,534.034,False,True,False,0.142,-0.075,0,1.0,1.0,0.159,,,,,,,,,,
PRHPA-Soybean_yearly_True_window_13_lags_2_sinusoidal_no_linear,True,13,linear_lags_2_sinusoidal_no,0.125,0.988,520.291,524.87,False,True,False,0.112,-0.001,0,1.0,,,1.0,0.06,,,,,,,,
PRHPA-Soybean_yearly_True_window_13_lags_3_sinusoidal_no_linear,True,13,linear_lags_3_sinusoidal_no,0.381,0.603,496.684,501.173,True,True,False,0.253,0.275,0,1.0,,,,,1.0,0.002,,,,,,
PRHPA-Soybean_yearly_True_window_13_lags_4_sinusoidal_no_linear,True,13,linear_lags_4_sinusoidal_no,0.558,0.448,466.578,470.975,True,True,False,0.387,0.491,0,1.0,,,,,,,1.0,0.0,,,,
PRHPA-Soybean_yearly_True_window_13_lags_none_sinusoidal_yes_linear,True,13,linear_lags_none_sinusoidal_yes,0.035,0.94,555.817,562.151,False,True,False,0.052,-0.332,0,1.0,,,,,,,,,1.0,1.0,0.557,0.393
PRHPA-Soybean_yearly_True_window_13_lags_1_sinusoidal_yes_linear,True,13,linear_lags_1_sinusoidal_yes,0.139,0.81,530.987,538.764,False,True,False,0.248,-0.313,0,1.0,1.0,0.15,,,,,,,1.0,1.0,0.158,0.96
PRHPA-Soybean_yearly_True_window_13_lags_2_sinusoidal_yes_linear,True,13,linear_lags_2_sinusoidal_yes,0.214,0.966,520.681,528.313,False,True,False,0.253,-0.085,0,1.0,,,1.0,0.06,,,,,1.0,1.0,0.219,0.221
PRHPA-Soybean_yearly_True_window_13_lags_3_sinusoidal_yes_linear,True,13,linear_lags_3_sinusoidal_yes,0.579,0.476,488.003,495.485,True,True,False,0.549,0.401,0,1.0,,,,,1.0,0.001,,,1.0,1.0,0.321,0.002
PRHPA-Soybean_yearly_True_window_13_lags_4_sinusoidal_yes_linear,True,13,linear_lags_4_sinusoidal_yes,0.741,0.104,453.553,460.882,True,True,False,0.865,0.544,0,1.0,,,,,,,1.0,0.0,1.0,1.0,0.549,0.0
PRHPA-Soybean_yearly_False_window_14_lags_none_sinusoidal_no_linear,False,14,linear_lags_none_sinusoidal_no,0.0,0.942,552.59,555.757,False,False,False,0.045,-0.241,0,1.0,,,,,,,,,,,,
PRHPA-Soybean_yearly_False_window_14_lags_1_sinusoidal_no_linear,False,14,linear_lags_1_sinusoidal_no,0.074,0.647,528.274,532.94,False,True,False,0.134,-0.153,0,1.0,1.0,0.158,,,,,,,,,,
PRHPA-Soybean_yearly_False_window_14_lags_2_sinusoidal_no_linear,False,14,linear_lags_2_sinusoidal_no,0.107,0.906,520.687,525.266,False,True,False,0.097,-0.045,0,1.0,,,1.0,0.082,,,,,,,,
PRHPA-Soybean_yearly_False_window_14_lags_3_sinusoidal_no_linear,False,14,linear_lags_3_sinusoidal_no,0.378,0.375,496.869,501.358,True,True,False,0.283,0.285,0,1.0,,,,,1.0,0.004,,,,,,
PRHPA-Soybean_yearly_False_window_14_lags_4_sinusoidal_no_linear,False,14,linear_lags_4_sinusoidal_no,0.569,0.849,465.742,470.14,True,True,False,0.374,0.473,0,1.0,,,,,,,1.0,0.0,,,,
PRHPA-Soybean_yearly_False_window_14_lags_none_sinusoidal_yes_linear,False,14,linear_lags_none_sinusoidal_yes,0.02,0.946,555.854,562.188,False,True,False,0.05,-0.306,0,1.0,,,,,,,,,1.0,1.0,0.494,0.664
PRHPA-Soybean_yearly_False_window_14_lags_1_sinusoidal_yes_linear,False,14,linear_lags_1_sinusoidal_yes,0.112,0.693,530.776,538.553,False,True,False,0.18,-0.357,0,1.0,1.0,0.162,,,,,,,1.0,1.0,0.293,0.702
PRHPA-Soybean_yearly_False_window_14_lags_2_sinusoidal_yes_linear,False,14,linear_lags_2_sinusoidal_yes,0.153,0.886,522.878,530.509,False,True,False,0.137,-0.191,0,1.0,,,1.0,0.087,,,,,1.0,1.0,0.481,0.313
PRHPA-Soybean_yearly_False_window_14_lags_3_sinusoidal_yes_linear,False,14,linear_lags_3_sinusoidal_yes,0.478,0.374,495.072,502.555,True,True,False,0.422,0.282,0,1.0,,,,,1.0,0.002,,,1.0,1.0,0.924,0.028
PRHPA-Soybean_yearly_False_window_14_lags_4_sinusoidal_yes_linear,False,14,linear_lags_4_sinusoidal_yes,0.661,0.567,462.004,469.333,True,True,False,0.532,0.472,0,1.0,,,,,,,1.0,0.0,1.0,1.0,0.219,0.022
PRHPA-Soybean_yearly_True_window_14_lags_none_sinusoidal_no_linear,True,14,linear_lags_none_sinusoidal_no,0.0,0.942,552.59,555.757,False,False,False,0.045,-0.241,0,1.0,,,,,,,,,,,,
PRHPA-Soybean_yearly_True_window_14_lags_1_sinusoidal_no_linear,True,14,linear_lags_1_sinusoidal_no,0.074,0.647,528.274,532.94,False,True,False,0.134,-0.153,0,1.0,1.0,0.158,,,,,,,,,,
PRHPA-Soybean_yearly_True_window_14_lags_2_sinusoidal_no_linear,True,14,linear_lags_2_sinusoidal_no,0.107,0.906,520.687,525.266,False,True,False,0.097,-0.045,0,1.0,,,1.0,0.082,,,,,,,,
PRHPA-Soybean_yearly_True_window_14_lags_3_sinusoidal_no_linear,True,14,linear_lags_3_sinusoidal_no,0.378,0.375,496.869,501.358,True,True,False,0.283,0.285,0,1.0,,,,,1.0,0.004,,,,,,
PRHPA-Soybean_yearly_True_window_14_lags_4_sinusoidal_no_linear,True,14,linear_lags_4_sinusoidal_no,0.569,0.849,465.742,470.14,True,True,False,0.374,0.473,0,1.0,,,,,,,1.0,0.0,,,,
PRHPA-Soybean_yearly_True_window_14_lags_none_sinusoidal_yes_linear,True,14,linear_lags_none_sinusoidal_yes,0.02,0.946,555.854,562.188,False,True,False,0.05,-0.306,0,1.0,,,,,,,,,1.0,1.0,0.494,0.664
PRHPA-Soybean_yearly_True_window_14_lags_1_sinusoidal_yes_linear,True,14,linear_lags_1_sinusoidal_yes,0.112,0.693,530.776,538.553,False,True,False,0.18,-0.357,0,1.0,1.0,0.162,,,,,,,1.0,1.0,0.293,0.702
PRHPA-Soybean_yearly_True_window_14_lags_2_sinusoidal_yes_linear,True,14,linear_lags_2_sinusoidal_yes,0.153,0.886,522.878,530.509,False,True,False,0.137,-0.191,0,1.0,,,1.0,0.087,,,,,1.0,1.0,0.481,0.313
PRHPA-Soybean_yearly_True_window_14_lags_3_sinusoidal_yes_linear,True,14,linear_lags_3_sinusoidal_yes,0.478,0.374,495.072,502.555,True,True,False,0.422,0.282,0,1.0,,,,,1.0,0.002,,,1.0,1.0,0.924,0.028
PRHPA-Soybean_yearly_True_window_14_lags_4_sinusoidal_yes_linear,True,14,linear_lags_4_sinusoidal_yes,0.661,0.567,462.004,469.333,True,True,False,0.532,0.472,0,1.0,,,,,,,1.0,0.0,1.0,1.0,0.219,0.022
PRHPA-Soybean_yearly_False_window_15_lags_none_sinusoidal_no_linear,False,15,linear_lags_none_sinusoidal_no,0.0,0.98,549.875,553.042,False,True,False,0.049,-0.231,0,1.0,,,,,,,,,,,,
PRHPA-Soybean_yearly_False_window_15_lags_1_sinusoidal_no_linear,False,15,linear_lags_1_sinusoidal_no,0.075,0.592,525.56,530.226,True,True,False,0.128,-0.148,0,1.0,1.0,0.151,,,,,,,,,,
PRHPA-Soybean_yearly_False_window_15_lags_2_sinusoidal_no_linear,False,15,linear_lags_2_sinusoidal_no,0.08,0.893,517.745,522.324,False,True,False,0.085,0.005,0,1.0,,,1.0,0.13,,,,,,,,
PRHPA-Soybean_yearly_False_window_15_lags_3_sinusoidal_no_linear,False,15,linear_lags_3_sinusoidal_no,0.417,0.23,491.011,495.5,True,True,False,0.315,0.308,0,1.0,,,,,1.0,0.002,,,,,,
PRHPA-Soybean_yearly_False_window_15_lags_4_sinusoidal_no_linear,False,15,linear_lags_4_sinusoidal_no,0.609,0.958,458.569,462.966,True,True,False,0.389,0.514,0,1.0,,,,,,,1.0,0.0,,,,
PRHPA-Soybean_yearly_False_window_15_lags_none_sinusoidal_yes_linear,False,15,linear_lags_none_sinusoidal_yes,0.01,0.967,553.517,559.851,False,True,False,0.054,-0.328,0,1.0,,,,,,,,,1.0,1.0,0.592,0.871
PRHPA-Soybean_yearly_False_window_15_lags_1_sinusoidal_yes_linear,False,15,linear_lags_1_sinusoidal_yes,0.099,0.564,528.662,536.439,False,True,False,0.147,-0.294,0,1.0,1.0,0.161,,,,,,,1.0,1.0,0.404,0.801
PRHPA-Soybean_yearly_False_window_15_lags_2_sinusoidal_yes_linear,False,15,linear_lags_2_sinusoidal_yes,0.101,0.856,520.944,528.576,False,True,False,0.099,-0.163,0,1.0,,,1.0,0.142,,,,,1.0,1.0,0.58,0.543
PRHPA-Soybean_yearly_False_window_15_lags_3_sinusoidal_yes_linear,False,15,linear_lags_3_sinusoidal_yes,0.448,0.238,493.204,500.686,True,True,False,0.351,0.256,0,1.0,,,,,1.0,0.002,,,1.0,1.0,0.721,0.239
PRHPA-Soybean_yearly_False_window_15_lags_4_sinusoidal_yes_linear,False,15,linear_lags_4_sinusoidal_yes,0.631,0.943,460.733,468.062,True,True,False,0.419,0.452,0,1.0,,,,,,,1.0,0.0,1.0,1.0,0.685,0.242
PRHPA-Soybean_yearly_True_window_15_lags_none_sinusoidal_no_linear,True,15,linear_lags_none_sinusoidal_no,0.0,0.98,549.875,553.042,False,True,False,0.049,-0.231,0,1.0,,,,,,,,,,,,
PRHPA-Soybean_yearly_True_window_15_lags_1_sinusoidal_no_linear,True,15,linear_lags_1_sinusoidal_no,0.075,0.592,525.56,530.226,True,True,False,0.128,-0.148,0,1.0,1.0,0.151,,,,,,,,,,
PRHPA-Soybean_yearly_True_window_15_lags_2_sinusoidal_no_linear,True,15,linear_lags_2_sinusoidal_no,0.08,0.893,517.745,522.324,False,True,False,0.085,0.005,0,1.0,,,1.0,0.13,,,,,,,,
PRHPA-Soybean_yearly_True_window_15_lags_3_sinusoidal_no_linear,True,15,linear_lags_3_sinusoidal_no,0.417,0.23,491.011,495.5,True,True,False,0.315,0.308,0,1.0,,,,,1.0,0.002,,,,,,
PRHPA-Soybean_yearly_True_window_15_lags_4_sinusoidal_no_linear,True,15,linear_lags_4_sinusoidal_no,0.609,0.958,458.569,462.966,True,True,False,0.389,0.514,0,1.0,,,,,,,1.0,0.0,,,,
PRHPA-Soybean_yearly_True_window_15_lags_none_sinusoidal_yes_linear,True,15,linear_lags_none_sinusoidal_yes,0.01,0.967,553.517,559.851,False,True,False,0.054,-0.328,0,1.0,,,,,,,,,1.0,1.0,0.592,0.871
PRHPA-Soybean_yearly_True_window_15_lags_1_sinusoidal_yes_linear,True,15,linear_lags_1_sinusoidal_yes,0.099,0.564,528.662,536.439,False,True,False,0.147,-0.294,0,1.0,1.0,0.161,,,,,,,1.0,1.0,0.404,0.801
PRHPA-Soybean_yearly_True_window_15_lags_2_sinusoidal_yes_linear,True,15,linear_lags_2_sinusoidal_yes,0.101,0.856,520.944,528.576,False,True,False,0.099,-0.163,0,1.0,,,1.0,0.142,,,,,1.0,1.0,0.58,0.543
PRHPA-Soybean_yearly_True_window_15_lags_3_sinusoidal_yes_linear,True,15,linear_lags_3_sinusoidal_yes,0.448,0.238,493.204,500.686,True,True,False,0.351,0.256,0,1.0,,,,,1.0,0.002,,,1.0,1.0,0.721,0.239
PRHPA-Soybean_yearly_True_window_15_lags_4_sinusoidal_yes_linear,True,15,linear_lags_4_sinusoidal_yes,0.631,0.943,460.733,468.062,True,True,False,0.419,0.452,0,1.0,,,,,,,1.0,0.0,1.0,1.0,0.685,0.242
PRHPA-Soybean_yearly_False_window_16_lags_none_sinusoidal_no_linear,False,16,linear_lags_none_sinusoidal_no,0.0,0.931,549.883,553.05,False,True,False,0.04,-0.321,0,1.0,,,,,,,,,,,,
PRHPA-Soybean_yearly_False_window_16_lags_1_sinusoidal_no_linear,False,16,linear_lags_1_sinusoidal_no,0.066,0.493,525.421,530.087,False,True,False,0.107,-0.168,0,1.0,1.0,0.208,,,,,,,,,,
PRHPA-Soybean_yearly_False_window_16_lags_2_sinusoidal_no_linear,False,16,linear_lags_2_sinusoidal_no,0.073,0.747,517.997,522.576,False,True,False,0.083,-0.037,0,1.0,,,1.0,0.167,,,,,,,,
PRHPA-Soybean_yearly_False_window_16_lags_3_sinusoidal_no_linear,False,16,linear_lags_3_sinusoidal_no,0.433,0.141,490.228,494.717,True,True,False,0.276,0.286,0,1.0,,,,,1.0,0.003,,,,,,
PRHPA-Soybean_yearly_False_window_16_lags_4_sinusoidal_no_linear,False,16,linear_lags_4_sinusoidal_no,0.595,0.775,459.737,464.135,True,True,False,0.291,0.475,0,1.0,,,,,,,1.0,0.001,,,,
PRHPA-Soybean_yearly_False_window_16_lags_none_sinusoidal_yes_linear,False,16,linear_lags_none_sinusoidal_yes,0.004,0.909,553.75,560.084,False,True,False,0.042,-0.44,0,1.0,,,,,,,,,1.0,1.0,0.743,0.928
PRHPA-Soybean_yearly_False_window_16_lags_1_sinusoidal_yes_linear,False,16,linear_lags_1_sinusoidal_yes,0.075,0.487,529.085,536.862,False,True,False,0.104,-0.454,0,1.0,1.0,0.222,,,,,,,1.0,1.0,0.672,0.749
PRHPA-Soybean_yearly_False_window_16_lags_2_sinusoidal_yes_linear,False,16,linear_lags_2_sinusoidal_yes,0.085,0.752,521.542,529.174,False,True,False,0.087,-0.2,0,1.0,,,1.0,0.18,,,,,1.0,1.0,0.806,0.571
PRHPA-Soybean_yearly_False_window_16_lags_3_sinusoidal_yes_linear,False,16,linear_lags_3_sinusoidal_yes,0.436,0.158,494.001,501.484,True,True,False,0.282,0.238,0,1.0,,,,,1.0,0.004,,,1.0,1.0,0.939,0.669
PRHPA-Soybean_yearly_False_window_16_lags_4_sinusoidal_yes_linear,False,16,linear_lags_4_sinusoidal_yes,0.598,0.813,463.471,470.8,True,True,False,0.305,0.404,0,1.0,,,,,,,1.0,0.001,1.0,1.0,0.714,0.768
PRHPA-Soybean_yearly_True_window_16_lags_none_sinusoidal_no_linear,True,16,linear_lags_none_sinusoidal_no,0.0,0.931,549.883,553.05,False,True,False,0.04,-0.321,0,1.0,,,,,,,,,,,,
PRHPA-Soybean_yearly_True_window_16_lags_1_sinusoidal_no_linear,True,16,linear_lags_1_sinusoidal_no,0.066,0.493,525.421,530.087,False,True,False,0.107,-0.168,0,1.0,1.0,0.208,,,,,,,,,,
PRHPA-Soybean_yearly_True_window_16_lags_2_sinusoidal_no_linear,True,16,linear_lags_2_sinusoidal_no,0.073,0.747,517.997,522.576,False,True,False,0.083,-0.037,0,1.0,,,1.0,0.167,,,,,,,,
PRHPA-Soybean_yearly_True_window_16_lags_3_sinusoidal_no_linear,True,16,linear_lags_3_sinusoidal_no,0.433,0.141,490.228,494.717,True,True,False,0.276,0.286,0,1.0,,,,,1.0,0.003,,,,,,
PRHPA-Soybean_yearly_True_window_16_lags_4_sinusoidal_no_linear,True,16,linear_lags_4_sinusoidal_no,0.595,0.775,459.737,464.135,True,True,False,0.291,0.475,0,1.0,,,,,,,1.0,0.001,,,,
PRHPA-Soybean_yearly_True_window_16_lags_none_sinusoidal_yes_linear,True,16,linear_lags_none_sinusoidal_yes,0.004,0.909,553.75,560.084,False,True,False,0.042,-0.44,0,1.0,,,,,,,,,1.0,1.0,0.743,0.928
PRHPA-Soybean_yearly_True_window_16_lags_1_sinusoidal_yes_linear,True,16,linear_lags_1_sinusoidal_yes,0.075,0.487,529.085,536.862,False,True,False,0.104,-0.454,0,1.0,1.0,0.222,,,,,,,1.0,1.0,0.672,0.749
PRHPA-Soybean_yearly_True_window_16_lags_2_sinusoidal_yes_linear,True,16,linear_lags_2_sinusoidal_yes,0.085,0.752,521.542,529.174,False,True,False,0.087,-0.2,0,1.0,,,1.0,0.18,,,,,1.0,1.0,0.806,0.571
PRHPA-Soybean_yearly_True_window_16_lags_3_sinusoidal_yes_linear,True,16,linear_lags_3_sinusoidal_yes,0.436,0.158,494.001,501.484,True,True,False,0.282,0.238,0,1.0,,,,,1.0,0.004,,,1.0,1.0,0.939,0.669
PRHPA-Soybean_yearly_True_window_16_lags_4_sinusoidal_yes_linear,True,16,linear_lags_4_sinusoidal_yes,0.598,0.813,463.471,470.8,True,True,False,0.305,0.404,0,1.0,,,,,,,1.0,0.001,1.0,1.0,0.714,0.768
