analysis_name,yearly_aggregate,window_size,config_type,r_squared,p_value,aic,bic,is_normal,is_homoscedastic,no_autocorrelation,durbin_watson,cv_r2_score,cv_r2_std,vif_PPT,vif_segment,p_value_segment,breakpoint,vif_ortho_PPT_lag1,p_value_lag1,vif_ortho_PPT_lag2,p_value_lag2,vif_ortho_PPT_lag3,p_value_lag3,vif_ortho_PPT_lag4,p_value_lag4,vif_ortho_sin_cycle,vif_ortho_cos_cycle,p_value_sin,p_value_cos
PRHPA-Soybean_yearly_False_window_1_lags_none_sinusoidal_no_piecewise,False,1,piecewise_lags_none_sinusoidal_no,0.205,0.007,608.026,612.776,True,True,False,1.395,0.157,0,1.135,1.135,0.338,978.8655000000001,,,,,,,,,,,,
PRHPA-Soybean_yearly_False_window_1_lags_1_sinusoidal_no_piecewise,False,1,piecewise_lags_1_sinusoidal_no,0.277,0.009,587.267,593.489,True,False,False,1.232,0.032,0,1.326,1.637,0.166,961.3801696969697,1.311,0.537,,,,,,,,,,
PRHPA-Soybean_yearly_False_window_1_lags_2_sinusoidal_no_piecewise,False,1,piecewise_lags_2_sinusoidal_no,0.269,0.063,570.722,576.827,True,True,False,1.292,0.136,0,1.145,1.196,0.281,980.1761,,,1.052,0.619,,,,,,,,
PRHPA-Soybean_yearly_False_window_1_lags_3_sinusoidal_no_piecewise,False,1,piecewise_lags_3_sinusoidal_no,0.258,0.036,555.445,561.431,True,True,False,1.109,0.129,0,1.234,1.42,0.31,959.1248,,,,,1.186,0.864,,,,,,
PRHPA-Soybean_yearly_False_window_1_lags_4_sinusoidal_no_piecewise,False,1,piecewise_lags_4_sinusoidal_no,0.315,0.094,536.182,542.045,True,True,False,1.178,-0.013,0,1.295,1.599,0.196,953.9304575757578,,,,,,,1.304,0.546,,,,
PRHPA-Soybean_yearly_False_window_1_lags_none_sinusoidal_yes_piecewise,False,1,piecewise_lags_none_sinusoidal_yes,0.225,0.076,611.092,619.01,True,True,False,1.404,0.125,0,1.147,1.231,0.447,978.8655000000001,,,,,,,,,1.071,1.013,0.946,0.374
PRHPA-Soybean_yearly_False_window_1_lags_1_sinusoidal_yes_piecewise,False,1,piecewise_lags_1_sinusoidal_yes,0.354,0.221,587.338,596.67,True,True,False,1.323,-0.002,0,1.464,2.329,0.172,961.3801696969697,1.442,0.181,,,,,,,1.417,1.006,0.361,0.089
PRHPA-Soybean_yearly_False_window_1_lags_2_sinusoidal_yes_piecewise,False,1,piecewise_lags_2_sinusoidal_yes,0.316,0.3,572.456,581.614,True,True,False,1.359,-0.141,0,1.166,1.376,0.366,980.1761,,,1.059,0.376,,,,,1.15,1.0,0.699,0.179
PRHPA-Soybean_yearly_False_window_1_lags_3_sinusoidal_yes_piecewise,False,1,piecewise_lags_3_sinusoidal_yes,0.326,0.057,556.305,565.284,True,True,False,1.157,-0.369,0,1.263,1.598,0.422,959.1248,,,,,1.209,0.943,,,1.122,1.003,0.889,0.114
PRHPA-Soybean_yearly_False_window_1_lags_4_sinusoidal_yes_piecewise,False,1,piecewise_lags_4_sinusoidal_yes,0.33,0.134,539.482,548.276,True,True,False,1.244,-0.093,0,1.315,1.704,0.251,953.9304575757578,,,,,,,1.324,0.523,1.057,1.009,0.866,0.473
PRHPA-Soybean_yearly_True_window_1_lags_none_sinusoidal_no_piecewise,True,1,piecewise_lags_none_sinusoidal_no,0.205,0.007,608.026,612.776,True,True,False,1.395,0.157,0,1.135,1.135,0.338,978.8655000000001,,,,,,,,,,,,
PRHPA-Soybean_yearly_True_window_1_lags_1_sinusoidal_no_piecewise,True,1,piecewise_lags_1_sinusoidal_no,0.277,0.009,587.267,593.489,True,False,False,1.232,0.032,0,1.326,1.637,0.166,961.3801696969697,1.311,0.537,,,,,,,,,,
PRHPA-Soybean_yearly_True_window_1_lags_2_sinusoidal_no_piecewise,True,1,piecewise_lags_2_sinusoidal_no,0.269,0.063,570.722,576.827,True,True,False,1.292,0.136,0,1.145,1.196,0.281,980.1761,,,1.052,0.619,,,,,,,,
PRHPA-Soybean_yearly_True_window_1_lags_3_sinusoidal_no_piecewise,True,1,piecewise_lags_3_sinusoidal_no,0.258,0.036,555.445,561.431,True,True,False,1.109,0.129,0,1.234,1.42,0.31,959.1248,,,,,1.186,0.864,,,,,,
PRHPA-Soybean_yearly_True_window_1_lags_4_sinusoidal_no_piecewise,True,1,piecewise_lags_4_sinusoidal_no,0.315,0.094,536.182,542.045,True,True,False,1.178,-0.013,0,1.295,1.599,0.196,953.9304575757578,,,,,,,1.304,0.546,,,,
PRHPA-Soybean_yearly_True_window_1_lags_none_sinusoidal_yes_piecewise,True,1,piecewise_lags_none_sinusoidal_yes,0.225,0.076,611.092,619.01,True,True,False,1.404,0.125,0,1.147,1.231,0.447,978.8655000000001,,,,,,,,,1.071,1.013,0.946,0.374
PRHPA-Soybean_yearly_True_window_1_lags_1_sinusoidal_yes_piecewise,True,1,piecewise_lags_1_sinusoidal_yes,0.354,0.221,587.338,596.67,True,True,False,1.323,-0.002,0,1.464,2.329,0.172,961.3801696969697,1.442,0.181,,,,,,,1.417,1.006,0.361,0.089
PRHPA-Soybean_yearly_True_window_1_lags_2_sinusoidal_yes_piecewise,True,1,piecewise_lags_2_sinusoidal_yes,0.316,0.3,572.456,581.614,True,True,False,1.359,-0.141,0,1.166,1.376,0.366,980.1761,,,1.059,0.376,,,,,1.15,1.0,0.699,0.179
PRHPA-Soybean_yearly_True_window_1_lags_3_sinusoidal_yes_piecewise,True,1,piecewise_lags_3_sinusoidal_yes,0.326,0.057,556.305,565.284,True,True,False,1.157,-0.369,0,1.263,1.598,0.422,959.1248,,,,,1.209,0.943,,,1.122,1.003,0.889,0.114
PRHPA-Soybean_yearly_True_window_1_lags_4_sinusoidal_yes_piecewise,True,1,piecewise_lags_4_sinusoidal_yes,0.33,0.134,539.482,548.276,True,True,False,1.244,-0.093,0,1.315,1.704,0.251,953.9304575757578,,,,,,,1.324,0.523,1.057,1.009,0.866,0.473
PRHPA-Soybean_yearly_False_window_2_lags_none_sinusoidal_no_piecewise,False,2,piecewise_lags_none_sinusoidal_no,0.166,0.666,597.801,602.552,True,True,False,0.604,0.03,0,2.183,2.183,0.532,706.0660577888889,,,,,,,,,,,,
PRHPA-Soybean_yearly_False_window_2_lags_1_sinusoidal_no_piecewise,False,2,piecewise_lags_1_sinusoidal_no,0.285,0.007,575.588,581.81,True,True,False,0.616,0.144,0,1.42,1.509,0.145,828.5244123101011,1.089,0.585,,,,,,,,,,
PRHPA-Soybean_yearly_False_window_2_lags_2_sinusoidal_no_piecewise,False,2,piecewise_lags_2_sinusoidal_no,0.259,0.055,559.062,565.168,True,True,False,0.588,0.157,0,1.413,1.606,0.202,830.6502348266667,,,1.193,0.629,,,,,,,,
PRHPA-Soybean_yearly_False_window_2_lags_3_sinusoidal_no_piecewise,False,2,piecewise_lags_3_sinusoidal_no,0.222,0.237,546.575,552.561,True,True,False,0.493,-0.019,0,1.321,1.649,0.498,831.7591447288889,,,,,1.328,0.544,,,,,,
PRHPA-Soybean_yearly_False_window_2_lags_4_sinusoidal_no_piecewise,False,2,piecewise_lags_4_sinusoidal_no,0.336,0.109,525.744,531.607,True,True,False,0.52,0.17,0,16.32,19.601,0.181,542.76945,,,,,,,4.281,0.896,,,,
PRHPA-Soybean_yearly_False_window_2_lags_none_sinusoidal_yes_piecewise,False,2,piecewise_lags_none_sinusoidal_yes,0.201,0.849,600.258,608.176,True,True,False,0.631,-0.005,0,2.627,3.002,0.389,706.0660577888889,,,,,,,,,1.181,1.195,0.646,0.259
PRHPA-Soybean_yearly_False_window_2_lags_1_sinusoidal_yes_piecewise,False,2,piecewise_lags_1_sinusoidal_yes,0.371,0.24,575.083,584.415,True,True,False,0.592,0.174,0,1.489,1.756,0.248,828.5244123101011,1.104,0.229,,,,,,,1.162,1.001,0.182,0.09
PRHPA-Soybean_yearly_False_window_2_lags_2_sinusoidal_yes_piecewise,False,2,piecewise_lags_2_sinusoidal_yes,0.328,0.371,559.744,568.903,True,False,False,0.584,-0.099,0,1.5,1.944,0.368,830.6502348266667,,,1.234,0.355,,,,,1.18,1.03,0.45,0.131
PRHPA-Soybean_yearly_False_window_2_lags_3_sinusoidal_yes_piecewise,False,2,piecewise_lags_3_sinusoidal_yes,0.313,0.321,546.47,555.45,True,True,False,0.523,-0.138,0,1.326,1.674,0.511,831.7591447288889,,,,,1.333,0.499,,,1.015,1.0,0.827,0.071
PRHPA-Soybean_yearly_False_window_2_lags_4_sinusoidal_yes_piecewise,False,2,piecewise_lags_4_sinusoidal_yes,0.37,0.161,528.029,536.823,True,True,False,0.539,0.097,0,16.868,20.303,0.239,542.76945,,,,,,,4.399,0.764,1.014,1.022,0.916,0.245
PRHPA-Soybean_yearly_True_window_2_lags_none_sinusoidal_no_piecewise,True,2,piecewise_lags_none_sinusoidal_no,0.166,0.666,597.801,602.552,True,True,False,0.604,0.03,0,2.183,2.183,0.532,706.0660577888889,,,,,,,,,,,,
PRHPA-Soybean_yearly_True_window_2_lags_1_sinusoidal_no_piecewise,True,2,piecewise_lags_1_sinusoidal_no,0.285,0.007,575.588,581.81,True,True,False,0.616,0.144,0,1.42,1.509,0.145,828.5244123101011,1.089,0.585,,,,,,,,,,
PRHPA-Soybean_yearly_True_window_2_lags_2_sinusoidal_no_piecewise,True,2,piecewise_lags_2_sinusoidal_no,0.259,0.055,559.062,565.168,True,True,False,0.588,0.157,0,1.413,1.606,0.202,830.6502348266667,,,1.193,0.629,,,,,,,,
PRHPA-Soybean_yearly_True_window_2_lags_3_sinusoidal_no_piecewise,True,2,piecewise_lags_3_sinusoidal_no,0.222,0.237,546.575,552.561,True,True,False,0.493,-0.019,0,1.321,1.649,0.498,831.7591447288889,,,,,1.328,0.544,,,,,,
PRHPA-Soybean_yearly_True_window_2_lags_4_sinusoidal_no_piecewise,True,2,piecewise_lags_4_sinusoidal_no,0.336,0.109,525.744,531.607,True,True,False,0.52,0.17,0,16.32,19.601,0.181,542.76945,,,,,,,4.281,0.896,,,,
PRHPA-Soybean_yearly_True_window_2_lags_none_sinusoidal_yes_piecewise,True,2,piecewise_lags_none_sinusoidal_yes,0.201,0.849,600.258,608.176,True,True,False,0.631,-0.005,0,2.627,3.002,0.389,706.0660577888889,,,,,,,,,1.181,1.195,0.646,0.259
PRHPA-Soybean_yearly_True_window_2_lags_1_sinusoidal_yes_piecewise,True,2,piecewise_lags_1_sinusoidal_yes,0.371,0.24,575.083,584.415,True,True,False,0.592,0.174,0,1.489,1.756,0.248,828.5244123101011,1.104,0.229,,,,,,,1.162,1.001,0.182,0.09
PRHPA-Soybean_yearly_True_window_2_lags_2_sinusoidal_yes_piecewise,True,2,piecewise_lags_2_sinusoidal_yes,0.328,0.371,559.744,568.903,True,False,False,0.584,-0.099,0,1.5,1.944,0.368,830.6502348266667,,,1.234,0.355,,,,,1.18,1.03,0.45,0.131
PRHPA-Soybean_yearly_True_window_2_lags_3_sinusoidal_yes_piecewise,True,2,piecewise_lags_3_sinusoidal_yes,0.313,0.321,546.47,555.45,True,True,False,0.523,-0.138,0,1.326,1.674,0.511,831.7591447288889,,,,,1.333,0.499,,,1.015,1.0,0.827,0.071
PRHPA-Soybean_yearly_True_window_2_lags_4_sinusoidal_yes_piecewise,True,2,piecewise_lags_4_sinusoidal_yes,0.37,0.161,528.029,536.823,True,True,False,0.539,0.097,0,16.868,20.303,0.239,542.76945,,,,,,,4.399,0.764,1.014,1.022,0.916,0.245
PRHPA-Soybean_yearly_False_window_3_lags_none_sinusoidal_no_piecewise,False,3,piecewise_lags_none_sinusoidal_no,0.172,0.101,582.041,586.791,False,True,False,0.376,0.091,0,1.148,1.148,0.352,856.4023361833333,,,,,,,,,,,,
PRHPA-Soybean_yearly_False_window_3_lags_1_sinusoidal_no_piecewise,False,3,piecewise_lags_1_sinusoidal_no,0.225,0.205,567.602,573.824,True,True,False,0.364,0.038,0,1.36,1.481,0.353,823.6596441148822,1.121,0.686,,,,,,,,,,
PRHPA-Soybean_yearly_False_window_3_lags_2_sinusoidal_no_piecewise,False,3,piecewise_lags_2_sinusoidal_no,0.168,0.476,553.956,560.061,True,True,False,0.309,0.033,0,6.812,7.567,0.53,575.0331666666667,,,1.755,0.483,,,,,,,,
PRHPA-Soybean_yearly_False_window_3_lags_3_sinusoidal_no_piecewise,False,3,piecewise_lags_3_sinusoidal_no,0.229,0.528,538.353,544.339,True,True,False,0.34,-0.146,0,1.305,1.64,0.472,822.5975111111111,,,,,1.334,0.566,,,,,,
PRHPA-Soybean_yearly_False_window_3_lags_4_sinusoidal_no_piecewise,False,3,piecewise_lags_4_sinusoidal_no,0.29,0.101,517.938,523.801,True,True,False,0.354,0.163,0,15.178,18.909,0.147,575.526805050505,,,,,,,4.73,0.757,,,,
PRHPA-Soybean_yearly_False_window_3_lags_none_sinusoidal_yes_piecewise,False,3,piecewise_lags_none_sinusoidal_yes,0.255,0.848,582.234,590.151,True,True,False,0.394,0.099,0,1.162,1.262,0.349,856.4023361833333,,,,,,,,,1.001,1.098,0.941,0.077
PRHPA-Soybean_yearly_False_window_3_lags_1_sinusoidal_yes_piecewise,False,3,piecewise_lags_1_sinusoidal_yes,0.328,0.987,566.626,575.958,True,True,False,0.372,-0.103,0,1.434,1.785,0.304,823.6596441148822,1.146,0.315,,,,,,,1.139,1.066,0.51,0.044
PRHPA-Soybean_yearly_False_window_3_lags_2_sinusoidal_yes_piecewise,False,3,piecewise_lags_2_sinusoidal_yes,0.287,0.497,552.732,561.89,True,True,False,0.325,-0.066,0,10.655,12.57,0.508,575.0331666666667,,,2.254,0.3,,,,,1.563,1.098,0.773,0.04
PRHPA-Soybean_yearly_False_window_3_lags_3_sinusoidal_yes_piecewise,False,3,piecewise_lags_3_sinusoidal_yes,0.309,0.76,538.715,547.694,True,True,False,0.311,-0.183,0,1.308,1.651,0.44,822.5975111111111,,,,,1.337,0.436,,,1.006,1.001,0.904,0.087
PRHPA-Soybean_yearly_False_window_3_lags_4_sinusoidal_yes_piecewise,False,3,piecewise_lags_4_sinusoidal_yes,0.336,0.137,519.825,528.619,True,True,False,0.344,-0.039,0,15.541,19.393,0.182,575.526805050505,,,,,,,4.826,0.65,1.019,1.006,0.844,0.199
PRHPA-Soybean_yearly_True_window_3_lags_none_sinusoidal_no_piecewise,True,3,piecewise_lags_none_sinusoidal_no,0.172,0.101,582.041,586.791,False,True,False,0.376,0.091,0,1.148,1.148,0.352,856.4023361833333,,,,,,,,,,,,
PRHPA-Soybean_yearly_True_window_3_lags_1_sinusoidal_no_piecewise,True,3,piecewise_lags_1_sinusoidal_no,0.225,0.205,567.602,573.824,True,True,False,0.364,0.038,0,1.36,1.481,0.353,823.6596441148822,1.121,0.686,,,,,,,,,,
PRHPA-Soybean_yearly_True_window_3_lags_2_sinusoidal_no_piecewise,True,3,piecewise_lags_2_sinusoidal_no,0.168,0.476,553.956,560.061,True,True,False,0.309,0.033,0,6.812,7.567,0.53,575.0331666666667,,,1.755,0.483,,,,,,,,
PRHPA-Soybean_yearly_True_window_3_lags_3_sinusoidal_no_piecewise,True,3,piecewise_lags_3_sinusoidal_no,0.229,0.528,538.353,544.339,True,True,False,0.34,-0.146,0,1.305,1.64,0.472,822.5975111111111,,,,,1.334,0.566,,,,,,
PRHPA-Soybean_yearly_True_window_3_lags_4_sinusoidal_no_piecewise,True,3,piecewise_lags_4_sinusoidal_no,0.29,0.101,517.938,523.801,True,True,False,0.354,0.163,0,15.178,18.909,0.147,575.526805050505,,,,,,,4.73,0.757,,,,
PRHPA-Soybean_yearly_True_window_3_lags_none_sinusoidal_yes_piecewise,True,3,piecewise_lags_none_sinusoidal_yes,0.255,0.848,582.234,590.151,True,True,False,0.394,0.099,0,1.162,1.262,0.349,856.4023361833333,,,,,,,,,1.001,1.098,0.941,0.077
PRHPA-Soybean_yearly_True_window_3_lags_1_sinusoidal_yes_piecewise,True,3,piecewise_lags_1_sinusoidal_yes,0.328,0.987,566.626,575.958,True,True,False,0.372,-0.103,0,1.434,1.785,0.304,823.6596441148822,1.146,0.315,,,,,,,1.139,1.066,0.51,0.044
PRHPA-Soybean_yearly_True_window_3_lags_2_sinusoidal_yes_piecewise,True,3,piecewise_lags_2_sinusoidal_yes,0.287,0.497,552.732,561.89,True,True,False,0.325,-0.066,0,10.655,12.57,0.508,575.0331666666667,,,2.254,0.3,,,,,1.563,1.098,0.773,0.04
PRHPA-Soybean_yearly_True_window_3_lags_3_sinusoidal_yes_piecewise,True,3,piecewise_lags_3_sinusoidal_yes,0.309,0.76,538.715,547.694,True,True,False,0.311,-0.183,0,1.308,1.651,0.44,822.5975111111111,,,,,1.337,0.436,,,1.006,1.001,0.904,0.087
PRHPA-Soybean_yearly_True_window_3_lags_4_sinusoidal_yes_piecewise,True,3,piecewise_lags_4_sinusoidal_yes,0.336,0.137,519.825,528.619,True,True,False,0.344,-0.039,0,15.541,19.393,0.182,575.526805050505,,,,,,,4.826,0.65,1.019,1.006,0.844,0.199
PRHPA-Soybean_yearly_False_window_4_lags_none_sinusoidal_no_piecewise,False,4,piecewise_lags_none_sinusoidal_no,0.115,0.37,576.566,581.317,True,True,False,0.351,-0.13,0,1.112,1.112,0.222,840.5730012250001,,,,,,,,,,,,
PRHPA-Soybean_yearly_False_window_4_lags_1_sinusoidal_no_piecewise,False,4,piecewise_lags_1_sinusoidal_no,0.201,0.848,560.96,567.182,True,True,False,0.33,-0.063,0,1.582,1.742,0.179,765.5420833733333,1.16,0.712,,,,,,,,,,
PRHPA-Soybean_yearly_False_window_4_lags_2_sinusoidal_no_piecewise,False,4,piecewise_lags_2_sinusoidal_no,0.109,0.486,549.763,555.869,True,True,False,0.261,-0.664,0,5.602,6.199,0.452,600.29645009,,,1.597,0.439,,,,,,,,
PRHPA-Soybean_yearly_False_window_4_lags_3_sinusoidal_no_piecewise,False,4,piecewise_lags_3_sinusoidal_no,0.222,0.339,534.434,540.42,True,True,False,0.326,-1.036,0,8.503,10.593,0.296,599.6595500599999,,,,,3.09,0.612,,,,,,
PRHPA-Soybean_yearly_False_window_4_lags_4_sinusoidal_no_piecewise,False,4,piecewise_lags_4_sinusoidal_no,0.286,0.104,513.9,519.763,True,True,False,0.258,0.207,0,16.478,20.643,0.145,587.0969999600001,,,,,,,5.165,0.6,,,,
PRHPA-Soybean_yearly_False_window_4_lags_none_sinusoidal_yes_piecewise,False,4,piecewise_lags_none_sinusoidal_yes,0.192,0.754,577.298,585.216,True,True,False,0.34,-0.196,0,1.125,1.241,0.248,840.5730012250001,,,,,,,,,1.034,1.081,0.455,0.1
PRHPA-Soybean_yearly_False_window_4_lags_1_sinusoidal_yes_piecewise,False,4,piecewise_lags_1_sinusoidal_yes,0.279,0.622,561.335,570.667,True,True,False,0.318,-0.227,0,1.882,2.638,0.224,765.5420833733333,1.242,0.398,,,,,,,1.468,1.046,0.296,0.115
PRHPA-Soybean_yearly_False_window_4_lags_2_sinusoidal_yes_piecewise,False,4,piecewise_lags_2_sinusoidal_yes,0.206,0.821,549.834,558.992,True,True,False,0.222,-0.39,0,9.078,10.881,0.82,600.29645009,,,2.048,0.304,,,,,1.75,1.005,0.547,0.083
PRHPA-Soybean_yearly_False_window_4_lags_3_sinusoidal_yes_piecewise,False,4,piecewise_lags_3_sinusoidal_yes,0.258,0.424,536.865,545.844,True,False,False,0.276,-1.903,0,10.342,13.19,0.389,599.6595500599999,,,,,3.602,0.662,,,1.242,1.004,0.878,0.273
PRHPA-Soybean_yearly_False_window_4_lags_4_sinusoidal_yes_piecewise,False,4,piecewise_lags_4_sinusoidal_yes,0.323,0.096,516.171,524.965,True,False,False,0.248,-0.006,0,16.858,21.15,0.123,587.0969999600001,,,,,,,5.268,0.545,1.003,1.021,0.724,0.263
PRHPA-Soybean_yearly_True_window_4_lags_none_sinusoidal_no_piecewise,True,4,piecewise_lags_none_sinusoidal_no,0.115,0.37,576.566,581.317,True,True,False,0.351,-0.13,0,1.112,1.112,0.222,840.5730012250001,,,,,,,,,,,,
PRHPA-Soybean_yearly_True_window_4_lags_1_sinusoidal_no_piecewise,True,4,piecewise_lags_1_sinusoidal_no,0.201,0.848,560.96,567.182,True,True,False,0.33,-0.063,0,1.582,1.742,0.179,765.5420833733333,1.16,0.712,,,,,,,,,,
PRHPA-Soybean_yearly_True_window_4_lags_2_sinusoidal_no_piecewise,True,4,piecewise_lags_2_sinusoidal_no,0.109,0.486,549.763,555.869,True,True,False,0.261,-0.664,0,5.602,6.199,0.452,600.29645009,,,1.597,0.439,,,,,,,,
PRHPA-Soybean_yearly_True_window_4_lags_3_sinusoidal_no_piecewise,True,4,piecewise_lags_3_sinusoidal_no,0.222,0.339,534.434,540.42,True,True,False,0.326,-1.036,0,8.503,10.593,0.296,599.6595500599999,,,,,3.09,0.612,,,,,,
PRHPA-Soybean_yearly_True_window_4_lags_4_sinusoidal_no_piecewise,True,4,piecewise_lags_4_sinusoidal_no,0.286,0.104,513.9,519.763,True,True,False,0.258,0.207,0,16.478,20.643,0.145,587.0969999600001,,,,,,,5.165,0.6,,,,
PRHPA-Soybean_yearly_True_window_4_lags_none_sinusoidal_yes_piecewise,True,4,piecewise_lags_none_sinusoidal_yes,0.192,0.754,577.298,585.216,True,True,False,0.34,-0.196,0,1.125,1.241,0.248,840.5730012250001,,,,,,,,,1.034,1.081,0.455,0.1
PRHPA-Soybean_yearly_True_window_4_lags_1_sinusoidal_yes_piecewise,True,4,piecewise_lags_1_sinusoidal_yes,0.279,0.622,561.335,570.667,True,True,False,0.318,-0.227,0,1.882,2.638,0.224,765.5420833733333,1.242,0.398,,,,,,,1.468,1.046,0.296,0.115
PRHPA-Soybean_yearly_True_window_4_lags_2_sinusoidal_yes_piecewise,True,4,piecewise_lags_2_sinusoidal_yes,0.206,0.821,549.834,558.992,True,True,False,0.222,-0.39,0,9.078,10.881,0.82,600.29645009,,,2.048,0.304,,,,,1.75,1.005,0.547,0.083
PRHPA-Soybean_yearly_True_window_4_lags_3_sinusoidal_yes_piecewise,True,4,piecewise_lags_3_sinusoidal_yes,0.258,0.424,536.865,545.844,True,False,False,0.276,-1.903,0,10.342,13.19,0.389,599.6595500599999,,,,,3.602,0.662,,,1.242,1.004,0.878,0.273
PRHPA-Soybean_yearly_True_window_4_lags_4_sinusoidal_yes_piecewise,True,4,piecewise_lags_4_sinusoidal_yes,0.323,0.096,516.171,524.965,True,False,False,0.248,-0.006,0,16.858,21.15,0.123,587.0969999600001,,,,,,,5.268,0.545,1.003,1.021,0.724,0.263
PRHPA-Soybean_yearly_False_window_5_lags_none_sinusoidal_no_piecewise,False,5,piecewise_lags_none_sinusoidal_no,0.072,0.707,572.129,576.879,True,True,False,0.19,-0.157,0,1.318,1.318,0.191,769.4849909090909,,,,,,,,,,,,
PRHPA-Soybean_yearly_False_window_5_lags_1_sinusoidal_no_piecewise,False,5,piecewise_lags_1_sinusoidal_no,0.153,0.663,555.02,561.241,True,True,False,0.24,-0.307,0,1.302,1.354,0.08,764.4603040808081,1.052,0.611,,,,,,,,,,
PRHPA-Soybean_yearly_False_window_5_lags_2_sinusoidal_no_piecewise,False,5,piecewise_lags_2_sinusoidal_no,0.239,0.338,539.408,545.513,True,True,False,0.333,0.069,0,1.223,1.379,0.019,784.4530394747476,,,1.156,0.316,,,,,,,,
PRHPA-Soybean_yearly_False_window_5_lags_3_sinusoidal_no_piecewise,False,5,piecewise_lags_3_sinusoidal_no,0.254,0.752,526.539,532.525,True,True,False,0.284,0.102,0,1.17,1.352,0.087,800.022392,,,,,1.182,0.183,,,,,,
PRHPA-Soybean_yearly_False_window_5_lags_4_sinusoidal_no_piecewise,False,5,piecewise_lags_4_sinusoidal_no,0.24,0.804,508.688,514.551,True,True,False,0.268,0.154,0,1.183,1.426,0.092,800.315516,,,,,,,1.242,0.369,,,,
PRHPA-Soybean_yearly_False_window_5_lags_none_sinusoidal_yes_piecewise,False,5,piecewise_lags_none_sinusoidal_yes,0.14,0.376,573.385,581.303,True,True,False,0.171,-0.293,0,1.45,1.864,0.3,769.4849909090909,,,,,,,,,1.018,1.396,0.876,0.136
PRHPA-Soybean_yearly_False_window_5_lags_1_sinusoidal_yes_piecewise,False,5,piecewise_lags_1_sinusoidal_yes,0.209,0.381,556.617,565.949,True,True,False,0.198,-0.753,0,1.413,1.849,0.124,764.4603040808081,1.071,0.459,,,,,,,1.184,1.182,0.658,0.163
PRHPA-Soybean_yearly_False_window_5_lags_2_sinusoidal_yes_piecewise,False,5,piecewise_lags_2_sinusoidal_yes,0.277,0.241,541.679,550.837,True,True,False,0.289,-0.092,0,1.261,1.614,0.032,784.4530394747476,,,1.182,0.23,,,,,1.109,1.061,0.663,0.249
PRHPA-Soybean_yearly_False_window_5_lags_3_sinusoidal_yes_piecewise,False,5,piecewise_lags_3_sinusoidal_yes,0.265,0.699,530.044,539.023,True,True,False,0.254,-0.108,0,1.18,1.436,0.117,800.022392,,,,,1.193,0.179,,,1.042,1.02,0.812,0.552
PRHPA-Soybean_yearly_False_window_5_lags_4_sinusoidal_yes_piecewise,False,5,piecewise_lags_4_sinusoidal_yes,0.25,0.798,512.254,521.049,True,False,False,0.243,-0.025,0,1.187,1.456,0.12,800.315516,,,,,,,1.248,0.368,1.001,1.02,0.873,0.572
PRHPA-Soybean_yearly_True_window_5_lags_none_sinusoidal_no_piecewise,True,5,piecewise_lags_none_sinusoidal_no,0.072,0.707,572.129,576.879,True,True,False,0.19,-0.157,0,1.318,1.318,0.191,769.4849909090909,,,,,,,,,,,,
PRHPA-Soybean_yearly_True_window_5_lags_1_sinusoidal_no_piecewise,True,5,piecewise_lags_1_sinusoidal_no,0.153,0.663,555.02,561.241,True,True,False,0.24,-0.307,0,1.302,1.354,0.08,764.4603040808081,1.052,0.611,,,,,,,,,,
PRHPA-Soybean_yearly_True_window_5_lags_2_sinusoidal_no_piecewise,True,5,piecewise_lags_2_sinusoidal_no,0.239,0.338,539.408,545.513,True,True,False,0.333,0.069,0,1.223,1.379,0.019,784.4530394747476,,,1.156,0.316,,,,,,,,
PRHPA-Soybean_yearly_True_window_5_lags_3_sinusoidal_no_piecewise,True,5,piecewise_lags_3_sinusoidal_no,0.254,0.752,526.539,532.525,True,True,False,0.284,0.102,0,1.17,1.352,0.087,800.022392,,,,,1.182,0.183,,,,,,
PRHPA-Soybean_yearly_True_window_5_lags_4_sinusoidal_no_piecewise,True,5,piecewise_lags_4_sinusoidal_no,0.24,0.804,508.688,514.551,True,True,False,0.268,0.154,0,1.183,1.426,0.092,800.315516,,,,,,,1.242,0.369,,,,
PRHPA-Soybean_yearly_True_window_5_lags_none_sinusoidal_yes_piecewise,True,5,piecewise_lags_none_sinusoidal_yes,0.14,0.376,573.385,581.303,True,True,False,0.171,-0.293,0,1.45,1.864,0.3,769.4849909090909,,,,,,,,,1.018,1.396,0.876,0.136
PRHPA-Soybean_yearly_True_window_5_lags_1_sinusoidal_yes_piecewise,True,5,piecewise_lags_1_sinusoidal_yes,0.209,0.381,556.617,565.949,True,True,False,0.198,-0.753,0,1.413,1.849,0.124,764.4603040808081,1.071,0.459,,,,,,,1.184,1.182,0.658,0.163
PRHPA-Soybean_yearly_True_window_5_lags_2_sinusoidal_yes_piecewise,True,5,piecewise_lags_2_sinusoidal_yes,0.277,0.241,541.679,550.837,True,True,False,0.289,-0.092,0,1.261,1.614,0.032,784.4530394747476,,,1.182,0.23,,,,,1.109,1.061,0.663,0.249
PRHPA-Soybean_yearly_True_window_5_lags_3_sinusoidal_yes_piecewise,True,5,piecewise_lags_3_sinusoidal_yes,0.265,0.699,530.044,539.023,True,True,False,0.254,-0.108,0,1.18,1.436,0.117,800.022392,,,,,1.193,0.179,,,1.042,1.02,0.812,0.552
PRHPA-Soybean_yearly_True_window_5_lags_4_sinusoidal_yes_piecewise,True,5,piecewise_lags_4_sinusoidal_yes,0.25,0.798,512.254,521.049,True,False,False,0.243,-0.025,0,1.187,1.456,0.12,800.315516,,,,,,,1.248,0.368,1.001,1.02,0.873,0.572
PRHPA-Soybean_yearly_False_window_6_lags_none_sinusoidal_no_piecewise,False,6,piecewise_lags_none_sinusoidal_no,0.037,0.418,568.185,572.936,True,True,False,0.199,-0.247,0,1.467,1.467,0.274,730.7428073851852,,,,,,,,,,,,
PRHPA-Soybean_yearly_False_window_6_lags_1_sinusoidal_no_piecewise,False,6,piecewise_lags_1_sinusoidal_no,0.111,0.336,550.335,556.556,True,True,False,0.218,-0.088,0,1.422,1.427,0.098,730.2300439200674,1.005,0.466,,,,,,,,,,
PRHPA-Soybean_yearly_False_window_6_lags_2_sinusoidal_no_piecewise,False,6,piecewise_lags_2_sinusoidal_no,0.205,0.314,536.708,542.814,True,True,False,0.274,-0.007,0,1.16,1.29,0.035,792.4484066666665,,,1.129,0.257,,,,,,,,
PRHPA-Soybean_yearly_False_window_6_lags_3_sinusoidal_no_piecewise,False,6,piecewise_lags_3_sinusoidal_no,0.241,0.819,524.487,530.473,True,True,False,0.206,-0.075,0,1.17,1.359,0.193,793.5583933333332,,,,,1.189,0.128,,,,,,
PRHPA-Soybean_yearly_False_window_6_lags_4_sinusoidal_no_piecewise,False,6,piecewise_lags_4_sinusoidal_no,0.259,0.097,505.01,510.873,True,True,False,0.229,-0.135,0,8.787,10.553,0.094,625.6682843591111,,,,,,,2.767,0.57,,,,
PRHPA-Soybean_yearly_False_window_6_lags_none_sinusoidal_yes_piecewise,False,6,piecewise_lags_none_sinusoidal_yes,0.057,0.4,571.447,579.365,True,True,False,0.194,-0.408,0,1.683,2.145,0.415,730.7428073851852,,,,,,,,,1.166,1.295,0.884,0.429
PRHPA-Soybean_yearly_False_window_6_lags_1_sinusoidal_yes_piecewise,False,6,piecewise_lags_1_sinusoidal_yes,0.12,0.337,553.97,563.302,True,True,False,0.202,-0.292,0,1.614,2.074,0.176,730.2300439200674,1.007,0.46,,,,,,,1.305,1.148,0.684,0.668
PRHPA-Soybean_yearly_False_window_6_lags_2_sinusoidal_yes_piecewise,False,6,piecewise_lags_2_sinusoidal_yes,0.211,0.299,540.463,549.621,True,True,False,0.261,-0.1,0,1.183,1.474,0.054,792.4484066666665,,,1.148,0.25,,,,,1.133,1.01,0.75,0.742
PRHPA-Soybean_yearly_False_window_6_lags_3_sinusoidal_yes_piecewise,False,6,piecewise_lags_3_sinusoidal_yes,0.242,0.809,528.466,537.445,True,True,False,0.208,-0.273,0,1.183,1.464,0.223,793.5583933333332,,,,,1.203,0.145,,,1.07,1.008,0.912,0.948
PRHPA-Soybean_yearly_False_window_6_lags_4_sinusoidal_yes_piecewise,False,6,piecewise_lags_4_sinusoidal_yes,0.27,0.09,508.522,517.316,True,True,False,0.219,-0.269,0,8.894,10.699,0.086,625.6682843591111,,,,,,,2.791,0.617,1.012,1.002,0.559,0.827
PRHPA-Soybean_yearly_True_window_6_lags_none_sinusoidal_no_piecewise,True,6,piecewise_lags_none_sinusoidal_no,0.037,0.418,568.185,572.936,True,True,False,0.199,-0.247,0,1.467,1.467,0.274,730.7428073851852,,,,,,,,,,,,
PRHPA-Soybean_yearly_True_window_6_lags_1_sinusoidal_no_piecewise,True,6,piecewise_lags_1_sinusoidal_no,0.111,0.336,550.335,556.556,True,True,False,0.218,-0.088,0,1.422,1.427,0.098,730.2300439200674,1.005,0.466,,,,,,,,,,
PRHPA-Soybean_yearly_True_window_6_lags_2_sinusoidal_no_piecewise,True,6,piecewise_lags_2_sinusoidal_no,0.205,0.314,536.708,542.814,True,True,False,0.274,-0.007,0,1.16,1.29,0.035,792.4484066666665,,,1.129,0.257,,,,,,,,
PRHPA-Soybean_yearly_True_window_6_lags_3_sinusoidal_no_piecewise,True,6,piecewise_lags_3_sinusoidal_no,0.241,0.819,524.487,530.473,True,True,False,0.206,-0.075,0,1.17,1.359,0.193,793.5583933333332,,,,,1.189,0.128,,,,,,
PRHPA-Soybean_yearly_True_window_6_lags_4_sinusoidal_no_piecewise,True,6,piecewise_lags_4_sinusoidal_no,0.259,0.097,505.01,510.873,True,True,False,0.229,-0.135,0,8.787,10.553,0.094,625.6682843591111,,,,,,,2.767,0.57,,,,
PRHPA-Soybean_yearly_True_window_6_lags_none_sinusoidal_yes_piecewise,True,6,piecewise_lags_none_sinusoidal_yes,0.057,0.4,571.447,579.365,True,True,False,0.194,-0.408,0,1.683,2.145,0.415,730.7428073851852,,,,,,,,,1.166,1.295,0.884,0.429
PRHPA-Soybean_yearly_True_window_6_lags_1_sinusoidal_yes_piecewise,True,6,piecewise_lags_1_sinusoidal_yes,0.12,0.337,553.97,563.302,True,True,False,0.202,-0.292,0,1.614,2.074,0.176,730.2300439200674,1.007,0.46,,,,,,,1.305,1.148,0.684,0.668
PRHPA-Soybean_yearly_True_window_6_lags_2_sinusoidal_yes_piecewise,True,6,piecewise_lags_2_sinusoidal_yes,0.211,0.299,540.463,549.621,True,True,False,0.261,-0.1,0,1.183,1.474,0.054,792.4484066666665,,,1.148,0.25,,,,,1.133,1.01,0.75,0.742
PRHPA-Soybean_yearly_True_window_6_lags_3_sinusoidal_yes_piecewise,True,6,piecewise_lags_3_sinusoidal_yes,0.242,0.809,528.466,537.445,True,True,False,0.208,-0.273,0,1.183,1.464,0.223,793.5583933333332,,,,,1.203,0.145,,,1.07,1.008,0.912,0.948
PRHPA-Soybean_yearly_True_window_6_lags_4_sinusoidal_yes_piecewise,True,6,piecewise_lags_4_sinusoidal_yes,0.27,0.09,508.522,517.316,True,True,False,0.219,-0.269,0,8.894,10.699,0.086,625.6682843591111,,,,,,,2.791,0.617,1.012,1.002,0.559,0.827
PRHPA-Soybean_yearly_False_window_7_lags_none_sinusoidal_no_piecewise,False,7,piecewise_lags_none_sinusoidal_no,0.154,0.025,559.854,564.605,True,True,False,0.197,-0.027,0,2.121,2.121,0.021,693.1241333333334,,,,,,,,,,,,
PRHPA-Soybean_yearly_False_window_7_lags_1_sinusoidal_no_piecewise,False,7,piecewise_lags_1_sinusoidal_no,0.292,0.005,537.479,543.7,False,True,False,0.364,0.103,0,2.109,2.11,0.002,693.2578785569985,1.001,0.196,,,,,,,,,,
PRHPA-Soybean_yearly_False_window_7_lags_2_sinusoidal_no_piecewise,False,7,piecewise_lags_2_sinusoidal_no,0.356,0.003,524.912,531.017,False,True,False,0.316,0.191,0,2.16,2.302,0.001,691.8284152380952,,,1.142,0.116,,,,,,,,
PRHPA-Soybean_yearly_False_window_7_lags_3_sinusoidal_no_piecewise,False,7,piecewise_lags_3_sinusoidal_no,0.217,0.329,519.7,525.686,True,False,False,0.201,0.12,0,2.35,2.761,0.245,694.4823433259336,,,,,1.412,0.051,,,,,,
PRHPA-Soybean_yearly_False_window_7_lags_4_sinusoidal_no_piecewise,False,7,piecewise_lags_4_sinusoidal_no,0.195,0.143,501.147,507.01,True,True,False,0.229,0.006,0,10.58,12.28,0.138,622.6564571428571,,,,,,,2.699,0.474,,,,
PRHPA-Soybean_yearly_False_window_7_lags_none_sinusoidal_yes_piecewise,False,7,piecewise_lags_none_sinusoidal_yes,0.182,0.018,562.603,570.52,True,True,False,0.233,-0.139,0,2.341,2.537,0.015,693.1241333333334,,,,,,,,,1.068,1.128,0.308,0.786
PRHPA-Soybean_yearly_False_window_7_lags_1_sinusoidal_yes_piecewise,False,7,piecewise_lags_1_sinusoidal_yes,0.308,0.005,540.701,550.033,True,True,False,0.39,0.06,0,2.295,2.465,0.002,693.2578785569985,1.001,0.204,,,,,,,1.097,1.071,0.437,0.8
PRHPA-Soybean_yearly_False_window_7_lags_2_sinusoidal_yes_piecewise,False,7,piecewise_lags_2_sinusoidal_yes,0.375,0.003,527.867,537.025,False,True,False,0.354,0.104,0,2.362,2.703,0.001,691.8284152380952,,,1.167,0.154,,,,,1.147,1.027,0.36,0.863
PRHPA-Soybean_yearly_False_window_7_lags_3_sinusoidal_yes_piecewise,False,7,piecewise_lags_3_sinusoidal_yes,0.217,0.352,523.677,532.656,True,False,False,0.199,-0.041,0,2.545,3.161,0.285,694.4823433259336,,,,,1.471,0.061,,,1.142,1.003,0.937,0.913
PRHPA-Soybean_yearly_False_window_7_lags_4_sinusoidal_yes_piecewise,False,7,piecewise_lags_4_sinusoidal_yes,0.202,0.142,504.893,513.687,False,True,False,0.235,-0.546,0,10.62,12.331,0.137,622.6564571428571,,,,,,,2.706,0.511,1.004,1.0,0.678,0.848
PRHPA-Soybean_yearly_True_window_7_lags_none_sinusoidal_no_piecewise,True,7,piecewise_lags_none_sinusoidal_no,0.154,0.025,559.854,564.605,True,True,False,0.197,-0.027,0,2.121,2.121,0.021,693.1241333333334,,,,,,,,,,,,
PRHPA-Soybean_yearly_True_window_7_lags_1_sinusoidal_no_piecewise,True,7,piecewise_lags_1_sinusoidal_no,0.292,0.005,537.479,543.7,False,True,False,0.364,0.103,0,2.109,2.11,0.002,693.2578785569985,1.001,0.196,,,,,,,,,,
PRHPA-Soybean_yearly_True_window_7_lags_2_sinusoidal_no_piecewise,True,7,piecewise_lags_2_sinusoidal_no,0.356,0.003,524.912,531.017,False,True,False,0.316,0.191,0,2.16,2.302,0.001,691.8284152380952,,,1.142,0.116,,,,,,,,
PRHPA-Soybean_yearly_True_window_7_lags_3_sinusoidal_no_piecewise,True,7,piecewise_lags_3_sinusoidal_no,0.217,0.329,519.7,525.686,True,False,False,0.201,0.12,0,2.35,2.761,0.245,694.4823433259336,,,,,1.412,0.051,,,,,,
PRHPA-Soybean_yearly_True_window_7_lags_4_sinusoidal_no_piecewise,True,7,piecewise_lags_4_sinusoidal_no,0.195,0.143,501.147,507.01,True,True,False,0.229,0.006,0,10.58,12.28,0.138,622.6564571428571,,,,,,,2.699,0.474,,,,
PRHPA-Soybean_yearly_True_window_7_lags_none_sinusoidal_yes_piecewise,True,7,piecewise_lags_none_sinusoidal_yes,0.182,0.018,562.603,570.52,True,True,False,0.233,-0.139,0,2.341,2.537,0.015,693.1241333333334,,,,,,,,,1.068,1.128,0.308,0.786
PRHPA-Soybean_yearly_True_window_7_lags_1_sinusoidal_yes_piecewise,True,7,piecewise_lags_1_sinusoidal_yes,0.308,0.005,540.701,550.033,True,True,False,0.39,0.06,0,2.295,2.465,0.002,693.2578785569985,1.001,0.204,,,,,,,1.097,1.071,0.437,0.8
PRHPA-Soybean_yearly_True_window_7_lags_2_sinusoidal_yes_piecewise,True,7,piecewise_lags_2_sinusoidal_yes,0.375,0.003,527.867,537.025,False,True,False,0.354,0.104,0,2.362,2.703,0.001,691.8284152380952,,,1.167,0.154,,,,,1.147,1.027,0.36,0.863
PRHPA-Soybean_yearly_True_window_7_lags_3_sinusoidal_yes_piecewise,True,7,piecewise_lags_3_sinusoidal_yes,0.217,0.352,523.677,532.656,True,False,False,0.199,-0.041,0,2.545,3.161,0.285,694.4823433259336,,,,,1.471,0.061,,,1.142,1.003,0.937,0.913
PRHPA-Soybean_yearly_True_window_7_lags_4_sinusoidal_yes_piecewise,True,7,piecewise_lags_4_sinusoidal_yes,0.202,0.142,504.893,513.687,False,True,False,0.235,-0.546,0,10.62,12.331,0.137,622.6564571428571,,,,,,,2.706,0.511,1.004,1.0,0.678,0.848
PRHPA-Soybean_yearly_False_window_8_lags_none_sinusoidal_no_piecewise,False,8,piecewise_lags_none_sinusoidal_no,0.155,0.02,557.18,561.931,True,False,False,0.144,-0.029,0,2.677,2.677,0.021,680.2225617787302,,,,,,,,,,,,
PRHPA-Soybean_yearly_False_window_8_lags_1_sinusoidal_no_piecewise,False,8,piecewise_lags_1_sinusoidal_no,0.318,0.003,532.317,538.538,True,True,False,0.358,0.172,0,2.762,2.774,0.001,680.2937711482828,1.012,0.167,,,,,,,,,,
PRHPA-Soybean_yearly_False_window_8_lags_2_sinusoidal_no_piecewise,False,8,piecewise_lags_2_sinusoidal_no,0.405,0.001,520.313,526.419,True,True,False,0.329,0.309,0,2.766,3.037,0.001,682.9876999999999,,,1.272,0.105,,,,,,,,
PRHPA-Soybean_yearly_False_window_8_lags_3_sinusoidal_no_piecewise,False,8,piecewise_lags_3_sinusoidal_no,0.266,0.825,516.712,522.698,True,False,False,0.21,-3.02,0,6.123,7.016,0.818,633.6498600079999,,,,,1.893,0.08,,,,,,
PRHPA-Soybean_yearly_False_window_8_lags_4_sinusoidal_no_piecewise,False,8,piecewise_lags_4_sinusoidal_no,0.304,0.231,495.388,501.251,True,True,False,0.195,0.187,0,7.614,8.894,0.199,632.6761,,,,,,,2.28,0.277,,,,
PRHPA-Soybean_yearly_False_window_8_lags_none_sinusoidal_yes_piecewise,False,8,piecewise_lags_none_sinusoidal_yes,0.192,0.014,559.566,567.483,True,True,False,0.173,-0.061,0,2.724,2.752,0.013,680.2225617787302,,,,,,,,,1.022,1.006,0.305,0.547
PRHPA-Soybean_yearly_False_window_8_lags_1_sinusoidal_yes_piecewise,False,8,piecewise_lags_1_sinusoidal_yes,0.341,0.002,535.133,544.465,True,True,False,0.392,0.113,0,2.814,2.856,0.001,680.2937711482828,1.013,0.179,,,,,,,1.029,1.0,0.335,0.841
PRHPA-Soybean_yearly_False_window_8_lags_2_sinusoidal_yes_piecewise,False,8,piecewise_lags_2_sinusoidal_yes,0.424,0.001,523.196,532.355,True,True,False,0.36,0.26,0,2.83,3.148,0.001,682.9876999999999,,,1.281,0.133,,,,,1.036,1.0,0.348,0.892
PRHPA-Soybean_yearly_False_window_8_lags_3_sinusoidal_yes_piecewise,False,8,piecewise_lags_3_sinusoidal_yes,0.269,0.823,520.553,529.532,True,True,False,0.206,-2.921,0,6.224,7.154,0.813,633.6498600079999,,,,,1.911,0.091,,,1.019,1.0,0.779,0.833
PRHPA-Soybean_yearly_False_window_8_lags_4_sinusoidal_yes_piecewise,False,8,piecewise_lags_4_sinusoidal_yes,0.317,0.189,498.805,507.6,False,True,False,0.205,-0.278,0,7.703,9.014,0.163,632.6761,,,,,,,2.297,0.37,1.007,1.006,0.868,0.509
PRHPA-Soybean_yearly_True_window_8_lags_none_sinusoidal_no_piecewise,True,8,piecewise_lags_none_sinusoidal_no,0.155,0.02,557.18,561.931,True,False,False,0.144,-0.029,0,2.677,2.677,0.021,680.2225617787302,,,,,,,,,,,,
PRHPA-Soybean_yearly_True_window_8_lags_1_sinusoidal_no_piecewise,True,8,piecewise_lags_1_sinusoidal_no,0.318,0.003,532.317,538.538,True,True,False,0.358,0.172,0,2.762,2.774,0.001,680.2937711482828,1.012,0.167,,,,,,,,,,
PRHPA-Soybean_yearly_True_window_8_lags_2_sinusoidal_no_piecewise,True,8,piecewise_lags_2_sinusoidal_no,0.405,0.001,520.313,526.419,True,True,False,0.329,0.309,0,2.766,3.037,0.001,682.9876999999999,,,1.272,0.105,,,,,,,,
PRHPA-Soybean_yearly_True_window_8_lags_3_sinusoidal_no_piecewise,True,8,piecewise_lags_3_sinusoidal_no,0.266,0.825,516.712,522.698,True,False,False,0.21,-3.02,0,6.123,7.016,0.818,633.6498600079999,,,,,1.893,0.08,,,,,,
PRHPA-Soybean_yearly_True_window_8_lags_4_sinusoidal_no_piecewise,True,8,piecewise_lags_4_sinusoidal_no,0.304,0.231,495.388,501.251,True,True,False,0.195,0.187,0,7.614,8.894,0.199,632.6761,,,,,,,2.28,0.277,,,,
PRHPA-Soybean_yearly_True_window_8_lags_none_sinusoidal_yes_piecewise,True,8,piecewise_lags_none_sinusoidal_yes,0.192,0.014,559.566,567.483,True,True,False,0.173,-0.061,0,2.724,2.752,0.013,680.2225617787302,,,,,,,,,1.022,1.006,0.305,0.547
PRHPA-Soybean_yearly_True_window_8_lags_1_sinusoidal_yes_piecewise,True,8,piecewise_lags_1_sinusoidal_yes,0.341,0.002,535.133,544.465,True,True,False,0.392,0.113,0,2.814,2.856,0.001,680.2937711482828,1.013,0.179,,,,,,,1.029,1.0,0.335,0.841
PRHPA-Soybean_yearly_True_window_8_lags_2_sinusoidal_yes_piecewise,True,8,piecewise_lags_2_sinusoidal_yes,0.424,0.001,523.196,532.355,True,True,False,0.36,0.26,0,2.83,3.148,0.001,682.9876999999999,,,1.281,0.133,,,,,1.036,1.0,0.348,0.892
PRHPA-Soybean_yearly_True_window_8_lags_3_sinusoidal_yes_piecewise,True,8,piecewise_lags_3_sinusoidal_yes,0.269,0.823,520.553,529.532,True,True,False,0.206,-2.921,0,6.224,7.154,0.813,633.6498600079999,,,,,1.911,0.091,,,1.019,1.0,0.779,0.833
PRHPA-Soybean_yearly_True_window_8_lags_4_sinusoidal_yes_piecewise,True,8,piecewise_lags_4_sinusoidal_yes,0.317,0.189,498.805,507.6,False,True,False,0.205,-0.278,0,7.703,9.014,0.163,632.6761,,,,,,,2.297,0.37,1.007,1.006,0.868,0.509
PRHPA-Soybean_yearly_False_window_9_lags_none_sinusoidal_no_piecewise,False,9,piecewise_lags_none_sinusoidal_no,0.112,0.06,557.637,562.387,False,False,False,0.12,-0.104,0,2.933,2.933,0.05,678.682520147231,,,,,,,,,,,,
PRHPA-Soybean_yearly_False_window_9_lags_1_sinusoidal_no_piecewise,False,9,piecewise_lags_1_sinusoidal_no,0.236,0.032,534.1,540.322,False,True,False,0.283,0.096,0,2.782,2.843,0.022,679.6391210389611,1.061,0.115,,,,,,,,,,
PRHPA-Soybean_yearly_False_window_9_lags_2_sinusoidal_no_piecewise,False,9,piecewise_lags_2_sinusoidal_no,0.296,0.017,522.887,528.992,False,True,False,0.256,0.169,0,2.814,3.168,0.015,684.1607793939394,,,1.354,0.069,,,,,,,,
PRHPA-Soybean_yearly_False_window_9_lags_3_sinusoidal_no_piecewise,False,9,piecewise_lags_3_sinusoidal_no,0.35,0.057,508.264,514.25,True,True,False,0.427,0.26,0,6.65,7.611,0.058,638.2583554755555,,,,,1.961,0.006,,,,,,
PRHPA-Soybean_yearly_False_window_9_lags_4_sinusoidal_no_piecewise,False,9,piecewise_lags_4_sinusoidal_no,0.332,0.882,490.025,495.888,True,True,False,0.273,0.276,0,1.145,1.413,0.154,762.468267429854,,,,,,,1.269,0.012,,,,
PRHPA-Soybean_yearly_False_window_9_lags_none_sinusoidal_yes_piecewise,False,9,piecewise_lags_none_sinusoidal_yes,0.169,0.033,559.257,567.174,True,True,False,0.131,-0.11,0,3.005,3.042,0.029,678.682520147231,,,,,,,,,1.011,1.027,0.528,0.2
PRHPA-Soybean_yearly_False_window_9_lags_1_sinusoidal_yes_piecewise,False,9,piecewise_lags_1_sinusoidal_yes,0.265,0.025,536.763,546.095,True,True,False,0.291,-0.074,0,2.838,2.933,0.018,679.6391210389611,1.063,0.117,,,,,,,1.001,1.03,0.433,0.483
PRHPA-Soybean_yearly_False_window_9_lags_2_sinusoidal_yes_piecewise,False,9,piecewise_lags_2_sinusoidal_yes,0.315,0.019,525.936,535.095,True,True,False,0.279,0.066,0,2.816,3.171,0.017,684.1607793939394,,,1.354,0.073,,,,,1.001,1.0,0.381,0.963
PRHPA-Soybean_yearly_False_window_9_lags_3_sinusoidal_yes_piecewise,False,9,piecewise_lags_3_sinusoidal_yes,0.361,0.086,511.704,520.683,True,True,False,0.434,0.152,0,6.714,7.698,0.089,638.2583554755555,,,,,1.972,0.007,,,1.0,1.011,0.932,0.505
PRHPA-Soybean_yearly_False_window_9_lags_4_sinusoidal_yes_piecewise,False,9,piecewise_lags_4_sinusoidal_yes,0.347,0.852,493.329,502.123,True,True,False,0.282,0.204,0,1.158,1.548,0.144,762.468267429854,,,,,,,1.294,0.013,1.089,1.006,0.508,0.741
PRHPA-Soybean_yearly_True_window_9_lags_none_sinusoidal_no_piecewise,True,9,piecewise_lags_none_sinusoidal_no,0.112,0.06,557.637,562.387,False,False,False,0.12,-0.104,0,2.933,2.933,0.05,678.682520147231,,,,,,,,,,,,
PRHPA-Soybean_yearly_True_window_9_lags_1_sinusoidal_no_piecewise,True,9,piecewise_lags_1_sinusoidal_no,0.236,0.032,534.1,540.322,False,True,False,0.283,0.096,0,2.782,2.843,0.022,679.6391210389611,1.061,0.115,,,,,,,,,,
PRHPA-Soybean_yearly_True_window_9_lags_2_sinusoidal_no_piecewise,True,9,piecewise_lags_2_sinusoidal_no,0.296,0.017,522.887,528.992,False,True,False,0.256,0.169,0,2.814,3.168,0.015,684.1607793939394,,,1.354,0.069,,,,,,,,
PRHPA-Soybean_yearly_True_window_9_lags_3_sinusoidal_no_piecewise,True,9,piecewise_lags_3_sinusoidal_no,0.35,0.057,508.264,514.25,True,True,False,0.427,0.26,0,6.65,7.611,0.058,638.2583554755555,,,,,1.961,0.006,,,,,,
PRHPA-Soybean_yearly_True_window_9_lags_4_sinusoidal_no_piecewise,True,9,piecewise_lags_4_sinusoidal_no,0.332,0.882,490.025,495.888,True,True,False,0.273,0.276,0,1.145,1.413,0.154,762.468267429854,,,,,,,1.269,0.012,,,,
PRHPA-Soybean_yearly_True_window_9_lags_none_sinusoidal_yes_piecewise,True,9,piecewise_lags_none_sinusoidal_yes,0.169,0.033,559.257,567.174,True,True,False,0.131,-0.11,0,3.005,3.042,0.029,678.682520147231,,,,,,,,,1.011,1.027,0.528,0.2
PRHPA-Soybean_yearly_True_window_9_lags_1_sinusoidal_yes_piecewise,True,9,piecewise_lags_1_sinusoidal_yes,0.265,0.025,536.763,546.095,True,True,False,0.291,-0.074,0,2.838,2.933,0.018,679.6391210389611,1.063,0.117,,,,,,,1.001,1.03,0.433,0.483
PRHPA-Soybean_yearly_True_window_9_lags_2_sinusoidal_yes_piecewise,True,9,piecewise_lags_2_sinusoidal_yes,0.315,0.019,525.936,535.095,True,True,False,0.279,0.066,0,2.816,3.171,0.017,684.1607793939394,,,1.354,0.073,,,,,1.001,1.0,0.381,0.963
PRHPA-Soybean_yearly_True_window_9_lags_3_sinusoidal_yes_piecewise,True,9,piecewise_lags_3_sinusoidal_yes,0.361,0.086,511.704,520.683,True,True,False,0.434,0.152,0,6.714,7.698,0.089,638.2583554755555,,,,,1.972,0.007,,,1.0,1.011,0.932,0.505
PRHPA-Soybean_yearly_True_window_9_lags_4_sinusoidal_yes_piecewise,True,9,piecewise_lags_4_sinusoidal_yes,0.347,0.852,493.329,502.123,True,True,False,0.282,0.204,0,1.158,1.548,0.144,762.468267429854,,,,,,,1.294,0.013,1.089,1.006,0.508,0.741
PRHPA-Soybean_yearly_False_window_10_lags_none_sinusoidal_no_piecewise,False,10,piecewise_lags_none_sinusoidal_no,0.06,0.396,558.891,563.641,False,True,False,0.114,-0.379,0,1.308,1.308,0.164,731.7095994085715,,,,,,,,,,,,
PRHPA-Soybean_yearly_False_window_10_lags_1_sinusoidal_no_piecewise,False,10,piecewise_lags_1_sinusoidal_no,0.189,0.268,534.505,540.727,False,True,False,0.21,-0.017,0,1.933,2.046,0.142,699.3705574375065,1.114,0.081,,,,,,,,,,
PRHPA-Soybean_yearly_False_window_10_lags_2_sinusoidal_no_piecewise,False,10,piecewise_lags_2_sinusoidal_no,0.269,0.1,523.704,529.81,False,True,False,0.215,0.185,0,2.443,2.811,0.094,690.3198922522829,,,1.369,0.023,,,,,,,,
PRHPA-Soybean_yearly_False_window_10_lags_3_sinusoidal_no_piecewise,False,10,piecewise_lags_3_sinusoidal_no,0.457,0.071,502.655,508.641,False,True,False,0.45,0.38,0,6.575,7.426,0.071,639.20841992,,,,,1.851,0.001,,,,,,
PRHPA-Soybean_yearly_False_window_10_lags_4_sinusoidal_no_piecewise,False,10,piecewise_lags_4_sinusoidal_no,0.468,0.64,483.066,488.929,True,True,False,0.318,0.345,0,1.157,1.36,0.638,758.2743714718614,,,,,,,1.203,0.001,,,,
PRHPA-Soybean_yearly_False_window_10_lags_none_sinusoidal_yes_piecewise,False,10,piecewise_lags_none_sinusoidal_yes,0.114,0.265,560.75,568.668,True,True,False,0.126,-0.398,0,1.33,1.402,0.155,731.7095994085715,,,,,,,,,1.0,1.072,0.308,0.359
PRHPA-Soybean_yearly_False_window_10_lags_1_sinusoidal_yes_piecewise,False,10,piecewise_lags_1_sinusoidal_yes,0.232,0.225,536.612,545.944,True,True,False,0.245,-0.188,0,1.974,2.136,0.139,699.3705574375065,1.119,0.073,,,,,,,1.026,1.018,0.216,0.97
PRHPA-Soybean_yearly_False_window_10_lags_2_sinusoidal_yes_piecewise,False,10,piecewise_lags_2_sinusoidal_yes,0.319,0.126,525.294,534.452,False,True,False,0.274,0.036,0,2.487,2.898,0.139,690.3198922522829,,,1.38,0.019,,,,,1.026,1.005,0.315,0.334
PRHPA-Soybean_yearly_False_window_10_lags_3_sinusoidal_yes_piecewise,False,10,piecewise_lags_3_sinusoidal_yes,0.52,0.097,502.573,511.552,True,True,False,0.51,0.336,0,6.693,7.582,0.101,639.20841992,,,,,1.869,0.001,,,1.001,1.02,0.964,0.07
PRHPA-Soybean_yearly_False_window_10_lags_4_sinusoidal_yes_piecewise,False,10,piecewise_lags_4_sinusoidal_yes,0.509,0.47,484.498,493.292,True,True,False,0.36,0.257,0,1.171,1.479,0.748,758.2743714718614,,,,,,,1.221,0.001,1.043,1.044,0.327,0.301
PRHPA-Soybean_yearly_True_window_10_lags_none_sinusoidal_no_piecewise,True,10,piecewise_lags_none_sinusoidal_no,0.06,0.396,558.891,563.641,False,True,False,0.114,-0.379,0,1.308,1.308,0.164,731.7095994085715,,,,,,,,,,,,
PRHPA-Soybean_yearly_True_window_10_lags_1_sinusoidal_no_piecewise,True,10,piecewise_lags_1_sinusoidal_no,0.189,0.268,534.505,540.727,False,True,False,0.21,-0.017,0,1.933,2.046,0.142,699.3705574375065,1.114,0.081,,,,,,,,,,
PRHPA-Soybean_yearly_True_window_10_lags_2_sinusoidal_no_piecewise,True,10,piecewise_lags_2_sinusoidal_no,0.269,0.1,523.704,529.81,False,True,False,0.215,0.185,0,2.443,2.811,0.094,690.3198922522829,,,1.369,0.023,,,,,,,,
PRHPA-Soybean_yearly_True_window_10_lags_3_sinusoidal_no_piecewise,True,10,piecewise_lags_3_sinusoidal_no,0.457,0.071,502.655,508.641,False,True,False,0.45,0.38,0,6.575,7.426,0.071,639.20841992,,,,,1.851,0.001,,,,,,
PRHPA-Soybean_yearly_True_window_10_lags_4_sinusoidal_no_piecewise,True,10,piecewise_lags_4_sinusoidal_no,0.468,0.64,483.066,488.929,True,True,False,0.318,0.345,0,1.157,1.36,0.638,758.2743714718614,,,,,,,1.203,0.001,,,,
PRHPA-Soybean_yearly_True_window_10_lags_none_sinusoidal_yes_piecewise,True,10,piecewise_lags_none_sinusoidal_yes,0.114,0.265,560.75,568.668,True,True,False,0.126,-0.398,0,1.33,1.402,0.155,731.7095994085715,,,,,,,,,1.0,1.072,0.308,0.359
PRHPA-Soybean_yearly_True_window_10_lags_1_sinusoidal_yes_piecewise,True,10,piecewise_lags_1_sinusoidal_yes,0.232,0.225,536.612,545.944,True,True,False,0.245,-0.188,0,1.974,2.136,0.139,699.3705574375065,1.119,0.073,,,,,,,1.026,1.018,0.216,0.97
PRHPA-Soybean_yearly_True_window_10_lags_2_sinusoidal_yes_piecewise,True,10,piecewise_lags_2_sinusoidal_yes,0.319,0.126,525.294,534.452,False,True,False,0.274,0.036,0,2.487,2.898,0.139,690.3198922522829,,,1.38,0.019,,,,,1.026,1.005,0.315,0.334
PRHPA-Soybean_yearly_True_window_10_lags_3_sinusoidal_yes_piecewise,True,10,piecewise_lags_3_sinusoidal_yes,0.52,0.097,502.573,511.552,True,True,False,0.51,0.336,0,6.693,7.582,0.101,639.20841992,,,,,1.869,0.001,,,1.001,1.02,0.964,0.07
PRHPA-Soybean_yearly_True_window_10_lags_4_sinusoidal_yes_piecewise,True,10,piecewise_lags_4_sinusoidal_yes,0.509,0.47,484.498,493.292,True,True,False,0.36,0.257,0,1.171,1.479,0.748,758.2743714718614,,,,,,,1.221,0.001,1.043,1.044,0.327,0.301
PRHPA-Soybean_yearly_False_window_11_lags_none_sinusoidal_no_piecewise,False,11,piecewise_lags_none_sinusoidal_no,0.104,0.32,555.01,559.76,False,True,False,0.161,-0.585,0,1.279,1.279,0.071,731.6731762960253,,,,,,,,,,,,
PRHPA-Soybean_yearly_False_window_11_lags_1_sinusoidal_no_piecewise,False,11,piecewise_lags_1_sinusoidal_no,0.184,0.49,532.231,538.452,False,True,False,0.206,-0.227,0,1.326,1.414,0.189,728.5922741587616,1.089,0.073,,,,,,,,,,
PRHPA-Soybean_yearly_False_window_11_lags_2_sinusoidal_no_piecewise,False,11,piecewise_lags_2_sinusoidal_no,0.209,0.35,522.991,529.096,False,True,False,0.146,-0.046,0,1.353,1.65,0.275,731.598570975044,,,1.297,0.041,,,,,,,,
PRHPA-Soybean_yearly_False_window_11_lags_3_sinusoidal_no_piecewise,False,11,piecewise_lags_3_sinusoidal_no,0.431,0.146,500.559,506.545,False,True,False,0.326,0.292,0,3.413,3.993,0.129,670.6135025842844,,,,,1.58,0.001,,,,,,
PRHPA-Soybean_yearly_False_window_11_lags_4_sinusoidal_no_piecewise,False,11,piecewise_lags_4_sinusoidal_no,0.584,0.01,470.594,476.457,True,True,False,0.6,0.335,0,5.83,7.091,0.017,657.2244901439999,,,,,,,2.261,0.0,,,,
PRHPA-Soybean_yearly_False_window_11_lags_none_sinusoidal_yes_piecewise,False,11,piecewise_lags_none_sinusoidal_yes,0.145,0.226,557.307,565.225,True,True,False,0.17,-0.746,0,1.344,1.578,0.082,731.6731762960253,,,,,,,,,1.018,1.216,0.421,0.384
PRHPA-Soybean_yearly_False_window_11_lags_1_sinusoidal_yes_piecewise,False,11,piecewise_lags_1_sinusoidal_yes,0.289,0.269,531.387,540.72,True,True,False,0.417,-0.396,0,1.365,1.583,0.096,728.5922741587616,1.099,0.058,,,,,,,1.001,1.118,0.05,0.824
PRHPA-Soybean_yearly_False_window_11_lags_2_sinusoidal_yes_piecewise,False,11,piecewise_lags_2_sinusoidal_yes,0.371,0.177,519.238,528.396,True,True,False,0.381,-0.032,0,1.357,1.669,0.142,731.598570975044,,,1.301,0.025,,,,,1.003,1.008,0.066,0.081
PRHPA-Soybean_yearly_False_window_11_lags_3_sinusoidal_yes_piecewise,False,11,piecewise_lags_3_sinusoidal_yes,0.669,0.011,486.608,495.587,False,True,False,0.868,0.522,0,3.426,4.015,0.013,670.6135025842844,,,,,1.583,0.0,,,1.0,1.005,0.099,0.0
PRHPA-Soybean_yearly_False_window_11_lags_4_sinusoidal_yes_piecewise,False,11,piecewise_lags_4_sinusoidal_yes,0.718,0.016,462.121,470.916,True,True,False,0.963,0.515,0,6.179,7.603,0.04,657.2244901439999,,,,,,,2.352,0.0,1.029,1.044,0.696,0.002
PRHPA-Soybean_yearly_True_window_11_lags_none_sinusoidal_no_piecewise,True,11,piecewise_lags_none_sinusoidal_no,0.104,0.32,555.01,559.76,False,True,False,0.161,-0.585,0,1.279,1.279,0.071,731.6731762960253,,,,,,,,,,,,
PRHPA-Soybean_yearly_True_window_11_lags_1_sinusoidal_no_piecewise,True,11,piecewise_lags_1_sinusoidal_no,0.184,0.49,532.231,538.452,False,True,False,0.206,-0.227,0,1.326,1.414,0.189,728.5922741587616,1.089,0.073,,,,,,,,,,
PRHPA-Soybean_yearly_True_window_11_lags_2_sinusoidal_no_piecewise,True,11,piecewise_lags_2_sinusoidal_no,0.209,0.35,522.991,529.096,False,True,False,0.146,-0.046,0,1.353,1.65,0.275,731.598570975044,,,1.297,0.041,,,,,,,,
PRHPA-Soybean_yearly_True_window_11_lags_3_sinusoidal_no_piecewise,True,11,piecewise_lags_3_sinusoidal_no,0.431,0.146,500.559,506.545,False,True,False,0.326,0.292,0,3.413,3.993,0.129,670.6135025842844,,,,,1.58,0.001,,,,,,
PRHPA-Soybean_yearly_True_window_11_lags_4_sinusoidal_no_piecewise,True,11,piecewise_lags_4_sinusoidal_no,0.584,0.01,470.594,476.457,True,True,False,0.6,0.335,0,5.83,7.091,0.017,657.2244901439999,,,,,,,2.261,0.0,,,,
PRHPA-Soybean_yearly_True_window_11_lags_none_sinusoidal_yes_piecewise,True,11,piecewise_lags_none_sinusoidal_yes,0.145,0.226,557.307,565.225,True,True,False,0.17,-0.746,0,1.344,1.578,0.082,731.6731762960253,,,,,,,,,1.018,1.216,0.421,0.384
PRHPA-Soybean_yearly_True_window_11_lags_1_sinusoidal_yes_piecewise,True,11,piecewise_lags_1_sinusoidal_yes,0.289,0.269,531.387,540.72,True,True,False,0.417,-0.396,0,1.365,1.583,0.096,728.5922741587616,1.099,0.058,,,,,,,1.001,1.118,0.05,0.824
PRHPA-Soybean_yearly_True_window_11_lags_2_sinusoidal_yes_piecewise,True,11,piecewise_lags_2_sinusoidal_yes,0.371,0.177,519.238,528.396,True,True,False,0.381,-0.032,0,1.357,1.669,0.142,731.598570975044,,,1.301,0.025,,,,,1.003,1.008,0.066,0.081
PRHPA-Soybean_yearly_True_window_11_lags_3_sinusoidal_yes_piecewise,True,11,piecewise_lags_3_sinusoidal_yes,0.669,0.011,486.608,495.587,False,True,False,0.868,0.522,0,3.426,4.015,0.013,670.6135025842844,,,,,1.583,0.0,,,1.0,1.005,0.099,0.0
PRHPA-Soybean_yearly_True_window_11_lags_4_sinusoidal_yes_piecewise,True,11,piecewise_lags_4_sinusoidal_yes,0.718,0.016,462.121,470.916,True,True,False,0.963,0.515,0,6.179,7.603,0.04,657.2244901439999,,,,,,,2.352,0.0,1.029,1.044,0.696,0.002
PRHPA-Soybean_yearly_False_window_12_lags_none_sinusoidal_no_piecewise,False,12,piecewise_lags_none_sinusoidal_no,0.181,0.162,550.897,555.648,True,False,False,0.22,-0.27,0,1.17,1.17,0.011,746.7703055979797,,,,,,,,,,,,
PRHPA-Soybean_yearly_False_window_12_lags_1_sinusoidal_no_piecewise,False,12,piecewise_lags_1_sinusoidal_no,0.228,0.41,528.596,534.818,True,True,False,0.229,-0.028,0,1.198,1.285,0.069,742.799502752458,1.087,0.083,,,,,,,,,,
PRHPA-Soybean_yearly_False_window_12_lags_2_sinusoidal_no_piecewise,False,12,piecewise_lags_2_sinusoidal_no,0.25,0.27,520.624,526.73,True,False,False,0.208,0.143,0,1.237,1.437,0.1,740.4611641437036,,,1.2,0.045,,,,,,,,
PRHPA-Soybean_yearly_False_window_12_lags_3_sinusoidal_no_piecewise,False,12,piecewise_lags_3_sinusoidal_no,0.48,0.26,497.647,503.633,True,True,False,0.329,0.305,0,3.276,3.741,0.197,669.6328518816896,,,,,1.465,0.001,,,,,,
PRHPA-Soybean_yearly_False_window_12_lags_4_sinusoidal_no_piecewise,False,12,piecewise_lags_4_sinusoidal_no,0.64,0.022,465.996,471.859,True,True,False,0.501,0.506,0,5.34,6.602,0.034,660.6719636585589,,,,,,,2.261,0.0,,,,
PRHPA-Soybean_yearly_False_window_12_lags_none_sinusoidal_yes_piecewise,False,12,piecewise_lags_none_sinusoidal_yes,0.216,0.112,553.332,561.25,False,False,False,0.22,-0.359,0,1.202,1.392,0.017,746.7703055979797,,,,,,,,,1.008,1.182,0.285,0.614
PRHPA-Soybean_yearly_False_window_12_lags_1_sinusoidal_yes_piecewise,False,12,piecewise_lags_1_sinusoidal_yes,0.356,0.282,526.22,535.552,True,True,False,0.485,-0.219,0,1.219,1.416,0.041,742.799502752458,1.096,0.066,,,,,,,1.038,1.063,0.076,0.175
PRHPA-Soybean_yearly_False_window_12_lags_2_sinusoidal_yes_piecewise,False,12,piecewise_lags_2_sinusoidal_yes,0.446,0.195,514.338,523.496,True,False,False,0.509,0.149,0,1.244,1.479,0.05,740.4611641437036,,,1.206,0.028,,,,,1.019,1.01,0.195,0.009
PRHPA-Soybean_yearly_False_window_12_lags_3_sinusoidal_yes_piecewise,False,12,piecewise_lags_3_sinusoidal_yes,0.752,0.025,477.244,486.223,True,True,False,0.824,0.574,0,3.282,3.75,0.019,669.6328518816896,,,,,1.466,0.0,,,1.0,1.002,0.603,0.0
PRHPA-Soybean_yearly_False_window_12_lags_4_sinusoidal_yes_piecewise,False,12,piecewise_lags_4_sinusoidal_yes,0.843,0.067,443.366,452.16,True,True,False,0.874,0.659,0,5.715,7.171,0.19,660.6719636585589,,,,,,,2.37,0.0,1.05,1.036,0.027,0.0
PRHPA-Soybean_yearly_True_window_12_lags_none_sinusoidal_no_piecewise,True,12,piecewise_lags_none_sinusoidal_no,0.181,0.162,550.897,555.648,True,False,False,0.22,-0.27,0,1.17,1.17,0.011,746.7703055979797,,,,,,,,,,,,
PRHPA-Soybean_yearly_True_window_12_lags_1_sinusoidal_no_piecewise,True,12,piecewise_lags_1_sinusoidal_no,0.228,0.41,528.596,534.818,True,True,False,0.229,-0.028,0,1.198,1.285,0.069,742.799502752458,1.087,0.083,,,,,,,,,,
PRHPA-Soybean_yearly_True_window_12_lags_2_sinusoidal_no_piecewise,True,12,piecewise_lags_2_sinusoidal_no,0.25,0.27,520.624,526.73,True,False,False,0.208,0.143,0,1.237,1.437,0.1,740.4611641437036,,,1.2,0.045,,,,,,,,
PRHPA-Soybean_yearly_True_window_12_lags_3_sinusoidal_no_piecewise,True,12,piecewise_lags_3_sinusoidal_no,0.48,0.26,497.647,503.633,True,True,False,0.329,0.305,0,3.276,3.741,0.197,669.6328518816896,,,,,1.465,0.001,,,,,,
PRHPA-Soybean_yearly_True_window_12_lags_4_sinusoidal_no_piecewise,True,12,piecewise_lags_4_sinusoidal_no,0.64,0.022,465.996,471.859,True,True,False,0.501,0.506,0,5.34,6.602,0.034,660.6719636585589,,,,,,,2.261,0.0,,,,
PRHPA-Soybean_yearly_True_window_12_lags_none_sinusoidal_yes_piecewise,True,12,piecewise_lags_none_sinusoidal_yes,0.216,0.112,553.332,561.25,False,False,False,0.22,-0.359,0,1.202,1.392,0.017,746.7703055979797,,,,,,,,,1.008,1.182,0.285,0.614
PRHPA-Soybean_yearly_True_window_12_lags_1_sinusoidal_yes_piecewise,True,12,piecewise_lags_1_sinusoidal_yes,0.356,0.282,526.22,535.552,True,True,False,0.485,-0.219,0,1.219,1.416,0.041,742.799502752458,1.096,0.066,,,,,,,1.038,1.063,0.076,0.175
PRHPA-Soybean_yearly_True_window_12_lags_2_sinusoidal_yes_piecewise,True,12,piecewise_lags_2_sinusoidal_yes,0.446,0.195,514.338,523.496,True,False,False,0.509,0.149,0,1.244,1.479,0.05,740.4611641437036,,,1.206,0.028,,,,,1.019,1.01,0.195,0.009
PRHPA-Soybean_yearly_True_window_12_lags_3_sinusoidal_yes_piecewise,True,12,piecewise_lags_3_sinusoidal_yes,0.752,0.025,477.244,486.223,True,True,False,0.824,0.574,0,3.282,3.75,0.019,669.6328518816896,,,,,1.466,0.0,,,1.0,1.002,0.603,0.0
PRHPA-Soybean_yearly_True_window_12_lags_4_sinusoidal_yes_piecewise,True,12,piecewise_lags_4_sinusoidal_yes,0.843,0.067,443.366,452.16,True,True,False,0.874,0.659,0,5.715,7.171,0.19,660.6719636585589,,,,,,,2.37,0.0,1.05,1.036,0.027,0.0
PRHPA-Soybean_yearly_False_window_13_lags_none_sinusoidal_no_piecewise,False,13,piecewise_lags_none_sinusoidal_no,0.167,0.085,548.534,553.284,True,False,False,0.214,-0.198,0,1.327,1.327,0.015,733.4715511041699,,,,,,,,,,,,
PRHPA-Soybean_yearly_False_window_13_lags_1_sinusoidal_no_piecewise,False,13,piecewise_lags_1_sinusoidal_no,0.195,0.189,526.616,532.837,True,False,False,0.23,-0.185,0,1.351,1.424,0.042,731.9559581513183,1.073,0.215,,,,,,,,,,
PRHPA-Soybean_yearly_False_window_13_lags_2_sinusoidal_no_piecewise,False,13,piecewise_lags_2_sinusoidal_no,0.226,0.161,518.121,524.226,True,False,False,0.229,0.116,0,1.35,1.522,0.057,733.9671681499922,,,1.172,0.097,,,,,,,,
PRHPA-Soybean_yearly_False_window_13_lags_3_sinusoidal_no_piecewise,False,13,piecewise_lags_3_sinusoidal_no,0.454,0.114,494.539,500.525,True,False,False,0.336,0.27,0,1.818,2.138,0.058,693.8343105832064,,,,,1.32,0.001,,,,,,
PRHPA-Soybean_yearly_False_window_13_lags_4_sinusoidal_no_piecewise,False,13,piecewise_lags_4_sinusoidal_no,0.577,0.224,467.201,473.064,True,True,False,0.391,0.44,0,4.251,5.513,0.277,667.0887463261538,,,,,,,2.262,0.0,,,,
PRHPA-Soybean_yearly_False_window_13_lags_none_sinusoidal_yes_piecewise,False,13,piecewise_lags_none_sinusoidal_yes,0.181,0.09,551.938,559.856,True,False,False,0.213,-0.292,0,1.399,1.619,0.026,733.4715511041699,,,,,,,,,1.0,1.22,0.538,0.724
PRHPA-Soybean_yearly_False_window_13_lags_1_sinusoidal_yes_piecewise,False,13,piecewise_lags_1_sinusoidal_yes,0.246,0.197,528.307,537.639,True,False,False,0.333,-0.48,0,1.396,1.608,0.051,731.9559581513183,1.082,0.21,,,,,,,1.021,1.108,0.184,0.777
PRHPA-Soybean_yearly_False_window_13_lags_2_sinusoidal_yes_piecewise,False,13,piecewise_lags_2_sinusoidal_yes,0.31,0.184,518.224,527.382,True,False,False,0.387,0.009,0,1.37,1.611,0.058,733.9671681499922,,,1.182,0.098,,,,,1.028,1.031,0.254,0.177
PRHPA-Soybean_yearly_False_window_13_lags_3_sinusoidal_yes_piecewise,False,13,piecewise_lags_3_sinusoidal_yes,0.599,0.404,488.344,497.323,True,False,False,0.535,0.392,0,1.825,2.157,0.248,693.8343105832064,,,,,1.323,0.001,,,1.003,1.005,0.345,0.006
PRHPA-Soybean_yearly_False_window_13_lags_4_sinusoidal_yes_piecewise,False,13,piecewise_lags_4_sinusoidal_yes,0.741,0.723,455.552,464.346,True,True,False,0.861,0.523,0,4.482,5.904,0.973,667.0887463261538,,,,,,,2.351,0.0,1.022,1.049,0.563,0.0
PRHPA-Soybean_yearly_True_window_13_lags_none_sinusoidal_no_piecewise,True,13,piecewise_lags_none_sinusoidal_no,0.167,0.085,548.534,553.284,True,False,False,0.214,-0.198,0,1.327,1.327,0.015,733.4715511041699,,,,,,,,,,,,
PRHPA-Soybean_yearly_True_window_13_lags_1_sinusoidal_no_piecewise,True,13,piecewise_lags_1_sinusoidal_no,0.195,0.189,526.616,532.837,True,False,False,0.23,-0.185,0,1.351,1.424,0.042,731.9559581513183,1.073,0.215,,,,,,,,,,
PRHPA-Soybean_yearly_True_window_13_lags_2_sinusoidal_no_piecewise,True,13,piecewise_lags_2_sinusoidal_no,0.226,0.161,518.121,524.226,True,False,False,0.229,0.116,0,1.35,1.522,0.057,733.9671681499922,,,1.172,0.097,,,,,,,,
PRHPA-Soybean_yearly_True_window_13_lags_3_sinusoidal_no_piecewise,True,13,piecewise_lags_3_sinusoidal_no,0.454,0.114,494.539,500.525,True,False,False,0.336,0.27,0,1.818,2.138,0.058,693.8343105832064,,,,,1.32,0.001,,,,,,
PRHPA-Soybean_yearly_True_window_13_lags_4_sinusoidal_no_piecewise,True,13,piecewise_lags_4_sinusoidal_no,0.577,0.224,467.201,473.064,True,True,False,0.391,0.44,0,4.251,5.513,0.277,667.0887463261538,,,,,,,2.262,0.0,,,,
PRHPA-Soybean_yearly_True_window_13_lags_none_sinusoidal_yes_piecewise,True,13,piecewise_lags_none_sinusoidal_yes,0.181,0.09,551.938,559.856,True,False,False,0.213,-0.292,0,1.399,1.619,0.026,733.4715511041699,,,,,,,,,1.0,1.22,0.538,0.724
PRHPA-Soybean_yearly_True_window_13_lags_1_sinusoidal_yes_piecewise,True,13,piecewise_lags_1_sinusoidal_yes,0.246,0.197,528.307,537.639,True,False,False,0.333,-0.48,0,1.396,1.608,0.051,731.9559581513183,1.082,0.21,,,,,,,1.021,1.108,0.184,0.777
PRHPA-Soybean_yearly_True_window_13_lags_2_sinusoidal_yes_piecewise,True,13,piecewise_lags_2_sinusoidal_yes,0.31,0.184,518.224,527.382,True,False,False,0.387,0.009,0,1.37,1.611,0.058,733.9671681499922,,,1.182,0.098,,,,,1.028,1.031,0.254,0.177
PRHPA-Soybean_yearly_True_window_13_lags_3_sinusoidal_yes_piecewise,True,13,piecewise_lags_3_sinusoidal_yes,0.599,0.404,488.344,497.323,True,False,False,0.535,0.392,0,1.825,2.157,0.248,693.8343105832064,,,,,1.323,0.001,,,1.003,1.005,0.345,0.006
PRHPA-Soybean_yearly_True_window_13_lags_4_sinusoidal_yes_piecewise,True,13,piecewise_lags_4_sinusoidal_yes,0.741,0.723,455.552,464.346,True,True,False,0.861,0.523,0,4.482,5.904,0.973,667.0887463261538,,,,,,,2.351,0.0,1.022,1.049,0.563,0.0
PRHPA-Soybean_yearly_False_window_14_lags_none_sinusoidal_no_piecewise,False,14,piecewise_lags_none_sinusoidal_no,0.173,0.136,547.754,552.504,True,False,False,0.212,-0.119,0,1.166,1.166,0.013,746.4100638580087,,,,,,,,,,,,
PRHPA-Soybean_yearly_False_window_14_lags_1_sinusoidal_no_piecewise,False,14,piecewise_lags_1_sinusoidal_no,0.222,0.125,524.183,530.405,True,False,False,0.26,-0.107,0,1.333,1.343,0.021,728.786246139798,1.01,0.12,,,,,,,,,,
PRHPA-Soybean_yearly_False_window_14_lags_2_sinusoidal_no_piecewise,False,14,piecewise_lags_2_sinusoidal_no,0.235,0.106,517.436,523.542,True,True,False,0.195,0.001,0,1.365,1.432,0.033,727.5248236774603,,,1.067,0.072,,,,,,,,
PRHPA-Soybean_yearly_False_window_14_lags_3_sinusoidal_no_piecewise,False,14,piecewise_lags_3_sinusoidal_no,0.458,0.1,494.307,500.293,True,False,False,0.334,0.288,0,1.792,2.095,0.047,693.6950635262338,,,,,1.304,0.002,,,,,,
PRHPA-Soybean_yearly_False_window_14_lags_4_sinusoidal_no_piecewise,False,14,piecewise_lags_4_sinusoidal_no,0.601,0.263,465.298,471.161,True,True,False,0.443,0.507,0,1.811,2.659,0.147,709.8735226384994,,,,,,,1.848,0.0,,,,
PRHPA-Soybean_yearly_False_window_14_lags_none_sinusoidal_yes_piecewise,False,14,piecewise_lags_none_sinusoidal_yes,0.176,0.139,551.613,559.531,True,False,False,0.216,-0.193,0,1.192,1.35,0.021,746.4100638580087,,,,,,,,,1.125,1.034,0.865,0.769
PRHPA-Soybean_yearly_False_window_14_lags_1_sinusoidal_yes_piecewise,False,14,piecewise_lags_1_sinusoidal_yes,0.237,0.168,527.487,536.819,True,False,False,0.283,-0.307,0,1.364,1.467,0.038,728.786246139798,1.011,0.131,,,,,,,1.064,1.028,0.582,0.617
PRHPA-Soybean_yearly_False_window_14_lags_2_sinusoidal_yes_piecewise,False,14,piecewise_lags_2_sinusoidal_yes,0.265,0.143,520.078,529.236,True,True,False,0.223,-0.291,0,1.39,1.529,0.049,727.5248236774603,,,1.072,0.08,,,,,1.062,1.005,0.813,0.308
PRHPA-Soybean_yearly_False_window_14_lags_3_sinusoidal_yes_piecewise,False,14,piecewise_lags_3_sinusoidal_yes,0.528,0.191,493.795,502.774,True,False,False,0.407,0.306,0,1.801,2.12,0.105,693.6950635262338,,,,,1.307,0.002,,,1.005,1.007,0.865,0.059
PRHPA-Soybean_yearly_False_window_14_lags_4_sinusoidal_yes_piecewise,False,14,piecewise_lags_4_sinusoidal_yes,0.704,0.191,459.675,468.469,True,True,False,0.667,0.539,0,1.842,2.762,0.063,709.8735226384994,,,,,,,1.881,0.0,1.003,1.036,0.492,0.008
PRHPA-Soybean_yearly_True_window_14_lags_none_sinusoidal_no_piecewise,True,14,piecewise_lags_none_sinusoidal_no,0.173,0.136,547.754,552.504,True,False,False,0.212,-0.119,0,1.166,1.166,0.013,746.4100638580087,,,,,,,,,,,,
PRHPA-Soybean_yearly_True_window_14_lags_1_sinusoidal_no_piecewise,True,14,piecewise_lags_1_sinusoidal_no,0.222,0.125,524.183,530.405,True,False,False,0.26,-0.107,0,1.333,1.343,0.021,728.786246139798,1.01,0.12,,,,,,,,,,
PRHPA-Soybean_yearly_True_window_14_lags_2_sinusoidal_no_piecewise,True,14,piecewise_lags_2_sinusoidal_no,0.235,0.106,517.436,523.542,True,True,False,0.195,0.001,0,1.365,1.432,0.033,727.5248236774603,,,1.067,0.072,,,,,,,,
PRHPA-Soybean_yearly_True_window_14_lags_3_sinusoidal_no_piecewise,True,14,piecewise_lags_3_sinusoidal_no,0.458,0.1,494.307,500.293,True,False,False,0.334,0.288,0,1.792,2.095,0.047,693.6950635262338,,,,,1.304,0.002,,,,,,
PRHPA-Soybean_yearly_True_window_14_lags_4_sinusoidal_no_piecewise,True,14,piecewise_lags_4_sinusoidal_no,0.601,0.263,465.298,471.161,True,True,False,0.443,0.507,0,1.811,2.659,0.147,709.8735226384994,,,,,,,1.848,0.0,,,,
PRHPA-Soybean_yearly_True_window_14_lags_none_sinusoidal_yes_piecewise,True,14,piecewise_lags_none_sinusoidal_yes,0.176,0.139,551.613,559.531,True,False,False,0.216,-0.193,0,1.192,1.35,0.021,746.4100638580087,,,,,,,,,1.125,1.034,0.865,0.769
PRHPA-Soybean_yearly_True_window_14_lags_1_sinusoidal_yes_piecewise,True,14,piecewise_lags_1_sinusoidal_yes,0.237,0.168,527.487,536.819,True,False,False,0.283,-0.307,0,1.364,1.467,0.038,728.786246139798,1.011,0.131,,,,,,,1.064,1.028,0.582,0.617
PRHPA-Soybean_yearly_True_window_14_lags_2_sinusoidal_yes_piecewise,True,14,piecewise_lags_2_sinusoidal_yes,0.265,0.143,520.078,529.236,True,True,False,0.223,-0.291,0,1.39,1.529,0.049,727.5248236774603,,,1.072,0.08,,,,,1.062,1.005,0.813,0.308
PRHPA-Soybean_yearly_True_window_14_lags_3_sinusoidal_yes_piecewise,True,14,piecewise_lags_3_sinusoidal_yes,0.528,0.191,493.795,502.774,True,False,False,0.407,0.306,0,1.801,2.12,0.105,693.6950635262338,,,,,1.307,0.002,,,1.005,1.007,0.865,0.059
PRHPA-Soybean_yearly_True_window_14_lags_4_sinusoidal_yes_piecewise,True,14,piecewise_lags_4_sinusoidal_yes,0.704,0.191,459.675,468.469,True,True,False,0.667,0.539,0,1.842,2.762,0.063,709.8735226384994,,,,,,,1.881,0.0,1.003,1.036,0.492,0.008
PRHPA-Soybean_yearly_False_window_15_lags_none_sinusoidal_no_piecewise,False,15,piecewise_lags_none_sinusoidal_no,0.137,0.186,546.581,551.331,False,False,False,0.159,-0.144,0,1.163,1.163,0.029,744.0546166367677,,,,,,,,,,,,
PRHPA-Soybean_yearly_False_window_15_lags_1_sinusoidal_no_piecewise,False,15,piecewise_lags_1_sinusoidal_no,0.196,0.195,522.672,528.893,True,True,False,0.235,-0.116,0,1.339,1.342,0.039,728.7961682598789,1.004,0.125,,,,,,,,,,
PRHPA-Soybean_yearly_False_window_15_lags_2_sinusoidal_no_piecewise,False,15,piecewise_lags_2_sinusoidal_no,0.219,0.115,514.183,520.289,True,False,False,0.196,0.153,0,1.299,1.325,0.028,731.9932539836767,,,1.026,0.095,,,,,,,,
PRHPA-Soybean_yearly_False_window_15_lags_3_sinusoidal_no_piecewise,False,15,piecewise_lags_3_sinusoidal_no,0.438,0.426,491.775,497.761,True,True,False,0.303,0.341,0,1.985,2.23,0.301,686.0420190661818,,,,,1.244,0.002,,,,,,
PRHPA-Soybean_yearly_False_window_15_lags_4_sinusoidal_no_piecewise,False,15,piecewise_lags_4_sinusoidal_no,0.677,0.031,454.493,460.356,True,True,False,0.682,0.531,0,2.014,2.759,0.022,697.3174029034799,,,,,,,1.745,0.0,,,,
PRHPA-Soybean_yearly_False_window_15_lags_none_sinusoidal_yes_piecewise,False,15,piecewise_lags_none_sinusoidal_yes,0.144,0.17,550.286,558.204,False,False,False,0.173,-0.229,0,1.188,1.338,0.035,744.0546166367677,,,,,,,,,1.131,1.019,0.621,0.917
PRHPA-Soybean_yearly_False_window_15_lags_1_sinusoidal_yes_piecewise,False,15,piecewise_lags_1_sinusoidal_yes,0.204,0.24,526.34,535.672,True,True,False,0.242,-0.294,0,1.356,1.41,0.061,728.7961682598789,1.004,0.138,,,,,,,1.035,1.016,0.871,0.626
PRHPA-Soybean_yearly_False_window_15_lags_2_sinusoidal_yes_piecewise,False,15,piecewise_lags_2_sinusoidal_yes,0.247,0.102,516.954,526.112,True,True,False,0.233,-0.037,0,1.323,1.433,0.028,731.9932539836767,,,1.029,0.101,,,,,1.068,1.013,0.669,0.356
PRHPA-Soybean_yearly_False_window_15_lags_3_sinusoidal_yes_piecewise,False,15,piecewise_lags_3_sinusoidal_yes,0.48,0.297,493.201,502.18,True,True,False,0.349,0.303,0,1.986,2.231,0.205,686.0420190661818,,,,,1.244,0.001,,,1.0,1.0,0.91,0.153
PRHPA-Soybean_yearly_False_window_15_lags_4_sinusoidal_yes_piecewise,False,15,piecewise_lags_4_sinusoidal_yes,0.69,0.05,457.147,465.941,True,True,False,0.701,0.495,0,2.016,2.765,0.035,697.3174029034799,,,,,,,1.747,0.0,1.001,1.001,0.801,0.32
PRHPA-Soybean_yearly_True_window_15_lags_none_sinusoidal_no_piecewise,True,15,piecewise_lags_none_sinusoidal_no,0.137,0.186,546.581,551.331,False,False,False,0.159,-0.144,0,1.163,1.163,0.029,744.0546166367677,,,,,,,,,,,,
PRHPA-Soybean_yearly_True_window_15_lags_1_sinusoidal_no_piecewise,True,15,piecewise_lags_1_sinusoidal_no,0.196,0.195,522.672,528.893,True,True,False,0.235,-0.116,0,1.339,1.342,0.039,728.7961682598789,1.004,0.125,,,,,,,,,,
PRHPA-Soybean_yearly_True_window_15_lags_2_sinusoidal_no_piecewise,True,15,piecewise_lags_2_sinusoidal_no,0.219,0.115,514.183,520.289,True,False,False,0.196,0.153,0,1.299,1.325,0.028,731.9932539836767,,,1.026,0.095,,,,,,,,
PRHPA-Soybean_yearly_True_window_15_lags_3_sinusoidal_no_piecewise,True,15,piecewise_lags_3_sinusoidal_no,0.438,0.426,491.775,497.761,True,True,False,0.303,0.341,0,1.985,2.23,0.301,686.0420190661818,,,,,1.244,0.002,,,,,,
PRHPA-Soybean_yearly_True_window_15_lags_4_sinusoidal_no_piecewise,True,15,piecewise_lags_4_sinusoidal_no,0.677,0.031,454.493,460.356,True,True,False,0.682,0.531,0,2.014,2.759,0.022,697.3174029034799,,,,,,,1.745,0.0,,,,
PRHPA-Soybean_yearly_True_window_15_lags_none_sinusoidal_yes_piecewise,True,15,piecewise_lags_none_sinusoidal_yes,0.144,0.17,550.286,558.204,False,False,False,0.173,-0.229,0,1.188,1.338,0.035,744.0546166367677,,,,,,,,,1.131,1.019,0.621,0.917
PRHPA-Soybean_yearly_True_window_15_lags_1_sinusoidal_yes_piecewise,True,15,piecewise_lags_1_sinusoidal_yes,0.204,0.24,526.34,535.672,True,True,False,0.242,-0.294,0,1.356,1.41,0.061,728.7961682598789,1.004,0.138,,,,,,,1.035,1.016,0.871,0.626
PRHPA-Soybean_yearly_True_window_15_lags_2_sinusoidal_yes_piecewise,True,15,piecewise_lags_2_sinusoidal_yes,0.247,0.102,516.954,526.112,True,True,False,0.233,-0.037,0,1.323,1.433,0.028,731.9932539836767,,,1.029,0.101,,,,,1.068,1.013,0.669,0.356
PRHPA-Soybean_yearly_True_window_15_lags_3_sinusoidal_yes_piecewise,True,15,piecewise_lags_3_sinusoidal_yes,0.48,0.297,493.201,502.18,True,True,False,0.349,0.303,0,1.986,2.231,0.205,686.0420190661818,,,,,1.244,0.001,,,1.0,1.0,0.91,0.153
PRHPA-Soybean_yearly_True_window_15_lags_4_sinusoidal_yes_piecewise,True,15,piecewise_lags_4_sinusoidal_yes,0.69,0.05,457.147,465.941,True,True,False,0.701,0.495,0,2.016,2.765,0.035,697.3174029034799,,,,,,,1.747,0.0,1.001,1.001,0.801,0.32
PRHPA-Soybean_yearly_False_window_16_lags_none_sinusoidal_no_piecewise,False,16,piecewise_lags_none_sinusoidal_no,0.12,0.301,547.288,552.039,False,False,False,0.122,-0.2,0,1.115,1.115,0.042,747.1761643052495,,,,,,,,,,,,
PRHPA-Soybean_yearly_False_window_16_lags_1_sinusoidal_no_piecewise,False,16,piecewise_lags_1_sinusoidal_no,0.168,0.454,523.401,529.623,True,False,False,0.18,-0.089,0,1.199,1.199,0.061,737.0495302417677,1.0,0.145,,,,,,,,,,
PRHPA-Soybean_yearly_False_window_16_lags_2_sinusoidal_no_piecewise,False,16,piecewise_lags_2_sinusoidal_no,0.191,0.223,515.375,521.481,True,False,False,0.188,-0.039,0,1.243,1.253,0.045,733.7752013075084,,,1.01,0.109,,,,,,,,
PRHPA-Soybean_yearly_False_window_16_lags_3_sinusoidal_no_piecewise,False,16,piecewise_lags_3_sinusoidal_no,0.433,0.723,492.227,498.213,True,False,False,0.275,0.261,0,1.795,1.993,0.978,689.3145328583502,,,,,1.198,0.004,,,,,,
PRHPA-Soybean_yearly_False_window_16_lags_4_sinusoidal_no_piecewise,False,16,piecewise_lags_4_sinusoidal_no,0.658,0.033,456.314,462.177,True,True,False,0.504,0.491,0,2.018,2.749,0.031,692.6850223171807,,,,,,,1.731,0.012,,,,
PRHPA-Soybean_yearly_False_window_16_lags_none_sinusoidal_yes_piecewise,False,16,piecewise_lags_none_sinusoidal_yes,0.135,0.239,550.691,558.608,False,True,False,0.142,-0.264,0,1.134,1.294,0.038,747.1761643052495,,,,,,,,,1.115,1.045,0.516,0.728
PRHPA-Soybean_yearly_False_window_16_lags_1_sinusoidal_yes_piecewise,False,16,piecewise_lags_1_sinusoidal_yes,0.177,0.371,527.0,536.332,True,True,False,0.197,-0.303,0,1.222,1.337,0.068,737.0495302417677,1.0,0.149,,,,,,,1.096,1.019,0.574,0.951
PRHPA-Soybean_yearly_False_window_16_lags_2_sinusoidal_yes_piecewise,False,16,piecewise_lags_2_sinusoidal_yes,0.217,0.149,518.238,527.396,True,True,False,0.223,-0.151,0,1.265,1.367,0.038,733.7752013075084,,,1.011,0.102,,,,,1.079,1.012,0.382,0.723
PRHPA-Soybean_yearly_False_window_16_lags_3_sinusoidal_yes_piecewise,False,16,piecewise_lags_3_sinusoidal_yes,0.437,0.781,495.994,504.973,True,False,False,0.279,0.2,0,1.796,1.996,0.94,689.3145328583502,,,,,1.198,0.006,,,1.002,1.0,0.955,0.67
PRHPA-Soybean_yearly_False_window_16_lags_4_sinusoidal_yes_piecewise,False,16,piecewise_lags_4_sinusoidal_yes,0.659,0.045,460.264,469.059,True,True,False,0.505,0.43,0,2.018,2.751,0.042,692.6850223171807,,,,,,,1.732,0.019,1.001,1.0,0.842,0.984
PRHPA-Soybean_yearly_True_window_16_lags_none_sinusoidal_no_piecewise,True,16,piecewise_lags_none_sinusoidal_no,0.12,0.301,547.288,552.039,False,False,False,0.122,-0.2,0,1.115,1.115,0.042,747.1761643052495,,,,,,,,,,,,
PRHPA-Soybean_yearly_True_window_16_lags_1_sinusoidal_no_piecewise,True,16,piecewise_lags_1_sinusoidal_no,0.168,0.454,523.401,529.623,True,False,False,0.18,-0.089,0,1.199,1.199,0.061,737.0495302417677,1.0,0.145,,,,,,,,,,
PRHPA-Soybean_yearly_True_window_16_lags_2_sinusoidal_no_piecewise,True,16,piecewise_lags_2_sinusoidal_no,0.191,0.223,515.375,521.481,True,False,False,0.188,-0.039,0,1.243,1.253,0.045,733.7752013075084,,,1.01,0.109,,,,,,,,
PRHPA-Soybean_yearly_True_window_16_lags_3_sinusoidal_no_piecewise,True,16,piecewise_lags_3_sinusoidal_no,0.433,0.723,492.227,498.213,True,False,False,0.275,0.261,0,1.795,1.993,0.978,689.3145328583502,,,,,1.198,0.004,,,,,,
PRHPA-Soybean_yearly_True_window_16_lags_4_sinusoidal_no_piecewise,True,16,piecewise_lags_4_sinusoidal_no,0.658,0.033,456.314,462.177,True,True,False,0.504,0.491,0,2.018,2.749,0.031,692.6850223171807,,,,,,,1.731,0.012,,,,
PRHPA-Soybean_yearly_True_window_16_lags_none_sinusoidal_yes_piecewise,True,16,piecewise_lags_none_sinusoidal_yes,0.135,0.239,550.691,558.608,False,True,False,0.142,-0.264,0,1.134,1.294,0.038,747.1761643052495,,,,,,,,,1.115,1.045,0.516,0.728
PRHPA-Soybean_yearly_True_window_16_lags_1_sinusoidal_yes_piecewise,True,16,piecewise_lags_1_sinusoidal_yes,0.177,0.371,527.0,536.332,True,True,False,0.197,-0.303,0,1.222,1.337,0.068,737.0495302417677,1.0,0.149,,,,,,,1.096,1.019,0.574,0.951
PRHPA-Soybean_yearly_True_window_16_lags_2_sinusoidal_yes_piecewise,True,16,piecewise_lags_2_sinusoidal_yes,0.217,0.149,518.238,527.396,True,True,False,0.223,-0.151,0,1.265,1.367,0.038,733.7752013075084,,,1.011,0.102,,,,,1.079,1.012,0.382,0.723
PRHPA-Soybean_yearly_True_window_16_lags_3_sinusoidal_yes_piecewise,True,16,piecewise_lags_3_sinusoidal_yes,0.437,0.781,495.994,504.973,True,False,False,0.279,0.2,0,1.796,1.996,0.94,689.3145328583502,,,,,1.198,0.006,,,1.002,1.0,0.955,0.67
PRHPA-Soybean_yearly_True_window_16_lags_4_sinusoidal_yes_piecewise,True,16,piecewise_lags_4_sinusoidal_yes,0.659,0.045,460.264,469.059,True,True,False,0.505,0.43,0,2.018,2.751,0.042,692.6850223171807,,,,,,,1.732,0.019,1.001,1.0,0.842,0.984
