analysis_name,yearly_aggregate,window_size,config_type,r_squared,p_value,aic,bic,is_normal,is_homoscedastic,no_autocorrelation,durbin_watson,cv_r2_score,cv_r2_std,vif_PPT,vif_spline_0,vif_spline_1,vif_spline_2,p_value_spline_0,p_value_spline_1,p_value_spline_2,knots,vif_ortho_sin_cycle,vif_ortho_cos_cycle,p_value_sin,p_value_cos
PRHPA_yearly_False_window_1_lags_none_sinusoidal_no_spline,False,1,spline_lags_none_sinusoidal_no,0.035,0.34,1788.301,1800.8,False,True,False,3.068,-0.106,0,1.0,1.0,1.0,1.0,0.412,0.802,0.987,"[np.float64(409.957), np.float64(593.501999), np.float64(683.515), np.float64(795.879101), np.float64(1031.934004)]",,,,
PRHPA_yearly_False_window_1_lags_none_sinusoidal_yes_spline,False,1,spline_lags_none_sinusoidal_yes,0.071,0.325,1788.857,1806.355,False,True,False,3.157,-0.212,0,1.0,1.004,1.143,1.035,0.47,0.627,0.771,"[np.float64(409.957), np.float64(593.501999), np.float64(683.515), np.float64(795.879101), np.float64(1031.934004)]",1.019,1.163,0.112,0.414
PRHPA_yearly_True_window_1_lags_none_sinusoidal_no_spline,True,1,spline_lags_none_sinusoidal_no,0.278,0.013,641.643,649.561,True,True,True,1.514,-0.301,0,1.0,1.0,1.0,1.0,0.183,0.597,0.24,"[np.float64(425.7896666666666), np.float64(609.662167), np.float64(728.317917), np.float64(797.090501), np.float64(1024.441004)]",,,,
PRHPA_yearly_True_window_1_lags_none_sinusoidal_yes_spline,True,1,spline_lags_none_sinusoidal_yes,0.542,0.003,629.254,640.338,True,True,True,2.259,0.287,0,1.0,1.001,1.143,1.156,0.118,0.788,0.098,"[np.float64(425.7896666666666), np.float64(609.662167), np.float64(728.317917), np.float64(797.090501), np.float64(1024.441004)]",1.021,1.278,0.002,0.041
PRHPA_yearly_False_window_2_lags_none_sinusoidal_no_spline,False,2,spline_lags_none_sinusoidal_no,0.128,0.015,1655.068,1667.567,False,True,True,1.943,-0.046,0,1.0,1.0,1.0,1.0,0.142,0.986,0.561,"[np.float64(417.06899999999985), np.float64(620.07345), np.float64(719.1982), np.float64(821.341), np.float64(1024.441004)]",,,,
PRHPA_yearly_False_window_2_lags_none_sinusoidal_yes_spline,False,2,spline_lags_none_sinusoidal_yes,0.251,0.01,1645.337,1662.836,False,True,True,2.258,0.068,0,1.0,1.008,1.165,1.003,0.179,0.665,0.654,"[np.float64(417.06899999999985), np.float64(620.07345), np.float64(719.1982), np.float64(821.341), np.float64(1024.441004)]",1.01,1.166,0.002,0.097
PRHPA_yearly_True_window_2_lags_none_sinusoidal_no_spline,True,2,spline_lags_none_sinusoidal_no,0.294,0.002,625.328,633.245,True,True,False,0.698,0.15,0,1.0,1.0,1.0,1.0,0.508,0.577,0.792,"[np.float64(512.6990000000001), np.float64(668.396542), np.float64(735.123917), np.float64(809.805083), np.float64(933.0861666666667)]",,,,
PRHPA_yearly_True_window_2_lags_none_sinusoidal_yes_spline,True,2,spline_lags_none_sinusoidal_yes,0.707,0.0,597.619,608.704,True,True,False,1.413,0.65,0,1.0,1.001,1.218,1.027,0.255,0.488,0.561,"[np.float64(512.6990000000001), np.float64(668.396542), np.float64(735.123917), np.float64(809.805083), np.float64(933.0861666666667)]",1.009,1.237,0.0,0.001
PRHPA_yearly_False_window_3_lags_none_sinusoidal_no_spline,False,3,spline_lags_none_sinusoidal_no,0.205,0.002,1593.71,1606.209,False,True,False,1.456,0.084,0,1.0,1.0,1.0,1.0,0.072,0.914,0.464,"[np.float64(425.7896666666666), np.float64(620.661367), np.float64(697.2245), np.float64(823.643083), np.float64(989.2196666666667)]",,,,
PRHPA_yearly_False_window_3_lags_none_sinusoidal_yes_spline,False,3,spline_lags_none_sinusoidal_yes,0.42,0.0,1569.458,1586.957,False,False,True,2.057,0.232,0,1.0,1.014,1.167,1.018,0.153,0.462,0.409,"[np.float64(425.7896666666666), np.float64(620.661367), np.float64(697.2245), np.float64(823.643083), np.float64(989.2196666666667)]",1.02,1.179,0.0,0.012
PRHPA_yearly_True_window_3_lags_none_sinusoidal_no_spline,True,3,spline_lags_none_sinusoidal_no,0.357,0.004,610.756,618.673,True,True,False,0.619,0.028,0,1.0,1.0,1.0,1.0,0.026,0.909,0.726,"[np.float64(539.6333331333334), np.float64(647.718333), np.float64(724.845256), np.float64(764.256198), np.float64(884.5362222222224)]",,,,
PRHPA_yearly_True_window_3_lags_none_sinusoidal_yes_spline,True,3,spline_lags_none_sinusoidal_yes,0.795,0.0,573.635,584.719,True,True,False,1.416,0.685,0,1.0,1.055,1.044,1.006,0.031,0.774,0.857,"[np.float64(539.6333331333334), np.float64(647.718333), np.float64(724.845256), np.float64(764.256198), np.float64(884.5362222222224)]",1.024,1.081,0.0,0.004
PRHPA_yearly_False_window_4_lags_none_sinusoidal_no_spline,False,4,spline_lags_none_sinusoidal_no,0.231,0.001,1578.308,1590.807,False,True,False,1.262,0.199,0,1.0,1.0,1.0,1.0,0.043,0.589,0.227,"[np.float64(469.526), np.float64(627.7546), np.float64(716.547875), np.float64(792.747475), np.float64(978.10325)]",,,,
PRHPA_yearly_False_window_4_lags_none_sinusoidal_yes_spline,False,4,spline_lags_none_sinusoidal_yes,0.469,0.0,1548.917,1566.415,True,True,True,1.852,0.434,0,1.0,1.019,1.234,1.054,0.12,0.084,0.785,"[np.float64(469.526), np.float64(627.7546), np.float64(716.547875), np.float64(792.747475), np.float64(978.10325)]",1.026,1.282,0.0,0.001
PRHPA_yearly_True_window_4_lags_none_sinusoidal_no_spline,True,4,spline_lags_none_sinusoidal_no,0.332,0.031,601.591,609.509,True,True,False,0.47,0.247,0,1.0,1.0,1.0,1.0,0.026,0.823,0.267,"[np.float64(568.2470000000001), np.float64(655.380542), np.float64(712.727127), np.float64(780.209149), np.float64(872.3864166666667)]",,,,
PRHPA_yearly_True_window_4_lags_none_sinusoidal_yes_spline,True,4,spline_lags_none_sinusoidal_yes,0.833,0.0,555.774,566.859,True,True,False,1.13,0.699,0,1.0,1.082,1.012,1.045,0.161,0.598,0.167,"[np.float64(568.2470000000001), np.float64(655.380542), np.float64(712.727127), np.float64(780.209149), np.float64(872.3864166666667)]",1.107,1.033,0.0,0.0
PRHPA_yearly_False_window_5_lags_none_sinusoidal_no_spline,False,5,spline_lags_none_sinusoidal_no,0.25,0.006,1563.681,1576.18,True,True,False,1.336,0.187,0,1.0,1.0,1.0,1.0,0.007,0.418,0.874,"[np.float64(490.8656), np.float64(630.777), np.float64(701.96744), np.float64(800.16962), np.float64(951.0930000000001)]",,,,
PRHPA_yearly_False_window_5_lags_none_sinusoidal_yes_spline,False,5,spline_lags_none_sinusoidal_yes,0.523,0.0,1526.924,1544.423,True,True,True,2.035,0.334,0,1.0,1.034,1.218,1.006,0.05,0.023,0.607,"[np.float64(490.8656), np.float64(630.777), np.float64(701.96744), np.float64(800.16962), np.float64(951.0930000000001)]",1.031,1.227,0.0,0.0
PRHPA_yearly_True_window_5_lags_none_sinusoidal_no_spline,True,5,spline_lags_none_sinusoidal_no,0.178,0.039,601.414,609.332,False,True,False,0.226,-0.105,0,1.0,1.0,1.0,1.0,0.244,0.315,0.854,"[np.float64(576.7779333333334), np.float64(679.1326), np.float64(718.560801), np.float64(767.067), np.float64(854.748336)]",,,,
PRHPA_yearly_True_window_5_lags_none_sinusoidal_yes_spline,True,5,spline_lags_none_sinusoidal_yes,0.888,0.0,533.745,544.829,True,True,False,0.967,0.811,0,1.0,1.122,1.034,1.001,0.144,0.038,0.626,"[np.float64(576.7779333333334), np.float64(679.1326), np.float64(718.560801), np.float64(767.067), np.float64(854.748336)]",1.123,1.035,0.0,0.0
PRHPA_yearly_False_window_6_lags_none_sinusoidal_no_spline,False,6,spline_lags_none_sinusoidal_no,0.334,0.0,1518.235,1530.734,False,False,False,0.353,0.285,0,1.0,1.0,1.0,1.0,0.001,0.665,0.954,"[np.float64(517.1061666666667), np.float64(623.331417), np.float64(714.935867), np.float64(808.79465), np.float64(933.0861666666668)]",,,,
PRHPA_yearly_False_window_6_lags_none_sinusoidal_yes_spline,False,6,spline_lags_none_sinusoidal_yes,0.704,0.0,1449.237,1466.736,True,False,False,0.707,0.634,0,1.0,1.042,1.253,1.003,0.003,0.077,0.651,"[np.float64(517.1061666666667), np.float64(623.331417), np.float64(714.935867), np.float64(808.79465), np.float64(933.0861666666668)]",1.042,1.256,0.0,0.0
PRHPA_yearly_True_window_6_lags_none_sinusoidal_no_spline,True,6,spline_lags_none_sinusoidal_no,0.205,0.023,596.016,603.934,False,True,False,0.236,0.064,0,1.0,1.0,1.0,1.0,0.829,0.038,0.728,"[np.float64(588.0168333333334), np.float64(676.650778), np.float64(716.413403), np.float64(764.725792), np.float64(854.748336)]",,,,
PRHPA_yearly_True_window_6_lags_none_sinusoidal_yes_spline,True,6,spline_lags_none_sinusoidal_yes,0.921,0.0,516.887,527.971,True,True,False,1.235,0.886,0,1.0,1.131,1.128,1.007,0.008,0.001,0.943,"[np.float64(588.0168333333334), np.float64(676.650778), np.float64(716.413403), np.float64(764.725792), np.float64(854.748336)]",1.118,1.147,0.0,0.0
PRHPA_yearly_False_window_7_lags_none_sinusoidal_no_spline,False,7,spline_lags_none_sinusoidal_no,0.295,0.0,1530.417,1542.916,True,True,False,1.033,0.238,0,1.0,1.0,1.0,1.0,0.002,0.215,0.281,"[np.float64(538.9628571428572), np.float64(654.644399), np.float64(726.741021), np.float64(811.064001), np.float64(911.6684285714285)]",,,,
PRHPA_yearly_False_window_7_lags_none_sinusoidal_yes_spline,False,7,spline_lags_none_sinusoidal_yes,0.619,0.0,1479.032,1496.531,True,True,True,1.873,0.565,0,1.0,1.056,1.26,1.006,0.019,0.326,0.046,"[np.float64(538.9628571428572), np.float64(654.644399), np.float64(726.741021), np.float64(811.064001), np.float64(911.6684285714285)]",1.086,1.236,0.0,0.0
PRHPA_yearly_True_window_7_lags_none_sinusoidal_no_spline,True,7,spline_lags_none_sinusoidal_no,0.208,0.028,591.971,599.889,True,True,False,0.292,-2.869,0,1.0,1.0,1.0,1.0,0.625,0.022,0.412,"[np.float64(603.6151428571429), np.float64(707.445215), np.float64(729.403952), np.float64(751.555833), np.float64(841.09100245)]",,,,
PRHPA_yearly_True_window_7_lags_none_sinusoidal_yes_spline,True,7,spline_lags_none_sinusoidal_yes,0.921,0.0,512.81,523.895,True,True,False,0.947,0.77,0,1.0,1.068,1.241,1.006,0.04,0.025,0.024,"[np.float64(603.6151428571429), np.float64(707.445215), np.float64(729.403952), np.float64(751.555833), np.float64(841.09100245)]",1.056,1.259,0.0,0.0
