analysis_name,yearly_aggregate,window_size,config_type,r_squared,p_value,aic,bic,is_normal,is_homoscedastic,no_autocorrelation,durbin_watson,cv_r2_score,cv_r2_std,vif_PPT,vif_ortho_PPT_lag1,p_value_lag1,vif_ortho_PPT_lag2,p_value_lag2,vif_ortho_PPT_lag3,p_value_lag3,vif_ortho_PPT_lag4,p_value_lag4,vif_ortho_sin_cycle,vif_ortho_cos_cycle,p_value_sin,p_value_cos
PRHPA-Maize_yearly_False_window_1_lags_none_sinusoidal_no_linear,False,1,linear_lags_none_sinusoidal_no,0.199,0.006,664.652,667.82,True,True,False,2.508,0.113,0,1.0,,,,,,,,,,,,
PRHPA-Maize_yearly_False_window_1_lags_1_sinusoidal_no_linear,False,1,linear_lags_1_sinusoidal_no,0.264,0.003,643.551,648.217,True,True,True,2.496,0.093,0,1.0,1.0,0.293,,,,,,,,,,
PRHPA-Maize_yearly_False_window_1_lags_2_sinusoidal_no_linear,False,1,linear_lags_2_sinusoidal_no,0.261,0.163,625.605,630.184,True,True,False,2.546,0.059,0,1.0,,,1.0,0.321,,,,,,,,
PRHPA-Maize_yearly_False_window_1_lags_3_sinusoidal_no_linear,False,1,linear_lags_3_sinusoidal_no,0.233,0.112,609.215,613.705,True,True,False,2.666,0.118,0,1.0,,,,,1.0,0.783,,,,,,
PRHPA-Maize_yearly_False_window_1_lags_4_sinusoidal_no_linear,False,1,linear_lags_4_sinusoidal_no,0.302,0.798,588.843,593.241,True,True,True,2.342,0.237,0,1.0,,,,,,,1.0,0.094,,,,
PRHPA-Maize_yearly_False_window_1_lags_none_sinusoidal_yes_linear,False,1,linear_lags_none_sinusoidal_yes,0.239,0.011,666.803,673.137,True,True,False,2.576,0.039,0,1.0,,,,,,,,,1.0,1.0,0.595,0.261
PRHPA-Maize_yearly_False_window_1_lags_1_sinusoidal_yes_linear,False,1,linear_lags_1_sinusoidal_yes,0.393,0.001,640.822,648.599,True,True,False,2.807,0.213,0,1.0,1.0,0.134,,,,,,,1.0,1.0,0.68,0.021
PRHPA-Maize_yearly_False_window_1_lags_2_sinusoidal_yes_linear,False,1,linear_lags_2_sinusoidal_yes,0.313,0.073,627.113,634.745,True,True,False,2.807,-0.029,0,1.0,,,1.0,0.579,,,,,1.0,1.0,0.869,0.152
PRHPA-Maize_yearly_False_window_1_lags_3_sinusoidal_yes_linear,False,1,linear_lags_3_sinusoidal_yes,0.307,0.057,609.901,617.384,True,True,False,2.885,-0.184,0,1.0,,,,,1.0,0.991,,,1.0,1.0,0.657,0.106
PRHPA-Maize_yearly_False_window_1_lags_4_sinusoidal_yes_linear,False,1,linear_lags_4_sinusoidal_yes,0.421,0.968,586.861,594.19,True,True,False,2.631,0.324,0,1.0,,,,,,,1.0,0.053,1.0,1.0,0.984,0.026
PRHPA-Maize_yearly_True_window_1_lags_none_sinusoidal_no_linear,True,1,linear_lags_none_sinusoidal_no,0.199,0.006,664.652,667.82,True,True,False,2.508,0.113,0,1.0,,,,,,,,,,,,
PRHPA-Maize_yearly_True_window_1_lags_1_sinusoidal_no_linear,True,1,linear_lags_1_sinusoidal_no,0.264,0.003,643.551,648.217,True,True,True,2.496,0.093,0,1.0,1.0,0.293,,,,,,,,,,
PRHPA-Maize_yearly_True_window_1_lags_2_sinusoidal_no_linear,True,1,linear_lags_2_sinusoidal_no,0.261,0.163,625.605,630.184,True,True,False,2.546,0.059,0,1.0,,,1.0,0.321,,,,,,,,
PRHPA-Maize_yearly_True_window_1_lags_3_sinusoidal_no_linear,True,1,linear_lags_3_sinusoidal_no,0.233,0.112,609.215,613.705,True,True,False,2.666,0.118,0,1.0,,,,,1.0,0.783,,,,,,
PRHPA-Maize_yearly_True_window_1_lags_4_sinusoidal_no_linear,True,1,linear_lags_4_sinusoidal_no,0.302,0.798,588.843,593.241,True,True,True,2.342,0.237,0,1.0,,,,,,,1.0,0.094,,,,
PRHPA-Maize_yearly_True_window_1_lags_none_sinusoidal_yes_linear,True,1,linear_lags_none_sinusoidal_yes,0.239,0.011,666.803,673.137,True,True,False,2.576,0.039,0,1.0,,,,,,,,,1.0,1.0,0.595,0.261
PRHPA-Maize_yearly_True_window_1_lags_1_sinusoidal_yes_linear,True,1,linear_lags_1_sinusoidal_yes,0.393,0.001,640.822,648.599,True,True,False,2.807,0.213,0,1.0,1.0,0.134,,,,,,,1.0,1.0,0.68,0.021
PRHPA-Maize_yearly_True_window_1_lags_2_sinusoidal_yes_linear,True,1,linear_lags_2_sinusoidal_yes,0.313,0.073,627.113,634.745,True,True,False,2.807,-0.029,0,1.0,,,1.0,0.579,,,,,1.0,1.0,0.869,0.152
PRHPA-Maize_yearly_True_window_1_lags_3_sinusoidal_yes_linear,True,1,linear_lags_3_sinusoidal_yes,0.307,0.057,609.901,617.384,True,True,False,2.885,-0.184,0,1.0,,,,,1.0,0.991,,,1.0,1.0,0.657,0.106
PRHPA-Maize_yearly_True_window_1_lags_4_sinusoidal_yes_linear,True,1,linear_lags_4_sinusoidal_yes,0.421,0.968,586.861,594.19,True,True,False,2.631,0.324,0,1.0,,,,,,,1.0,0.053,1.0,1.0,0.984,0.026
PRHPA-Maize_yearly_False_window_2_lags_none_sinusoidal_no_linear,False,2,linear_lags_none_sinusoidal_no,0.403,0.0,632.374,635.541,True,True,False,1.112,0.27,0,1.0,,,,,,,,,,,,
PRHPA-Maize_yearly_False_window_2_lags_1_sinusoidal_no_linear,False,2,linear_lags_1_sinusoidal_no,0.532,0.0,605.771,610.437,True,True,False,1.379,0.419,0,1.0,1.0,0.781,,,,,,,,,,
PRHPA-Maize_yearly_False_window_2_lags_2_sinusoidal_no_linear,False,2,linear_lags_2_sinusoidal_no,0.525,0.002,588.082,592.661,True,True,False,1.35,0.472,0,1.0,,,1.0,0.446,,,,,,,,
PRHPA-Maize_yearly_False_window_2_lags_3_sinusoidal_no_linear,False,2,linear_lags_3_sinusoidal_no,0.555,0.042,568.827,573.316,True,True,False,1.346,0.459,0,1.0,,,,,1.0,0.179,,,,,,
PRHPA-Maize_yearly_False_window_2_lags_4_sinusoidal_no_linear,False,2,linear_lags_4_sinusoidal_no,0.541,0.02,554.594,558.991,True,True,False,1.349,0.459,0,1.0,,,,,,,1.0,0.741,,,,
PRHPA-Maize_yearly_False_window_2_lags_none_sinusoidal_yes_linear,False,2,linear_lags_none_sinusoidal_yes,0.444,0.0,633.829,640.163,True,True,False,1.07,0.156,0,1.0,,,,,,,,,1.0,1.0,0.31,0.309
PRHPA-Maize_yearly_False_window_2_lags_1_sinusoidal_yes_linear,False,2,linear_lags_1_sinusoidal_yes,0.694,0.0,594.846,602.623,True,True,True,1.695,0.55,0,1.0,1.0,0.762,,,,,,,1.0,1.0,0.078,0.002
PRHPA-Maize_yearly_False_window_2_lags_2_sinusoidal_yes_linear,False,2,linear_lags_2_sinusoidal_yes,0.636,0.0,583.004,590.636,True,True,True,1.561,0.525,0,1.0,,,1.0,0.928,,,,,1.0,1.0,0.218,0.01
PRHPA-Maize_yearly_False_window_2_lags_3_sinusoidal_yes_linear,False,2,linear_lags_3_sinusoidal_yes,0.675,0.004,562.398,569.881,True,True,True,1.638,0.507,0,1.0,,,,,1.0,0.437,,,1.0,1.0,0.208,0.005
PRHPA-Maize_yearly_False_window_2_lags_4_sinusoidal_yes_linear,False,2,linear_lags_4_sinusoidal_yes,0.68,0.033,547.098,554.427,True,True,False,1.499,0.529,0,1.0,,,,,,,1.0,0.402,1.0,1.0,0.115,0.006
PRHPA-Maize_yearly_True_window_2_lags_none_sinusoidal_no_linear,True,2,linear_lags_none_sinusoidal_no,0.403,0.0,632.374,635.541,True,True,False,1.112,0.27,0,1.0,,,,,,,,,,,,
PRHPA-Maize_yearly_True_window_2_lags_1_sinusoidal_no_linear,True,2,linear_lags_1_sinusoidal_no,0.532,0.0,605.771,610.437,True,True,False,1.379,0.419,0,1.0,1.0,0.781,,,,,,,,,,
PRHPA-Maize_yearly_True_window_2_lags_2_sinusoidal_no_linear,True,2,linear_lags_2_sinusoidal_no,0.525,0.002,588.082,592.661,True,True,False,1.35,0.472,0,1.0,,,1.0,0.446,,,,,,,,
PRHPA-Maize_yearly_True_window_2_lags_3_sinusoidal_no_linear,True,2,linear_lags_3_sinusoidal_no,0.555,0.042,568.827,573.316,True,True,False,1.346,0.459,0,1.0,,,,,1.0,0.179,,,,,,
PRHPA-Maize_yearly_True_window_2_lags_4_sinusoidal_no_linear,True,2,linear_lags_4_sinusoidal_no,0.541,0.02,554.594,558.991,True,True,False,1.349,0.459,0,1.0,,,,,,,1.0,0.741,,,,
PRHPA-Maize_yearly_True_window_2_lags_none_sinusoidal_yes_linear,True,2,linear_lags_none_sinusoidal_yes,0.444,0.0,633.829,640.163,True,True,False,1.07,0.156,0,1.0,,,,,,,,,1.0,1.0,0.31,0.309
PRHPA-Maize_yearly_True_window_2_lags_1_sinusoidal_yes_linear,True,2,linear_lags_1_sinusoidal_yes,0.694,0.0,594.846,602.623,True,True,True,1.695,0.55,0,1.0,1.0,0.762,,,,,,,1.0,1.0,0.078,0.002
PRHPA-Maize_yearly_True_window_2_lags_2_sinusoidal_yes_linear,True,2,linear_lags_2_sinusoidal_yes,0.636,0.0,583.004,590.636,True,True,True,1.561,0.525,0,1.0,,,1.0,0.928,,,,,1.0,1.0,0.218,0.01
PRHPA-Maize_yearly_True_window_2_lags_3_sinusoidal_yes_linear,True,2,linear_lags_3_sinusoidal_yes,0.675,0.004,562.398,569.881,True,True,True,1.638,0.507,0,1.0,,,,,1.0,0.437,,,1.0,1.0,0.208,0.005
PRHPA-Maize_yearly_True_window_2_lags_4_sinusoidal_yes_linear,True,2,linear_lags_4_sinusoidal_yes,0.68,0.033,547.098,554.427,True,True,False,1.499,0.529,0,1.0,,,,,,,1.0,0.402,1.0,1.0,0.115,0.006
PRHPA-Maize_yearly_False_window_3_lags_none_sinusoidal_no_linear,False,3,linear_lags_none_sinusoidal_no,0.485,0.0,607.395,610.562,True,True,False,1.265,0.361,0,1.0,,,,,,,,,,,,
PRHPA-Maize_yearly_False_window_3_lags_1_sinusoidal_no_linear,False,3,linear_lags_1_sinusoidal_no,0.563,0.0,589.191,593.857,True,True,False,1.383,0.496,0,1.0,1.0,0.92,,,,,,,,,,
PRHPA-Maize_yearly_False_window_3_lags_2_sinusoidal_no_linear,False,3,linear_lags_2_sinusoidal_no,0.538,0.001,573.199,577.778,True,True,False,1.279,0.454,0,1.0,,,1.0,0.31,,,,,,,,
PRHPA-Maize_yearly_False_window_3_lags_3_sinusoidal_no_linear,False,3,linear_lags_3_sinusoidal_no,0.536,0.009,557.381,561.87,True,True,False,1.38,0.46,0,1.0,,,,,1.0,0.74,,,,,,
PRHPA-Maize_yearly_False_window_3_lags_4_sinusoidal_no_linear,False,3,linear_lags_4_sinusoidal_no,0.557,0.007,541.648,546.045,True,True,False,1.427,0.374,0,1.0,,,,,,,1.0,0.734,,,,
PRHPA-Maize_yearly_False_window_3_lags_none_sinusoidal_yes_linear,False,3,linear_lags_none_sinusoidal_yes,0.574,0.0,604.581,610.915,True,True,False,1.377,0.283,0,1.0,,,,,,,,,1.0,1.0,0.881,0.015
PRHPA-Maize_yearly_False_window_3_lags_1_sinusoidal_yes_linear,False,3,linear_lags_1_sinusoidal_yes,0.731,0.0,576.235,584.011,False,True,True,1.634,0.669,0,1.0,1.0,0.615,,,,,,,1.0,1.0,0.823,0.0
PRHPA-Maize_yearly_False_window_3_lags_2_sinusoidal_yes_linear,False,3,linear_lags_2_sinusoidal_yes,0.684,0.0,564.278,571.909,True,True,True,1.762,0.473,0,1.0,,,1.0,0.88,,,,,1.0,1.0,0.629,0.001
PRHPA-Maize_yearly_False_window_3_lags_3_sinusoidal_yes_linear,False,3,linear_lags_3_sinusoidal_yes,0.687,0.0,548.382,555.864,True,True,True,1.732,0.614,0,1.0,,,,,1.0,0.707,,,1.0,1.0,0.759,0.001
PRHPA-Maize_yearly_False_window_3_lags_4_sinusoidal_yes_linear,False,3,linear_lags_4_sinusoidal_yes,0.713,0.01,531.744,539.072,True,True,True,1.682,0.569,0,1.0,,,,,,,1.0,0.865,1.0,1.0,0.754,0.001
PRHPA-Maize_yearly_True_window_3_lags_none_sinusoidal_no_linear,True,3,linear_lags_none_sinusoidal_no,0.485,0.0,607.395,610.562,True,True,False,1.265,0.361,0,1.0,,,,,,,,,,,,
PRHPA-Maize_yearly_True_window_3_lags_1_sinusoidal_no_linear,True,3,linear_lags_1_sinusoidal_no,0.563,0.0,589.191,593.857,True,True,False,1.383,0.496,0,1.0,1.0,0.92,,,,,,,,,,
PRHPA-Maize_yearly_True_window_3_lags_2_sinusoidal_no_linear,True,3,linear_lags_2_sinusoidal_no,0.538,0.001,573.199,577.778,True,True,False,1.279,0.454,0,1.0,,,1.0,0.31,,,,,,,,
PRHPA-Maize_yearly_True_window_3_lags_3_sinusoidal_no_linear,True,3,linear_lags_3_sinusoidal_no,0.536,0.009,557.381,561.87,True,True,False,1.38,0.46,0,1.0,,,,,1.0,0.74,,,,,,
PRHPA-Maize_yearly_True_window_3_lags_4_sinusoidal_no_linear,True,3,linear_lags_4_sinusoidal_no,0.557,0.007,541.648,546.045,True,True,False,1.427,0.374,0,1.0,,,,,,,1.0,0.734,,,,
PRHPA-Maize_yearly_True_window_3_lags_none_sinusoidal_yes_linear,True,3,linear_lags_none_sinusoidal_yes,0.574,0.0,604.581,610.915,True,True,False,1.377,0.283,0,1.0,,,,,,,,,1.0,1.0,0.881,0.015
PRHPA-Maize_yearly_True_window_3_lags_1_sinusoidal_yes_linear,True,3,linear_lags_1_sinusoidal_yes,0.731,0.0,576.235,584.011,False,True,True,1.634,0.669,0,1.0,1.0,0.615,,,,,,,1.0,1.0,0.823,0.0
PRHPA-Maize_yearly_True_window_3_lags_2_sinusoidal_yes_linear,True,3,linear_lags_2_sinusoidal_yes,0.684,0.0,564.278,571.909,True,True,True,1.762,0.473,0,1.0,,,1.0,0.88,,,,,1.0,1.0,0.629,0.001
PRHPA-Maize_yearly_True_window_3_lags_3_sinusoidal_yes_linear,True,3,linear_lags_3_sinusoidal_yes,0.687,0.0,548.382,555.864,True,True,True,1.732,0.614,0,1.0,,,,,1.0,0.707,,,1.0,1.0,0.759,0.001
PRHPA-Maize_yearly_True_window_3_lags_4_sinusoidal_yes_linear,True,3,linear_lags_4_sinusoidal_yes,0.713,0.01,531.744,539.072,True,True,True,1.682,0.569,0,1.0,,,,,,,1.0,0.865,1.0,1.0,0.754,0.001
PRHPA-Maize_yearly_False_window_4_lags_none_sinusoidal_no_linear,False,4,linear_lags_none_sinusoidal_no,0.47,0.0,589.2,592.367,True,True,False,1.032,0.316,0,1.0,,,,,,,,,,,,
PRHPA-Maize_yearly_False_window_4_lags_1_sinusoidal_no_linear,False,4,linear_lags_1_sinusoidal_no,0.631,0.0,567.064,571.731,True,True,False,1.261,0.548,0,1.0,1.0,0.707,,,,,,,,,,
PRHPA-Maize_yearly_False_window_4_lags_2_sinusoidal_no_linear,False,4,linear_lags_2_sinusoidal_no,0.582,0.0,552.575,557.154,True,True,False,1.148,0.456,0,1.0,,,1.0,0.306,,,,,,,,
PRHPA-Maize_yearly_False_window_4_lags_3_sinusoidal_no_linear,False,4,linear_lags_3_sinusoidal_no,0.604,0.001,536.243,540.732,True,True,False,1.211,0.588,0,1.0,,,,,1.0,0.655,,,,,,
PRHPA-Maize_yearly_False_window_4_lags_4_sinusoidal_no_linear,False,4,linear_lags_4_sinusoidal_no,0.641,0.002,521.123,525.52,True,True,False,1.27,0.498,0,1.0,,,,,,,1.0,0.566,,,,
PRHPA-Maize_yearly_False_window_4_lags_none_sinusoidal_yes_linear,False,4,linear_lags_none_sinusoidal_yes,0.515,0.0,590.05,596.385,True,False,False,1.023,0.183,0,1.0,,,,,,,,,1.0,1.0,0.462,0.15
PRHPA-Maize_yearly_False_window_4_lags_1_sinusoidal_yes_linear,False,4,linear_lags_1_sinusoidal_yes,0.747,0.0,557.913,565.69,False,True,False,1.42,0.625,0,1.0,1.0,0.971,,,,,,,1.0,1.0,0.136,0.003
PRHPA-Maize_yearly_False_window_4_lags_2_sinusoidal_yes_linear,False,4,linear_lags_2_sinusoidal_yes,0.692,0.0,546.157,553.789,False,True,False,1.395,0.541,0,1.0,,,1.0,0.693,,,,,1.0,1.0,0.339,0.004
PRHPA-Maize_yearly_False_window_4_lags_3_sinusoidal_yes_linear,False,4,linear_lags_3_sinusoidal_yes,0.721,0.0,528.73,536.213,False,True,False,1.406,0.668,0,1.0,,,,,1.0,0.892,,,1.0,1.0,0.118,0.005
PRHPA-Maize_yearly_False_window_4_lags_4_sinusoidal_yes_linear,False,4,linear_lags_4_sinusoidal_yes,0.745,0.003,514.249,521.578,False,True,False,1.402,0.58,0,1.0,,,,,,,1.0,0.881,1.0,1.0,0.116,0.008
PRHPA-Maize_yearly_True_window_4_lags_none_sinusoidal_no_linear,True,4,linear_lags_none_sinusoidal_no,0.47,0.0,589.2,592.367,True,True,False,1.032,0.316,0,1.0,,,,,,,,,,,,
PRHPA-Maize_yearly_True_window_4_lags_1_sinusoidal_no_linear,True,4,linear_lags_1_sinusoidal_no,0.631,0.0,567.064,571.731,True,True,False,1.261,0.548,0,1.0,1.0,0.707,,,,,,,,,,
PRHPA-Maize_yearly_True_window_4_lags_2_sinusoidal_no_linear,True,4,linear_lags_2_sinusoidal_no,0.582,0.0,552.575,557.154,True,True,False,1.148,0.456,0,1.0,,,1.0,0.306,,,,,,,,
PRHPA-Maize_yearly_True_window_4_lags_3_sinusoidal_no_linear,True,4,linear_lags_3_sinusoidal_no,0.604,0.001,536.243,540.732,True,True,False,1.211,0.588,0,1.0,,,,,1.0,0.655,,,,,,
PRHPA-Maize_yearly_True_window_4_lags_4_sinusoidal_no_linear,True,4,linear_lags_4_sinusoidal_no,0.641,0.002,521.123,525.52,True,True,False,1.27,0.498,0,1.0,,,,,,,1.0,0.566,,,,
PRHPA-Maize_yearly_True_window_4_lags_none_sinusoidal_yes_linear,True,4,linear_lags_none_sinusoidal_yes,0.515,0.0,590.05,596.385,True,False,False,1.023,0.183,0,1.0,,,,,,,,,1.0,1.0,0.462,0.15
PRHPA-Maize_yearly_True_window_4_lags_1_sinusoidal_yes_linear,True,4,linear_lags_1_sinusoidal_yes,0.747,0.0,557.913,565.69,False,True,False,1.42,0.625,0,1.0,1.0,0.971,,,,,,,1.0,1.0,0.136,0.003
PRHPA-Maize_yearly_True_window_4_lags_2_sinusoidal_yes_linear,True,4,linear_lags_2_sinusoidal_yes,0.692,0.0,546.157,553.789,False,True,False,1.395,0.541,0,1.0,,,1.0,0.693,,,,,1.0,1.0,0.339,0.004
PRHPA-Maize_yearly_True_window_4_lags_3_sinusoidal_yes_linear,True,4,linear_lags_3_sinusoidal_yes,0.721,0.0,528.73,536.213,False,True,False,1.406,0.668,0,1.0,,,,,1.0,0.892,,,1.0,1.0,0.118,0.005
PRHPA-Maize_yearly_True_window_4_lags_4_sinusoidal_yes_linear,True,4,linear_lags_4_sinusoidal_yes,0.745,0.003,514.249,521.578,False,True,False,1.402,0.58,0,1.0,,,,,,,1.0,0.881,1.0,1.0,0.116,0.008
PRHPA-Maize_yearly_False_window_5_lags_none_sinusoidal_no_linear,False,5,linear_lags_none_sinusoidal_no,0.437,0.0,571.594,574.761,True,True,False,0.852,0.251,0,1.0,,,,,,,,,,,,
PRHPA-Maize_yearly_False_window_5_lags_1_sinusoidal_no_linear,False,5,linear_lags_1_sinusoidal_no,0.608,0.0,549.272,553.938,True,True,False,1.111,0.51,0,1.0,1.0,0.486,,,,,,,,,,
PRHPA-Maize_yearly_False_window_5_lags_2_sinusoidal_no_linear,False,5,linear_lags_2_sinusoidal_no,0.546,0.0,537.139,541.718,False,True,False,1.084,0.467,0,1.0,,,1.0,0.962,,,,,,,,
PRHPA-Maize_yearly_False_window_5_lags_3_sinusoidal_no_linear,False,5,linear_lags_3_sinusoidal_no,0.603,0.0,520.796,525.286,True,True,False,1.166,0.561,0,1.0,,,,,1.0,0.716,,,,,,
PRHPA-Maize_yearly_False_window_5_lags_4_sinusoidal_no_linear,False,5,linear_lags_4_sinusoidal_no,0.612,0.001,505.388,509.785,True,True,False,1.202,0.409,0,1.0,,,,,,,1.0,0.579,,,,
PRHPA-Maize_yearly_False_window_5_lags_none_sinusoidal_yes_linear,False,5,linear_lags_none_sinusoidal_yes,0.473,0.0,573.198,579.532,True,False,False,0.872,0.206,0,1.0,,,,,,,,,1.0,1.0,0.803,0.151
PRHPA-Maize_yearly_False_window_5_lags_1_sinusoidal_yes_linear,False,5,linear_lags_1_sinusoidal_yes,0.707,0.0,543.066,550.842,True,True,False,1.233,0.517,0,1.0,1.0,0.355,,,,,,,1.0,1.0,0.85,0.004
PRHPA-Maize_yearly_False_window_5_lags_2_sinusoidal_yes_linear,False,5,linear_lags_2_sinusoidal_yes,0.661,0.0,531.202,538.834,True,True,False,1.322,0.594,0,1.0,,,1.0,0.693,,,,,1.0,1.0,0.745,0.004
PRHPA-Maize_yearly_False_window_5_lags_3_sinusoidal_yes_linear,False,5,linear_lags_3_sinusoidal_yes,0.693,0.0,516.376,523.859,True,True,False,1.358,0.571,0,1.0,,,,,1.0,0.494,,,1.0,1.0,0.879,0.008
PRHPA-Maize_yearly_False_window_5_lags_4_sinusoidal_yes_linear,False,5,linear_lags_4_sinusoidal_yes,0.683,0.001,502.857,510.186,True,True,False,1.281,0.532,0,1.0,,,,,,,1.0,0.673,1.0,1.0,0.834,0.021
PRHPA-Maize_yearly_True_window_5_lags_none_sinusoidal_no_linear,True,5,linear_lags_none_sinusoidal_no,0.437,0.0,571.594,574.761,True,True,False,0.852,0.251,0,1.0,,,,,,,,,,,,
PRHPA-Maize_yearly_True_window_5_lags_1_sinusoidal_no_linear,True,5,linear_lags_1_sinusoidal_no,0.608,0.0,549.272,553.938,True,True,False,1.111,0.51,0,1.0,1.0,0.486,,,,,,,,,,
PRHPA-Maize_yearly_True_window_5_lags_2_sinusoidal_no_linear,True,5,linear_lags_2_sinusoidal_no,0.546,0.0,537.139,541.718,False,True,False,1.084,0.467,0,1.0,,,1.0,0.962,,,,,,,,
PRHPA-Maize_yearly_True_window_5_lags_3_sinusoidal_no_linear,True,5,linear_lags_3_sinusoidal_no,0.603,0.0,520.796,525.286,True,True,False,1.166,0.561,0,1.0,,,,,1.0,0.716,,,,,,
PRHPA-Maize_yearly_True_window_5_lags_4_sinusoidal_no_linear,True,5,linear_lags_4_sinusoidal_no,0.612,0.001,505.388,509.785,True,True,False,1.202,0.409,0,1.0,,,,,,,1.0,0.579,,,,
PRHPA-Maize_yearly_True_window_5_lags_none_sinusoidal_yes_linear,True,5,linear_lags_none_sinusoidal_yes,0.473,0.0,573.198,579.532,True,False,False,0.872,0.206,0,1.0,,,,,,,,,1.0,1.0,0.803,0.151
PRHPA-Maize_yearly_True_window_5_lags_1_sinusoidal_yes_linear,True,5,linear_lags_1_sinusoidal_yes,0.707,0.0,543.066,550.842,True,True,False,1.233,0.517,0,1.0,1.0,0.355,,,,,,,1.0,1.0,0.85,0.004
PRHPA-Maize_yearly_True_window_5_lags_2_sinusoidal_yes_linear,True,5,linear_lags_2_sinusoidal_yes,0.661,0.0,531.202,538.834,True,True,False,1.322,0.594,0,1.0,,,1.0,0.693,,,,,1.0,1.0,0.745,0.004
PRHPA-Maize_yearly_True_window_5_lags_3_sinusoidal_yes_linear,True,5,linear_lags_3_sinusoidal_yes,0.693,0.0,516.376,523.859,True,True,False,1.358,0.571,0,1.0,,,,,1.0,0.494,,,1.0,1.0,0.879,0.008
PRHPA-Maize_yearly_True_window_5_lags_4_sinusoidal_yes_linear,True,5,linear_lags_4_sinusoidal_yes,0.683,0.001,502.857,510.186,True,True,False,1.281,0.532,0,1.0,,,,,,,1.0,0.673,1.0,1.0,0.834,0.021
PRHPA-Maize_yearly_False_window_6_lags_none_sinusoidal_no_linear,False,6,linear_lags_none_sinusoidal_no,0.397,0.0,562.073,565.24,True,True,False,0.8,0.076,0,1.0,,,,,,,,,,,,
PRHPA-Maize_yearly_False_window_6_lags_1_sinusoidal_no_linear,False,6,linear_lags_1_sinusoidal_no,0.661,0.0,532.729,537.395,True,True,False,1.113,0.405,0,1.0,1.0,0.252,,,,,,,,,,
PRHPA-Maize_yearly_False_window_6_lags_2_sinusoidal_no_linear,False,6,linear_lags_2_sinusoidal_no,0.577,0.0,523.022,527.601,True,True,False,1.068,0.543,0,1.0,,,1.0,0.755,,,,,,,,
PRHPA-Maize_yearly_False_window_6_lags_3_sinusoidal_no_linear,False,6,linear_lags_3_sinusoidal_no,0.664,0.0,505.557,510.046,True,True,False,1.093,0.641,0,1.0,,,,,1.0,0.423,,,,,,
PRHPA-Maize_yearly_False_window_6_lags_4_sinusoidal_no_linear,False,6,linear_lags_4_sinusoidal_no,0.646,0.0,492.873,497.27,True,True,False,1.176,0.582,0,1.0,,,,,,,1.0,0.498,,,,
PRHPA-Maize_yearly_False_window_6_lags_none_sinusoidal_yes_linear,False,6,linear_lags_none_sinusoidal_yes,0.404,0.0,565.643,571.977,True,False,False,0.816,-0.086,0,1.0,,,,,,,,,1.0,1.0,0.734,0.607
PRHPA-Maize_yearly_False_window_6_lags_1_sinusoidal_yes_linear,False,6,linear_lags_1_sinusoidal_yes,0.692,0.0,533.369,541.146,True,True,False,1.136,0.402,0,1.0,1.0,0.236,,,,,,,1.0,1.0,0.445,0.133
PRHPA-Maize_yearly_False_window_6_lags_2_sinusoidal_yes_linear,False,6,linear_lags_2_sinusoidal_yes,0.622,0.0,523.127,530.759,True,True,False,1.167,0.509,0,1.0,,,1.0,0.863,,,,,1.0,1.0,0.978,0.071
PRHPA-Maize_yearly_False_window_6_lags_3_sinusoidal_yes_linear,False,6,linear_lags_3_sinusoidal_yes,0.693,0.0,506.574,514.056,True,True,False,1.149,0.637,0,1.0,,,,,1.0,0.366,,,1.0,1.0,0.63,0.131
PRHPA-Maize_yearly_False_window_6_lags_4_sinusoidal_yes_linear,False,6,linear_lags_4_sinusoidal_yes,0.665,0.0,495.071,502.399,True,True,False,1.193,0.574,0,1.0,,,,,,,1.0,0.529,1.0,1.0,0.733,0.24
PRHPA-Maize_yearly_True_window_6_lags_none_sinusoidal_no_linear,True,6,linear_lags_none_sinusoidal_no,0.397,0.0,562.073,565.24,True,True,False,0.8,0.076,0,1.0,,,,,,,,,,,,
PRHPA-Maize_yearly_True_window_6_lags_1_sinusoidal_no_linear,True,6,linear_lags_1_sinusoidal_no,0.661,0.0,532.729,537.395,True,True,False,1.113,0.405,0,1.0,1.0,0.252,,,,,,,,,,
PRHPA-Maize_yearly_True_window_6_lags_2_sinusoidal_no_linear,True,6,linear_lags_2_sinusoidal_no,0.577,0.0,523.022,527.601,True,True,False,1.068,0.543,0,1.0,,,1.0,0.755,,,,,,,,
PRHPA-Maize_yearly_True_window_6_lags_3_sinusoidal_no_linear,True,6,linear_lags_3_sinusoidal_no,0.664,0.0,505.557,510.046,True,True,False,1.093,0.641,0,1.0,,,,,1.0,0.423,,,,,,
PRHPA-Maize_yearly_True_window_6_lags_4_sinusoidal_no_linear,True,6,linear_lags_4_sinusoidal_no,0.646,0.0,492.873,497.27,True,True,False,1.176,0.582,0,1.0,,,,,,,1.0,0.498,,,,
PRHPA-Maize_yearly_True_window_6_lags_none_sinusoidal_yes_linear,True,6,linear_lags_none_sinusoidal_yes,0.404,0.0,565.643,571.977,True,False,False,0.816,-0.086,0,1.0,,,,,,,,,1.0,1.0,0.734,0.607
PRHPA-Maize_yearly_True_window_6_lags_1_sinusoidal_yes_linear,True,6,linear_lags_1_sinusoidal_yes,0.692,0.0,533.369,541.146,True,True,False,1.136,0.402,0,1.0,1.0,0.236,,,,,,,1.0,1.0,0.445,0.133
PRHPA-Maize_yearly_True_window_6_lags_2_sinusoidal_yes_linear,True,6,linear_lags_2_sinusoidal_yes,0.622,0.0,523.127,530.759,True,True,False,1.167,0.509,0,1.0,,,1.0,0.863,,,,,1.0,1.0,0.978,0.071
PRHPA-Maize_yearly_True_window_6_lags_3_sinusoidal_yes_linear,True,6,linear_lags_3_sinusoidal_yes,0.693,0.0,506.574,514.056,True,True,False,1.149,0.637,0,1.0,,,,,1.0,0.366,,,1.0,1.0,0.63,0.131
PRHPA-Maize_yearly_True_window_6_lags_4_sinusoidal_yes_linear,True,6,linear_lags_4_sinusoidal_yes,0.665,0.0,495.071,502.399,True,True,False,1.193,0.574,0,1.0,,,,,,,1.0,0.529,1.0,1.0,0.733,0.24
PRHPA-Maize_yearly_False_window_7_lags_none_sinusoidal_no_linear,False,7,linear_lags_none_sinusoidal_no,0.458,0.0,554.894,558.061,True,True,False,0.647,0.238,0,1.0,,,,,,,,,,,,
PRHPA-Maize_yearly_False_window_7_lags_1_sinusoidal_no_linear,False,7,linear_lags_1_sinusoidal_no,0.664,0.0,524.155,528.821,True,True,False,0.927,0.604,0,1.0,1.0,0.14,,,,,,,,,,
PRHPA-Maize_yearly_False_window_7_lags_2_sinusoidal_no_linear,False,7,linear_lags_2_sinusoidal_no,0.624,0.0,515.255,519.834,True,True,False,1.011,0.56,0,1.0,,,1.0,0.794,,,,,,,,
PRHPA-Maize_yearly_False_window_7_lags_3_sinusoidal_no_linear,False,7,linear_lags_3_sinusoidal_no,0.65,0.0,499.996,504.486,True,True,False,1.064,0.617,0,1.0,,,,,1.0,0.226,,,,,,
PRHPA-Maize_yearly_False_window_7_lags_4_sinusoidal_no_linear,False,7,linear_lags_4_sinusoidal_no,0.6,0.0,489.402,493.799,True,True,False,1.055,0.494,0,1.0,,,,,,,1.0,0.285,,,,
PRHPA-Maize_yearly_False_window_7_lags_none_sinusoidal_yes_linear,False,7,linear_lags_none_sinusoidal_yes,0.48,0.0,557.405,563.74,True,False,False,0.694,0.162,0,1.0,,,,,,,,,1.0,1.0,0.257,0.884
PRHPA-Maize_yearly_False_window_7_lags_1_sinusoidal_yes_linear,False,7,linear_lags_1_sinusoidal_yes,0.665,0.0,527.97,535.747,True,True,False,0.939,0.484,0,1.0,1.0,0.152,,,,,,,1.0,1.0,0.755,0.808
PRHPA-Maize_yearly_False_window_7_lags_2_sinusoidal_yes_linear,False,7,linear_lags_2_sinusoidal_yes,0.635,0.0,518.281,525.913,True,True,False,1.053,0.427,0,1.0,,,1.0,0.799,,,,,1.0,1.0,0.515,0.529
PRHPA-Maize_yearly_False_window_7_lags_3_sinusoidal_yes_linear,False,7,linear_lags_3_sinusoidal_yes,0.652,0.0,503.82,511.303,True,True,False,1.069,0.557,0,1.0,,,,,1.0,0.253,,,1.0,1.0,0.772,0.802
PRHPA-Maize_yearly_False_window_7_lags_4_sinusoidal_yes_linear,False,7,linear_lags_4_sinusoidal_yes,0.605,0.0,493.024,500.353,True,True,False,1.065,0.495,0,1.0,,,,,,,1.0,0.306,1.0,1.0,0.611,0.814
PRHPA-Maize_yearly_True_window_7_lags_none_sinusoidal_no_linear,True,7,linear_lags_none_sinusoidal_no,0.458,0.0,554.894,558.061,True,True,False,0.647,0.238,0,1.0,,,,,,,,,,,,
PRHPA-Maize_yearly_True_window_7_lags_1_sinusoidal_no_linear,True,7,linear_lags_1_sinusoidal_no,0.664,0.0,524.155,528.821,True,True,False,0.927,0.604,0,1.0,1.0,0.14,,,,,,,,,,
PRHPA-Maize_yearly_True_window_7_lags_2_sinusoidal_no_linear,True,7,linear_lags_2_sinusoidal_no,0.624,0.0,515.255,519.834,True,True,False,1.011,0.56,0,1.0,,,1.0,0.794,,,,,,,,
PRHPA-Maize_yearly_True_window_7_lags_3_sinusoidal_no_linear,True,7,linear_lags_3_sinusoidal_no,0.65,0.0,499.996,504.486,True,True,False,1.064,0.617,0,1.0,,,,,1.0,0.226,,,,,,
PRHPA-Maize_yearly_True_window_7_lags_4_sinusoidal_no_linear,True,7,linear_lags_4_sinusoidal_no,0.6,0.0,489.402,493.799,True,True,False,1.055,0.494,0,1.0,,,,,,,1.0,0.285,,,,
PRHPA-Maize_yearly_True_window_7_lags_none_sinusoidal_yes_linear,True,7,linear_lags_none_sinusoidal_yes,0.48,0.0,557.405,563.74,True,False,False,0.694,0.162,0,1.0,,,,,,,,,1.0,1.0,0.257,0.884
PRHPA-Maize_yearly_True_window_7_lags_1_sinusoidal_yes_linear,True,7,linear_lags_1_sinusoidal_yes,0.665,0.0,527.97,535.747,True,True,False,0.939,0.484,0,1.0,1.0,0.152,,,,,,,1.0,1.0,0.755,0.808
PRHPA-Maize_yearly_True_window_7_lags_2_sinusoidal_yes_linear,True,7,linear_lags_2_sinusoidal_yes,0.635,0.0,518.281,525.913,True,True,False,1.053,0.427,0,1.0,,,1.0,0.799,,,,,1.0,1.0,0.515,0.529
PRHPA-Maize_yearly_True_window_7_lags_3_sinusoidal_yes_linear,True,7,linear_lags_3_sinusoidal_yes,0.652,0.0,503.82,511.303,True,True,False,1.069,0.557,0,1.0,,,,,1.0,0.253,,,1.0,1.0,0.772,0.802
PRHPA-Maize_yearly_True_window_7_lags_4_sinusoidal_yes_linear,True,7,linear_lags_4_sinusoidal_yes,0.605,0.0,493.024,500.353,True,True,False,1.065,0.495,0,1.0,,,,,,,1.0,0.306,1.0,1.0,0.611,0.814
PRHPA-Maize_yearly_False_window_8_lags_none_sinusoidal_no_linear,False,8,linear_lags_none_sinusoidal_no,0.424,0.0,554.378,557.545,True,True,False,0.855,0.302,0,1.0,,,,,,,,,,,,
PRHPA-Maize_yearly_False_window_8_lags_1_sinusoidal_no_linear,False,8,linear_lags_1_sinusoidal_no,0.639,0.0,523.668,528.334,True,True,False,1.177,0.522,0,1.0,1.0,0.434,,,,,,,,,,
PRHPA-Maize_yearly_False_window_8_lags_2_sinusoidal_no_linear,False,8,linear_lags_2_sinusoidal_no,0.629,0.0,511.233,515.812,True,True,False,1.228,0.6,0,1.0,,,1.0,0.453,,,,,,,,
PRHPA-Maize_yearly_False_window_8_lags_3_sinusoidal_no_linear,False,8,linear_lags_3_sinusoidal_no,0.616,0.0,499.347,503.837,True,True,False,1.118,0.491,0,1.0,,,,,1.0,0.37,,,,,,
PRHPA-Maize_yearly_False_window_8_lags_4_sinusoidal_no_linear,False,8,linear_lags_4_sinusoidal_no,0.56,0.0,488.931,493.328,True,True,False,1.243,0.485,0,1.0,,,,,,,1.0,0.165,,,,
PRHPA-Maize_yearly_False_window_8_lags_none_sinusoidal_yes_linear,False,8,linear_lags_none_sinusoidal_yes,0.476,0.0,555.017,561.351,True,True,False,0.93,0.226,0,1.0,,,,,,,,,1.0,1.0,0.113,0.511
PRHPA-Maize_yearly_False_window_8_lags_1_sinusoidal_yes_linear,False,8,linear_lags_1_sinusoidal_yes,0.664,0.0,525.163,532.939,True,True,False,1.193,0.372,0,1.0,1.0,0.43,,,,,,,1.0,1.0,0.302,0.302
PRHPA-Maize_yearly_False_window_8_lags_2_sinusoidal_yes_linear,False,8,linear_lags_2_sinusoidal_yes,0.644,0.0,513.786,521.417,True,True,False,1.249,0.545,0,1.0,,,1.0,0.455,,,,,1.0,1.0,0.331,0.601
PRHPA-Maize_yearly_False_window_8_lags_3_sinusoidal_yes_linear,False,8,linear_lags_3_sinusoidal_yes,0.638,0.0,501.396,508.879,True,True,False,1.146,0.501,0,1.0,,,,,1.0,0.373,,,1.0,1.0,0.271,0.512
PRHPA-Maize_yearly_False_window_8_lags_4_sinusoidal_yes_linear,False,8,linear_lags_4_sinusoidal_yes,0.585,0.0,491.099,498.428,True,True,False,1.27,0.449,0,1.0,,,,,,,1.0,0.172,1.0,1.0,0.235,0.734
PRHPA-Maize_yearly_True_window_8_lags_none_sinusoidal_no_linear,True,8,linear_lags_none_sinusoidal_no,0.424,0.0,554.378,557.545,True,True,False,0.855,0.302,0,1.0,,,,,,,,,,,,
PRHPA-Maize_yearly_True_window_8_lags_1_sinusoidal_no_linear,True,8,linear_lags_1_sinusoidal_no,0.639,0.0,523.668,528.334,True,True,False,1.177,0.522,0,1.0,1.0,0.434,,,,,,,,,,
PRHPA-Maize_yearly_True_window_8_lags_2_sinusoidal_no_linear,True,8,linear_lags_2_sinusoidal_no,0.629,0.0,511.233,515.812,True,True,False,1.228,0.6,0,1.0,,,1.0,0.453,,,,,,,,
PRHPA-Maize_yearly_True_window_8_lags_3_sinusoidal_no_linear,True,8,linear_lags_3_sinusoidal_no,0.616,0.0,499.347,503.837,True,True,False,1.118,0.491,0,1.0,,,,,1.0,0.37,,,,,,
PRHPA-Maize_yearly_True_window_8_lags_4_sinusoidal_no_linear,True,8,linear_lags_4_sinusoidal_no,0.56,0.0,488.931,493.328,True,True,False,1.243,0.485,0,1.0,,,,,,,1.0,0.165,,,,
PRHPA-Maize_yearly_True_window_8_lags_none_sinusoidal_yes_linear,True,8,linear_lags_none_sinusoidal_yes,0.476,0.0,555.017,561.351,True,True,False,0.93,0.226,0,1.0,,,,,,,,,1.0,1.0,0.113,0.511
PRHPA-Maize_yearly_True_window_8_lags_1_sinusoidal_yes_linear,True,8,linear_lags_1_sinusoidal_yes,0.664,0.0,525.163,532.939,True,True,False,1.193,0.372,0,1.0,1.0,0.43,,,,,,,1.0,1.0,0.302,0.302
PRHPA-Maize_yearly_True_window_8_lags_2_sinusoidal_yes_linear,True,8,linear_lags_2_sinusoidal_yes,0.644,0.0,513.786,521.417,True,True,False,1.249,0.545,0,1.0,,,1.0,0.455,,,,,1.0,1.0,0.331,0.601
PRHPA-Maize_yearly_True_window_8_lags_3_sinusoidal_yes_linear,True,8,linear_lags_3_sinusoidal_yes,0.638,0.0,501.396,508.879,True,True,False,1.146,0.501,0,1.0,,,,,1.0,0.373,,,1.0,1.0,0.271,0.512
PRHPA-Maize_yearly_True_window_8_lags_4_sinusoidal_yes_linear,True,8,linear_lags_4_sinusoidal_yes,0.585,0.0,491.099,498.428,True,True,False,1.27,0.449,0,1.0,,,,,,,1.0,0.172,1.0,1.0,0.235,0.734
PRHPA-Maize_yearly_False_window_9_lags_none_sinusoidal_no_linear,False,9,linear_lags_none_sinusoidal_no,0.57,0.0,542.0,545.167,True,True,False,0.674,0.505,0,1.0,,,,,,,,,,,,
PRHPA-Maize_yearly_False_window_9_lags_1_sinusoidal_no_linear,False,9,linear_lags_1_sinusoidal_no,0.678,0.0,517.735,522.401,True,True,False,0.927,0.588,0,1.0,1.0,0.602,,,,,,,,,,
PRHPA-Maize_yearly_False_window_9_lags_2_sinusoidal_no_linear,False,9,linear_lags_2_sinusoidal_no,0.694,0.0,501.982,506.562,True,True,False,1.06,0.637,0,1.0,,,1.0,0.978,,,,,,,,
PRHPA-Maize_yearly_False_window_9_lags_3_sinusoidal_no_linear,False,9,linear_lags_3_sinusoidal_no,0.612,0.0,495.687,500.176,True,True,False,0.979,0.498,0,1.0,,,,,1.0,0.215,,,,,,
PRHPA-Maize_yearly_False_window_9_lags_4_sinusoidal_no_linear,False,9,linear_lags_4_sinusoidal_no,0.555,0.0,485.059,489.456,True,True,False,0.964,0.414,0,1.0,,,,,,,1.0,0.067,,,,
PRHPA-Maize_yearly_False_window_9_lags_none_sinusoidal_yes_linear,False,9,linear_lags_none_sinusoidal_yes,0.631,0.0,540.52,546.854,True,True,False,0.713,0.414,0,1.0,,,,,,,,,1.0,1.0,0.267,0.06
PRHPA-Maize_yearly_False_window_9_lags_1_sinusoidal_yes_linear,False,9,linear_lags_1_sinusoidal_yes,0.744,0.0,513.722,521.498,True,True,False,0.94,0.509,0,1.0,1.0,0.503,,,,,,,1.0,1.0,0.747,0.01
PRHPA-Maize_yearly_False_window_9_lags_2_sinusoidal_yes_linear,False,9,linear_lags_2_sinusoidal_yes,0.735,0.0,501.181,508.813,True,True,False,1.109,0.663,0,1.0,,,1.0,0.822,,,,,1.0,1.0,0.751,0.048
PRHPA-Maize_yearly_False_window_9_lags_3_sinusoidal_yes_linear,False,9,linear_lags_3_sinusoidal_yes,0.668,0.0,494.593,502.075,True,True,False,1.009,0.506,0,1.0,,,,,1.0,0.143,,,1.0,1.0,0.297,0.07
PRHPA-Maize_yearly_False_window_9_lags_4_sinusoidal_yes_linear,False,9,linear_lags_4_sinusoidal_yes,0.607,0.0,485.069,492.398,True,True,False,1.035,0.363,0,1.0,,,,,,,1.0,0.059,1.0,1.0,0.19,0.195
PRHPA-Maize_yearly_True_window_9_lags_none_sinusoidal_no_linear,True,9,linear_lags_none_sinusoidal_no,0.57,0.0,542.0,545.167,True,True,False,0.674,0.505,0,1.0,,,,,,,,,,,,
PRHPA-Maize_yearly_True_window_9_lags_1_sinusoidal_no_linear,True,9,linear_lags_1_sinusoidal_no,0.678,0.0,517.735,522.401,True,True,False,0.927,0.588,0,1.0,1.0,0.602,,,,,,,,,,
PRHPA-Maize_yearly_True_window_9_lags_2_sinusoidal_no_linear,True,9,linear_lags_2_sinusoidal_no,0.694,0.0,501.982,506.562,True,True,False,1.06,0.637,0,1.0,,,1.0,0.978,,,,,,,,
PRHPA-Maize_yearly_True_window_9_lags_3_sinusoidal_no_linear,True,9,linear_lags_3_sinusoidal_no,0.612,0.0,495.687,500.176,True,True,False,0.979,0.498,0,1.0,,,,,1.0,0.215,,,,,,
PRHPA-Maize_yearly_True_window_9_lags_4_sinusoidal_no_linear,True,9,linear_lags_4_sinusoidal_no,0.555,0.0,485.059,489.456,True,True,False,0.964,0.414,0,1.0,,,,,,,1.0,0.067,,,,
PRHPA-Maize_yearly_True_window_9_lags_none_sinusoidal_yes_linear,True,9,linear_lags_none_sinusoidal_yes,0.631,0.0,540.52,546.854,True,True,False,0.713,0.414,0,1.0,,,,,,,,,1.0,1.0,0.267,0.06
PRHPA-Maize_yearly_True_window_9_lags_1_sinusoidal_yes_linear,True,9,linear_lags_1_sinusoidal_yes,0.744,0.0,513.722,521.498,True,True,False,0.94,0.509,0,1.0,1.0,0.503,,,,,,,1.0,1.0,0.747,0.01
PRHPA-Maize_yearly_True_window_9_lags_2_sinusoidal_yes_linear,True,9,linear_lags_2_sinusoidal_yes,0.735,0.0,501.181,508.813,True,True,False,1.109,0.663,0,1.0,,,1.0,0.822,,,,,1.0,1.0,0.751,0.048
PRHPA-Maize_yearly_True_window_9_lags_3_sinusoidal_yes_linear,True,9,linear_lags_3_sinusoidal_yes,0.668,0.0,494.593,502.075,True,True,False,1.009,0.506,0,1.0,,,,,1.0,0.143,,,1.0,1.0,0.297,0.07
PRHPA-Maize_yearly_True_window_9_lags_4_sinusoidal_yes_linear,True,9,linear_lags_4_sinusoidal_yes,0.607,0.0,485.069,492.398,True,True,False,1.035,0.363,0,1.0,,,,,,,1.0,0.059,1.0,1.0,0.19,0.195
PRHPA-Maize_yearly_False_window_10_lags_none_sinusoidal_no_linear,False,10,linear_lags_none_sinusoidal_no,0.504,0.0,537.416,540.583,True,True,False,0.743,0.416,0,1.0,,,,,,,,,,,,
PRHPA-Maize_yearly_False_window_10_lags_1_sinusoidal_no_linear,False,10,linear_lags_1_sinusoidal_no,0.627,0.0,514.804,519.47,True,True,False,0.854,0.539,0,1.0,1.0,0.485,,,,,,,,,,
PRHPA-Maize_yearly_False_window_10_lags_2_sinusoidal_no_linear,False,10,linear_lags_2_sinusoidal_no,0.652,0.0,497.388,501.967,True,True,False,1.002,0.581,0,1.0,,,1.0,0.583,,,,,,,,
PRHPA-Maize_yearly_False_window_10_lags_3_sinusoidal_no_linear,False,10,linear_lags_3_sinusoidal_no,0.568,0.0,490.204,494.693,True,True,False,0.958,0.524,0,1.0,,,,,1.0,0.113,,,,,,
PRHPA-Maize_yearly_False_window_10_lags_4_sinusoidal_no_linear,False,10,linear_lags_4_sinusoidal_no,0.556,0.0,476.027,480.424,True,True,False,0.992,0.501,0,1.0,,,,,,,1.0,0.007,,,,
PRHPA-Maize_yearly_False_window_10_lags_none_sinusoidal_yes_linear,False,10,linear_lags_none_sinusoidal_yes,0.61,0.0,532.768,539.102,True,True,False,0.831,0.424,0,1.0,,,,,,,,,1.0,1.0,0.042,0.068
PRHPA-Maize_yearly_False_window_10_lags_1_sinusoidal_yes_linear,False,10,linear_lags_1_sinusoidal_yes,0.757,0.0,503.829,511.606,True,True,False,0.912,0.658,0,1.0,1.0,0.274,,,,,,,1.0,1.0,0.029,0.003
PRHPA-Maize_yearly_False_window_10_lags_2_sinusoidal_yes_linear,False,10,linear_lags_2_sinusoidal_yes,0.752,0.0,489.834,497.466,True,True,False,1.13,0.64,0,1.0,,,1.0,0.321,,,,,1.0,1.0,0.021,0.022
PRHPA-Maize_yearly_False_window_10_lags_3_sinusoidal_yes_linear,False,10,linear_lags_3_sinusoidal_yes,0.684,0.0,483.846,491.329,True,True,False,1.077,0.6,0,1.0,,,,,1.0,0.039,,,1.0,1.0,0.007,0.164
PRHPA-Maize_yearly_False_window_10_lags_4_sinusoidal_yes_linear,False,10,linear_lags_4_sinusoidal_yes,0.659,0.0,471.567,478.896,True,True,False,1.181,0.574,0,1.0,,,,,,,1.0,0.003,1.0,1.0,0.009,0.706
PRHPA-Maize_yearly_True_window_10_lags_none_sinusoidal_no_linear,True,10,linear_lags_none_sinusoidal_no,0.504,0.0,537.416,540.583,True,True,False,0.743,0.416,0,1.0,,,,,,,,,,,,
PRHPA-Maize_yearly_True_window_10_lags_1_sinusoidal_no_linear,True,10,linear_lags_1_sinusoidal_no,0.627,0.0,514.804,519.47,True,True,False,0.854,0.539,0,1.0,1.0,0.485,,,,,,,,,,
PRHPA-Maize_yearly_True_window_10_lags_2_sinusoidal_no_linear,True,10,linear_lags_2_sinusoidal_no,0.652,0.0,497.388,501.967,True,True,False,1.002,0.581,0,1.0,,,1.0,0.583,,,,,,,,
PRHPA-Maize_yearly_True_window_10_lags_3_sinusoidal_no_linear,True,10,linear_lags_3_sinusoidal_no,0.568,0.0,490.204,494.693,True,True,False,0.958,0.524,0,1.0,,,,,1.0,0.113,,,,,,
PRHPA-Maize_yearly_True_window_10_lags_4_sinusoidal_no_linear,True,10,linear_lags_4_sinusoidal_no,0.556,0.0,476.027,480.424,True,True,False,0.992,0.501,0,1.0,,,,,,,1.0,0.007,,,,
PRHPA-Maize_yearly_True_window_10_lags_none_sinusoidal_yes_linear,True,10,linear_lags_none_sinusoidal_yes,0.61,0.0,532.768,539.102,True,True,False,0.831,0.424,0,1.0,,,,,,,,,1.0,1.0,0.042,0.068
PRHPA-Maize_yearly_True_window_10_lags_1_sinusoidal_yes_linear,True,10,linear_lags_1_sinusoidal_yes,0.757,0.0,503.829,511.606,True,True,False,0.912,0.658,0,1.0,1.0,0.274,,,,,,,1.0,1.0,0.029,0.003
PRHPA-Maize_yearly_True_window_10_lags_2_sinusoidal_yes_linear,True,10,linear_lags_2_sinusoidal_yes,0.752,0.0,489.834,497.466,True,True,False,1.13,0.64,0,1.0,,,1.0,0.321,,,,,1.0,1.0,0.021,0.022
PRHPA-Maize_yearly_True_window_10_lags_3_sinusoidal_yes_linear,True,10,linear_lags_3_sinusoidal_yes,0.684,0.0,483.846,491.329,True,True,False,1.077,0.6,0,1.0,,,,,1.0,0.039,,,1.0,1.0,0.007,0.164
PRHPA-Maize_yearly_True_window_10_lags_4_sinusoidal_yes_linear,True,10,linear_lags_4_sinusoidal_yes,0.659,0.0,471.567,478.896,True,True,False,1.181,0.574,0,1.0,,,,,,,1.0,0.003,1.0,1.0,0.009,0.706
