analysis_name,yearly_aggregate,window_size,config_type,r_squared,p_value,aic,bic,is_normal,is_homoscedastic,no_autocorrelation,durbin_watson,cv_r2_score,cv_r2_std,vif_PPT,vif_quadratic,p_value_quadratic,vif_ortho_sin_cycle,vif_ortho_cos_cycle,p_value_sin,p_value_cos
PRHPA_yearly_False_window_1_lags_none_sinusoidal_no_quadratic,False,1,quadratic_lags_none_sinusoidal_no,0.034,0.091,1784.344,1791.843,False,True,False,3.07,-0.049,0,1.925,1.925,0.415,,,,
PRHPA_yearly_False_window_1_lags_none_sinusoidal_yes_quadratic,False,1,quadratic_lags_none_sinusoidal_yes,0.068,0.09,1785.152,1797.651,False,True,False,3.166,-0.141,0,1.932,1.94,0.484,1.002,1.006,0.114,0.486
PRHPA_yearly_True_window_1_lags_none_sinusoidal_no_quadratic,True,1,quadratic_lags_none_sinusoidal_no,0.243,0.003,639.371,644.121,True,True,True,1.543,0.192,0,1.924,1.924,0.148,,,,
PRHPA_yearly_True_window_1_lags_none_sinusoidal_yes_quadratic,True,1,quadratic_lags_none_sinusoidal_yes,0.494,0.0,628.864,636.782,True,True,True,2.302,0.378,0,1.93,1.937,0.134,1.001,1.005,0.001,0.126
PRHPA_yearly_False_window_2_lags_none_sinusoidal_no_quadratic,False,2,quadratic_lags_none_sinusoidal_no,0.124,0.001,1651.534,1659.033,False,True,True,1.949,0.049,0,1.905,1.905,0.145,,,,
PRHPA_yearly_False_window_2_lags_none_sinusoidal_yes_quadratic,False,2,quadratic_lags_none_sinusoidal_yes,0.245,0.001,1642.105,1654.604,False,True,True,2.254,0.161,0,1.917,1.931,0.235,1.004,1.009,0.001,0.12
PRHPA_yearly_True_window_2_lags_none_sinusoidal_no_quadratic,True,2,quadratic_lags_none_sinusoidal_no,0.292,0.001,621.45,626.2,True,True,False,0.674,0.226,0,2.226,2.226,0.377,,,,
PRHPA_yearly_True_window_2_lags_none_sinusoidal_yes_quadratic,True,2,quadratic_lags_none_sinusoidal_yes,0.692,0.0,595.498,603.415,True,True,False,1.365,0.659,0,2.239,2.25,0.469,1.0,1.01,0.0,0.001
PRHPA_yearly_False_window_3_lags_none_sinusoidal_no_quadratic,False,3,quadratic_lags_none_sinusoidal_no,0.199,0.0,1590.429,1597.928,False,True,False,1.474,0.098,0,2.01,2.01,0.075,,,,
PRHPA_yearly_False_window_3_lags_none_sinusoidal_yes_quadratic,False,3,quadratic_lags_none_sinusoidal_yes,0.409,0.0,1567.061,1579.56,False,False,True,2.041,0.277,0,2.037,2.063,0.214,1.01,1.017,0.0,0.022
PRHPA_yearly_True_window_3_lags_none_sinusoidal_no_quadratic,True,3,quadratic_lags_none_sinusoidal_no,0.338,0.002,607.802,612.553,True,True,False,0.587,0.206,0,2.407,2.407,0.035,,,,
PRHPA_yearly_True_window_3_lags_none_sinusoidal_yes_quadratic,True,3,quadratic_lags_none_sinusoidal_yes,0.787,0.0,571.023,578.94,True,True,False,1.357,0.717,0,2.457,2.492,0.047,1.018,1.017,0.0,0.004
PRHPA_yearly_False_window_4_lags_none_sinusoidal_no_quadratic,False,4,quadratic_lags_none_sinusoidal_no,0.208,0.0,1576.883,1584.383,False,True,False,1.255,0.183,0,2.076,2.076,0.071,,,,
PRHPA_yearly_False_window_4_lags_none_sinusoidal_yes_quadratic,False,4,quadratic_lags_none_sinusoidal_yes,0.442,0.0,1549.449,1561.948,True,True,True,1.788,0.406,0,2.114,2.15,0.318,1.014,1.022,0.0,0.002
PRHPA_yearly_True_window_4_lags_none_sinusoidal_no_quadratic,True,4,quadratic_lags_none_sinusoidal_no,0.302,0.006,599.185,603.935,True,True,False,0.376,0.221,0,2.263,2.263,0.024,,,,
PRHPA_yearly_True_window_4_lags_none_sinusoidal_yes_quadratic,True,4,quadratic_lags_none_sinusoidal_yes,0.821,0.0,554.2,562.118,True,True,False,0.975,0.736,0,2.365,2.447,0.132,1.07,1.011,0.0,0.0
PRHPA_yearly_False_window_5_lags_none_sinusoidal_no_quadratic,False,5,quadratic_lags_none_sinusoidal_no,0.236,0.0,1561.368,1568.867,True,True,False,1.34,0.201,0,2.142,2.142,0.014,,,,
PRHPA_yearly_False_window_5_lags_none_sinusoidal_yes_quadratic,False,5,quadratic_lags_none_sinusoidal_yes,0.484,0.0,1530.085,1542.584,True,True,True,1.942,0.39,0,2.213,2.276,0.179,1.029,1.033,0.0,0.003
PRHPA_yearly_True_window_5_lags_none_sinusoidal_no_quadratic,True,5,quadratic_lags_none_sinusoidal_no,0.166,0.041,597.945,602.695,False,True,False,0.226,0.013,0,1.885,1.885,0.144,,,,
PRHPA_yearly_True_window_5_lags_none_sinusoidal_yes_quadratic,True,5,quadratic_lags_none_sinusoidal_yes,0.863,0.0,537.018,544.935,True,True,False,0.823,0.76,0,1.995,2.119,0.477,1.123,1.001,0.0,0.0
PRHPA_yearly_False_window_6_lags_none_sinusoidal_no_quadratic,False,6,quadratic_lags_none_sinusoidal_no,0.329,0.0,1514.872,1522.371,False,False,False,0.351,0.294,0,2.183,2.183,0.001,,,,
PRHPA_yearly_False_window_6_lags_none_sinusoidal_yes_quadratic,False,6,quadratic_lags_none_sinusoidal_yes,0.678,0.0,1452.737,1465.236,True,False,False,0.62,0.638,0,2.28,2.362,0.035,1.043,1.04,0.0,0.0
PRHPA_yearly_True_window_6_lags_none_sinusoidal_no_quadratic,True,6,quadratic_lags_none_sinusoidal_no,0.092,0.101,596.788,601.538,False,True,False,0.152,-0.057,0,1.675,1.675,0.439,,,,
PRHPA_yearly_True_window_6_lags_none_sinusoidal_yes_quadratic,True,6,quadratic_lags_none_sinusoidal_yes,0.874,0.0,529.665,537.583,True,True,False,0.898,0.776,0,1.745,1.849,0.118,1.103,1.0,0.0,0.0
PRHPA_yearly_False_window_7_lags_none_sinusoidal_no_quadratic,False,7,quadratic_lags_none_sinusoidal_no,0.284,0.0,1527.868,1535.368,True,True,False,1.06,0.249,0,2.268,2.268,0.001,,,,
PRHPA_yearly_False_window_7_lags_none_sinusoidal_yes_quadratic,False,7,quadratic_lags_none_sinusoidal_yes,0.582,0.0,1483.341,1495.84,True,True,True,1.798,0.543,0,2.43,2.557,0.1,1.085,1.042,0.0,0.002
PRHPA_yearly_True_window_7_lags_none_sinusoidal_no_quadratic,True,7,quadratic_lags_none_sinusoidal_no,0.046,0.276,594.678,599.428,False,True,False,0.106,-0.057,0,1.56,1.56,0.572,,,,
PRHPA_yearly_True_window_7_lags_none_sinusoidal_yes_quadratic,True,7,quadratic_lags_none_sinusoidal_yes,0.88,0.001,523.884,531.802,True,False,False,0.559,0.77,0,1.62,1.727,0.387,1.069,1.038,0.0,0.0
