analysis_name,yearly_aggregate,window_size,config_type,r_squared,p_value,aic,bic,is_normal,is_homoscedastic,no_autocorrelation,durbin_watson,cv_r2_score,cv_r2_std,vif_PPT,vif_ortho_sin_cycle,vif_ortho_cos_cycle,p_value_sin,p_value_cos
PRHPA_yearly_False_window_1_lags_none_sinusoidal_no_linear,False,1,linear_lags_none_sinusoidal_no,0.027,0.124,1783.034,1788.033,False,True,False,3.065,-0.047,0,1.0,,,,
PRHPA_yearly_False_window_1_lags_none_sinusoidal_yes_linear,False,1,linear_lags_none_sinusoidal_yes,0.062,0.114,1783.675,1793.674,False,True,False,3.164,-0.148,0,1.0,1.0,1.0,0.106,0.456
PRHPA_yearly_True_window_1_lags_none_sinusoidal_no_linear,True,1,linear_lags_none_sinusoidal_no,0.193,0.007,639.687,642.854,True,True,True,1.675,0.148,0,1.0,,,,
PRHPA_yearly_True_window_1_lags_none_sinusoidal_yes_linear,True,1,linear_lags_none_sinusoidal_yes,0.456,0.001,629.508,635.842,True,True,True,2.47,0.349,0,1.0,1.0,1.0,0.001,0.113
PRHPA_yearly_False_window_2_lags_none_sinusoidal_no_linear,False,2,linear_lags_none_sinusoidal_no,0.102,0.002,1651.744,1656.743,False,True,True,1.925,0.023,0,1.0,,,,
PRHPA_yearly_False_window_2_lags_none_sinusoidal_yes_linear,False,2,linear_lags_none_sinusoidal_yes,0.232,0.001,1641.608,1651.607,False,True,True,2.243,0.147,0,1.0,1.0,1.0,0.001,0.096
PRHPA_yearly_True_window_2_lags_none_sinusoidal_no_linear,True,2,linear_lags_none_sinusoidal_no,0.275,0.001,620.314,623.481,True,True,False,0.638,0.229,0,1.0,,,,
PRHPA_yearly_True_window_2_lags_none_sinusoidal_yes_linear,True,2,linear_lags_none_sinusoidal_yes,0.686,0.0,594.117,600.451,True,True,False,1.346,0.667,0,1.0,1.0,1.0,0.0,0.001
PRHPA_yearly_False_window_3_lags_none_sinusoidal_no_linear,False,3,linear_lags_none_sinusoidal_no,0.169,0.0,1591.725,1596.725,False,True,False,1.432,0.067,0,1.0,,,,
PRHPA_yearly_False_window_3_lags_none_sinusoidal_yes_linear,False,3,linear_lags_none_sinusoidal_yes,0.398,0.0,1566.707,1576.706,False,False,True,2.026,0.274,0,1.0,1.0,1.0,0.0,0.013
PRHPA_yearly_True_window_3_lags_none_sinusoidal_no_linear,True,3,linear_lags_none_sinusoidal_no,0.241,0.002,610.711,613.878,False,True,False,0.418,0.15,0,1.0,,,,
PRHPA_yearly_True_window_3_lags_none_sinusoidal_yes_linear,True,3,linear_lags_none_sinusoidal_yes,0.757,0.0,573.659,579.993,True,False,False,1.177,0.703,0,1.0,1.0,1.0,0.0,0.001
PRHPA_yearly_False_window_4_lags_none_sinusoidal_no_linear,False,4,linear_lags_none_sinusoidal_no,0.178,0.0,1578.265,1583.264,True,True,False,1.201,0.174,0,1.0,,,,
PRHPA_yearly_False_window_4_lags_none_sinusoidal_yes_linear,False,4,linear_lags_none_sinusoidal_yes,0.435,0.0,1548.51,1558.51,True,True,True,1.77,0.424,0,1.0,1.0,1.0,0.0,0.001
PRHPA_yearly_True_window_4_lags_none_sinusoidal_no_linear,True,4,linear_lags_none_sinusoidal_no,0.184,0.009,602.819,605.986,False,True,False,0.274,0.092,0,1.0,,,,
PRHPA_yearly_True_window_4_lags_none_sinusoidal_yes_linear,True,4,linear_lags_none_sinusoidal_yes,0.807,0.0,554.872,561.206,True,True,False,1.016,0.739,0,1.0,1.0,1.0,0.0,0.0
PRHPA_yearly_False_window_5_lags_none_sinusoidal_no_linear,False,5,linear_lags_none_sinusoidal_no,0.181,0.0,1565.65,1570.65,True,True,False,1.246,0.161,0,1.0,,,,
PRHPA_yearly_False_window_5_lags_none_sinusoidal_yes_linear,False,5,linear_lags_none_sinusoidal_yes,0.473,0.0,1530.008,1540.008,True,True,True,1.905,0.386,0,1.0,1.0,1.0,0.0,0.001
PRHPA_yearly_True_window_5_lags_none_sinusoidal_no_linear,True,5,linear_lags_none_sinusoidal_no,0.109,0.049,598.311,601.478,False,True,False,0.153,0.033,0,1.0,,,,
PRHPA_yearly_True_window_5_lags_none_sinusoidal_yes_linear,True,5,linear_lags_none_sinusoidal_yes,0.86,0.0,535.613,541.947,True,True,False,0.818,0.773,0,1.0,1.0,1.0,0.0,0.0
PRHPA_yearly_False_window_6_lags_none_sinusoidal_no_linear,False,6,linear_lags_none_sinusoidal_no,0.233,0.0,1524.989,1529.989,False,True,False,0.276,0.201,0,1.0,,,,
PRHPA_yearly_False_window_6_lags_none_sinusoidal_yes_linear,False,6,linear_lags_none_sinusoidal_yes,0.661,0.0,1455.448,1465.447,True,False,False,0.583,0.625,0,1.0,1.0,1.0,0.0,0.0
PRHPA_yearly_True_window_6_lags_none_sinusoidal_no_linear,True,6,linear_lags_none_sinusoidal_no,0.075,0.106,595.452,598.619,False,True,False,0.145,-0.002,0,1.0,,,,
PRHPA_yearly_True_window_6_lags_none_sinusoidal_yes_linear,True,6,linear_lags_none_sinusoidal_yes,0.864,0.0,530.549,536.883,True,True,False,0.781,0.759,0,1.0,1.0,1.0,0.0,0.0
PRHPA_yearly_False_window_7_lags_none_sinusoidal_no_linear,False,7,linear_lags_none_sinusoidal_no,0.179,0.0,1538.146,1543.146,True,True,False,0.902,0.129,0,1.0,,,,
PRHPA_yearly_False_window_7_lags_none_sinusoidal_yes_linear,False,7,linear_lags_none_sinusoidal_yes,0.569,0.0,1484.221,1494.22,True,True,True,1.749,0.527,0,1.0,1.0,1.0,0.0,0.0
PRHPA_yearly_True_window_7_lags_none_sinusoidal_no_linear,True,7,linear_lags_none_sinusoidal_no,0.036,0.267,593.032,596.199,False,True,False,0.101,-0.041,0,1.0,,,,
PRHPA_yearly_True_window_7_lags_none_sinusoidal_yes_linear,True,7,linear_lags_none_sinusoidal_yes,0.878,0.0,522.769,529.103,True,False,False,0.52,0.784,0,1.0,1.0,1.0,0.0,0.0
