analysis_name,yearly_aggregate,window_size,config_type,r_squared,p_value,aic,bic,is_normal,is_homoscedastic,no_autocorrelation,durbin_watson,cv_r2_score,cv_r2_std,vif_PPT,vif_quadratic,p_value_quadratic,vif_ortho_PPT_lag1,p_value_lag1,vif_ortho_PPT_lag2,p_value_lag2,vif_ortho_PPT_lag3,p_value_lag3,vif_ortho_PPT_lag4,p_value_lag4,vif_ortho_sin_cycle,vif_ortho_cos_cycle,p_value_sin,p_value_cos
PRHPA-Soybean_yearly_False_window_1_lags_none_sinusoidal_no_quadratic,False,1,quadratic_lags_none_sinusoidal_no,0.19,0.009,608.678,613.429,True,True,False,1.244,0.109,0,1.946,1.946,0.566,,,,,,,,,,,,
PRHPA-Soybean_yearly_False_window_1_lags_1_sinusoidal_no_quadratic,False,1,quadratic_lags_1_sinusoidal_no,0.256,0.017,588.283,594.505,True,False,False,1.054,-0.04,0,2.027,2.064,0.31,1.037,0.663,,,,,,,,,,
PRHPA-Soybean_yearly_False_window_1_lags_2_sinusoidal_no_quadratic,False,1,quadratic_lags_2_sinusoidal_no,0.248,0.112,571.697,577.802,True,False,False,1.069,0.1,0,2.077,2.107,0.573,,,1.029,0.714,,,,,,,,
PRHPA-Soybean_yearly_False_window_1_lags_3_sinusoidal_no_quadratic,False,1,quadratic_lags_3_sinusoidal_no,0.242,0.054,556.152,562.138,True,True,False,1.006,0.163,0,1.99,2.027,0.516,,,,,1.037,0.955,,,,,,
PRHPA-Soybean_yearly_False_window_1_lags_4_sinusoidal_no_quadratic,False,1,quadratic_lags_4_sinusoidal_no,0.292,0.148,537.23,543.093,True,False,False,1.015,-0.183,0,2.011,2.037,0.38,,,,,,,1.027,0.589,,,,
PRHPA-Soybean_yearly_False_window_1_lags_none_sinusoidal_yes_quadratic,False,1,quadratic_lags_none_sinusoidal_yes,0.214,0.103,611.623,619.541,True,True,False,1.291,0.099,0,1.976,2.008,0.721,,,,,,,,,1.021,1.011,0.95,0.347
PRHPA-Soybean_yearly_False_window_1_lags_1_sinusoidal_yes_quadratic,False,1,quadratic_lags_1_sinusoidal_yes,0.327,0.359,588.777,598.109,True,True,False,1.118,-0.02,0,2.097,2.205,0.406,1.04,0.289,,,,,,,1.052,1.016,0.612,0.092
PRHPA-Soybean_yearly_False_window_1_lags_2_sinusoidal_yes_quadratic,False,1,quadratic_lags_2_sinusoidal_yes,0.299,0.391,573.272,582.431,True,True,False,1.168,-0.266,0,2.097,2.145,0.692,,,1.03,0.487,,,,,1.016,1.002,0.856,0.163
PRHPA-Soybean_yearly_False_window_1_lags_3_sinusoidal_yes_quadratic,False,1,quadratic_lags_3_sinusoidal_yes,0.313,0.078,556.934,565.913,True,True,False,1.078,-0.268,0,2.033,2.116,0.71,,,,,1.039,0.979,,,1.023,1.021,0.779,0.114
PRHPA-Soybean_yearly_False_window_1_lags_4_sinusoidal_yes_quadratic,False,1,quadratic_lags_4_sinusoidal_yes,0.309,0.205,540.434,549.229,True,True,False,1.088,-0.254,0,2.034,2.085,0.456,,,,,,,1.027,0.542,1.015,1.008,0.949,0.427
PRHPA-Soybean_yearly_True_window_1_lags_none_sinusoidal_no_quadratic,True,1,quadratic_lags_none_sinusoidal_no,0.19,0.009,608.678,613.429,True,True,False,1.244,0.109,0,1.946,1.946,0.566,,,,,,,,,,,,
PRHPA-Soybean_yearly_True_window_1_lags_1_sinusoidal_no_quadratic,True,1,quadratic_lags_1_sinusoidal_no,0.256,0.017,588.283,594.505,True,False,False,1.054,-0.04,0,2.027,2.064,0.31,1.037,0.663,,,,,,,,,,
PRHPA-Soybean_yearly_True_window_1_lags_2_sinusoidal_no_quadratic,True,1,quadratic_lags_2_sinusoidal_no,0.248,0.112,571.697,577.802,True,False,False,1.069,0.1,0,2.077,2.107,0.573,,,1.029,0.714,,,,,,,,
PRHPA-Soybean_yearly_True_window_1_lags_3_sinusoidal_no_quadratic,True,1,quadratic_lags_3_sinusoidal_no,0.242,0.054,556.152,562.138,True,True,False,1.006,0.163,0,1.99,2.027,0.516,,,,,1.037,0.955,,,,,,
PRHPA-Soybean_yearly_True_window_1_lags_4_sinusoidal_no_quadratic,True,1,quadratic_lags_4_sinusoidal_no,0.292,0.148,537.23,543.093,True,False,False,1.015,-0.183,0,2.011,2.037,0.38,,,,,,,1.027,0.589,,,,
PRHPA-Soybean_yearly_True_window_1_lags_none_sinusoidal_yes_quadratic,True,1,quadratic_lags_none_sinusoidal_yes,0.214,0.103,611.623,619.541,True,True,False,1.291,0.099,0,1.976,2.008,0.721,,,,,,,,,1.021,1.011,0.95,0.347
PRHPA-Soybean_yearly_True_window_1_lags_1_sinusoidal_yes_quadratic,True,1,quadratic_lags_1_sinusoidal_yes,0.327,0.359,588.777,598.109,True,True,False,1.118,-0.02,0,2.097,2.205,0.406,1.04,0.289,,,,,,,1.052,1.016,0.612,0.092
PRHPA-Soybean_yearly_True_window_1_lags_2_sinusoidal_yes_quadratic,True,1,quadratic_lags_2_sinusoidal_yes,0.299,0.391,573.272,582.431,True,True,False,1.168,-0.266,0,2.097,2.145,0.692,,,1.03,0.487,,,,,1.016,1.002,0.856,0.163
PRHPA-Soybean_yearly_True_window_1_lags_3_sinusoidal_yes_quadratic,True,1,quadratic_lags_3_sinusoidal_yes,0.313,0.078,556.934,565.913,True,True,False,1.078,-0.268,0,2.033,2.116,0.71,,,,,1.039,0.979,,,1.023,1.021,0.779,0.114
PRHPA-Soybean_yearly_True_window_1_lags_4_sinusoidal_yes_quadratic,True,1,quadratic_lags_4_sinusoidal_yes,0.309,0.205,540.434,549.229,True,True,False,1.088,-0.254,0,2.034,2.085,0.456,,,,,,,1.027,0.542,1.015,1.008,0.949,0.427
PRHPA-Soybean_yearly_False_window_2_lags_none_sinusoidal_no_quadratic,False,2,quadratic_lags_none_sinusoidal_no,0.157,0.019,598.189,602.939,True,True,False,0.591,0.027,0,2.271,2.271,0.84,,,,,,,,,,,,
PRHPA-Soybean_yearly_False_window_2_lags_1_sinusoidal_no_quadratic,False,2,quadratic_lags_1_sinusoidal_no,0.24,0.017,577.742,583.964,True,False,False,0.545,0.002,0,2.338,2.342,0.622,1.003,0.601,,,,,,,,,,
PRHPA-Soybean_yearly_False_window_2_lags_2_sinusoidal_no_quadratic,False,2,quadratic_lags_2_sinusoidal_no,0.222,0.134,560.703,566.809,True,False,False,0.521,0.104,0,2.193,2.203,0.655,,,1.009,0.601,,,,,,,,
PRHPA-Soybean_yearly_False_window_2_lags_3_sinusoidal_no_quadratic,False,2,quadratic_lags_3_sinusoidal_no,0.211,0.334,547.073,553.059,True,True,False,0.485,-0.044,0,2.267,2.269,0.866,,,,,1.002,0.567,,,,,,
PRHPA-Soybean_yearly_False_window_2_lags_4_sinusoidal_no_quadratic,False,2,quadratic_lags_4_sinusoidal_no,0.304,0.124,527.248,533.111,True,False,False,0.511,0.125,0,2.277,2.278,0.481,,,,,,,1.001,0.886,,,,
PRHPA-Soybean_yearly_False_window_2_lags_none_sinusoidal_yes_quadratic,False,2,quadratic_lags_none_sinusoidal_yes,0.187,0.271,600.89,608.808,True,True,False,0.609,-0.025,0,2.394,2.491,0.65,,,,,,,,,1.0,1.096,0.625,0.306
PRHPA-Soybean_yearly_False_window_2_lags_1_sinusoidal_yes_quadratic,False,2,quadratic_lags_1_sinusoidal_yes,0.341,0.542,576.72,586.053,True,True,False,0.541,0.053,0,2.434,2.509,0.966,1.003,0.224,,,,,,,1.001,1.071,0.183,0.066
PRHPA-Soybean_yearly_False_window_2_lags_2_sinusoidal_yes_quadratic,False,2,quadratic_lags_2_sinusoidal_yes,0.308,0.644,560.746,569.904,True,True,False,0.551,-0.168,0,2.258,2.322,0.999,,,1.01,0.317,,,,,1.011,1.043,0.451,0.091
PRHPA-Soybean_yearly_False_window_2_lags_3_sinusoidal_yes_quadratic,False,2,quadratic_lags_3_sinusoidal_yes,0.304,0.445,546.898,555.877,True,True,False,0.518,-0.17,0,2.272,2.278,0.766,,,,,1.002,0.51,,,1.0,1.004,0.818,0.069
PRHPA-Soybean_yearly_False_window_2_lags_4_sinusoidal_yes_quadratic,False,2,quadratic_lags_4_sinusoidal_yes,0.34,0.196,529.531,538.325,True,True,False,0.525,0.006,0,2.35,2.408,0.665,,,,,,,1.001,0.769,1.002,1.055,0.869,0.249
PRHPA-Soybean_yearly_True_window_2_lags_none_sinusoidal_no_quadratic,True,2,quadratic_lags_none_sinusoidal_no,0.157,0.019,598.189,602.939,True,True,False,0.591,0.027,0,2.271,2.271,0.84,,,,,,,,,,,,
PRHPA-Soybean_yearly_True_window_2_lags_1_sinusoidal_no_quadratic,True,2,quadratic_lags_1_sinusoidal_no,0.24,0.017,577.742,583.964,True,False,False,0.545,0.002,0,2.338,2.342,0.622,1.003,0.601,,,,,,,,,,
PRHPA-Soybean_yearly_True_window_2_lags_2_sinusoidal_no_quadratic,True,2,quadratic_lags_2_sinusoidal_no,0.222,0.134,560.703,566.809,True,False,False,0.521,0.104,0,2.193,2.203,0.655,,,1.009,0.601,,,,,,,,
PRHPA-Soybean_yearly_True_window_2_lags_3_sinusoidal_no_quadratic,True,2,quadratic_lags_3_sinusoidal_no,0.211,0.334,547.073,553.059,True,True,False,0.485,-0.044,0,2.267,2.269,0.866,,,,,1.002,0.567,,,,,,
PRHPA-Soybean_yearly_True_window_2_lags_4_sinusoidal_no_quadratic,True,2,quadratic_lags_4_sinusoidal_no,0.304,0.124,527.248,533.111,True,False,False,0.511,0.125,0,2.277,2.278,0.481,,,,,,,1.001,0.886,,,,
PRHPA-Soybean_yearly_True_window_2_lags_none_sinusoidal_yes_quadratic,True,2,quadratic_lags_none_sinusoidal_yes,0.187,0.271,600.89,608.808,True,True,False,0.609,-0.025,0,2.394,2.491,0.65,,,,,,,,,1.0,1.096,0.625,0.306
PRHPA-Soybean_yearly_True_window_2_lags_1_sinusoidal_yes_quadratic,True,2,quadratic_lags_1_sinusoidal_yes,0.341,0.542,576.72,586.053,True,True,False,0.541,0.053,0,2.434,2.509,0.966,1.003,0.224,,,,,,,1.001,1.071,0.183,0.066
PRHPA-Soybean_yearly_True_window_2_lags_2_sinusoidal_yes_quadratic,True,2,quadratic_lags_2_sinusoidal_yes,0.308,0.644,560.746,569.904,True,True,False,0.551,-0.168,0,2.258,2.322,0.999,,,1.01,0.317,,,,,1.011,1.043,0.451,0.091
PRHPA-Soybean_yearly_True_window_2_lags_3_sinusoidal_yes_quadratic,True,2,quadratic_lags_3_sinusoidal_yes,0.304,0.445,546.898,555.877,True,True,False,0.518,-0.17,0,2.272,2.278,0.766,,,,,1.002,0.51,,,1.0,1.004,0.818,0.069
PRHPA-Soybean_yearly_True_window_2_lags_4_sinusoidal_yes_quadratic,True,2,quadratic_lags_4_sinusoidal_yes,0.34,0.196,529.531,538.325,True,True,False,0.525,0.006,0,2.35,2.408,0.665,,,,,,,1.001,0.769,1.002,1.055,0.869,0.249
PRHPA-Soybean_yearly_False_window_3_lags_none_sinusoidal_no_quadratic,False,3,quadratic_lags_none_sinusoidal_no,0.149,0.022,582.999,587.75,True,True,False,0.294,0.008,0,2.384,2.384,0.98,,,,,,,,,,,,
PRHPA-Soybean_yearly_False_window_3_lags_1_sinusoidal_no_quadratic,False,3,quadratic_lags_1_sinusoidal_no,0.203,0.028,568.584,574.806,True,True,False,0.317,0.006,0,2.445,2.445,0.939,1.0,0.62,,,,,,,,,,
PRHPA-Soybean_yearly_False_window_3_lags_2_sinusoidal_no_quadratic,False,3,quadratic_lags_2_sinusoidal_no,0.162,0.243,554.215,560.321,True,True,False,0.257,0.024,0,2.341,2.342,0.682,,,1.001,0.44,,,,,,,,
PRHPA-Soybean_yearly_False_window_3_lags_3_sinusoidal_no_quadratic,False,3,quadratic_lags_3_sinusoidal_no,0.215,0.34,538.95,544.936,True,True,False,0.28,-0.172,0,2.396,2.413,0.981,,,,,1.017,0.559,,,,,,
PRHPA-Soybean_yearly_False_window_3_lags_4_sinusoidal_no_quadratic,False,3,quadratic_lags_4_sinusoidal_no,0.248,0.319,519.793,525.656,True,True,False,0.275,0.165,0,2.258,2.258,0.474,,,,,,,1.0,0.706,,,,
PRHPA-Soybean_yearly_False_window_3_lags_none_sinusoidal_yes_quadratic,False,3,quadratic_lags_none_sinusoidal_yes,0.233,0.554,583.269,591.187,True,True,False,0.307,0.001,0,2.404,2.417,0.979,,,,,,,,,1.006,1.008,0.87,0.083
PRHPA-Soybean_yearly_False_window_3_lags_1_sinusoidal_yes_quadratic,False,3,quadratic_lags_1_sinusoidal_yes,0.303,0.599,567.922,577.254,True,True,False,0.29,-0.242,0,2.469,2.486,0.999,1.0,0.273,,,,,,,1.014,1.003,0.477,0.051
PRHPA-Soybean_yearly_False_window_3_lags_2_sinusoidal_yes_quadratic,False,3,quadratic_lags_2_sinusoidal_yes,0.279,0.811,553.111,562.269,True,True,False,0.26,0.021,0,2.365,2.384,0.717,,,1.001,0.22,,,,,1.016,1.002,0.605,0.043
PRHPA-Soybean_yearly_False_window_3_lags_3_sinusoidal_yes_quadratic,False,3,quadratic_lags_3_sinusoidal_yes,0.294,0.525,539.453,548.432,True,True,False,0.24,-0.224,0,2.409,2.435,0.945,,,,,1.017,0.445,,,1.008,1.001,0.949,0.094
PRHPA-Soybean_yearly_False_window_3_lags_4_sinusoidal_yes_quadratic,False,3,quadratic_lags_4_sinusoidal_yes,0.3,0.409,521.472,530.266,True,False,False,0.251,-0.087,0,2.265,2.271,0.492,,,,,,,1.0,0.608,1.005,1.001,0.933,0.174
PRHPA-Soybean_yearly_True_window_3_lags_none_sinusoidal_no_quadratic,True,3,quadratic_lags_none_sinusoidal_no,0.149,0.022,582.999,587.75,True,True,False,0.294,0.008,0,2.384,2.384,0.98,,,,,,,,,,,,
PRHPA-Soybean_yearly_True_window_3_lags_1_sinusoidal_no_quadratic,True,3,quadratic_lags_1_sinusoidal_no,0.203,0.028,568.584,574.806,True,True,False,0.317,0.006,0,2.445,2.445,0.939,1.0,0.62,,,,,,,,,,
PRHPA-Soybean_yearly_True_window_3_lags_2_sinusoidal_no_quadratic,True,3,quadratic_lags_2_sinusoidal_no,0.162,0.243,554.215,560.321,True,True,False,0.257,0.024,0,2.341,2.342,0.682,,,1.001,0.44,,,,,,,,
PRHPA-Soybean_yearly_True_window_3_lags_3_sinusoidal_no_quadratic,True,3,quadratic_lags_3_sinusoidal_no,0.215,0.34,538.95,544.936,True,True,False,0.28,-0.172,0,2.396,2.413,0.981,,,,,1.017,0.559,,,,,,
PRHPA-Soybean_yearly_True_window_3_lags_4_sinusoidal_no_quadratic,True,3,quadratic_lags_4_sinusoidal_no,0.248,0.319,519.793,525.656,True,True,False,0.275,0.165,0,2.258,2.258,0.474,,,,,,,1.0,0.706,,,,
PRHPA-Soybean_yearly_True_window_3_lags_none_sinusoidal_yes_quadratic,True,3,quadratic_lags_none_sinusoidal_yes,0.233,0.554,583.269,591.187,True,True,False,0.307,0.001,0,2.404,2.417,0.979,,,,,,,,,1.006,1.008,0.87,0.083
PRHPA-Soybean_yearly_True_window_3_lags_1_sinusoidal_yes_quadratic,True,3,quadratic_lags_1_sinusoidal_yes,0.303,0.599,567.922,577.254,True,True,False,0.29,-0.242,0,2.469,2.486,0.999,1.0,0.273,,,,,,,1.014,1.003,0.477,0.051
PRHPA-Soybean_yearly_True_window_3_lags_2_sinusoidal_yes_quadratic,True,3,quadratic_lags_2_sinusoidal_yes,0.279,0.811,553.111,562.269,True,True,False,0.26,0.021,0,2.365,2.384,0.717,,,1.001,0.22,,,,,1.016,1.002,0.605,0.043
PRHPA-Soybean_yearly_True_window_3_lags_3_sinusoidal_yes_quadratic,True,3,quadratic_lags_3_sinusoidal_yes,0.294,0.525,539.453,548.432,True,True,False,0.24,-0.224,0,2.409,2.435,0.945,,,,,1.017,0.445,,,1.008,1.001,0.949,0.094
PRHPA-Soybean_yearly_True_window_3_lags_4_sinusoidal_yes_quadratic,True,3,quadratic_lags_4_sinusoidal_yes,0.3,0.409,521.472,530.266,True,False,False,0.251,-0.087,0,2.265,2.271,0.492,,,,,,,1.0,0.608,1.005,1.001,0.933,0.174
PRHPA-Soybean_yearly_False_window_4_lags_none_sinusoidal_no_quadratic,False,4,quadratic_lags_none_sinusoidal_no,0.079,0.123,577.981,582.732,False,True,False,0.244,-0.03,0,2.33,2.33,0.645,,,,,,,,,,,,
PRHPA-Soybean_yearly_False_window_4_lags_1_sinusoidal_no_quadratic,False,4,quadratic_lags_1_sinusoidal_no,0.168,0.081,562.369,568.591,True,True,False,0.262,-0.086,0,2.302,2.316,0.448,1.014,0.656,,,,,,,,,,
PRHPA-Soybean_yearly_False_window_4_lags_2_sinusoidal_no_quadratic,False,4,quadratic_lags_2_sinusoidal_no,0.091,0.477,550.415,556.52,False,True,False,0.202,-0.223,0,2.133,2.16,0.995,,,1.027,0.425,,,,,,,,
PRHPA-Soybean_yearly_False_window_4_lags_3_sinusoidal_no_quadratic,False,4,quadratic_lags_3_sinusoidal_no,0.194,0.467,535.585,541.571,True,True,False,0.217,-0.068,0,2.454,2.516,0.757,,,,,1.062,0.441,,,,,,
PRHPA-Soybean_yearly_False_window_4_lags_4_sinusoidal_no_quadratic,False,4,quadratic_lags_4_sinusoidal_no,0.245,0.444,515.675,521.538,True,True,False,0.204,0.085,0,1.995,1.999,0.438,,,,,,,1.004,0.632,,,,
PRHPA-Soybean_yearly_False_window_4_lags_none_sinusoidal_yes_quadratic,False,4,quadratic_lags_none_sinusoidal_yes,0.156,0.935,578.841,586.759,True,True,False,0.225,-0.099,0,2.369,2.398,0.867,,,,,,,,,1.028,1.001,0.486,0.105
PRHPA-Soybean_yearly_False_window_4_lags_1_sinusoidal_yes_quadratic,False,4,quadratic_lags_1_sinusoidal_yes,0.247,0.701,562.865,572.197,True,True,False,0.234,-0.353,0,2.405,2.5,0.631,1.015,0.357,,,,,,,1.076,1.004,0.308,0.121
PRHPA-Soybean_yearly_False_window_4_lags_2_sinusoidal_yes_quadratic,False,4,quadratic_lags_2_sinusoidal_yes,0.204,0.996,549.898,559.056,True,True,False,0.204,-0.173,0,2.245,2.373,0.994,,,1.029,0.264,,,,,1.08,1.019,0.426,0.079
PRHPA-Soybean_yearly_False_window_4_lags_3_sinusoidal_yes_quadratic,False,4,quadratic_lags_3_sinusoidal_yes,0.239,0.577,537.723,546.702,True,True,False,0.172,-0.201,0,2.539,2.663,0.817,,,,,1.066,0.408,,,1.058,1.001,0.831,0.226
PRHPA-Soybean_yearly_False_window_4_lags_4_sinusoidal_yes_quadratic,False,4,quadratic_lags_4_sinusoidal_yes,0.28,0.518,518.146,526.94,True,False,False,0.185,-0.101,0,2.044,2.097,0.368,,,,,,,1.004,0.577,1.041,1.008,0.764,0.287
PRHPA-Soybean_yearly_True_window_4_lags_none_sinusoidal_no_quadratic,True,4,quadratic_lags_none_sinusoidal_no,0.079,0.123,577.981,582.732,False,True,False,0.244,-0.03,0,2.33,2.33,0.645,,,,,,,,,,,,
PRHPA-Soybean_yearly_True_window_4_lags_1_sinusoidal_no_quadratic,True,4,quadratic_lags_1_sinusoidal_no,0.168,0.081,562.369,568.591,True,True,False,0.262,-0.086,0,2.302,2.316,0.448,1.014,0.656,,,,,,,,,,
PRHPA-Soybean_yearly_True_window_4_lags_2_sinusoidal_no_quadratic,True,4,quadratic_lags_2_sinusoidal_no,0.091,0.477,550.415,556.52,False,True,False,0.202,-0.223,0,2.133,2.16,0.995,,,1.027,0.425,,,,,,,,
PRHPA-Soybean_yearly_True_window_4_lags_3_sinusoidal_no_quadratic,True,4,quadratic_lags_3_sinusoidal_no,0.194,0.467,535.585,541.571,True,True,False,0.217,-0.068,0,2.454,2.516,0.757,,,,,1.062,0.441,,,,,,
PRHPA-Soybean_yearly_True_window_4_lags_4_sinusoidal_no_quadratic,True,4,quadratic_lags_4_sinusoidal_no,0.245,0.444,515.675,521.538,True,True,False,0.204,0.085,0,1.995,1.999,0.438,,,,,,,1.004,0.632,,,,
PRHPA-Soybean_yearly_True_window_4_lags_none_sinusoidal_yes_quadratic,True,4,quadratic_lags_none_sinusoidal_yes,0.156,0.935,578.841,586.759,True,True,False,0.225,-0.099,0,2.369,2.398,0.867,,,,,,,,,1.028,1.001,0.486,0.105
PRHPA-Soybean_yearly_True_window_4_lags_1_sinusoidal_yes_quadratic,True,4,quadratic_lags_1_sinusoidal_yes,0.247,0.701,562.865,572.197,True,True,False,0.234,-0.353,0,2.405,2.5,0.631,1.015,0.357,,,,,,,1.076,1.004,0.308,0.121
PRHPA-Soybean_yearly_True_window_4_lags_2_sinusoidal_yes_quadratic,True,4,quadratic_lags_2_sinusoidal_yes,0.204,0.996,549.898,559.056,True,True,False,0.204,-0.173,0,2.245,2.373,0.994,,,1.029,0.264,,,,,1.08,1.019,0.426,0.079
PRHPA-Soybean_yearly_True_window_4_lags_3_sinusoidal_yes_quadratic,True,4,quadratic_lags_3_sinusoidal_yes,0.239,0.577,537.723,546.702,True,True,False,0.172,-0.201,0,2.539,2.663,0.817,,,,,1.066,0.408,,,1.058,1.001,0.831,0.226
PRHPA-Soybean_yearly_True_window_4_lags_4_sinusoidal_yes_quadratic,True,4,quadratic_lags_4_sinusoidal_yes,0.28,0.518,518.146,526.94,True,False,False,0.185,-0.101,0,2.044,2.097,0.368,,,,,,,1.004,0.577,1.041,1.008,0.764,0.287
PRHPA-Soybean_yearly_False_window_5_lags_none_sinusoidal_no_quadratic,False,5,quadratic_lags_none_sinusoidal_no,0.042,0.441,573.272,578.023,True,True,False,0.191,-0.109,0,1.921,1.921,0.409,,,,,,,,,,,,
PRHPA-Soybean_yearly_False_window_5_lags_1_sinusoidal_no_quadratic,False,5,quadratic_lags_1_sinusoidal_no,0.109,0.319,556.79,563.012,True,True,False,0.202,-0.342,0,1.854,1.857,0.216,1.003,0.581,,,,,,,,,,
PRHPA-Soybean_yearly_False_window_5_lags_2_sinusoidal_no_quadratic,False,5,quadratic_lags_2_sinusoidal_no,0.143,0.629,543.466,549.571,True,True,False,0.209,-0.047,0,1.879,1.903,0.156,,,1.024,0.364,,,,,,,,
PRHPA-Soybean_yearly_False_window_5_lags_3_sinusoidal_no_quadratic,False,5,quadratic_lags_3_sinusoidal_no,0.178,0.679,529.744,535.73,True,True,False,0.177,-0.095,0,2.076,2.089,0.696,,,,,1.013,0.231,,,,,,
PRHPA-Soybean_yearly_False_window_5_lags_4_sinusoidal_no_quadratic,False,5,quadratic_lags_4_sinusoidal_no,0.159,0.787,511.928,517.791,False,True,False,0.184,-0.078,0,1.804,1.818,0.821,,,,,,,1.014,0.406,,,,
PRHPA-Soybean_yearly_False_window_5_lags_none_sinusoidal_yes_quadratic,False,5,quadratic_lags_none_sinusoidal_yes,0.112,0.783,574.54,582.458,True,True,False,0.176,-0.247,0,2.011,2.109,0.757,,,,,,,,,1.022,1.077,0.86,0.144
PRHPA-Soybean_yearly_False_window_5_lags_1_sinusoidal_yes_quadratic,False,5,quadratic_lags_1_sinusoidal_yes,0.159,0.885,558.798,568.13,True,True,False,0.172,-0.966,0,1.96,2.087,0.444,1.003,0.444,,,,,,,1.081,1.043,0.709,0.203
PRHPA-Soybean_yearly_False_window_5_lags_2_sinusoidal_yes_quadratic,False,5,quadratic_lags_2_sinusoidal_yes,0.177,0.94,546.072,555.23,True,True,False,0.182,-0.296,0,1.97,2.1,0.307,,,1.026,0.299,,,,,1.073,1.03,0.861,0.289
PRHPA-Soybean_yearly_False_window_5_lags_3_sinusoidal_yes_quadratic,False,5,quadratic_lags_3_sinusoidal_yes,0.194,0.822,533.088,542.067,True,True,False,0.16,-0.453,0,2.215,2.359,0.892,,,,,1.015,0.211,,,1.082,1.047,0.771,0.489
PRHPA-Soybean_yearly_False_window_5_lags_4_sinusoidal_yes_quadratic,False,5,quadratic_lags_4_sinusoidal_yes,0.181,0.833,515.068,523.863,True,True,False,0.169,-0.384,0,1.879,1.989,0.675,,,,,,,1.015,0.395,1.028,1.066,0.996,0.408
PRHPA-Soybean_yearly_True_window_5_lags_none_sinusoidal_no_quadratic,True,5,quadratic_lags_none_sinusoidal_no,0.042,0.441,573.272,578.023,True,True,False,0.191,-0.109,0,1.921,1.921,0.409,,,,,,,,,,,,
PRHPA-Soybean_yearly_True_window_5_lags_1_sinusoidal_no_quadratic,True,5,quadratic_lags_1_sinusoidal_no,0.109,0.319,556.79,563.012,True,True,False,0.202,-0.342,0,1.854,1.857,0.216,1.003,0.581,,,,,,,,,,
PRHPA-Soybean_yearly_True_window_5_lags_2_sinusoidal_no_quadratic,True,5,quadratic_lags_2_sinusoidal_no,0.143,0.629,543.466,549.571,True,True,False,0.209,-0.047,0,1.879,1.903,0.156,,,1.024,0.364,,,,,,,,
PRHPA-Soybean_yearly_True_window_5_lags_3_sinusoidal_no_quadratic,True,5,quadratic_lags_3_sinusoidal_no,0.178,0.679,529.744,535.73,True,True,False,0.177,-0.095,0,2.076,2.089,0.696,,,,,1.013,0.231,,,,,,
PRHPA-Soybean_yearly_True_window_5_lags_4_sinusoidal_no_quadratic,True,5,quadratic_lags_4_sinusoidal_no,0.159,0.787,511.928,517.791,False,True,False,0.184,-0.078,0,1.804,1.818,0.821,,,,,,,1.014,0.406,,,,
PRHPA-Soybean_yearly_True_window_5_lags_none_sinusoidal_yes_quadratic,True,5,quadratic_lags_none_sinusoidal_yes,0.112,0.783,574.54,582.458,True,True,False,0.176,-0.247,0,2.011,2.109,0.757,,,,,,,,,1.022,1.077,0.86,0.144
PRHPA-Soybean_yearly_True_window_5_lags_1_sinusoidal_yes_quadratic,True,5,quadratic_lags_1_sinusoidal_yes,0.159,0.885,558.798,568.13,True,True,False,0.172,-0.966,0,1.96,2.087,0.444,1.003,0.444,,,,,,,1.081,1.043,0.709,0.203
PRHPA-Soybean_yearly_True_window_5_lags_2_sinusoidal_yes_quadratic,True,5,quadratic_lags_2_sinusoidal_yes,0.177,0.94,546.072,555.23,True,True,False,0.182,-0.296,0,1.97,2.1,0.307,,,1.026,0.299,,,,,1.073,1.03,0.861,0.289
PRHPA-Soybean_yearly_True_window_5_lags_3_sinusoidal_yes_quadratic,True,5,quadratic_lags_3_sinusoidal_yes,0.194,0.822,533.088,542.067,True,True,False,0.16,-0.453,0,2.215,2.359,0.892,,,,,1.015,0.211,,,1.082,1.047,0.771,0.489
PRHPA-Soybean_yearly_True_window_5_lags_4_sinusoidal_yes_quadratic,True,5,quadratic_lags_4_sinusoidal_yes,0.181,0.833,515.068,523.863,True,True,False,0.169,-0.384,0,1.879,1.989,0.675,,,,,,,1.015,0.395,1.028,1.066,0.996,0.408
PRHPA-Soybean_yearly_False_window_6_lags_none_sinusoidal_no_quadratic,False,6,quadratic_lags_none_sinusoidal_no,0.014,0.909,569.048,573.798,True,True,False,0.196,-0.297,0,1.692,1.692,0.518,,,,,,,,,,,,
PRHPA-Soybean_yearly_False_window_6_lags_1_sinusoidal_no_quadratic,False,6,quadratic_lags_1_sinusoidal_no,0.075,0.579,551.705,557.926,True,True,False,0.213,-0.119,0,1.635,1.638,0.214,1.003,0.532,,,,,,,,,,
PRHPA-Soybean_yearly_False_window_6_lags_2_sinusoidal_no_quadratic,False,6,quadratic_lags_2_sinusoidal_no,0.15,0.851,539.006,545.112,True,True,False,0.222,-0.099,0,1.741,1.741,0.119,,,1.0,0.181,,,,,,,,
PRHPA-Soybean_yearly_False_window_6_lags_3_sinusoidal_no_quadratic,False,6,quadratic_lags_3_sinusoidal_no,0.195,0.797,526.42,532.406,True,True,False,0.193,0.032,0,2.043,2.059,0.877,,,,,1.015,0.126,,,,,,
PRHPA-Soybean_yearly_False_window_6_lags_4_sinusoidal_no_quadratic,False,6,quadratic_lags_4_sinusoidal_no,0.198,0.847,507.554,513.417,True,True,False,0.202,-0.041,0,1.713,1.839,0.429,,,,,,,1.126,0.336,,,,
PRHPA-Soybean_yearly_False_window_6_lags_none_sinusoidal_yes_quadratic,False,6,quadratic_lags_none_sinusoidal_yes,0.04,0.759,572.057,579.975,True,True,False,0.191,-0.415,0,1.751,1.837,0.7,,,,,,,,,1.051,1.034,0.827,0.36
PRHPA-Soybean_yearly_False_window_6_lags_1_sinusoidal_yes_quadratic,False,6,quadratic_lags_1_sinusoidal_yes,0.09,0.863,555.137,564.469,True,True,False,0.196,-0.354,0,1.707,1.823,0.348,1.003,0.513,,,,,,,1.097,1.016,0.674,0.55
PRHPA-Soybean_yearly_False_window_6_lags_2_sinusoidal_yes_quadratic,False,6,quadratic_lags_2_sinusoidal_yes,0.153,0.906,542.886,552.044,True,True,False,0.22,-0.229,0,1.83,1.95,0.185,,,1.0,0.202,,,,,1.117,1.003,0.981,0.755
PRHPA-Soybean_yearly_False_window_6_lags_3_sinusoidal_yes_quadratic,False,6,quadratic_lags_3_sinusoidal_yes,0.198,0.869,530.317,539.296,True,False,False,0.192,-0.223,0,2.266,2.499,0.99,,,,,1.019,0.133,,,1.207,1.008,0.776,0.958
PRHPA-Soybean_yearly_False_window_6_lags_4_sinusoidal_yes_quadratic,False,6,quadratic_lags_4_sinusoidal_yes,0.204,0.866,511.323,520.117,True,True,False,0.196,-0.246,0,1.804,2.075,0.397,,,,,,,1.142,0.355,1.124,1.005,0.737,0.783
PRHPA-Soybean_yearly_True_window_6_lags_none_sinusoidal_no_quadratic,True,6,quadratic_lags_none_sinusoidal_no,0.014,0.909,569.048,573.798,True,True,False,0.196,-0.297,0,1.692,1.692,0.518,,,,,,,,,,,,
PRHPA-Soybean_yearly_True_window_6_lags_1_sinusoidal_no_quadratic,True,6,quadratic_lags_1_sinusoidal_no,0.075,0.579,551.705,557.926,True,True,False,0.213,-0.119,0,1.635,1.638,0.214,1.003,0.532,,,,,,,,,,
PRHPA-Soybean_yearly_True_window_6_lags_2_sinusoidal_no_quadratic,True,6,quadratic_lags_2_sinusoidal_no,0.15,0.851,539.006,545.112,True,True,False,0.222,-0.099,0,1.741,1.741,0.119,,,1.0,0.181,,,,,,,,
PRHPA-Soybean_yearly_True_window_6_lags_3_sinusoidal_no_quadratic,True,6,quadratic_lags_3_sinusoidal_no,0.195,0.797,526.42,532.406,True,True,False,0.193,0.032,0,2.043,2.059,0.877,,,,,1.015,0.126,,,,,,
PRHPA-Soybean_yearly_True_window_6_lags_4_sinusoidal_no_quadratic,True,6,quadratic_lags_4_sinusoidal_no,0.198,0.847,507.554,513.417,True,True,False,0.202,-0.041,0,1.713,1.839,0.429,,,,,,,1.126,0.336,,,,
PRHPA-Soybean_yearly_True_window_6_lags_none_sinusoidal_yes_quadratic,True,6,quadratic_lags_none_sinusoidal_yes,0.04,0.759,572.057,579.975,True,True,False,0.191,-0.415,0,1.751,1.837,0.7,,,,,,,,,1.051,1.034,0.827,0.36
PRHPA-Soybean_yearly_True_window_6_lags_1_sinusoidal_yes_quadratic,True,6,quadratic_lags_1_sinusoidal_yes,0.09,0.863,555.137,564.469,True,True,False,0.196,-0.354,0,1.707,1.823,0.348,1.003,0.513,,,,,,,1.097,1.016,0.674,0.55
PRHPA-Soybean_yearly_True_window_6_lags_2_sinusoidal_yes_quadratic,True,6,quadratic_lags_2_sinusoidal_yes,0.153,0.906,542.886,552.044,True,True,False,0.22,-0.229,0,1.83,1.95,0.185,,,1.0,0.202,,,,,1.117,1.003,0.981,0.755
PRHPA-Soybean_yearly_True_window_6_lags_3_sinusoidal_yes_quadratic,True,6,quadratic_lags_3_sinusoidal_yes,0.198,0.869,530.317,539.296,True,False,False,0.192,-0.223,0,2.266,2.499,0.99,,,,,1.019,0.133,,,1.207,1.008,0.776,0.958
PRHPA-Soybean_yearly_True_window_6_lags_4_sinusoidal_yes_quadratic,True,6,quadratic_lags_4_sinusoidal_yes,0.204,0.866,511.323,520.117,True,True,False,0.196,-0.246,0,1.804,2.075,0.397,,,,,,,1.142,0.355,1.124,1.005,0.737,0.783
PRHPA-Soybean_yearly_False_window_7_lags_none_sinusoidal_no_quadratic,False,7,quadratic_lags_none_sinusoidal_no,0.035,0.794,564.569,569.319,True,True,False,0.145,-0.142,0,1.574,1.574,0.296,,,,,,,,,,,,
PRHPA-Soybean_yearly_False_window_7_lags_1_sinusoidal_no_quadratic,False,7,quadratic_lags_1_sinusoidal_no,0.15,0.59,543.891,550.112,True,True,False,0.239,-0.108,0,1.648,1.654,0.044,1.006,0.266,,,,,,,,,,
PRHPA-Soybean_yearly_False_window_7_lags_2_sinusoidal_no_quadratic,False,7,quadratic_lags_2_sinusoidal_no,0.197,0.893,532.389,538.494,True,True,False,0.213,0.069,0,1.663,1.664,0.049,,,1.001,0.143,,,,,,,,
PRHPA-Soybean_yearly_False_window_7_lags_3_sinusoidal_no_quadratic,False,7,quadratic_lags_3_sinusoidal_no,0.182,0.968,521.143,527.129,True,False,False,0.172,0.127,0,1.992,2.051,0.743,,,,,1.059,0.081,,,,,,
PRHPA-Soybean_yearly_False_window_7_lags_4_sinusoidal_no_quadratic,False,7,quadratic_lags_4_sinusoidal_no,0.132,0.94,503.562,509.425,True,False,False,0.163,0.041,0,1.86,1.917,0.719,,,,,,,1.058,0.241,,,,
PRHPA-Soybean_yearly_False_window_7_lags_none_sinusoidal_yes_quadratic,False,7,quadratic_lags_none_sinusoidal_yes,0.042,0.828,568.307,576.225,True,True,False,0.15,-0.267,0,1.624,1.71,0.308,,,,,,,,,1.036,1.05,0.659,0.899
PRHPA-Soybean_yearly_False_window_7_lags_1_sinusoidal_yes_quadratic,False,7,quadratic_lags_1_sinusoidal_yes,0.154,0.579,547.736,557.068,True,True,False,0.242,-0.219,0,1.703,1.797,0.056,1.007,0.28,,,,,,,1.069,1.018,0.735,0.937
PRHPA-Soybean_yearly_False_window_7_lags_2_sinusoidal_yes_quadratic,False,7,quadratic_lags_2_sinusoidal_yes,0.203,0.824,536.137,545.295,True,True,False,0.217,-0.071,0,1.742,1.862,0.06,,,1.001,0.171,,,,,1.103,1.016,0.681,0.875
PRHPA-Soybean_yearly_False_window_7_lags_3_sinusoidal_yes_quadratic,False,7,quadratic_lags_3_sinusoidal_yes,0.184,0.994,525.05,534.029,True,False,False,0.169,-0.024,0,2.145,2.367,0.838,,,,,1.068,0.09,,,1.151,1.003,0.826,0.867
PRHPA-Soybean_yearly_False_window_7_lags_4_sinusoidal_yes_quadratic,False,7,quadratic_lags_4_sinusoidal_yes,0.134,0.93,507.479,516.273,True,False,False,0.16,-0.423,0,1.927,2.068,0.697,,,,,,,1.062,0.256,1.078,1.001,0.828,0.892
PRHPA-Soybean_yearly_True_window_7_lags_none_sinusoidal_no_quadratic,True,7,quadratic_lags_none_sinusoidal_no,0.035,0.794,564.569,569.319,True,True,False,0.145,-0.142,0,1.574,1.574,0.296,,,,,,,,,,,,
PRHPA-Soybean_yearly_True_window_7_lags_1_sinusoidal_no_quadratic,True,7,quadratic_lags_1_sinusoidal_no,0.15,0.59,543.891,550.112,True,True,False,0.239,-0.108,0,1.648,1.654,0.044,1.006,0.266,,,,,,,,,,
PRHPA-Soybean_yearly_True_window_7_lags_2_sinusoidal_no_quadratic,True,7,quadratic_lags_2_sinusoidal_no,0.197,0.893,532.389,538.494,True,True,False,0.213,0.069,0,1.663,1.664,0.049,,,1.001,0.143,,,,,,,,
PRHPA-Soybean_yearly_True_window_7_lags_3_sinusoidal_no_quadratic,True,7,quadratic_lags_3_sinusoidal_no,0.182,0.968,521.143,527.129,True,False,False,0.172,0.127,0,1.992,2.051,0.743,,,,,1.059,0.081,,,,,,
PRHPA-Soybean_yearly_True_window_7_lags_4_sinusoidal_no_quadratic,True,7,quadratic_lags_4_sinusoidal_no,0.132,0.94,503.562,509.425,True,False,False,0.163,0.041,0,1.86,1.917,0.719,,,,,,,1.058,0.241,,,,
PRHPA-Soybean_yearly_True_window_7_lags_none_sinusoidal_yes_quadratic,True,7,quadratic_lags_none_sinusoidal_yes,0.042,0.828,568.307,576.225,True,True,False,0.15,-0.267,0,1.624,1.71,0.308,,,,,,,,,1.036,1.05,0.659,0.899
PRHPA-Soybean_yearly_True_window_7_lags_1_sinusoidal_yes_quadratic,True,7,quadratic_lags_1_sinusoidal_yes,0.154,0.579,547.736,557.068,True,True,False,0.242,-0.219,0,1.703,1.797,0.056,1.007,0.28,,,,,,,1.069,1.018,0.735,0.937
PRHPA-Soybean_yearly_True_window_7_lags_2_sinusoidal_yes_quadratic,True,7,quadratic_lags_2_sinusoidal_yes,0.203,0.824,536.137,545.295,True,True,False,0.217,-0.071,0,1.742,1.862,0.06,,,1.001,0.171,,,,,1.103,1.016,0.681,0.875
PRHPA-Soybean_yearly_True_window_7_lags_3_sinusoidal_yes_quadratic,True,7,quadratic_lags_3_sinusoidal_yes,0.184,0.994,525.05,534.029,True,False,False,0.169,-0.024,0,2.145,2.367,0.838,,,,,1.068,0.09,,,1.151,1.003,0.826,0.867
PRHPA-Soybean_yearly_True_window_7_lags_4_sinusoidal_yes_quadratic,True,7,quadratic_lags_4_sinusoidal_yes,0.134,0.93,507.479,516.273,True,False,False,0.16,-0.423,0,1.927,2.068,0.697,,,,,,,1.062,0.256,1.078,1.001,0.828,0.892
PRHPA-Soybean_yearly_False_window_8_lags_none_sinusoidal_no_quadratic,False,8,quadratic_lags_none_sinusoidal_no,0.027,0.691,562.226,566.977,False,False,False,0.082,-0.151,0,1.526,1.526,0.377,,,,,,,,,,,,
PRHPA-Soybean_yearly_False_window_8_lags_1_sinusoidal_no_quadratic,False,8,quadratic_lags_1_sinusoidal_no,0.173,0.614,539.055,545.276,True,True,False,0.168,0.033,0,1.661,1.666,0.039,1.005,0.164,,,,,,,,,,
PRHPA-Soybean_yearly_False_window_8_lags_2_sinusoidal_no_quadratic,False,8,quadratic_lags_2_sinusoidal_no,0.234,0.982,528.906,535.011,True,True,False,0.166,0.111,0,1.687,1.694,0.054,,,1.007,0.078,,,,,,,,
PRHPA-Soybean_yearly_False_window_8_lags_3_sinusoidal_no_quadratic,False,8,quadratic_lags_3_sinusoidal_no,0.271,0.882,516.453,522.439,True,True,False,0.206,0.194,0,1.985,2.073,0.599,,,,,1.087,0.027,,,,,,
PRHPA-Soybean_yearly_False_window_8_lags_4_sinusoidal_no_quadratic,False,8,quadratic_lags_4_sinusoidal_no,0.261,0.699,497.309,503.171,True,True,False,0.17,0.156,0,1.858,1.983,0.97,,,,,,,1.125,0.046,,,,
PRHPA-Soybean_yearly_False_window_8_lags_none_sinusoidal_yes_quadratic,False,8,quadratic_lags_none_sinusoidal_yes,0.045,0.742,565.586,573.503,False,True,False,0.084,-0.226,0,1.564,1.638,0.307,,,,,,,,,1.032,1.041,0.571,0.621
PRHPA-Soybean_yearly_False_window_8_lags_1_sinusoidal_yes_quadratic,False,8,quadratic_lags_1_sinusoidal_yes,0.188,0.559,542.449,551.781,True,True,False,0.174,-0.087,0,1.71,1.79,0.034,1.005,0.174,,,,,,,1.073,1.002,0.49,0.89
PRHPA-Soybean_yearly_False_window_8_lags_2_sinusoidal_yes_quadratic,False,8,quadratic_lags_2_sinusoidal_yes,0.248,0.938,532.293,541.451,True,True,False,0.169,0.015,0,1.75,1.848,0.05,,,1.007,0.098,,,,,1.09,1.001,0.52,0.776
PRHPA-Soybean_yearly_False_window_8_lags_3_sinusoidal_yes_quadratic,False,8,quadratic_lags_3_sinusoidal_yes,0.275,0.866,520.286,529.265,True,True,False,0.203,0.046,0,2.188,2.498,0.603,,,,,1.105,0.031,,,1.161,1.044,0.977,0.717
PRHPA-Soybean_yearly_False_window_8_lags_4_sinusoidal_yes_quadratic,False,8,quadratic_lags_4_sinusoidal_yes,0.263,0.703,501.246,510.041,True,True,False,0.169,0.046,0,1.982,2.27,0.966,,,,,,,1.143,0.055,1.068,1.077,0.852,0.892
PRHPA-Soybean_yearly_True_window_8_lags_none_sinusoidal_no_quadratic,True,8,quadratic_lags_none_sinusoidal_no,0.027,0.691,562.226,566.977,False,False,False,0.082,-0.151,0,1.526,1.526,0.377,,,,,,,,,,,,
PRHPA-Soybean_yearly_True_window_8_lags_1_sinusoidal_no_quadratic,True,8,quadratic_lags_1_sinusoidal_no,0.173,0.614,539.055,545.276,True,True,False,0.168,0.033,0,1.661,1.666,0.039,1.005,0.164,,,,,,,,,,
PRHPA-Soybean_yearly_True_window_8_lags_2_sinusoidal_no_quadratic,True,8,quadratic_lags_2_sinusoidal_no,0.234,0.982,528.906,535.011,True,True,False,0.166,0.111,0,1.687,1.694,0.054,,,1.007,0.078,,,,,,,,
PRHPA-Soybean_yearly_True_window_8_lags_3_sinusoidal_no_quadratic,True,8,quadratic_lags_3_sinusoidal_no,0.271,0.882,516.453,522.439,True,True,False,0.206,0.194,0,1.985,2.073,0.599,,,,,1.087,0.027,,,,,,
PRHPA-Soybean_yearly_True_window_8_lags_4_sinusoidal_no_quadratic,True,8,quadratic_lags_4_sinusoidal_no,0.261,0.699,497.309,503.171,True,True,False,0.17,0.156,0,1.858,1.983,0.97,,,,,,,1.125,0.046,,,,
PRHPA-Soybean_yearly_True_window_8_lags_none_sinusoidal_yes_quadratic,True,8,quadratic_lags_none_sinusoidal_yes,0.045,0.742,565.586,573.503,False,True,False,0.084,-0.226,0,1.564,1.638,0.307,,,,,,,,,1.032,1.041,0.571,0.621
PRHPA-Soybean_yearly_True_window_8_lags_1_sinusoidal_yes_quadratic,True,8,quadratic_lags_1_sinusoidal_yes,0.188,0.559,542.449,551.781,True,True,False,0.174,-0.087,0,1.71,1.79,0.034,1.005,0.174,,,,,,,1.073,1.002,0.49,0.89
PRHPA-Soybean_yearly_True_window_8_lags_2_sinusoidal_yes_quadratic,True,8,quadratic_lags_2_sinusoidal_yes,0.248,0.938,532.293,541.451,True,True,False,0.169,0.015,0,1.75,1.848,0.05,,,1.007,0.098,,,,,1.09,1.001,0.52,0.776
PRHPA-Soybean_yearly_True_window_8_lags_3_sinusoidal_yes_quadratic,True,8,quadratic_lags_3_sinusoidal_yes,0.275,0.866,520.286,529.265,True,True,False,0.203,0.046,0,2.188,2.498,0.603,,,,,1.105,0.031,,,1.161,1.044,0.977,0.717
PRHPA-Soybean_yearly_True_window_8_lags_4_sinusoidal_yes_quadratic,True,8,quadratic_lags_4_sinusoidal_yes,0.263,0.703,501.246,510.041,True,True,False,0.169,0.046,0,1.982,2.27,0.966,,,,,,,1.143,0.055,1.068,1.077,0.852,0.892
PRHPA-Soybean_yearly_False_window_9_lags_none_sinusoidal_no_quadratic,False,9,quadratic_lags_none_sinusoidal_no,0.056,0.768,559.824,564.574,False,True,False,0.106,-0.31,0,1.639,1.639,0.17,,,,,,,,,,,,
PRHPA-Soybean_yearly_False_window_9_lags_1_sinusoidal_no_quadratic,False,9,quadratic_lags_1_sinusoidal_no,0.157,0.755,537.559,543.781,True,True,False,0.208,-0.02,0,1.636,1.637,0.134,1.001,0.092,,,,,,,,,,
PRHPA-Soybean_yearly_False_window_9_lags_2_sinusoidal_no_quadratic,False,9,quadratic_lags_2_sinusoidal_no,0.194,0.779,527.46,533.566,False,True,False,0.182,0.058,0,1.7,1.7,0.158,,,1.0,0.048,,,,,,,,
PRHPA-Soybean_yearly_False_window_9_lags_3_sinusoidal_no_quadratic,False,9,quadratic_lags_3_sinusoidal_no,0.27,0.731,512.068,518.054,False,True,False,0.248,0.161,0,1.85,1.857,0.583,,,,,1.007,0.018,,,,,,
PRHPA-Soybean_yearly_False_window_9_lags_4_sinusoidal_no_quadratic,False,9,quadratic_lags_4_sinusoidal_no,0.283,0.502,492.294,498.157,True,True,False,0.194,0.033,0,1.759,1.792,0.78,,,,,,,1.033,0.019,,,,
PRHPA-Soybean_yearly_False_window_9_lags_none_sinusoidal_yes_quadratic,False,9,quadratic_lags_none_sinusoidal_yes,0.101,0.877,562.079,569.996,True,True,False,0.115,-0.365,0,1.669,1.715,0.124,,,,,,,,,1.028,1.018,0.501,0.308
PRHPA-Soybean_yearly_False_window_9_lags_1_sinusoidal_yes_quadratic,False,9,quadratic_lags_1_sinusoidal_yes,0.184,0.811,540.426,549.758,True,True,False,0.224,-0.173,0,1.662,1.704,0.105,1.001,0.096,,,,,,,1.036,1.005,0.372,0.714
PRHPA-Soybean_yearly_False_window_9_lags_2_sinusoidal_yes_quadratic,False,9,quadratic_lags_2_sinusoidal_yes,0.226,0.771,530.097,539.255,True,True,False,0.217,-0.044,0,1.743,1.803,0.126,,,1.0,0.052,,,,,1.053,1.008,0.327,0.718
PRHPA-Soybean_yearly_False_window_9_lags_3_sinusoidal_yes_quadratic,False,9,quadratic_lags_3_sinusoidal_yes,0.304,0.626,514.52,523.499,True,True,False,0.293,0.064,0,1.989,2.16,0.427,,,,,1.008,0.015,,,1.146,1.017,0.639,0.299
PRHPA-Soybean_yearly_False_window_9_lags_4_sinusoidal_yes_quadratic,False,9,quadratic_lags_4_sinusoidal_yes,0.292,0.468,495.874,504.669,True,True,False,0.197,-0.053,0,1.871,2.057,0.743,,,,,,,1.038,0.02,1.097,1.051,0.877,0.584
PRHPA-Soybean_yearly_True_window_9_lags_none_sinusoidal_no_quadratic,True,9,quadratic_lags_none_sinusoidal_no,0.056,0.768,559.824,564.574,False,True,False,0.106,-0.31,0,1.639,1.639,0.17,,,,,,,,,,,,
PRHPA-Soybean_yearly_True_window_9_lags_1_sinusoidal_no_quadratic,True,9,quadratic_lags_1_sinusoidal_no,0.157,0.755,537.559,543.781,True,True,False,0.208,-0.02,0,1.636,1.637,0.134,1.001,0.092,,,,,,,,,,
PRHPA-Soybean_yearly_True_window_9_lags_2_sinusoidal_no_quadratic,True,9,quadratic_lags_2_sinusoidal_no,0.194,0.779,527.46,533.566,False,True,False,0.182,0.058,0,1.7,1.7,0.158,,,1.0,0.048,,,,,,,,
PRHPA-Soybean_yearly_True_window_9_lags_3_sinusoidal_no_quadratic,True,9,quadratic_lags_3_sinusoidal_no,0.27,0.731,512.068,518.054,False,True,False,0.248,0.161,0,1.85,1.857,0.583,,,,,1.007,0.018,,,,,,
PRHPA-Soybean_yearly_True_window_9_lags_4_sinusoidal_no_quadratic,True,9,quadratic_lags_4_sinusoidal_no,0.283,0.502,492.294,498.157,True,True,False,0.194,0.033,0,1.759,1.792,0.78,,,,,,,1.033,0.019,,,,
PRHPA-Soybean_yearly_True_window_9_lags_none_sinusoidal_yes_quadratic,True,9,quadratic_lags_none_sinusoidal_yes,0.101,0.877,562.079,569.996,True,True,False,0.115,-0.365,0,1.669,1.715,0.124,,,,,,,,,1.028,1.018,0.501,0.308
PRHPA-Soybean_yearly_True_window_9_lags_1_sinusoidal_yes_quadratic,True,9,quadratic_lags_1_sinusoidal_yes,0.184,0.811,540.426,549.758,True,True,False,0.224,-0.173,0,1.662,1.704,0.105,1.001,0.096,,,,,,,1.036,1.005,0.372,0.714
PRHPA-Soybean_yearly_True_window_9_lags_2_sinusoidal_yes_quadratic,True,9,quadratic_lags_2_sinusoidal_yes,0.226,0.771,530.097,539.255,True,True,False,0.217,-0.044,0,1.743,1.803,0.126,,,1.0,0.052,,,,,1.053,1.008,0.327,0.718
PRHPA-Soybean_yearly_True_window_9_lags_3_sinusoidal_yes_quadratic,True,9,quadratic_lags_3_sinusoidal_yes,0.304,0.626,514.52,523.499,True,True,False,0.293,0.064,0,1.989,2.16,0.427,,,,,1.008,0.015,,,1.146,1.017,0.639,0.299
PRHPA-Soybean_yearly_True_window_9_lags_4_sinusoidal_yes_quadratic,True,9,quadratic_lags_4_sinusoidal_yes,0.292,0.468,495.874,504.669,True,True,False,0.197,-0.053,0,1.871,2.057,0.743,,,,,,,1.038,0.02,1.097,1.051,0.877,0.584
PRHPA-Soybean_yearly_False_window_10_lags_none_sinusoidal_no_quadratic,False,10,quadratic_lags_none_sinusoidal_no,0.046,0.632,559.398,564.149,False,True,False,0.097,-0.353,0,1.564,1.564,0.224,,,,,,,,,,,,
PRHPA-Soybean_yearly_False_window_10_lags_1_sinusoidal_no_quadratic,False,10,quadratic_lags_1_sinusoidal_no,0.181,0.605,534.883,541.105,False,True,False,0.207,-0.082,0,1.546,1.548,0.177,1.002,0.075,,,,,,,,,,
PRHPA-Soybean_yearly_False_window_10_lags_2_sinusoidal_no_quadratic,False,10,quadratic_lags_2_sinusoidal_no,0.24,0.812,525.0,531.106,False,True,False,0.182,0.114,0,1.596,1.597,0.195,,,1.001,0.024,,,,,,,,
PRHPA-Soybean_yearly_False_window_10_lags_3_sinusoidal_no_quadratic,False,10,quadratic_lags_3_sinusoidal_no,0.41,0.798,505.381,511.367,False,True,False,0.294,0.191,0,1.714,1.724,0.341,,,,,1.01,0.002,,,,,,
PRHPA-Soybean_yearly_False_window_10_lags_4_sinusoidal_no_quadratic,False,10,quadratic_lags_4_sinusoidal_no,0.49,0.289,481.733,487.596,True,True,False,0.357,0.272,0,1.669,1.731,0.242,,,,,,,1.062,0.001,,,,
PRHPA-Soybean_yearly_False_window_10_lags_none_sinusoidal_yes_quadratic,False,10,quadratic_lags_none_sinusoidal_yes,0.109,0.937,560.929,568.846,True,True,False,0.107,-0.311,0,1.581,1.613,0.172,,,,,,,,,1.021,1.01,0.311,0.277
PRHPA-Soybean_yearly_False_window_10_lags_1_sinusoidal_yes_quadratic,False,10,quadratic_lags_1_sinusoidal_yes,0.231,0.78,536.643,545.975,True,True,False,0.258,-0.259,0,1.557,1.579,0.142,1.002,0.068,,,,,,,1.018,1.002,0.183,0.863
PRHPA-Soybean_yearly_False_window_10_lags_2_sinusoidal_yes_quadratic,False,10,quadratic_lags_2_sinusoidal_yes,0.311,0.678,525.655,534.813,False,True,False,0.27,-0.021,0,1.616,1.651,0.168,,,1.001,0.019,,,,,1.029,1.005,0.269,0.221
PRHPA-Soybean_yearly_False_window_10_lags_3_sinusoidal_yes_quadratic,False,10,quadratic_lags_3_sinusoidal_yes,0.517,0.473,502.826,511.805,False,True,False,0.439,0.141,0,1.809,1.953,0.115,,,,,1.012,0.001,,,1.074,1.059,0.752,0.022
PRHPA-Soybean_yearly_False_window_10_lags_4_sinusoidal_yes_quadratic,False,10,quadratic_lags_4_sinusoidal_yes,0.554,0.154,481.466,490.26,True,True,False,0.455,0.298,0,1.77,1.993,0.112,,,,,,,1.072,0.0,1.032,1.119,0.451,0.094
PRHPA-Soybean_yearly_True_window_10_lags_none_sinusoidal_no_quadratic,True,10,quadratic_lags_none_sinusoidal_no,0.046,0.632,559.398,564.149,False,True,False,0.097,-0.353,0,1.564,1.564,0.224,,,,,,,,,,,,
PRHPA-Soybean_yearly_True_window_10_lags_1_sinusoidal_no_quadratic,True,10,quadratic_lags_1_sinusoidal_no,0.181,0.605,534.883,541.105,False,True,False,0.207,-0.082,0,1.546,1.548,0.177,1.002,0.075,,,,,,,,,,
PRHPA-Soybean_yearly_True_window_10_lags_2_sinusoidal_no_quadratic,True,10,quadratic_lags_2_sinusoidal_no,0.24,0.812,525.0,531.106,False,True,False,0.182,0.114,0,1.596,1.597,0.195,,,1.001,0.024,,,,,,,,
PRHPA-Soybean_yearly_True_window_10_lags_3_sinusoidal_no_quadratic,True,10,quadratic_lags_3_sinusoidal_no,0.41,0.798,505.381,511.367,False,True,False,0.294,0.191,0,1.714,1.724,0.341,,,,,1.01,0.002,,,,,,
PRHPA-Soybean_yearly_True_window_10_lags_4_sinusoidal_no_quadratic,True,10,quadratic_lags_4_sinusoidal_no,0.49,0.289,481.733,487.596,True,True,False,0.357,0.272,0,1.669,1.731,0.242,,,,,,,1.062,0.001,,,,
PRHPA-Soybean_yearly_True_window_10_lags_none_sinusoidal_yes_quadratic,True,10,quadratic_lags_none_sinusoidal_yes,0.109,0.937,560.929,568.846,True,True,False,0.107,-0.311,0,1.581,1.613,0.172,,,,,,,,,1.021,1.01,0.311,0.277
PRHPA-Soybean_yearly_True_window_10_lags_1_sinusoidal_yes_quadratic,True,10,quadratic_lags_1_sinusoidal_yes,0.231,0.78,536.643,545.975,True,True,False,0.258,-0.259,0,1.557,1.579,0.142,1.002,0.068,,,,,,,1.018,1.002,0.183,0.863
PRHPA-Soybean_yearly_True_window_10_lags_2_sinusoidal_yes_quadratic,True,10,quadratic_lags_2_sinusoidal_yes,0.311,0.678,525.655,534.813,False,True,False,0.27,-0.021,0,1.616,1.651,0.168,,,1.001,0.019,,,,,1.029,1.005,0.269,0.221
PRHPA-Soybean_yearly_True_window_10_lags_3_sinusoidal_yes_quadratic,True,10,quadratic_lags_3_sinusoidal_yes,0.517,0.473,502.826,511.805,False,True,False,0.439,0.141,0,1.809,1.953,0.115,,,,,1.012,0.001,,,1.074,1.059,0.752,0.022
PRHPA-Soybean_yearly_True_window_10_lags_4_sinusoidal_yes_quadratic,True,10,quadratic_lags_4_sinusoidal_yes,0.554,0.154,481.466,490.26,True,True,False,0.455,0.298,0,1.77,1.993,0.112,,,,,,,1.072,0.0,1.032,1.119,0.451,0.094
PRHPA-Soybean_yearly_False_window_11_lags_none_sinusoidal_no_quadratic,False,11,quadratic_lags_none_sinusoidal_no,0.063,0.527,556.604,561.354,False,True,False,0.112,-0.531,0,1.524,1.524,0.176,,,,,,,,,,,,
PRHPA-Soybean_yearly_False_window_11_lags_1_sinusoidal_no_quadratic,False,11,quadratic_lags_1_sinusoidal_no,0.173,0.648,532.667,538.888,False,True,False,0.206,-0.156,0,1.54,1.543,0.246,1.002,0.07,,,,,,,,,,
PRHPA-Soybean_yearly_False_window_11_lags_2_sinusoidal_no_quadratic,False,11,quadratic_lags_2_sinusoidal_no,0.207,0.796,523.078,529.184,False,True,False,0.143,0.028,0,1.566,1.572,0.291,,,1.007,0.033,,,,,,,,
PRHPA-Soybean_yearly_False_window_11_lags_3_sinusoidal_no_quadratic,False,11,quadratic_lags_3_sinusoidal_no,0.39,0.885,502.829,508.815,False,True,False,0.282,0.195,0,1.613,1.617,0.556,,,,,1.004,0.003,,,,,,
PRHPA-Soybean_yearly_False_window_11_lags_4_sinusoidal_no_quadratic,False,11,quadratic_lags_4_sinusoidal_no,0.499,0.209,476.541,482.404,False,True,False,0.329,0.227,0,1.669,1.683,0.442,,,,,,,1.014,0.0,,,,
PRHPA-Soybean_yearly_False_window_11_lags_none_sinusoidal_yes_quadratic,False,11,quadratic_lags_none_sinusoidal_yes,0.115,0.93,558.571,566.489,True,True,False,0.12,-0.558,0,1.531,1.543,0.162,,,,,,,,,1.012,1.001,0.493,0.264
PRHPA-Soybean_yearly_False_window_11_lags_1_sinusoidal_yes_quadratic,False,11,quadratic_lags_1_sinusoidal_yes,0.266,0.898,532.493,541.825,True,True,False,0.387,-0.321,0,1.547,1.562,0.171,1.002,0.055,,,,,,,1.011,1.001,0.066,0.963
PRHPA-Soybean_yearly_False_window_11_lags_2_sinusoidal_yes_quadratic,False,11,quadratic_lags_2_sinusoidal_yes,0.353,0.606,520.167,529.326,True,True,False,0.353,0.045,0,1.579,1.61,0.236,,,1.007,0.019,,,,,1.016,1.008,0.083,0.106
PRHPA-Soybean_yearly_False_window_11_lags_3_sinusoidal_yes_quadratic,False,11,quadratic_lags_3_sinusoidal_yes,0.609,0.419,492.16,501.139,False,True,False,0.7,0.356,0,1.655,1.727,0.187,,,,,1.004,0.0,,,1.062,1.006,0.201,0.001
PRHPA-Soybean_yearly_False_window_11_lags_4_sinusoidal_yes_quadratic,False,11,quadratic_lags_4_sinusoidal_yes,0.673,0.046,466.845,475.639,True,True,False,0.665,0.478,0,1.698,1.755,0.509,,,,,,,1.014,0.0,1.037,1.006,0.605,0.001
PRHPA-Soybean_yearly_True_window_11_lags_none_sinusoidal_no_quadratic,True,11,quadratic_lags_none_sinusoidal_no,0.063,0.527,556.604,561.354,False,True,False,0.112,-0.531,0,1.524,1.524,0.176,,,,,,,,,,,,
PRHPA-Soybean_yearly_True_window_11_lags_1_sinusoidal_no_quadratic,True,11,quadratic_lags_1_sinusoidal_no,0.173,0.648,532.667,538.888,False,True,False,0.206,-0.156,0,1.54,1.543,0.246,1.002,0.07,,,,,,,,,,
PRHPA-Soybean_yearly_True_window_11_lags_2_sinusoidal_no_quadratic,True,11,quadratic_lags_2_sinusoidal_no,0.207,0.796,523.078,529.184,False,True,False,0.143,0.028,0,1.566,1.572,0.291,,,1.007,0.033,,,,,,,,
PRHPA-Soybean_yearly_True_window_11_lags_3_sinusoidal_no_quadratic,True,11,quadratic_lags_3_sinusoidal_no,0.39,0.885,502.829,508.815,False,True,False,0.282,0.195,0,1.613,1.617,0.556,,,,,1.004,0.003,,,,,,
PRHPA-Soybean_yearly_True_window_11_lags_4_sinusoidal_no_quadratic,True,11,quadratic_lags_4_sinusoidal_no,0.499,0.209,476.541,482.404,False,True,False,0.329,0.227,0,1.669,1.683,0.442,,,,,,,1.014,0.0,,,,
PRHPA-Soybean_yearly_True_window_11_lags_none_sinusoidal_yes_quadratic,True,11,quadratic_lags_none_sinusoidal_yes,0.115,0.93,558.571,566.489,True,True,False,0.12,-0.558,0,1.531,1.543,0.162,,,,,,,,,1.012,1.001,0.493,0.264
PRHPA-Soybean_yearly_True_window_11_lags_1_sinusoidal_yes_quadratic,True,11,quadratic_lags_1_sinusoidal_yes,0.266,0.898,532.493,541.825,True,True,False,0.387,-0.321,0,1.547,1.562,0.171,1.002,0.055,,,,,,,1.011,1.001,0.066,0.963
PRHPA-Soybean_yearly_True_window_11_lags_2_sinusoidal_yes_quadratic,True,11,quadratic_lags_2_sinusoidal_yes,0.353,0.606,520.167,529.326,True,True,False,0.353,0.045,0,1.579,1.61,0.236,,,1.007,0.019,,,,,1.016,1.008,0.083,0.106
PRHPA-Soybean_yearly_True_window_11_lags_3_sinusoidal_yes_quadratic,True,11,quadratic_lags_3_sinusoidal_yes,0.609,0.419,492.16,501.139,False,True,False,0.7,0.356,0,1.655,1.727,0.187,,,,,1.004,0.0,,,1.062,1.006,0.201,0.001
PRHPA-Soybean_yearly_True_window_11_lags_4_sinusoidal_yes_quadratic,True,11,quadratic_lags_4_sinusoidal_yes,0.673,0.046,466.845,475.639,True,True,False,0.665,0.478,0,1.698,1.755,0.509,,,,,,,1.014,0.0,1.037,1.006,0.605,0.001
PRHPA-Soybean_yearly_False_window_12_lags_none_sinusoidal_no_quadratic,False,12,quadratic_lags_none_sinusoidal_no,0.083,0.649,554.962,559.713,False,False,False,0.131,-0.71,0,1.586,1.586,0.098,,,,,,,,,,,,
PRHPA-Soybean_yearly_False_window_12_lags_1_sinusoidal_no_quadratic,False,12,quadratic_lags_1_sinusoidal_no,0.204,0.621,529.641,535.863,True,True,False,0.231,-0.056,0,1.592,1.6,0.122,1.008,0.066,,,,,,,,,,
PRHPA-Soybean_yearly_False_window_12_lags_2_sinusoidal_no_quadratic,False,12,quadratic_lags_2_sinusoidal_no,0.243,0.92,520.957,527.062,True,True,False,0.197,0.126,0,1.613,1.618,0.12,,,1.005,0.027,,,,,,,,
PRHPA-Soybean_yearly_False_window_12_lags_3_sinusoidal_no_quadratic,False,12,quadratic_lags_3_sinusoidal_no,0.466,0.88,498.498,504.484,True,True,False,0.299,0.29,0,1.654,1.655,0.334,,,,,1.001,0.001,,,,,,
PRHPA-Soybean_yearly_False_window_12_lags_4_sinusoidal_no_quadratic,False,12,quadratic_lags_4_sinusoidal_no,0.582,0.273,470.807,476.669,True,True,False,0.354,0.468,0,1.775,1.825,0.54,,,,,,,1.049,0.0,,,,
PRHPA-Soybean_yearly_False_window_12_lags_none_sinusoidal_yes_quadratic,False,12,quadratic_lags_none_sinusoidal_yes,0.133,0.927,556.96,564.878,True,True,False,0.129,-0.771,0,1.588,1.59,0.106,,,,,,,,,1.002,1.0,0.317,0.36
PRHPA-Soybean_yearly_False_window_12_lags_1_sinusoidal_yes_quadratic,False,12,quadratic_lags_1_sinusoidal_yes,0.316,0.828,528.343,537.675,True,True,False,0.457,-0.297,0,1.594,1.606,0.118,1.008,0.049,,,,,,,1.0,1.003,0.082,0.295
PRHPA-Soybean_yearly_False_window_12_lags_2_sinusoidal_yes_quadratic,False,12,quadratic_lags_2_sinusoidal_yes,0.419,0.876,515.919,525.077,True,True,False,0.457,0.134,0,1.619,1.633,0.11,,,1.005,0.015,,,,,1.004,1.006,0.198,0.016
PRHPA-Soybean_yearly_False_window_12_lags_3_sinusoidal_yes_quadratic,False,12,quadratic_lags_3_sinusoidal_yes,0.726,0.738,480.472,489.451,True,True,False,0.674,0.512,0,1.672,1.702,0.086,,,,,1.001,0.0,,,1.023,1.005,0.845,0.0
PRHPA-Soybean_yearly_False_window_12_lags_4_sinusoidal_yes_quadratic,False,12,quadratic_lags_4_sinusoidal_yes,0.833,0.016,445.479,454.273,True,True,False,0.824,0.682,0,1.813,1.914,0.863,,,,,,,1.052,0.0,1.018,1.03,0.013,0.0
PRHPA-Soybean_yearly_True_window_12_lags_none_sinusoidal_no_quadratic,True,12,quadratic_lags_none_sinusoidal_no,0.083,0.649,554.962,559.713,False,False,False,0.131,-0.71,0,1.586,1.586,0.098,,,,,,,,,,,,
PRHPA-Soybean_yearly_True_window_12_lags_1_sinusoidal_no_quadratic,True,12,quadratic_lags_1_sinusoidal_no,0.204,0.621,529.641,535.863,True,True,False,0.231,-0.056,0,1.592,1.6,0.122,1.008,0.066,,,,,,,,,,
PRHPA-Soybean_yearly_True_window_12_lags_2_sinusoidal_no_quadratic,True,12,quadratic_lags_2_sinusoidal_no,0.243,0.92,520.957,527.062,True,True,False,0.197,0.126,0,1.613,1.618,0.12,,,1.005,0.027,,,,,,,,
PRHPA-Soybean_yearly_True_window_12_lags_3_sinusoidal_no_quadratic,True,12,quadratic_lags_3_sinusoidal_no,0.466,0.88,498.498,504.484,True,True,False,0.299,0.29,0,1.654,1.655,0.334,,,,,1.001,0.001,,,,,,
PRHPA-Soybean_yearly_True_window_12_lags_4_sinusoidal_no_quadratic,True,12,quadratic_lags_4_sinusoidal_no,0.582,0.273,470.807,476.669,True,True,False,0.354,0.468,0,1.775,1.825,0.54,,,,,,,1.049,0.0,,,,
PRHPA-Soybean_yearly_True_window_12_lags_none_sinusoidal_yes_quadratic,True,12,quadratic_lags_none_sinusoidal_yes,0.133,0.927,556.96,564.878,True,True,False,0.129,-0.771,0,1.588,1.59,0.106,,,,,,,,,1.002,1.0,0.317,0.36
PRHPA-Soybean_yearly_True_window_12_lags_1_sinusoidal_yes_quadratic,True,12,quadratic_lags_1_sinusoidal_yes,0.316,0.828,528.343,537.675,True,True,False,0.457,-0.297,0,1.594,1.606,0.118,1.008,0.049,,,,,,,1.0,1.003,0.082,0.295
PRHPA-Soybean_yearly_True_window_12_lags_2_sinusoidal_yes_quadratic,True,12,quadratic_lags_2_sinusoidal_yes,0.419,0.876,515.919,525.077,True,True,False,0.457,0.134,0,1.619,1.633,0.11,,,1.005,0.015,,,,,1.004,1.006,0.198,0.016
PRHPA-Soybean_yearly_True_window_12_lags_3_sinusoidal_yes_quadratic,True,12,quadratic_lags_3_sinusoidal_yes,0.726,0.738,480.472,489.451,True,True,False,0.674,0.512,0,1.672,1.702,0.086,,,,,1.001,0.0,,,1.023,1.005,0.845,0.0
PRHPA-Soybean_yearly_True_window_12_lags_4_sinusoidal_yes_quadratic,True,12,quadratic_lags_4_sinusoidal_yes,0.833,0.016,445.479,454.273,True,True,False,0.824,0.682,0,1.813,1.914,0.863,,,,,,,1.052,0.0,1.018,1.03,0.013,0.0
PRHPA-Soybean_yearly_False_window_13_lags_none_sinusoidal_no_quadratic,False,13,quadratic_lags_none_sinusoidal_no,0.108,0.814,550.999,555.749,True,False,False,0.149,-0.366,0,1.881,1.881,0.056,,,,,,,,,,,,
PRHPA-Soybean_yearly_False_window_13_lags_1_sinusoidal_no_quadratic,False,13,quadratic_lags_1_sinusoidal_no,0.169,0.781,527.718,533.94,True,True,False,0.212,-0.707,0,1.89,1.894,0.075,1.004,0.172,,,,,,,,,,
PRHPA-Soybean_yearly_False_window_13_lags_2_sinusoidal_no_quadratic,False,13,quadratic_lags_2_sinusoidal_no,0.206,0.841,519.015,525.121,True,True,False,0.178,0.096,0,1.942,1.95,0.092,,,1.008,0.066,,,,,,,,
PRHPA-Soybean_yearly_False_window_13_lags_3_sinusoidal_no_quadratic,False,13,quadratic_lags_3_sinusoidal_no,0.409,0.956,497.192,503.178,True,True,False,0.267,0.198,0,1.952,2.013,0.256,,,,,1.061,0.002,,,,,,
PRHPA-Soybean_yearly_False_window_13_lags_4_sinusoidal_no_quadratic,False,13,quadratic_lags_4_sinusoidal_no,0.563,0.582,468.243,474.106,True,True,False,0.398,0.463,0,2.207,2.364,0.592,,,,,,,1.156,0.0,,,,
PRHPA-Soybean_yearly_False_window_13_lags_none_sinusoidal_yes_quadratic,False,13,quadratic_lags_none_sinusoidal_yes,0.131,0.977,554.054,561.972,True,True,False,0.148,-0.497,0,1.89,1.9,0.074,,,,,,,,,1.0,1.01,0.549,0.506
PRHPA-Soybean_yearly_False_window_13_lags_1_sinusoidal_yes_quadratic,False,13,quadratic_lags_1_sinusoidal_yes,0.226,0.886,529.244,538.577,True,True,False,0.321,-1.011,0,1.893,1.901,0.081,1.004,0.163,,,,,,,1.001,1.002,0.159,0.902
PRHPA-Soybean_yearly_False_window_13_lags_2_sinusoidal_yes_quadratic,False,13,quadratic_lags_2_sinusoidal_yes,0.292,0.884,519.085,528.243,True,True,False,0.317,0.007,0,1.942,1.95,0.088,,,1.008,0.064,,,,,1.0,1.0,0.2,0.217
PRHPA-Soybean_yearly_False_window_13_lags_3_sinusoidal_yes_quadratic,False,13,quadratic_lags_3_sinusoidal_yes,0.587,0.707,489.35,498.329,True,True,False,0.526,0.378,0,1.974,2.06,0.469,,,,,1.062,0.001,,,1.004,1.02,0.342,0.003
PRHPA-Soybean_yearly_False_window_13_lags_4_sinusoidal_yes_quadratic,False,13,quadratic_lags_4_sinusoidal_yes,0.758,0.229,453.254,462.049,True,True,False,1.002,0.595,0,2.259,2.465,0.176,,,,,,,1.163,0.0,1.002,1.041,0.621,0.0
PRHPA-Soybean_yearly_True_window_13_lags_none_sinusoidal_no_quadratic,True,13,quadratic_lags_none_sinusoidal_no,0.108,0.814,550.999,555.749,True,False,False,0.149,-0.366,0,1.881,1.881,0.056,,,,,,,,,,,,
PRHPA-Soybean_yearly_True_window_13_lags_1_sinusoidal_no_quadratic,True,13,quadratic_lags_1_sinusoidal_no,0.169,0.781,527.718,533.94,True,True,False,0.212,-0.707,0,1.89,1.894,0.075,1.004,0.172,,,,,,,,,,
PRHPA-Soybean_yearly_True_window_13_lags_2_sinusoidal_no_quadratic,True,13,quadratic_lags_2_sinusoidal_no,0.206,0.841,519.015,525.121,True,True,False,0.178,0.096,0,1.942,1.95,0.092,,,1.008,0.066,,,,,,,,
PRHPA-Soybean_yearly_True_window_13_lags_3_sinusoidal_no_quadratic,True,13,quadratic_lags_3_sinusoidal_no,0.409,0.956,497.192,503.178,True,True,False,0.267,0.198,0,1.952,2.013,0.256,,,,,1.061,0.002,,,,,,
PRHPA-Soybean_yearly_True_window_13_lags_4_sinusoidal_no_quadratic,True,13,quadratic_lags_4_sinusoidal_no,0.563,0.582,468.243,474.106,True,True,False,0.398,0.463,0,2.207,2.364,0.592,,,,,,,1.156,0.0,,,,
PRHPA-Soybean_yearly_True_window_13_lags_none_sinusoidal_yes_quadratic,True,13,quadratic_lags_none_sinusoidal_yes,0.131,0.977,554.054,561.972,True,True,False,0.148,-0.497,0,1.89,1.9,0.074,,,,,,,,,1.0,1.01,0.549,0.506
PRHPA-Soybean_yearly_True_window_13_lags_1_sinusoidal_yes_quadratic,True,13,quadratic_lags_1_sinusoidal_yes,0.226,0.886,529.244,538.577,True,True,False,0.321,-1.011,0,1.893,1.901,0.081,1.004,0.163,,,,,,,1.001,1.002,0.159,0.902
PRHPA-Soybean_yearly_True_window_13_lags_2_sinusoidal_yes_quadratic,True,13,quadratic_lags_2_sinusoidal_yes,0.292,0.884,519.085,528.243,True,True,False,0.317,0.007,0,1.942,1.95,0.088,,,1.008,0.064,,,,,1.0,1.0,0.2,0.217
PRHPA-Soybean_yearly_True_window_13_lags_3_sinusoidal_yes_quadratic,True,13,quadratic_lags_3_sinusoidal_yes,0.587,0.707,489.35,498.329,True,True,False,0.526,0.378,0,1.974,2.06,0.469,,,,,1.062,0.001,,,1.004,1.02,0.342,0.003
PRHPA-Soybean_yearly_True_window_13_lags_4_sinusoidal_yes_quadratic,True,13,quadratic_lags_4_sinusoidal_yes,0.758,0.229,453.254,462.049,True,True,False,1.002,0.595,0,2.259,2.465,0.176,,,,,,,1.163,0.0,1.002,1.041,0.621,0.0
PRHPA-Soybean_yearly_False_window_14_lags_none_sinusoidal_no_quadratic,False,14,quadratic_lags_none_sinusoidal_no,0.135,0.901,549.394,554.145,True,False,False,0.174,-0.17,0,2.25,2.25,0.03,,,,,,,,,,,,
PRHPA-Soybean_yearly_False_window_14_lags_1_sinusoidal_no_quadratic,False,14,quadratic_lags_1_sinusoidal_no,0.204,0.978,524.976,531.198,True,True,False,0.252,-0.114,0,2.248,2.248,0.032,1.0,0.12,,,,,,,,,,
PRHPA-Soybean_yearly_False_window_14_lags_2_sinusoidal_no_quadratic,False,14,quadratic_lags_2_sinusoidal_no,0.225,0.674,517.851,523.957,True,True,False,0.174,0.024,0,2.312,2.317,0.041,,,1.004,0.067,,,,,,,,
PRHPA-Soybean_yearly_False_window_14_lags_3_sinusoidal_no_quadratic,False,14,quadratic_lags_3_sinusoidal_no,0.406,0.941,497.385,503.371,True,True,False,0.265,0.272,0,2.11,2.208,0.258,,,,,1.098,0.003,,,,,,
PRHPA-Soybean_yearly_False_window_14_lags_4_sinusoidal_no_quadratic,False,14,quadratic_lags_4_sinusoidal_no,0.595,0.638,465.723,471.586,True,True,False,0.455,0.518,0,2.473,2.77,0.188,,,,,,,1.297,0.0,,,,
PRHPA-Soybean_yearly_False_window_14_lags_none_sinusoidal_yes_quadratic,False,14,quadratic_lags_none_sinusoidal_yes,0.138,0.866,553.265,561.183,True,False,False,0.169,-0.264,0,2.329,2.392,0.049,,,,,,,,,1.044,1.019,0.775,0.858
PRHPA-Soybean_yearly_False_window_14_lags_1_sinusoidal_yes_quadratic,False,14,quadratic_lags_1_sinusoidal_yes,0.224,0.95,528.071,537.403,True,False,False,0.282,-0.343,0,2.316,2.37,0.05,1.0,0.129,,,,,,,1.048,1.006,0.496,0.612
PRHPA-Soybean_yearly_False_window_14_lags_2_sinusoidal_yes_quadratic,False,14,quadratic_lags_2_sinusoidal_yes,0.26,0.744,520.303,529.461,True,True,False,0.199,-0.182,0,2.363,2.406,0.054,,,1.005,0.074,,,,,1.038,1.0,0.696,0.295
PRHPA-Soybean_yearly_False_window_14_lags_3_sinusoidal_yes_quadratic,False,14,quadratic_lags_3_sinusoidal_yes,0.49,0.801,496.317,505.296,True,False,False,0.384,0.256,0,2.217,2.42,0.436,,,,,1.108,0.002,,,1.065,1.031,0.897,0.045
PRHPA-Soybean_yearly_False_window_14_lags_4_sinusoidal_yes_quadratic,False,14,quadratic_lags_4_sinusoidal_yes,0.695,0.721,460.689,469.483,True,True,False,0.681,0.545,0,2.622,3.05,0.104,,,,,,,1.327,0.0,1.053,1.048,0.492,0.01
PRHPA-Soybean_yearly_True_window_14_lags_none_sinusoidal_no_quadratic,True,14,quadratic_lags_none_sinusoidal_no,0.135,0.901,549.394,554.145,True,False,False,0.174,-0.17,0,2.25,2.25,0.03,,,,,,,,,,,,
PRHPA-Soybean_yearly_True_window_14_lags_1_sinusoidal_no_quadratic,True,14,quadratic_lags_1_sinusoidal_no,0.204,0.978,524.976,531.198,True,True,False,0.252,-0.114,0,2.248,2.248,0.032,1.0,0.12,,,,,,,,,,
PRHPA-Soybean_yearly_True_window_14_lags_2_sinusoidal_no_quadratic,True,14,quadratic_lags_2_sinusoidal_no,0.225,0.674,517.851,523.957,True,True,False,0.174,0.024,0,2.312,2.317,0.041,,,1.004,0.067,,,,,,,,
PRHPA-Soybean_yearly_True_window_14_lags_3_sinusoidal_no_quadratic,True,14,quadratic_lags_3_sinusoidal_no,0.406,0.941,497.385,503.371,True,True,False,0.265,0.272,0,2.11,2.208,0.258,,,,,1.098,0.003,,,,,,
PRHPA-Soybean_yearly_True_window_14_lags_4_sinusoidal_no_quadratic,True,14,quadratic_lags_4_sinusoidal_no,0.595,0.638,465.723,471.586,True,True,False,0.455,0.518,0,2.473,2.77,0.188,,,,,,,1.297,0.0,,,,
PRHPA-Soybean_yearly_True_window_14_lags_none_sinusoidal_yes_quadratic,True,14,quadratic_lags_none_sinusoidal_yes,0.138,0.866,553.265,561.183,True,False,False,0.169,-0.264,0,2.329,2.392,0.049,,,,,,,,,1.044,1.019,0.775,0.858
PRHPA-Soybean_yearly_True_window_14_lags_1_sinusoidal_yes_quadratic,True,14,quadratic_lags_1_sinusoidal_yes,0.224,0.95,528.071,537.403,True,False,False,0.282,-0.343,0,2.316,2.37,0.05,1.0,0.129,,,,,,,1.048,1.006,0.496,0.612
PRHPA-Soybean_yearly_True_window_14_lags_2_sinusoidal_yes_quadratic,True,14,quadratic_lags_2_sinusoidal_yes,0.26,0.744,520.303,529.461,True,True,False,0.199,-0.182,0,2.363,2.406,0.054,,,1.005,0.074,,,,,1.038,1.0,0.696,0.295
PRHPA-Soybean_yearly_True_window_14_lags_3_sinusoidal_yes_quadratic,True,14,quadratic_lags_3_sinusoidal_yes,0.49,0.801,496.317,505.296,True,False,False,0.384,0.256,0,2.217,2.42,0.436,,,,,1.108,0.002,,,1.065,1.031,0.897,0.045
PRHPA-Soybean_yearly_True_window_14_lags_4_sinusoidal_yes_quadratic,True,14,quadratic_lags_4_sinusoidal_yes,0.695,0.721,460.689,469.483,True,True,False,0.681,0.545,0,2.622,3.05,0.104,,,,,,,1.327,0.0,1.053,1.048,0.492,0.01
PRHPA-Soybean_yearly_False_window_15_lags_none_sinusoidal_no_quadratic,False,15,quadratic_lags_none_sinusoidal_no,0.074,0.941,549.117,553.868,True,False,False,0.108,-0.138,0,2.237,2.237,0.115,,,,,,,,,,,,
PRHPA-Soybean_yearly_False_window_15_lags_1_sinusoidal_no_quadratic,False,15,quadratic_lags_1_sinusoidal_no,0.144,0.788,524.861,531.082,True,True,False,0.188,-0.148,0,2.238,2.238,0.125,1.0,0.133,,,,,,,,,,
PRHPA-Soybean_yearly_False_window_15_lags_2_sinusoidal_no_quadratic,False,15,quadratic_lags_2_sinusoidal_no,0.159,0.837,516.704,522.81,True,True,False,0.132,0.073,0,2.248,2.248,0.104,,,1.0,0.105,,,,,,,,
PRHPA-Soybean_yearly_False_window_15_lags_3_sinusoidal_no_quadratic,False,15,quadratic_lags_3_sinusoidal_no,0.423,0.538,492.662,498.648,True,True,False,0.3,0.313,0,2.098,2.138,0.583,,,,,1.039,0.002,,,,,,
PRHPA-Soybean_yearly_False_window_15_lags_4_sinusoidal_no_quadratic,False,15,quadratic_lags_4_sinusoidal_no,0.666,0.219,455.558,461.421,True,True,False,0.599,0.563,0,2.385,2.532,0.038,,,,,,,1.147,0.0,,,,
PRHPA-Soybean_yearly_False_window_15_lags_none_sinusoidal_yes_quadratic,False,15,quadratic_lags_none_sinusoidal_yes,0.076,0.96,553.031,560.948,True,False,False,0.109,-0.222,0,2.392,2.518,0.147,,,,,,,,,1.062,1.063,0.863,0.843
PRHPA-Soybean_yearly_False_window_15_lags_1_sinusoidal_yes_quadratic,False,15,quadratic_lags_1_sinusoidal_yes,0.158,0.748,528.277,537.609,True,True,False,0.199,-0.381,0,2.371,2.478,0.163,1.0,0.144,,,,,,,1.071,1.036,0.655,0.613
PRHPA-Soybean_yearly_False_window_15_lags_2_sinusoidal_yes_quadratic,False,15,quadratic_lags_2_sinusoidal_yes,0.182,0.859,519.74,528.898,True,True,False,0.152,-0.113,0,2.365,2.458,0.107,,,1.0,0.114,,,,,1.067,1.026,0.903,0.384
PRHPA-Soybean_yearly_False_window_15_lags_3_sinusoidal_yes_quadratic,False,15,quadratic_lags_3_sinusoidal_yes,0.455,0.612,494.799,503.778,True,False,False,0.333,0.22,0,2.233,2.401,0.569,,,,,1.044,0.002,,,1.118,1.005,0.944,0.224
PRHPA-Soybean_yearly_False_window_15_lags_4_sinusoidal_yes_quadratic,False,15,quadratic_lags_4_sinusoidal_yes,0.681,0.24,458.107,466.902,True,True,False,0.628,0.512,0,2.567,2.865,0.055,,,,,,,1.167,0.0,1.124,1.007,0.606,0.365
PRHPA-Soybean_yearly_True_window_15_lags_none_sinusoidal_no_quadratic,True,15,quadratic_lags_none_sinusoidal_no,0.074,0.941,549.117,553.868,True,False,False,0.108,-0.138,0,2.237,2.237,0.115,,,,,,,,,,,,
PRHPA-Soybean_yearly_True_window_15_lags_1_sinusoidal_no_quadratic,True,15,quadratic_lags_1_sinusoidal_no,0.144,0.788,524.861,531.082,True,True,False,0.188,-0.148,0,2.238,2.238,0.125,1.0,0.133,,,,,,,,,,
PRHPA-Soybean_yearly_True_window_15_lags_2_sinusoidal_no_quadratic,True,15,quadratic_lags_2_sinusoidal_no,0.159,0.837,516.704,522.81,True,True,False,0.132,0.073,0,2.248,2.248,0.104,,,1.0,0.105,,,,,,,,
PRHPA-Soybean_yearly_True_window_15_lags_3_sinusoidal_no_quadratic,True,15,quadratic_lags_3_sinusoidal_no,0.423,0.538,492.662,498.648,True,True,False,0.3,0.313,0,2.098,2.138,0.583,,,,,1.039,0.002,,,,,,
PRHPA-Soybean_yearly_True_window_15_lags_4_sinusoidal_no_quadratic,True,15,quadratic_lags_4_sinusoidal_no,0.666,0.219,455.558,461.421,True,True,False,0.599,0.563,0,2.385,2.532,0.038,,,,,,,1.147,0.0,,,,
PRHPA-Soybean_yearly_True_window_15_lags_none_sinusoidal_yes_quadratic,True,15,quadratic_lags_none_sinusoidal_yes,0.076,0.96,553.031,560.948,True,False,False,0.109,-0.222,0,2.392,2.518,0.147,,,,,,,,,1.062,1.063,0.863,0.843
PRHPA-Soybean_yearly_True_window_15_lags_1_sinusoidal_yes_quadratic,True,15,quadratic_lags_1_sinusoidal_yes,0.158,0.748,528.277,537.609,True,True,False,0.199,-0.381,0,2.371,2.478,0.163,1.0,0.144,,,,,,,1.071,1.036,0.655,0.613
PRHPA-Soybean_yearly_True_window_15_lags_2_sinusoidal_yes_quadratic,True,15,quadratic_lags_2_sinusoidal_yes,0.182,0.859,519.74,528.898,True,True,False,0.152,-0.113,0,2.365,2.458,0.107,,,1.0,0.114,,,,,1.067,1.026,0.903,0.384
PRHPA-Soybean_yearly_True_window_15_lags_3_sinusoidal_yes_quadratic,True,15,quadratic_lags_3_sinusoidal_yes,0.455,0.612,494.799,503.778,True,False,False,0.333,0.22,0,2.233,2.401,0.569,,,,,1.044,0.002,,,1.118,1.005,0.944,0.224
PRHPA-Soybean_yearly_True_window_15_lags_4_sinusoidal_yes_quadratic,True,15,quadratic_lags_4_sinusoidal_yes,0.681,0.24,458.107,466.902,True,True,False,0.628,0.512,0,2.567,2.865,0.055,,,,,,,1.167,0.0,1.124,1.007,0.606,0.365
PRHPA-Soybean_yearly_False_window_16_lags_none_sinusoidal_no_quadratic,False,16,quadratic_lags_none_sinusoidal_no,0.034,0.924,550.663,555.413,False,True,False,0.057,-0.337,0,1.979,1.979,0.294,,,,,,,,,,,,
PRHPA-Soybean_yearly_False_window_16_lags_1_sinusoidal_no_quadratic,False,16,quadratic_lags_1_sinusoidal_no,0.096,0.563,526.277,532.498,True,True,False,0.122,-0.188,0,1.98,1.982,0.318,1.002,0.192,,,,,,,,,,
PRHPA-Soybean_yearly_False_window_16_lags_2_sinusoidal_no_quadratic,False,16,quadratic_lags_2_sinusoidal_no,0.115,0.891,518.397,524.502,True,True,False,0.106,-0.04,0,1.997,2.002,0.239,,,1.005,0.135,,,,,,,,
PRHPA-Soybean_yearly_False_window_16_lags_3_sinusoidal_no_quadratic,False,16,quadratic_lags_3_sinusoidal_no,0.435,0.337,492.084,498.07,True,False,False,0.269,0.236,0,1.946,1.955,0.725,,,,,1.01,0.003,,,,,,
PRHPA-Soybean_yearly_False_window_16_lags_4_sinusoidal_no_quadratic,False,16,quadratic_lags_4_sinusoidal_no,0.631,0.213,458.723,464.585,True,True,False,0.424,0.504,0,2.162,2.216,0.107,,,,,,,1.054,0.004,,,,
PRHPA-Soybean_yearly_False_window_16_lags_none_sinusoidal_yes_quadratic,False,16,quadratic_lags_none_sinusoidal_yes,0.036,0.944,554.571,562.489,False,True,False,0.057,-0.439,0,2.131,2.287,0.318,,,,,,,,,1.119,1.037,0.987,0.781
PRHPA-Soybean_yearly_False_window_16_lags_1_sinusoidal_yes_quadratic,False,16,quadratic_lags_1_sinusoidal_yes,0.102,0.591,530.038,539.37,True,True,False,0.117,-0.517,0,2.119,2.262,0.356,1.002,0.205,,,,,,,1.127,1.014,0.942,0.666
PRHPA-Soybean_yearly_False_window_16_lags_2_sinusoidal_yes_quadratic,False,16,quadratic_lags_2_sinusoidal_yes,0.131,0.957,521.789,530.947,True,True,False,0.114,-0.231,0,2.121,2.252,0.234,,,1.006,0.14,,,,,1.117,1.008,0.854,0.494
PRHPA-Soybean_yearly_False_window_16_lags_3_sinusoidal_yes_quadratic,False,16,quadratic_lags_3_sinusoidal_yes,0.439,0.425,495.842,504.821,True,False,False,0.277,0.147,0,2.06,2.192,0.721,,,,,1.011,0.005,,,1.121,1.0,0.916,0.667
PRHPA-Soybean_yearly_False_window_16_lags_4_sinusoidal_yes_quadratic,False,16,quadratic_lags_4_sinusoidal_yes,0.634,0.214,462.487,471.282,True,True,False,0.432,0.426,0,2.297,2.474,0.123,,,,,,,1.061,0.009,1.116,1.001,0.697,0.862
PRHPA-Soybean_yearly_True_window_16_lags_none_sinusoidal_no_quadratic,True,16,quadratic_lags_none_sinusoidal_no,0.034,0.924,550.663,555.413,False,True,False,0.057,-0.337,0,1.979,1.979,0.294,,,,,,,,,,,,
PRHPA-Soybean_yearly_True_window_16_lags_1_sinusoidal_no_quadratic,True,16,quadratic_lags_1_sinusoidal_no,0.096,0.563,526.277,532.498,True,True,False,0.122,-0.188,0,1.98,1.982,0.318,1.002,0.192,,,,,,,,,,
PRHPA-Soybean_yearly_True_window_16_lags_2_sinusoidal_no_quadratic,True,16,quadratic_lags_2_sinusoidal_no,0.115,0.891,518.397,524.502,True,True,False,0.106,-0.04,0,1.997,2.002,0.239,,,1.005,0.135,,,,,,,,
PRHPA-Soybean_yearly_True_window_16_lags_3_sinusoidal_no_quadratic,True,16,quadratic_lags_3_sinusoidal_no,0.435,0.337,492.084,498.07,True,False,False,0.269,0.236,0,1.946,1.955,0.725,,,,,1.01,0.003,,,,,,
PRHPA-Soybean_yearly_True_window_16_lags_4_sinusoidal_no_quadratic,True,16,quadratic_lags_4_sinusoidal_no,0.631,0.213,458.723,464.585,True,True,False,0.424,0.504,0,2.162,2.216,0.107,,,,,,,1.054,0.004,,,,
PRHPA-Soybean_yearly_True_window_16_lags_none_sinusoidal_yes_quadratic,True,16,quadratic_lags_none_sinusoidal_yes,0.036,0.944,554.571,562.489,False,True,False,0.057,-0.439,0,2.131,2.287,0.318,,,,,,,,,1.119,1.037,0.987,0.781
PRHPA-Soybean_yearly_True_window_16_lags_1_sinusoidal_yes_quadratic,True,16,quadratic_lags_1_sinusoidal_yes,0.102,0.591,530.038,539.37,True,True,False,0.117,-0.517,0,2.119,2.262,0.356,1.002,0.205,,,,,,,1.127,1.014,0.942,0.666
PRHPA-Soybean_yearly_True_window_16_lags_2_sinusoidal_yes_quadratic,True,16,quadratic_lags_2_sinusoidal_yes,0.131,0.957,521.789,530.947,True,True,False,0.114,-0.231,0,2.121,2.252,0.234,,,1.006,0.14,,,,,1.117,1.008,0.854,0.494
PRHPA-Soybean_yearly_True_window_16_lags_3_sinusoidal_yes_quadratic,True,16,quadratic_lags_3_sinusoidal_yes,0.439,0.425,495.842,504.821,True,False,False,0.277,0.147,0,2.06,2.192,0.721,,,,,1.011,0.005,,,1.121,1.0,0.916,0.667
PRHPA-Soybean_yearly_True_window_16_lags_4_sinusoidal_yes_quadratic,True,16,quadratic_lags_4_sinusoidal_yes,0.634,0.214,462.487,471.282,True,True,False,0.432,0.426,0,2.297,2.474,0.123,,,,,,,1.061,0.009,1.116,1.001,0.697,0.862
