analysis_name,yearly_aggregate,window_size,config_type,r_squared,p_value,aic,bic,is_normal,is_homoscedastic,no_autocorrelation,durbin_watson,cv_r2_score,cv_r2_std,vif_PPT,vif_quadratic,p_value_quadratic,vif_ortho_PPT_lag1,p_value_lag1,vif_ortho_PPT_lag2,p_value_lag2,vif_ortho_PPT_lag3,p_value_lag3,vif_ortho_PPT_lag4,p_value_lag4,vif_ortho_sin_cycle,vif_ortho_cos_cycle,p_value_sin,p_value_cos
PRHPA-Maize_yearly_False_window_1_lags_none_sinusoidal_no_quadratic,False,1,quadratic_lags_none_sinusoidal_no,0.242,0.003,664.689,669.44,True,True,True,2.327,0.174,0,1.839,1.839,0.183,,,,,,,,,,,,
PRHPA-Maize_yearly_False_window_1_lags_1_sinusoidal_no_quadratic,False,1,quadratic_lags_1_sinusoidal_no,0.325,0.001,642.523,648.744,True,True,True,2.397,0.176,0,1.89,1.902,0.104,1.012,0.355,,,,,,,,,,
PRHPA-Maize_yearly_False_window_1_lags_2_sinusoidal_no_quadratic,False,1,quadratic_lags_2_sinusoidal_no,0.3,0.067,625.793,631.898,True,True,True,2.464,0.025,0,1.997,2.07,0.21,,,1.073,0.771,,,,,,,,
PRHPA-Maize_yearly_False_window_1_lags_3_sinusoidal_no_quadratic,False,1,quadratic_lags_3_sinusoidal_no,0.294,0.072,608.516,614.502,True,True,True,2.474,0.164,0,1.864,1.874,0.127,,,,,1.01,0.714,,,,,,
PRHPA-Maize_yearly_False_window_1_lags_4_sinusoidal_no_quadratic,False,1,quadratic_lags_4_sinusoidal_no,0.364,0.588,587.887,593.75,True,True,True,2.146,0.0,0,1.898,1.91,0.111,,,,,,,1.013,0.083,,,,
PRHPA-Maize_yearly_False_window_1_lags_none_sinusoidal_yes_quadratic,False,1,quadratic_lags_none_sinusoidal_yes,0.267,0.007,667.457,675.375,True,True,True,2.386,0.049,0,1.885,1.941,0.286,,,,,,,,,1.001,1.055,0.615,0.388
PRHPA-Maize_yearly_False_window_1_lags_1_sinusoidal_yes_quadratic,False,1,quadratic_lags_1_sinusoidal_yes,0.42,0.0,641.25,650.582,True,True,False,2.694,0.259,0,1.941,2.013,0.258,1.013,0.18,,,,,,,1.002,1.056,0.699,0.045
PRHPA-Maize_yearly_False_window_1_lags_2_sinusoidal_yes_quadratic,False,1,quadratic_lags_2_sinusoidal_yes,0.351,0.032,627.193,636.351,True,True,False,2.685,0.023,0,2.045,2.17,0.213,,,1.077,0.948,,,,,1.016,1.032,0.767,0.158
PRHPA-Maize_yearly_False_window_1_lags_3_sinusoidal_yes_quadratic,False,1,quadratic_lags_3_sinusoidal_yes,0.343,0.046,610.12,619.099,True,True,False,2.683,-0.401,0,1.909,1.971,0.232,,,,,1.011,0.917,,,1.011,1.041,0.751,0.172
PRHPA-Maize_yearly_False_window_1_lags_4_sinusoidal_yes_quadratic,False,1,quadratic_lags_4_sinusoidal_yes,0.452,0.786,587.137,595.932,True,True,True,2.405,-0.216,0,1.948,2.018,0.241,,,,,,,1.013,0.053,1.005,1.051,0.954,0.052
PRHPA-Maize_yearly_True_window_1_lags_none_sinusoidal_no_quadratic,True,1,quadratic_lags_none_sinusoidal_no,0.242,0.003,664.689,669.44,True,True,True,2.327,0.174,0,1.839,1.839,0.183,,,,,,,,,,,,
PRHPA-Maize_yearly_True_window_1_lags_1_sinusoidal_no_quadratic,True,1,quadratic_lags_1_sinusoidal_no,0.325,0.001,642.523,648.744,True,True,True,2.397,0.176,0,1.89,1.902,0.104,1.012,0.355,,,,,,,,,,
PRHPA-Maize_yearly_True_window_1_lags_2_sinusoidal_no_quadratic,True,1,quadratic_lags_2_sinusoidal_no,0.3,0.067,625.793,631.898,True,True,True,2.464,0.025,0,1.997,2.07,0.21,,,1.073,0.771,,,,,,,,
PRHPA-Maize_yearly_True_window_1_lags_3_sinusoidal_no_quadratic,True,1,quadratic_lags_3_sinusoidal_no,0.294,0.072,608.516,614.502,True,True,True,2.474,0.164,0,1.864,1.874,0.127,,,,,1.01,0.714,,,,,,
PRHPA-Maize_yearly_True_window_1_lags_4_sinusoidal_no_quadratic,True,1,quadratic_lags_4_sinusoidal_no,0.364,0.588,587.887,593.75,True,True,True,2.146,0.0,0,1.898,1.91,0.111,,,,,,,1.013,0.083,,,,
PRHPA-Maize_yearly_True_window_1_lags_none_sinusoidal_yes_quadratic,True,1,quadratic_lags_none_sinusoidal_yes,0.267,0.007,667.457,675.375,True,True,True,2.386,0.049,0,1.885,1.941,0.286,,,,,,,,,1.001,1.055,0.615,0.388
PRHPA-Maize_yearly_True_window_1_lags_1_sinusoidal_yes_quadratic,True,1,quadratic_lags_1_sinusoidal_yes,0.42,0.0,641.25,650.582,True,True,False,2.694,0.259,0,1.941,2.013,0.258,1.013,0.18,,,,,,,1.002,1.056,0.699,0.045
PRHPA-Maize_yearly_True_window_1_lags_2_sinusoidal_yes_quadratic,True,1,quadratic_lags_2_sinusoidal_yes,0.351,0.032,627.193,636.351,True,True,False,2.685,0.023,0,2.045,2.17,0.213,,,1.077,0.948,,,,,1.016,1.032,0.767,0.158
PRHPA-Maize_yearly_True_window_1_lags_3_sinusoidal_yes_quadratic,True,1,quadratic_lags_3_sinusoidal_yes,0.343,0.046,610.12,619.099,True,True,False,2.683,-0.401,0,1.909,1.971,0.232,,,,,1.011,0.917,,,1.011,1.041,0.751,0.172
PRHPA-Maize_yearly_True_window_1_lags_4_sinusoidal_yes_quadratic,True,1,quadratic_lags_4_sinusoidal_yes,0.452,0.786,587.137,595.932,True,True,True,2.405,-0.216,0,1.948,2.018,0.241,,,,,,,1.013,0.053,1.005,1.051,0.954,0.052
PRHPA-Maize_yearly_False_window_2_lags_none_sinusoidal_no_quadratic,False,2,quadratic_lags_none_sinusoidal_no,0.403,0.0,634.366,639.116,True,True,False,1.111,0.175,0,2.225,2.225,0.931,,,,,,,,,,,,
PRHPA-Maize_yearly_False_window_2_lags_1_sinusoidal_no_quadratic,False,2,quadratic_lags_1_sinusoidal_no,0.547,0.0,606.588,612.81,True,True,False,1.411,0.396,0,2.312,2.326,0.31,1.014,0.82,,,,,,,,,,
PRHPA-Maize_yearly_False_window_2_lags_2_sinusoidal_no_quadratic,False,2,quadratic_lags_2_sinusoidal_no,0.545,0.001,588.595,594.7,True,True,False,1.431,0.433,0,2.172,2.2,0.256,,,1.028,0.672,,,,,,,,
PRHPA-Maize_yearly_False_window_2_lags_3_sinusoidal_no_quadratic,False,2,quadratic_lags_3_sinusoidal_no,0.559,0.039,570.482,576.468,True,True,False,1.365,0.429,0,2.276,2.289,0.585,,,,,1.013,0.2,,,,,,
PRHPA-Maize_yearly_False_window_2_lags_4_sinusoidal_no_quadratic,False,2,quadratic_lags_4_sinusoidal_no,0.546,0.024,556.251,562.114,True,True,False,1.354,0.453,0,2.267,2.267,0.587,,,,,,,1.0,0.684,,,,
PRHPA-Maize_yearly_False_window_2_lags_none_sinusoidal_yes_quadratic,False,2,quadratic_lags_none_sinusoidal_yes,0.447,0.0,635.625,643.542,True,True,False,1.082,0.036,0,2.348,2.448,0.677,,,,,,,,,1.058,1.042,0.291,0.281
PRHPA-Maize_yearly_False_window_2_lags_1_sinusoidal_yes_quadratic,False,2,quadratic_lags_1_sinusoidal_yes,0.694,0.0,596.845,606.177,True,True,True,1.695,0.488,0,2.416,2.51,0.979,1.015,0.766,,,,,,,1.042,1.037,0.087,0.003
PRHPA-Maize_yearly_False_window_2_lags_2_sinusoidal_yes_quadratic,False,2,quadratic_lags_2_sinusoidal_yes,0.652,0.0,583.446,592.605,True,True,True,1.615,0.543,0,2.204,2.26,0.262,,,1.029,0.713,,,,,1.001,1.026,0.195,0.012
PRHPA-Maize_yearly_False_window_2_lags_3_sinusoidal_yes_quadratic,False,2,quadratic_lags_3_sinusoidal_yes,0.676,0.005,564.351,573.33,True,True,True,1.641,0.503,0,2.388,2.489,0.846,,,,,1.014,0.446,,,1.053,1.034,0.213,0.007
PRHPA-Maize_yearly_False_window_2_lags_4_sinusoidal_yes_quadratic,False,2,quadratic_lags_4_sinusoidal_yes,0.687,0.032,548.299,557.094,True,True,True,1.578,0.552,0,2.549,2.772,0.425,,,,,,,1.0,0.463,1.079,1.144,0.086,0.005
PRHPA-Maize_yearly_True_window_2_lags_none_sinusoidal_no_quadratic,True,2,quadratic_lags_none_sinusoidal_no,0.403,0.0,634.366,639.116,True,True,False,1.111,0.175,0,2.225,2.225,0.931,,,,,,,,,,,,
PRHPA-Maize_yearly_True_window_2_lags_1_sinusoidal_no_quadratic,True,2,quadratic_lags_1_sinusoidal_no,0.547,0.0,606.588,612.81,True,True,False,1.411,0.396,0,2.312,2.326,0.31,1.014,0.82,,,,,,,,,,
PRHPA-Maize_yearly_True_window_2_lags_2_sinusoidal_no_quadratic,True,2,quadratic_lags_2_sinusoidal_no,0.545,0.001,588.595,594.7,True,True,False,1.431,0.433,0,2.172,2.2,0.256,,,1.028,0.672,,,,,,,,
PRHPA-Maize_yearly_True_window_2_lags_3_sinusoidal_no_quadratic,True,2,quadratic_lags_3_sinusoidal_no,0.559,0.039,570.482,576.468,True,True,False,1.365,0.429,0,2.276,2.289,0.585,,,,,1.013,0.2,,,,,,
PRHPA-Maize_yearly_True_window_2_lags_4_sinusoidal_no_quadratic,True,2,quadratic_lags_4_sinusoidal_no,0.546,0.024,556.251,562.114,True,True,False,1.354,0.453,0,2.267,2.267,0.587,,,,,,,1.0,0.684,,,,
PRHPA-Maize_yearly_True_window_2_lags_none_sinusoidal_yes_quadratic,True,2,quadratic_lags_none_sinusoidal_yes,0.447,0.0,635.625,643.542,True,True,False,1.082,0.036,0,2.348,2.448,0.677,,,,,,,,,1.058,1.042,0.291,0.281
PRHPA-Maize_yearly_True_window_2_lags_1_sinusoidal_yes_quadratic,True,2,quadratic_lags_1_sinusoidal_yes,0.694,0.0,596.845,606.177,True,True,True,1.695,0.488,0,2.416,2.51,0.979,1.015,0.766,,,,,,,1.042,1.037,0.087,0.003
PRHPA-Maize_yearly_True_window_2_lags_2_sinusoidal_yes_quadratic,True,2,quadratic_lags_2_sinusoidal_yes,0.652,0.0,583.446,592.605,True,True,True,1.615,0.543,0,2.204,2.26,0.262,,,1.029,0.713,,,,,1.001,1.026,0.195,0.012
PRHPA-Maize_yearly_True_window_2_lags_3_sinusoidal_yes_quadratic,True,2,quadratic_lags_3_sinusoidal_yes,0.676,0.005,564.351,573.33,True,True,True,1.641,0.503,0,2.388,2.489,0.846,,,,,1.014,0.446,,,1.053,1.034,0.213,0.007
PRHPA-Maize_yearly_True_window_2_lags_4_sinusoidal_yes_quadratic,True,2,quadratic_lags_4_sinusoidal_yes,0.687,0.032,548.299,557.094,True,True,True,1.578,0.552,0,2.549,2.772,0.425,,,,,,,1.0,0.463,1.079,1.144,0.086,0.005
PRHPA-Maize_yearly_False_window_3_lags_none_sinusoidal_no_quadratic,False,3,quadratic_lags_none_sinusoidal_no,0.507,0.0,607.869,612.619,True,True,False,1.34,0.339,0,2.386,2.386,0.24,,,,,,,,,,,,
PRHPA-Maize_yearly_False_window_3_lags_1_sinusoidal_no_quadratic,False,3,quadratic_lags_1_sinusoidal_no,0.581,0.0,589.699,595.92,True,True,False,1.464,0.482,0,2.45,2.45,0.254,1.0,0.876,,,,,,,,,,
PRHPA-Maize_yearly_False_window_3_lags_2_sinusoidal_no_quadratic,False,3,quadratic_lags_2_sinusoidal_no,0.57,0.0,572.808,578.913,True,True,False,1.403,0.495,0,2.358,2.36,0.15,,,1.002,0.335,,,,,,,,
PRHPA-Maize_yearly_False_window_3_lags_3_sinusoidal_no_quadratic,False,3,quadratic_lags_3_sinusoidal_no,0.563,0.006,557.391,563.377,True,True,False,1.471,0.455,0,2.442,2.451,0.19,,,,,1.009,0.711,,,,,,
PRHPA-Maize_yearly_False_window_3_lags_4_sinusoidal_no_quadratic,False,3,quadratic_lags_4_sinusoidal_no,0.582,0.008,541.759,547.622,True,True,False,1.453,0.41,0,2.261,2.261,0.203,,,,,,,1.0,0.862,,,,
PRHPA-Maize_yearly_False_window_3_lags_none_sinusoidal_yes_quadratic,False,3,quadratic_lags_none_sinusoidal_yes,0.575,0.0,606.497,614.415,True,True,False,1.384,0.27,0,2.656,2.851,0.791,,,,,,,,,1.049,1.146,0.859,0.033
PRHPA-Maize_yearly_False_window_3_lags_1_sinusoidal_yes_quadratic,False,3,quadratic_lags_1_sinusoidal_yes,0.731,0.0,578.175,587.508,False,True,True,1.629,0.618,0,2.678,2.835,0.826,1.0,0.608,,,,,,,1.037,1.12,0.848,0.0
PRHPA-Maize_yearly_False_window_3_lags_2_sinusoidal_yes_quadratic,False,3,quadratic_lags_2_sinusoidal_yes,0.686,0.0,566.127,575.285,True,True,True,1.757,0.241,0,2.596,2.775,0.727,,,1.002,0.867,,,,,1.016,1.16,0.609,0.004
PRHPA-Maize_yearly_False_window_3_lags_3_sinusoidal_yes_quadratic,False,3,quadratic_lags_3_sinusoidal_yes,0.687,0.001,550.353,559.332,True,True,True,1.733,0.596,0,2.921,3.264,0.879,,,,,1.012,0.696,,,1.081,1.251,0.739,0.003
PRHPA-Maize_yearly_False_window_3_lags_4_sinusoidal_yes_quadratic,False,3,quadratic_lags_4_sinusoidal_yes,0.718,0.011,533.161,541.955,True,True,True,1.754,0.559,0,2.911,3.428,0.495,,,,,,,1.0,0.912,1.06,1.457,0.638,0.002
PRHPA-Maize_yearly_True_window_3_lags_none_sinusoidal_no_quadratic,True,3,quadratic_lags_none_sinusoidal_no,0.507,0.0,607.869,612.619,True,True,False,1.34,0.339,0,2.386,2.386,0.24,,,,,,,,,,,,
PRHPA-Maize_yearly_True_window_3_lags_1_sinusoidal_no_quadratic,True,3,quadratic_lags_1_sinusoidal_no,0.581,0.0,589.699,595.92,True,True,False,1.464,0.482,0,2.45,2.45,0.254,1.0,0.876,,,,,,,,,,
PRHPA-Maize_yearly_True_window_3_lags_2_sinusoidal_no_quadratic,True,3,quadratic_lags_2_sinusoidal_no,0.57,0.0,572.808,578.913,True,True,False,1.403,0.495,0,2.358,2.36,0.15,,,1.002,0.335,,,,,,,,
PRHPA-Maize_yearly_True_window_3_lags_3_sinusoidal_no_quadratic,True,3,quadratic_lags_3_sinusoidal_no,0.563,0.006,557.391,563.377,True,True,False,1.471,0.455,0,2.442,2.451,0.19,,,,,1.009,0.711,,,,,,
PRHPA-Maize_yearly_True_window_3_lags_4_sinusoidal_no_quadratic,True,3,quadratic_lags_4_sinusoidal_no,0.582,0.008,541.759,547.622,True,True,False,1.453,0.41,0,2.261,2.261,0.203,,,,,,,1.0,0.862,,,,
PRHPA-Maize_yearly_True_window_3_lags_none_sinusoidal_yes_quadratic,True,3,quadratic_lags_none_sinusoidal_yes,0.575,0.0,606.497,614.415,True,True,False,1.384,0.27,0,2.656,2.851,0.791,,,,,,,,,1.049,1.146,0.859,0.033
PRHPA-Maize_yearly_True_window_3_lags_1_sinusoidal_yes_quadratic,True,3,quadratic_lags_1_sinusoidal_yes,0.731,0.0,578.175,587.508,False,True,True,1.629,0.618,0,2.678,2.835,0.826,1.0,0.608,,,,,,,1.037,1.12,0.848,0.0
PRHPA-Maize_yearly_True_window_3_lags_2_sinusoidal_yes_quadratic,True,3,quadratic_lags_2_sinusoidal_yes,0.686,0.0,566.127,575.285,True,True,True,1.757,0.241,0,2.596,2.775,0.727,,,1.002,0.867,,,,,1.016,1.16,0.609,0.004
PRHPA-Maize_yearly_True_window_3_lags_3_sinusoidal_yes_quadratic,True,3,quadratic_lags_3_sinusoidal_yes,0.687,0.001,550.353,559.332,True,True,True,1.733,0.596,0,2.921,3.264,0.879,,,,,1.012,0.696,,,1.081,1.251,0.739,0.003
PRHPA-Maize_yearly_True_window_3_lags_4_sinusoidal_yes_quadratic,True,3,quadratic_lags_4_sinusoidal_yes,0.718,0.011,533.161,541.955,True,True,True,1.754,0.559,0,2.911,3.428,0.495,,,,,,,1.0,0.912,1.06,1.457,0.638,0.002
PRHPA-Maize_yearly_False_window_4_lags_none_sinusoidal_no_quadratic,False,4,quadratic_lags_none_sinusoidal_no,0.515,0.0,588.029,592.779,True,True,False,1.048,0.371,0,2.259,2.259,0.091,,,,,,,,,,,,
PRHPA-Maize_yearly_False_window_4_lags_1_sinusoidal_no_quadratic,False,4,quadratic_lags_1_sinusoidal_no,0.647,0.0,567.578,573.799,True,True,False,1.269,0.547,0,2.246,2.259,0.255,1.012,0.608,,,,,,,,,,
PRHPA-Maize_yearly_False_window_4_lags_2_sinusoidal_no_quadratic,False,4,quadratic_lags_2_sinusoidal_no,0.623,0.0,551.033,557.138,True,True,False,1.187,0.512,0,2.094,2.114,0.08,,,1.02,0.214,,,,,,,,
PRHPA-Maize_yearly_False_window_4_lags_3_sinusoidal_no_quadratic,False,4,quadratic_lags_3_sinusoidal_no,0.64,0.001,535.142,541.128,True,True,False,1.191,0.608,0,2.436,2.475,0.102,,,,,1.039,0.555,,,,,,
PRHPA-Maize_yearly_False_window_4_lags_4_sinusoidal_no_quadratic,False,4,quadratic_lags_4_sinusoidal_no,0.661,0.002,521.305,527.168,True,True,False,1.231,0.494,0,1.961,1.974,0.211,,,,,,,1.013,0.608,,,,
PRHPA-Maize_yearly_False_window_4_lags_none_sinusoidal_yes_quadratic,False,4,quadratic_lags_none_sinusoidal_yes,0.538,0.0,590.244,598.162,False,True,False,1.031,0.18,0,2.475,2.646,0.216,,,,,,,,,1.14,1.032,0.758,0.234
PRHPA-Maize_yearly_False_window_4_lags_1_sinusoidal_yes_quadratic,False,4,quadratic_lags_1_sinusoidal_yes,0.748,0.0,559.763,569.095,False,True,False,1.413,0.612,0,2.443,2.615,0.727,1.014,0.935,,,,,,,1.141,1.017,0.205,0.004
PRHPA-Maize_yearly_False_window_4_lags_2_sinusoidal_yes_quadratic,False,4,quadratic_lags_2_sinusoidal_yes,0.707,0.0,546.483,555.641,False,True,False,1.373,0.476,0,2.286,2.485,0.245,,,1.024,0.548,,,,,1.142,1.033,0.632,0.009
PRHPA-Maize_yearly_False_window_4_lags_3_sinusoidal_yes_quadratic,False,4,quadratic_lags_3_sinusoidal_yes,0.721,0.0,530.728,539.707,False,True,False,1.41,0.66,0,3.461,4.242,0.969,,,,,1.067,0.889,,,1.531,1.183,0.213,0.011
PRHPA-Maize_yearly_False_window_4_lags_4_sinusoidal_yes_quadratic,False,4,quadratic_lags_4_sinusoidal_yes,0.752,0.003,515.33,524.124,False,True,True,1.508,0.588,0,2.683,3.458,0.392,,,,,,,1.023,0.902,1.304,1.448,0.078,0.008
PRHPA-Maize_yearly_True_window_4_lags_none_sinusoidal_no_quadratic,True,4,quadratic_lags_none_sinusoidal_no,0.515,0.0,588.029,592.779,True,True,False,1.048,0.371,0,2.259,2.259,0.091,,,,,,,,,,,,
PRHPA-Maize_yearly_True_window_4_lags_1_sinusoidal_no_quadratic,True,4,quadratic_lags_1_sinusoidal_no,0.647,0.0,567.578,573.799,True,True,False,1.269,0.547,0,2.246,2.259,0.255,1.012,0.608,,,,,,,,,,
PRHPA-Maize_yearly_True_window_4_lags_2_sinusoidal_no_quadratic,True,4,quadratic_lags_2_sinusoidal_no,0.623,0.0,551.033,557.138,True,True,False,1.187,0.512,0,2.094,2.114,0.08,,,1.02,0.214,,,,,,,,
PRHPA-Maize_yearly_True_window_4_lags_3_sinusoidal_no_quadratic,True,4,quadratic_lags_3_sinusoidal_no,0.64,0.001,535.142,541.128,True,True,False,1.191,0.608,0,2.436,2.475,0.102,,,,,1.039,0.555,,,,,,
PRHPA-Maize_yearly_True_window_4_lags_4_sinusoidal_no_quadratic,True,4,quadratic_lags_4_sinusoidal_no,0.661,0.002,521.305,527.168,True,True,False,1.231,0.494,0,1.961,1.974,0.211,,,,,,,1.013,0.608,,,,
PRHPA-Maize_yearly_True_window_4_lags_none_sinusoidal_yes_quadratic,True,4,quadratic_lags_none_sinusoidal_yes,0.538,0.0,590.244,598.162,False,True,False,1.031,0.18,0,2.475,2.646,0.216,,,,,,,,,1.14,1.032,0.758,0.234
PRHPA-Maize_yearly_True_window_4_lags_1_sinusoidal_yes_quadratic,True,4,quadratic_lags_1_sinusoidal_yes,0.748,0.0,559.763,569.095,False,True,False,1.413,0.612,0,2.443,2.615,0.727,1.014,0.935,,,,,,,1.141,1.017,0.205,0.004
PRHPA-Maize_yearly_True_window_4_lags_2_sinusoidal_yes_quadratic,True,4,quadratic_lags_2_sinusoidal_yes,0.707,0.0,546.483,555.641,False,True,False,1.373,0.476,0,2.286,2.485,0.245,,,1.024,0.548,,,,,1.142,1.033,0.632,0.009
PRHPA-Maize_yearly_True_window_4_lags_3_sinusoidal_yes_quadratic,True,4,quadratic_lags_3_sinusoidal_yes,0.721,0.0,530.728,539.707,False,True,False,1.41,0.66,0,3.461,4.242,0.969,,,,,1.067,0.889,,,1.531,1.183,0.213,0.011
PRHPA-Maize_yearly_True_window_4_lags_4_sinusoidal_yes_quadratic,True,4,quadratic_lags_4_sinusoidal_yes,0.752,0.003,515.33,524.124,False,True,True,1.508,0.588,0,2.683,3.458,0.392,,,,,,,1.023,0.902,1.304,1.448,0.078,0.008
PRHPA-Maize_yearly_False_window_5_lags_none_sinusoidal_no_quadratic,False,5,quadratic_lags_none_sinusoidal_no,0.477,0.0,570.893,575.644,True,True,False,1.058,0.195,0,1.893,1.893,0.118,,,,,,,,,,,,
PRHPA-Maize_yearly_False_window_5_lags_1_sinusoidal_no_quadratic,False,5,quadratic_lags_1_sinusoidal_no,0.609,0.0,551.114,557.335,True,True,False,1.146,0.464,0,1.834,1.836,0.711,1.002,0.504,,,,,,,,,,
PRHPA-Maize_yearly_False_window_5_lags_2_sinusoidal_no_quadratic,False,5,quadratic_lags_2_sinusoidal_no,0.547,0.0,539.022,545.127,False,True,False,1.112,0.419,0,1.853,1.869,0.75,,,1.016,0.917,,,,,,,,
PRHPA-Maize_yearly_False_window_5_lags_3_sinusoidal_no_quadratic,False,5,quadratic_lags_3_sinusoidal_no,0.61,0.0,522.229,528.215,True,True,False,1.237,0.569,0,2.063,2.065,0.484,,,,,1.002,0.749,,,,,,
PRHPA-Maize_yearly_False_window_5_lags_4_sinusoidal_no_quadratic,False,5,quadratic_lags_4_sinusoidal_no,0.614,0.002,507.231,513.093,True,True,False,1.211,0.4,0,1.785,1.815,0.713,,,,,,,1.03,0.598,,,,
PRHPA-Maize_yearly_False_window_5_lags_none_sinusoidal_yes_quadratic,False,5,quadratic_lags_none_sinusoidal_yes,0.51,0.0,572.591,580.508,True,True,False,1.109,-0.138,0,1.981,2.079,0.137,,,,,,,,,1.078,1.021,0.522,0.213
PRHPA-Maize_yearly_False_window_5_lags_1_sinusoidal_yes_quadratic,False,5,quadratic_lags_1_sinusoidal_yes,0.709,0.0,544.813,554.145,True,True,False,1.191,0.507,0,1.95,2.091,0.65,1.002,0.35,,,,,,,1.071,1.068,0.771,0.004
PRHPA-Maize_yearly_False_window_5_lags_2_sinusoidal_yes_quadratic,False,5,quadratic_lags_2_sinusoidal_yes,0.675,0.0,531.7,540.859,True,True,False,1.241,0.612,0,2.232,2.699,0.27,,,1.023,0.495,,,,,1.232,1.212,0.856,0.003
PRHPA-Maize_yearly_False_window_5_lags_3_sinusoidal_yes_quadratic,False,5,quadratic_lags_3_sinusoidal_yes,0.706,0.0,516.906,525.885,True,True,False,1.298,0.52,0,2.733,3.367,0.277,,,,,1.004,0.379,,,1.142,1.488,0.577,0.006
PRHPA-Maize_yearly_False_window_5_lags_4_sinusoidal_yes_quadratic,False,5,quadratic_lags_4_sinusoidal_yes,0.704,0.001,502.673,511.467,True,True,False,1.298,0.46,0,2.289,2.981,0.187,,,,,,,1.049,0.632,1.116,1.526,0.514,0.009
PRHPA-Maize_yearly_True_window_5_lags_none_sinusoidal_no_quadratic,True,5,quadratic_lags_none_sinusoidal_no,0.477,0.0,570.893,575.644,True,True,False,1.058,0.195,0,1.893,1.893,0.118,,,,,,,,,,,,
PRHPA-Maize_yearly_True_window_5_lags_1_sinusoidal_no_quadratic,True,5,quadratic_lags_1_sinusoidal_no,0.609,0.0,551.114,557.335,True,True,False,1.146,0.464,0,1.834,1.836,0.711,1.002,0.504,,,,,,,,,,
PRHPA-Maize_yearly_True_window_5_lags_2_sinusoidal_no_quadratic,True,5,quadratic_lags_2_sinusoidal_no,0.547,0.0,539.022,545.127,False,True,False,1.112,0.419,0,1.853,1.869,0.75,,,1.016,0.917,,,,,,,,
PRHPA-Maize_yearly_True_window_5_lags_3_sinusoidal_no_quadratic,True,5,quadratic_lags_3_sinusoidal_no,0.61,0.0,522.229,528.215,True,True,False,1.237,0.569,0,2.063,2.065,0.484,,,,,1.002,0.749,,,,,,
PRHPA-Maize_yearly_True_window_5_lags_4_sinusoidal_no_quadratic,True,5,quadratic_lags_4_sinusoidal_no,0.614,0.002,507.231,513.093,True,True,False,1.211,0.4,0,1.785,1.815,0.713,,,,,,,1.03,0.598,,,,
PRHPA-Maize_yearly_True_window_5_lags_none_sinusoidal_yes_quadratic,True,5,quadratic_lags_none_sinusoidal_yes,0.51,0.0,572.591,580.508,True,True,False,1.109,-0.138,0,1.981,2.079,0.137,,,,,,,,,1.078,1.021,0.522,0.213
PRHPA-Maize_yearly_True_window_5_lags_1_sinusoidal_yes_quadratic,True,5,quadratic_lags_1_sinusoidal_yes,0.709,0.0,544.813,554.145,True,True,False,1.191,0.507,0,1.95,2.091,0.65,1.002,0.35,,,,,,,1.071,1.068,0.771,0.004
PRHPA-Maize_yearly_True_window_5_lags_2_sinusoidal_yes_quadratic,True,5,quadratic_lags_2_sinusoidal_yes,0.675,0.0,531.7,540.859,True,True,False,1.241,0.612,0,2.232,2.699,0.27,,,1.023,0.495,,,,,1.232,1.212,0.856,0.003
PRHPA-Maize_yearly_True_window_5_lags_3_sinusoidal_yes_quadratic,True,5,quadratic_lags_3_sinusoidal_yes,0.706,0.0,516.906,525.885,True,True,False,1.298,0.52,0,2.733,3.367,0.277,,,,,1.004,0.379,,,1.142,1.488,0.577,0.006
PRHPA-Maize_yearly_True_window_5_lags_4_sinusoidal_yes_quadratic,True,5,quadratic_lags_4_sinusoidal_yes,0.704,0.001,502.673,511.467,True,True,False,1.298,0.46,0,2.289,2.981,0.187,,,,,,,1.049,0.632,1.116,1.526,0.514,0.009
PRHPA-Maize_yearly_False_window_6_lags_none_sinusoidal_no_quadratic,False,6,quadratic_lags_none_sinusoidal_no,0.478,0.0,558.923,563.673,True,True,False,0.971,0.06,0,1.662,1.662,0.031,,,,,,,,,,,,
PRHPA-Maize_yearly_False_window_6_lags_1_sinusoidal_no_quadratic,False,6,quadratic_lags_1_sinusoidal_no,0.665,0.0,534.257,540.478,True,True,False,1.13,0.411,0,1.608,1.611,0.521,1.004,0.242,,,,,,,,,,
PRHPA-Maize_yearly_False_window_6_lags_2_sinusoidal_no_quadratic,False,6,quadratic_lags_2_sinusoidal_no,0.58,0.0,524.758,530.864,True,True,False,1.069,0.534,0,1.685,1.685,0.632,,,1.0,0.737,,,,,,,,
PRHPA-Maize_yearly_False_window_6_lags_3_sinusoidal_no_quadratic,False,6,quadratic_lags_3_sinusoidal_no,0.676,0.0,506.294,512.28,True,True,False,1.076,0.649,0,1.982,2.011,0.296,,,,,1.029,0.349,,,,,,
PRHPA-Maize_yearly_False_window_6_lags_4_sinusoidal_no_quadratic,False,6,quadratic_lags_4_sinusoidal_no,0.646,0.0,494.863,500.726,True,True,False,1.172,0.577,0,1.665,1.801,0.924,,,,,,,1.135,0.503,,,,
PRHPA-Maize_yearly_False_window_6_lags_none_sinusoidal_yes_quadratic,False,6,quadratic_lags_none_sinusoidal_yes,0.508,0.0,560.795,568.713,True,True,False,1.059,-0.382,0,1.726,1.823,0.016,,,,,,,,,1.072,1.025,0.312,0.343
PRHPA-Maize_yearly_False_window_6_lags_1_sinusoidal_yes_quadratic,False,6,quadratic_lags_1_sinusoidal_yes,0.695,0.0,534.941,544.273,True,True,False,1.158,0.402,0,1.641,1.701,0.555,1.004,0.227,,,,,,,1.052,1.004,0.545,0.129
PRHPA-Maize_yearly_False_window_6_lags_2_sinusoidal_yes_quadratic,False,6,quadratic_lags_2_sinusoidal_yes,0.624,0.0,525.014,534.172,True,True,False,1.17,0.484,0,1.853,2.099,0.762,,,1.0,0.846,,,,,1.238,1.008,0.91,0.084
PRHPA-Maize_yearly_False_window_6_lags_3_sinusoidal_yes_quadratic,False,6,quadratic_lags_3_sinusoidal_yes,0.695,0.0,508.374,517.353,True,True,False,1.136,0.631,0,2.378,2.822,0.689,,,,,1.041,0.357,,,1.244,1.159,0.804,0.214
PRHPA-Maize_yearly_False_window_6_lags_4_sinusoidal_yes_quadratic,False,6,quadratic_lags_4_sinusoidal_yes,0.67,0.0,496.678,505.472,True,True,False,1.23,0.505,0,1.956,2.587,0.576,,,,,,,1.194,0.558,1.254,1.183,0.578,0.201
PRHPA-Maize_yearly_True_window_6_lags_none_sinusoidal_no_quadratic,True,6,quadratic_lags_none_sinusoidal_no,0.478,0.0,558.923,563.673,True,True,False,0.971,0.06,0,1.662,1.662,0.031,,,,,,,,,,,,
PRHPA-Maize_yearly_True_window_6_lags_1_sinusoidal_no_quadratic,True,6,quadratic_lags_1_sinusoidal_no,0.665,0.0,534.257,540.478,True,True,False,1.13,0.411,0,1.608,1.611,0.521,1.004,0.242,,,,,,,,,,
PRHPA-Maize_yearly_True_window_6_lags_2_sinusoidal_no_quadratic,True,6,quadratic_lags_2_sinusoidal_no,0.58,0.0,524.758,530.864,True,True,False,1.069,0.534,0,1.685,1.685,0.632,,,1.0,0.737,,,,,,,,
PRHPA-Maize_yearly_True_window_6_lags_3_sinusoidal_no_quadratic,True,6,quadratic_lags_3_sinusoidal_no,0.676,0.0,506.294,512.28,True,True,False,1.076,0.649,0,1.982,2.011,0.296,,,,,1.029,0.349,,,,,,
PRHPA-Maize_yearly_True_window_6_lags_4_sinusoidal_no_quadratic,True,6,quadratic_lags_4_sinusoidal_no,0.646,0.0,494.863,500.726,True,True,False,1.172,0.577,0,1.665,1.801,0.924,,,,,,,1.135,0.503,,,,
PRHPA-Maize_yearly_True_window_6_lags_none_sinusoidal_yes_quadratic,True,6,quadratic_lags_none_sinusoidal_yes,0.508,0.0,560.795,568.713,True,True,False,1.059,-0.382,0,1.726,1.823,0.016,,,,,,,,,1.072,1.025,0.312,0.343
PRHPA-Maize_yearly_True_window_6_lags_1_sinusoidal_yes_quadratic,True,6,quadratic_lags_1_sinusoidal_yes,0.695,0.0,534.941,544.273,True,True,False,1.158,0.402,0,1.641,1.701,0.555,1.004,0.227,,,,,,,1.052,1.004,0.545,0.129
PRHPA-Maize_yearly_True_window_6_lags_2_sinusoidal_yes_quadratic,True,6,quadratic_lags_2_sinusoidal_yes,0.624,0.0,525.014,534.172,True,True,False,1.17,0.484,0,1.853,2.099,0.762,,,1.0,0.846,,,,,1.238,1.008,0.91,0.084
PRHPA-Maize_yearly_True_window_6_lags_3_sinusoidal_yes_quadratic,True,6,quadratic_lags_3_sinusoidal_yes,0.695,0.0,508.374,517.353,True,True,False,1.136,0.631,0,2.378,2.822,0.689,,,,,1.041,0.357,,,1.244,1.159,0.804,0.214
PRHPA-Maize_yearly_True_window_6_lags_4_sinusoidal_yes_quadratic,True,6,quadratic_lags_4_sinusoidal_yes,0.67,0.0,496.678,505.472,True,True,False,1.23,0.505,0,1.956,2.587,0.576,,,,,,,1.194,0.558,1.254,1.183,0.578,0.201
PRHPA-Maize_yearly_False_window_7_lags_none_sinusoidal_no_quadratic,False,7,quadratic_lags_none_sinusoidal_no,0.492,0.0,554.54,559.29,True,True,False,0.676,0.173,0,1.552,1.552,0.145,,,,,,,,,,,,
PRHPA-Maize_yearly_False_window_7_lags_1_sinusoidal_no_quadratic,False,7,quadratic_lags_1_sinusoidal_no,0.669,0.0,525.619,531.84,True,True,False,0.907,0.594,0,1.606,1.616,0.494,1.01,0.13,,,,,,,,,,
PRHPA-Maize_yearly_False_window_7_lags_2_sinusoidal_no_quadratic,False,7,quadratic_lags_2_sinusoidal_no,0.625,0.0,517.218,523.324,True,True,False,1.003,0.542,0,1.622,1.622,0.858,,,1.0,0.803,,,,,,,,
PRHPA-Maize_yearly_False_window_7_lags_3_sinusoidal_no_quadratic,False,7,quadratic_lags_3_sinusoidal_no,0.651,0.0,501.922,507.908,True,True,False,1.052,0.6,0,1.917,1.988,0.8,,,,,1.071,0.224,,,,,,
PRHPA-Maize_yearly_False_window_7_lags_4_sinusoidal_no_quadratic,False,7,quadratic_lags_4_sinusoidal_no,0.605,0.0,490.957,496.82,True,True,False,1.126,0.477,0,1.787,1.834,0.536,,,,,,,1.047,0.28,,,,
PRHPA-Maize_yearly_False_window_7_lags_none_sinusoidal_yes_quadratic,False,7,quadratic_lags_none_sinusoidal_yes,0.529,0.0,555.832,563.75,True,True,False,0.736,0.05,0,1.585,1.644,0.082,,,,,,,,,1.051,1.008,0.13,0.987
PRHPA-Maize_yearly_False_window_7_lags_1_sinusoidal_yes_quadratic,False,7,quadratic_lags_1_sinusoidal_yes,0.672,0.0,529.266,538.598,True,True,False,0.92,0.471,0,1.655,1.748,0.449,1.011,0.138,,,,,,,1.077,1.005,0.617,0.856
PRHPA-Maize_yearly_False_window_7_lags_2_sinusoidal_yes_quadratic,False,7,quadratic_lags_2_sinusoidal_yes,0.636,0.0,520.156,529.314,True,True,False,1.04,0.42,0,1.679,1.771,0.751,,,1.0,0.813,,,,,1.084,1.008,0.481,0.557
PRHPA-Maize_yearly_False_window_7_lags_3_sinusoidal_yes_quadratic,False,7,quadratic_lags_3_sinusoidal_yes,0.653,0.0,505.739,514.718,True,True,False,1.055,0.538,0,2.049,2.274,0.798,,,,,1.081,0.25,,,1.056,1.088,0.737,0.87
PRHPA-Maize_yearly_False_window_7_lags_4_sinusoidal_yes_quadratic,False,7,quadratic_lags_4_sinusoidal_yes,0.609,0.0,494.663,503.458,True,True,False,1.134,0.476,0,1.981,2.285,0.592,,,,,,,1.058,0.3,1.158,1.089,0.796,0.705
PRHPA-Maize_yearly_True_window_7_lags_none_sinusoidal_no_quadratic,True,7,quadratic_lags_none_sinusoidal_no,0.492,0.0,554.54,559.29,True,True,False,0.676,0.173,0,1.552,1.552,0.145,,,,,,,,,,,,
PRHPA-Maize_yearly_True_window_7_lags_1_sinusoidal_no_quadratic,True,7,quadratic_lags_1_sinusoidal_no,0.669,0.0,525.619,531.84,True,True,False,0.907,0.594,0,1.606,1.616,0.494,1.01,0.13,,,,,,,,,,
PRHPA-Maize_yearly_True_window_7_lags_2_sinusoidal_no_quadratic,True,7,quadratic_lags_2_sinusoidal_no,0.625,0.0,517.218,523.324,True,True,False,1.003,0.542,0,1.622,1.622,0.858,,,1.0,0.803,,,,,,,,
PRHPA-Maize_yearly_True_window_7_lags_3_sinusoidal_no_quadratic,True,7,quadratic_lags_3_sinusoidal_no,0.651,0.0,501.922,507.908,True,True,False,1.052,0.6,0,1.917,1.988,0.8,,,,,1.071,0.224,,,,,,
PRHPA-Maize_yearly_True_window_7_lags_4_sinusoidal_no_quadratic,True,7,quadratic_lags_4_sinusoidal_no,0.605,0.0,490.957,496.82,True,True,False,1.126,0.477,0,1.787,1.834,0.536,,,,,,,1.047,0.28,,,,
PRHPA-Maize_yearly_True_window_7_lags_none_sinusoidal_yes_quadratic,True,7,quadratic_lags_none_sinusoidal_yes,0.529,0.0,555.832,563.75,True,True,False,0.736,0.05,0,1.585,1.644,0.082,,,,,,,,,1.051,1.008,0.13,0.987
PRHPA-Maize_yearly_True_window_7_lags_1_sinusoidal_yes_quadratic,True,7,quadratic_lags_1_sinusoidal_yes,0.672,0.0,529.266,538.598,True,True,False,0.92,0.471,0,1.655,1.748,0.449,1.011,0.138,,,,,,,1.077,1.005,0.617,0.856
PRHPA-Maize_yearly_True_window_7_lags_2_sinusoidal_yes_quadratic,True,7,quadratic_lags_2_sinusoidal_yes,0.636,0.0,520.156,529.314,True,True,False,1.04,0.42,0,1.679,1.771,0.751,,,1.0,0.813,,,,,1.084,1.008,0.481,0.557
PRHPA-Maize_yearly_True_window_7_lags_3_sinusoidal_yes_quadratic,True,7,quadratic_lags_3_sinusoidal_yes,0.653,0.0,505.739,514.718,True,True,False,1.055,0.538,0,2.049,2.274,0.798,,,,,1.081,0.25,,,1.056,1.088,0.737,0.87
PRHPA-Maize_yearly_True_window_7_lags_4_sinusoidal_yes_quadratic,True,7,quadratic_lags_4_sinusoidal_yes,0.609,0.0,494.663,503.458,True,True,False,1.134,0.476,0,1.981,2.285,0.592,,,,,,,1.058,0.3,1.158,1.089,0.796,0.705
PRHPA-Maize_yearly_False_window_8_lags_none_sinusoidal_no_quadratic,False,8,quadratic_lags_none_sinusoidal_no,0.458,0.0,554.202,558.952,True,True,False,0.923,0.224,0,1.507,1.507,0.161,,,,,,,,,,,,
PRHPA-Maize_yearly_False_window_8_lags_1_sinusoidal_no_quadratic,False,8,quadratic_lags_1_sinusoidal_no,0.639,0.0,525.609,531.83,True,True,False,1.176,0.506,0,1.632,1.636,0.82,1.004,0.436,,,,,,,,,,
PRHPA-Maize_yearly_False_window_8_lags_2_sinusoidal_no_quadratic,False,8,quadratic_lags_2_sinusoidal_no,0.629,0.0,513.219,519.325,True,True,False,1.23,0.569,0,1.658,1.664,0.913,,,1.006,0.474,,,,,,,,
PRHPA-Maize_yearly_False_window_8_lags_3_sinusoidal_no_quadratic,False,8,quadratic_lags_3_sinusoidal_no,0.616,0.0,501.301,507.287,True,True,False,1.119,0.384,0,1.9,1.987,0.842,,,,,1.087,0.423,,,,,,
PRHPA-Maize_yearly_False_window_8_lags_4_sinusoidal_no_quadratic,False,8,quadratic_lags_4_sinusoidal_no,0.568,0.0,490.336,496.199,True,True,False,1.265,0.456,0,1.779,1.889,0.475,,,,,,,1.109,0.226,,,,
PRHPA-Maize_yearly_False_window_8_lags_none_sinusoidal_yes_quadratic,False,8,quadratic_lags_none_sinusoidal_yes,0.507,0.0,554.77,562.688,True,True,False,0.995,0.079,0,1.543,1.615,0.168,,,,,,,,,1.003,1.069,0.094,0.77
PRHPA-Maize_yearly_False_window_8_lags_1_sinusoidal_yes_quadratic,False,8,quadratic_lags_1_sinusoidal_yes,0.664,0.0,527.122,536.454,True,True,False,1.193,0.338,0,1.653,1.691,0.856,1.004,0.434,,,,,,,1.012,1.022,0.303,0.333
PRHPA-Maize_yearly_False_window_8_lags_2_sinusoidal_yes_quadratic,False,8,quadratic_lags_2_sinusoidal_yes,0.644,0.0,515.778,524.936,True,True,False,1.249,0.496,0,1.68,1.719,0.936,,,1.006,0.476,,,,,1.011,1.022,0.348,0.603
PRHPA-Maize_yearly_False_window_8_lags_3_sinusoidal_yes_quadratic,False,8,quadratic_lags_3_sinusoidal_yes,0.638,0.0,503.395,512.374,True,True,False,1.146,0.385,0,1.917,2.024,0.972,,,,,1.089,0.403,,,1.018,1.001,0.286,0.521
PRHPA-Maize_yearly_False_window_8_lags_4_sinusoidal_yes_quadratic,False,8,quadratic_lags_4_sinusoidal_yes,0.587,0.0,492.901,501.695,True,True,False,1.275,0.356,0,1.839,2.034,0.691,,,,,,,1.118,0.216,1.076,1.001,0.306,0.746
PRHPA-Maize_yearly_True_window_8_lags_none_sinusoidal_no_quadratic,True,8,quadratic_lags_none_sinusoidal_no,0.458,0.0,554.202,558.952,True,True,False,0.923,0.224,0,1.507,1.507,0.161,,,,,,,,,,,,
PRHPA-Maize_yearly_True_window_8_lags_1_sinusoidal_no_quadratic,True,8,quadratic_lags_1_sinusoidal_no,0.639,0.0,525.609,531.83,True,True,False,1.176,0.506,0,1.632,1.636,0.82,1.004,0.436,,,,,,,,,,
PRHPA-Maize_yearly_True_window_8_lags_2_sinusoidal_no_quadratic,True,8,quadratic_lags_2_sinusoidal_no,0.629,0.0,513.219,519.325,True,True,False,1.23,0.569,0,1.658,1.664,0.913,,,1.006,0.474,,,,,,,,
PRHPA-Maize_yearly_True_window_8_lags_3_sinusoidal_no_quadratic,True,8,quadratic_lags_3_sinusoidal_no,0.616,0.0,501.301,507.287,True,True,False,1.119,0.384,0,1.9,1.987,0.842,,,,,1.087,0.423,,,,,,
PRHPA-Maize_yearly_True_window_8_lags_4_sinusoidal_no_quadratic,True,8,quadratic_lags_4_sinusoidal_no,0.568,0.0,490.336,496.199,True,True,False,1.265,0.456,0,1.779,1.889,0.475,,,,,,,1.109,0.226,,,,
PRHPA-Maize_yearly_True_window_8_lags_none_sinusoidal_yes_quadratic,True,8,quadratic_lags_none_sinusoidal_yes,0.507,0.0,554.77,562.688,True,True,False,0.995,0.079,0,1.543,1.615,0.168,,,,,,,,,1.003,1.069,0.094,0.77
PRHPA-Maize_yearly_True_window_8_lags_1_sinusoidal_yes_quadratic,True,8,quadratic_lags_1_sinusoidal_yes,0.664,0.0,527.122,536.454,True,True,False,1.193,0.338,0,1.653,1.691,0.856,1.004,0.434,,,,,,,1.012,1.022,0.303,0.333
PRHPA-Maize_yearly_True_window_8_lags_2_sinusoidal_yes_quadratic,True,8,quadratic_lags_2_sinusoidal_yes,0.644,0.0,515.778,524.936,True,True,False,1.249,0.496,0,1.68,1.719,0.936,,,1.006,0.476,,,,,1.011,1.022,0.348,0.603
PRHPA-Maize_yearly_True_window_8_lags_3_sinusoidal_yes_quadratic,True,8,quadratic_lags_3_sinusoidal_yes,0.638,0.0,503.395,512.374,True,True,False,1.146,0.385,0,1.917,2.024,0.972,,,,,1.089,0.403,,,1.018,1.001,0.286,0.521
PRHPA-Maize_yearly_True_window_8_lags_4_sinusoidal_yes_quadratic,True,8,quadratic_lags_4_sinusoidal_yes,0.587,0.0,492.901,501.695,True,True,False,1.275,0.356,0,1.839,2.034,0.691,,,,,,,1.118,0.216,1.076,1.001,0.306,0.746
PRHPA-Maize_yearly_False_window_9_lags_none_sinusoidal_no_quadratic,False,9,quadratic_lags_none_sinusoidal_no,0.574,0.0,543.672,548.423,True,True,False,0.692,0.453,0,1.634,1.634,0.586,,,,,,,,,,,,
PRHPA-Maize_yearly_False_window_9_lags_1_sinusoidal_no_quadratic,False,9,quadratic_lags_1_sinusoidal_no,0.678,0.0,519.733,525.954,True,True,False,0.927,0.553,0,1.632,1.634,0.969,1.002,0.607,,,,,,,,,,
PRHPA-Maize_yearly_False_window_9_lags_2_sinusoidal_no_quadratic,False,9,quadratic_lags_2_sinusoidal_no,0.695,0.0,503.935,510.041,True,True,False,1.066,0.562,0,1.698,1.698,0.84,,,1.0,0.98,,,,,,,,
PRHPA-Maize_yearly_False_window_9_lags_3_sinusoidal_no_quadratic,False,9,quadratic_lags_3_sinusoidal_no,0.614,0.0,497.556,503.542,True,True,False,0.988,0.43,0,1.823,1.827,0.736,,,,,1.004,0.24,,,,,,
PRHPA-Maize_yearly_False_window_9_lags_4_sinusoidal_no_quadratic,False,9,quadratic_lags_4_sinusoidal_no,0.573,0.0,485.725,491.588,True,True,False,1.012,0.35,0,1.739,1.755,0.284,,,,,,,1.016,0.096,,,,
PRHPA-Maize_yearly_False_window_9_lags_none_sinusoidal_yes_quadratic,False,9,quadratic_lags_none_sinusoidal_yes,0.649,0.0,540.721,548.638,True,True,False,0.76,0.374,0,1.685,1.765,0.217,,,,,,,,,1.002,1.078,0.269,0.031
PRHPA-Maize_yearly_False_window_9_lags_1_sinusoidal_yes_quadratic,False,9,quadratic_lags_1_sinusoidal_yes,0.749,0.0,514.993,524.326,True,True,False,0.954,0.509,0,1.682,1.763,0.441,1.002,0.511,,,,,,,1.0,1.079,0.76,0.008
PRHPA-Maize_yearly_False_window_9_lags_2_sinusoidal_yes_quadratic,False,9,quadratic_lags_2_sinusoidal_yes,0.742,0.0,502.188,511.346,True,True,False,1.148,0.614,0,1.768,1.87,0.37,,,1.001,0.807,,,,,1.002,1.099,0.727,0.033
PRHPA-Maize_yearly_False_window_9_lags_3_sinusoidal_yes_quadratic,False,9,quadratic_lags_3_sinusoidal_yes,0.673,0.0,496.021,505.0,True,True,False,1.022,0.437,0,1.845,1.876,0.498,,,,,1.004,0.169,,,1.003,1.024,0.286,0.062
PRHPA-Maize_yearly_False_window_9_lags_4_sinusoidal_yes_quadratic,False,9,quadratic_lags_4_sinusoidal_yes,0.631,0.0,485.048,493.843,True,True,False,1.072,0.261,0,1.757,1.799,0.204,,,,,,,1.017,0.09,1.001,1.024,0.204,0.137
PRHPA-Maize_yearly_True_window_9_lags_none_sinusoidal_no_quadratic,True,9,quadratic_lags_none_sinusoidal_no,0.574,0.0,543.672,548.423,True,True,False,0.692,0.453,0,1.634,1.634,0.586,,,,,,,,,,,,
PRHPA-Maize_yearly_True_window_9_lags_1_sinusoidal_no_quadratic,True,9,quadratic_lags_1_sinusoidal_no,0.678,0.0,519.733,525.954,True,True,False,0.927,0.553,0,1.632,1.634,0.969,1.002,0.607,,,,,,,,,,
PRHPA-Maize_yearly_True_window_9_lags_2_sinusoidal_no_quadratic,True,9,quadratic_lags_2_sinusoidal_no,0.695,0.0,503.935,510.041,True,True,False,1.066,0.562,0,1.698,1.698,0.84,,,1.0,0.98,,,,,,,,
PRHPA-Maize_yearly_True_window_9_lags_3_sinusoidal_no_quadratic,True,9,quadratic_lags_3_sinusoidal_no,0.614,0.0,497.556,503.542,True,True,False,0.988,0.43,0,1.823,1.827,0.736,,,,,1.004,0.24,,,,,,
PRHPA-Maize_yearly_True_window_9_lags_4_sinusoidal_no_quadratic,True,9,quadratic_lags_4_sinusoidal_no,0.573,0.0,485.725,491.588,True,True,False,1.012,0.35,0,1.739,1.755,0.284,,,,,,,1.016,0.096,,,,
PRHPA-Maize_yearly_True_window_9_lags_none_sinusoidal_yes_quadratic,True,9,quadratic_lags_none_sinusoidal_yes,0.649,0.0,540.721,548.638,True,True,False,0.76,0.374,0,1.685,1.765,0.217,,,,,,,,,1.002,1.078,0.269,0.031
PRHPA-Maize_yearly_True_window_9_lags_1_sinusoidal_yes_quadratic,True,9,quadratic_lags_1_sinusoidal_yes,0.749,0.0,514.993,524.326,True,True,False,0.954,0.509,0,1.682,1.763,0.441,1.002,0.511,,,,,,,1.0,1.079,0.76,0.008
PRHPA-Maize_yearly_True_window_9_lags_2_sinusoidal_yes_quadratic,True,9,quadratic_lags_2_sinusoidal_yes,0.742,0.0,502.188,511.346,True,True,False,1.148,0.614,0,1.768,1.87,0.37,,,1.001,0.807,,,,,1.002,1.099,0.727,0.033
PRHPA-Maize_yearly_True_window_9_lags_3_sinusoidal_yes_quadratic,True,9,quadratic_lags_3_sinusoidal_yes,0.673,0.0,496.021,505.0,True,True,False,1.022,0.437,0,1.845,1.876,0.498,,,,,1.004,0.169,,,1.003,1.024,0.286,0.062
PRHPA-Maize_yearly_True_window_9_lags_4_sinusoidal_yes_quadratic,True,9,quadratic_lags_4_sinusoidal_yes,0.631,0.0,485.048,493.843,True,True,False,1.072,0.261,0,1.757,1.799,0.204,,,,,,,1.017,0.09,1.001,1.024,0.204,0.137
PRHPA-Maize_yearly_False_window_10_lags_none_sinusoidal_no_quadratic,False,10,quadratic_lags_none_sinusoidal_no,0.504,0.0,539.405,544.156,True,True,False,0.743,0.377,0,1.57,1.57,0.923,,,,,,,,,,,,
PRHPA-Maize_yearly_False_window_10_lags_1_sinusoidal_no_quadratic,False,10,quadratic_lags_1_sinusoidal_no,0.632,0.0,516.375,522.596,True,True,False,0.876,0.499,0,1.553,1.555,0.541,1.002,0.522,,,,,,,,,,
PRHPA-Maize_yearly_False_window_10_lags_2_sinusoidal_no_quadratic,False,10,quadratic_lags_2_sinusoidal_no,0.654,0.0,499.169,505.275,True,True,False,1.014,0.572,0,1.608,1.609,0.663,,,1.002,0.615,,,,,,,,
PRHPA-Maize_yearly_False_window_10_lags_3_sinusoidal_no_quadratic,False,10,quadratic_lags_3_sinusoidal_no,0.572,0.0,491.915,497.901,True,True,False,0.977,0.512,0,1.707,1.718,0.617,,,,,1.011,0.104,,,,,,
PRHPA-Maize_yearly_False_window_10_lags_4_sinusoidal_no_quadratic,False,10,quadratic_lags_4_sinusoidal_no,0.556,0.0,478.026,483.889,True,True,False,0.994,0.432,0,1.662,1.711,0.978,,,,,,,1.049,0.011,,,,
PRHPA-Maize_yearly_False_window_10_lags_none_sinusoidal_yes_quadratic,False,10,quadratic_lags_none_sinusoidal_yes,0.619,0.0,533.87,541.787,True,True,False,0.831,0.441,0,1.627,1.727,0.383,,,,,,,,,1.063,1.037,0.032,0.049
PRHPA-Maize_yearly_False_window_10_lags_1_sinusoidal_yes_quadratic,False,10,quadratic_lags_1_sinusoidal_yes,0.762,0.0,505.167,514.499,True,True,False,0.888,0.654,0,1.626,1.758,0.463,1.002,0.247,,,,,,,1.082,1.048,0.024,0.003
PRHPA-Maize_yearly_False_window_10_lags_2_sinusoidal_yes_quadratic,False,10,quadratic_lags_2_sinusoidal_yes,0.759,0.0,490.85,500.008,True,True,False,1.106,0.647,0,1.708,1.875,0.372,,,1.002,0.274,,,,,1.119,1.046,0.015,0.016
PRHPA-Maize_yearly_False_window_10_lags_3_sinusoidal_yes_quadratic,False,10,quadratic_lags_3_sinusoidal_yes,0.685,0.0,485.75,494.729,True,True,False,1.057,0.567,0,1.768,1.866,0.78,,,,,1.012,0.05,,,1.071,1.015,0.009,0.165
PRHPA-Maize_yearly_False_window_10_lags_4_sinusoidal_yes_quadratic,False,10,quadratic_lags_4_sinusoidal_yes,0.663,0.0,473.255,482.049,True,True,False,1.133,0.508,0,1.706,1.824,0.618,,,,,,,1.052,0.008,1.027,1.039,0.009,0.634
PRHPA-Maize_yearly_True_window_10_lags_none_sinusoidal_no_quadratic,True,10,quadratic_lags_none_sinusoidal_no,0.504,0.0,539.405,544.156,True,True,False,0.743,0.377,0,1.57,1.57,0.923,,,,,,,,,,,,
PRHPA-Maize_yearly_True_window_10_lags_1_sinusoidal_no_quadratic,True,10,quadratic_lags_1_sinusoidal_no,0.632,0.0,516.375,522.596,True,True,False,0.876,0.499,0,1.553,1.555,0.541,1.002,0.522,,,,,,,,,,
PRHPA-Maize_yearly_True_window_10_lags_2_sinusoidal_no_quadratic,True,10,quadratic_lags_2_sinusoidal_no,0.654,0.0,499.169,505.275,True,True,False,1.014,0.572,0,1.608,1.609,0.663,,,1.002,0.615,,,,,,,,
PRHPA-Maize_yearly_True_window_10_lags_3_sinusoidal_no_quadratic,True,10,quadratic_lags_3_sinusoidal_no,0.572,0.0,491.915,497.901,True,True,False,0.977,0.512,0,1.707,1.718,0.617,,,,,1.011,0.104,,,,,,
PRHPA-Maize_yearly_True_window_10_lags_4_sinusoidal_no_quadratic,True,10,quadratic_lags_4_sinusoidal_no,0.556,0.0,478.026,483.889,True,True,False,0.994,0.432,0,1.662,1.711,0.978,,,,,,,1.049,0.011,,,,
PRHPA-Maize_yearly_True_window_10_lags_none_sinusoidal_yes_quadratic,True,10,quadratic_lags_none_sinusoidal_yes,0.619,0.0,533.87,541.787,True,True,False,0.831,0.441,0,1.627,1.727,0.383,,,,,,,,,1.063,1.037,0.032,0.049
PRHPA-Maize_yearly_True_window_10_lags_1_sinusoidal_yes_quadratic,True,10,quadratic_lags_1_sinusoidal_yes,0.762,0.0,505.167,514.499,True,True,False,0.888,0.654,0,1.626,1.758,0.463,1.002,0.247,,,,,,,1.082,1.048,0.024,0.003
PRHPA-Maize_yearly_True_window_10_lags_2_sinusoidal_yes_quadratic,True,10,quadratic_lags_2_sinusoidal_yes,0.759,0.0,490.85,500.008,True,True,False,1.106,0.647,0,1.708,1.875,0.372,,,1.002,0.274,,,,,1.119,1.046,0.015,0.016
PRHPA-Maize_yearly_True_window_10_lags_3_sinusoidal_yes_quadratic,True,10,quadratic_lags_3_sinusoidal_yes,0.685,0.0,485.75,494.729,True,True,False,1.057,0.567,0,1.768,1.866,0.78,,,,,1.012,0.05,,,1.071,1.015,0.009,0.165
PRHPA-Maize_yearly_True_window_10_lags_4_sinusoidal_yes_quadratic,True,10,quadratic_lags_4_sinusoidal_yes,0.663,0.0,473.255,482.049,True,True,False,1.133,0.508,0,1.706,1.824,0.618,,,,,,,1.052,0.008,1.027,1.039,0.009,0.634
