analysis_name,yearly_aggregate,window_size,config_type,r_squared,p_value,aic,bic,is_normal,is_homoscedastic,no_autocorrelation,durbin_watson,cv_r2_score,cv_r2_std,vif_PPT,vif_segment,p_value_segment,breakpoint,vif_ortho_PPT_lag1,p_value_lag1,vif_ortho_PPT_lag2,p_value_lag2,vif_ortho_PPT_lag3,p_value_lag3,vif_ortho_PPT_lag4,p_value_lag4,vif_ortho_sin_cycle,vif_ortho_cos_cycle,p_value_sin,p_value_cos
PRHPA-Maize_yearly_False_window_1_lags_none_sinusoidal_no_piecewise,False,1,piecewise_lags_none_sinusoidal_no,0.258,0.012,663.92,668.671,True,True,True,2.334,0.197,0,2.249,2.249,0.116,685.8796414141415,,,,,,,,,,,,
PRHPA-Maize_yearly_False_window_1_lags_1_sinusoidal_no_piecewise,False,1,piecewise_lags_1_sinusoidal_no,0.34,0.002,641.738,647.96,True,True,True,2.428,0.185,0,2.293,2.706,0.068,730.0871333333333,1.412,0.386,,,,,,,,,,
PRHPA-Maize_yearly_False_window_1_lags_2_sinusoidal_no_piecewise,False,1,piecewise_lags_2_sinusoidal_no,0.315,0.05,625.042,631.148,True,True,True,2.476,0.025,0,2.288,2.6,0.136,720.094196969697,,,1.311,0.756,,,,,,,,
PRHPA-Maize_yearly_False_window_1_lags_3_sinusoidal_no_piecewise,False,1,piecewise_lags_3_sinusoidal_no,0.308,0.021,607.841,613.827,True,True,True,2.494,0.165,0,2.606,3.441,0.088,723.3497777777778,,,,,1.835,0.748,,,,,,
PRHPA-Maize_yearly_False_window_1_lags_4_sinusoidal_no_piecewise,False,1,piecewise_lags_4_sinusoidal_no,0.391,0.185,586.496,592.359,True,True,True,2.092,0.243,0,1.85,2.555,0.053,794.5714797979799,,,,,,,1.705,0.064,,,,
PRHPA-Maize_yearly_False_window_1_lags_none_sinusoidal_yes_piecewise,False,1,piecewise_lags_none_sinusoidal_yes,0.277,0.029,666.94,674.858,True,True,True,2.381,0.068,0,2.475,2.657,0.209,685.8796414141415,,,,,,,,,1.082,1.1,0.637,0.449
PRHPA-Maize_yearly_False_window_1_lags_1_sinusoidal_yes_piecewise,False,1,piecewise_lags_1_sinusoidal_yes,0.42,0.003,641.258,650.59,True,True,False,2.695,0.259,0,2.687,3.529,0.259,730.0871333333333,1.538,0.196,,,,,,,1.021,1.284,0.759,0.062
PRHPA-Maize_yearly_False_window_1_lags_2_sinusoidal_yes_piecewise,False,1,piecewise_lags_2_sinusoidal_yes,0.355,0.043,626.987,636.146,True,True,False,2.676,0.013,0,2.517,3.062,0.19,720.094196969697,,,1.367,0.97,,,,,1.007,1.171,0.838,0.205
PRHPA-Maize_yearly_False_window_1_lags_3_sinusoidal_yes_piecewise,False,1,piecewise_lags_3_sinusoidal_yes,0.348,0.028,609.874,618.853,True,True,False,2.683,-0.335,0,2.855,3.974,0.202,723.3497777777778,,,,,1.964,0.929,,,1.04,1.115,0.807,0.213
PRHPA-Maize_yearly_False_window_1_lags_4_sinusoidal_yes_piecewise,False,1,piecewise_lags_4_sinusoidal_yes,0.476,0.332,585.686,594.481,True,True,True,2.319,0.096,0,1.907,2.726,0.112,794.5714797979799,,,,,,,1.752,0.04,1.047,1.02,0.753,0.054
PRHPA-Maize_yearly_True_window_1_lags_none_sinusoidal_no_piecewise,True,1,piecewise_lags_none_sinusoidal_no,0.258,0.012,663.92,668.671,True,True,True,2.334,0.197,0,2.249,2.249,0.116,685.8796414141415,,,,,,,,,,,,
PRHPA-Maize_yearly_True_window_1_lags_1_sinusoidal_no_piecewise,True,1,piecewise_lags_1_sinusoidal_no,0.34,0.002,641.738,647.96,True,True,True,2.428,0.185,0,2.293,2.706,0.068,730.0871333333333,1.412,0.386,,,,,,,,,,
PRHPA-Maize_yearly_True_window_1_lags_2_sinusoidal_no_piecewise,True,1,piecewise_lags_2_sinusoidal_no,0.315,0.05,625.042,631.148,True,True,True,2.476,0.025,0,2.288,2.6,0.136,720.094196969697,,,1.311,0.756,,,,,,,,
PRHPA-Maize_yearly_True_window_1_lags_3_sinusoidal_no_piecewise,True,1,piecewise_lags_3_sinusoidal_no,0.308,0.021,607.841,613.827,True,True,True,2.494,0.165,0,2.606,3.441,0.088,723.3497777777778,,,,,1.835,0.748,,,,,,
PRHPA-Maize_yearly_True_window_1_lags_4_sinusoidal_no_piecewise,True,1,piecewise_lags_4_sinusoidal_no,0.391,0.185,586.496,592.359,True,True,True,2.092,0.243,0,1.85,2.555,0.053,794.5714797979799,,,,,,,1.705,0.064,,,,
PRHPA-Maize_yearly_True_window_1_lags_none_sinusoidal_yes_piecewise,True,1,piecewise_lags_none_sinusoidal_yes,0.277,0.029,666.94,674.858,True,True,True,2.381,0.068,0,2.475,2.657,0.209,685.8796414141415,,,,,,,,,1.082,1.1,0.637,0.449
PRHPA-Maize_yearly_True_window_1_lags_1_sinusoidal_yes_piecewise,True,1,piecewise_lags_1_sinusoidal_yes,0.42,0.003,641.258,650.59,True,True,False,2.695,0.259,0,2.687,3.529,0.259,730.0871333333333,1.538,0.196,,,,,,,1.021,1.284,0.759,0.062
PRHPA-Maize_yearly_True_window_1_lags_2_sinusoidal_yes_piecewise,True,1,piecewise_lags_2_sinusoidal_yes,0.355,0.043,626.987,636.146,True,True,False,2.676,0.013,0,2.517,3.062,0.19,720.094196969697,,,1.367,0.97,,,,,1.007,1.171,0.838,0.205
PRHPA-Maize_yearly_True_window_1_lags_3_sinusoidal_yes_piecewise,True,1,piecewise_lags_3_sinusoidal_yes,0.348,0.028,609.874,618.853,True,True,False,2.683,-0.335,0,2.855,3.974,0.202,723.3497777777778,,,,,1.964,0.929,,,1.04,1.115,0.807,0.213
PRHPA-Maize_yearly_True_window_1_lags_4_sinusoidal_yes_piecewise,True,1,piecewise_lags_4_sinusoidal_yes,0.476,0.332,585.686,594.481,True,True,True,2.319,0.096,0,1.907,2.726,0.112,794.5714797979799,,,,,,,1.752,0.04,1.047,1.02,0.753,0.054
PRHPA-Maize_yearly_False_window_2_lags_none_sinusoidal_no_piecewise,False,2,piecewise_lags_none_sinusoidal_no,0.417,0.0,633.531,638.282,True,True,False,1.114,0.25,0,1.149,1.149,0.383,903.4697510000001,,,,,,,,,,,,
PRHPA-Maize_yearly_False_window_2_lags_1_sinusoidal_no_piecewise,False,2,piecewise_lags_1_sinusoidal_no,0.575,0.0,604.414,610.636,True,True,True,1.573,0.442,0,1.159,1.228,0.087,903.8768012,1.07,0.659,,,,,,,,,,
PRHPA-Maize_yearly_False_window_2_lags_2_sinusoidal_no_piecewise,False,2,piecewise_lags_2_sinusoidal_no,0.562,0.001,587.305,593.41,True,True,False,1.483,0.435,0,1.338,1.483,0.121,852.3655149163636,,,1.145,0.607,,,,,,,,
PRHPA-Maize_yearly_False_window_2_lags_3_sinusoidal_no_piecewise,False,2,piecewise_lags_3_sinusoidal_no,0.583,0.018,568.661,574.647,True,True,False,1.489,0.408,0,1.283,1.565,0.171,891.18740032,,,,,1.283,0.151,,,,,,
PRHPA-Maize_yearly_False_window_2_lags_4_sinusoidal_no_piecewise,False,2,piecewise_lags_4_sinusoidal_no,0.572,0.012,554.343,560.206,True,True,False,1.461,0.342,0,1.295,1.669,0.164,896.3109501600002,,,,,,,1.375,0.555,,,,
PRHPA-Maize_yearly_False_window_2_lags_none_sinusoidal_yes_piecewise,False,2,piecewise_lags_none_sinusoidal_yes,0.449,0.0,635.504,643.422,True,True,False,1.062,0.092,0,1.175,1.349,0.6,903.4697510000001,,,,,,,,,1.002,1.172,0.329,0.414
PRHPA-Maize_yearly_False_window_2_lags_1_sinusoidal_yes_piecewise,False,2,piecewise_lags_1_sinusoidal_yes,0.702,0.0,595.986,605.318,True,True,True,1.741,0.508,0,1.189,1.467,0.403,903.8768012,1.084,0.863,,,,,,,1.006,1.188,0.096,0.005
PRHPA-Maize_yearly_False_window_2_lags_2_sinusoidal_yes_piecewise,False,2,piecewise_lags_2_sinusoidal_yes,0.672,0.0,581.476,590.634,True,True,True,1.689,0.589,0,1.365,1.605,0.091,852.3655149163636,,,1.157,0.731,,,,,1.002,1.08,0.145,0.011
PRHPA-Maize_yearly_False_window_2_lags_3_sinusoidal_yes_piecewise,False,2,piecewise_lags_3_sinusoidal_yes,0.681,0.004,563.841,572.82,True,True,True,1.675,0.442,0,1.323,1.79,0.503,891.18740032,,,,,1.323,0.395,,,1.067,1.077,0.273,0.011
PRHPA-Maize_yearly_False_window_2_lags_4_sinusoidal_yes_piecewise,False,2,piecewise_lags_4_sinusoidal_yes,0.684,0.029,548.614,557.408,True,True,True,1.509,0.511,0,1.318,1.804,0.534,896.3109501600002,,,,,,,1.405,0.364,1.019,1.061,0.142,0.013
PRHPA-Maize_yearly_True_window_2_lags_none_sinusoidal_no_piecewise,True,2,piecewise_lags_none_sinusoidal_no,0.417,0.0,633.531,638.282,True,True,False,1.114,0.25,0,1.149,1.149,0.383,903.4697510000001,,,,,,,,,,,,
PRHPA-Maize_yearly_True_window_2_lags_1_sinusoidal_no_piecewise,True,2,piecewise_lags_1_sinusoidal_no,0.575,0.0,604.414,610.636,True,True,True,1.573,0.442,0,1.159,1.228,0.087,903.8768012,1.07,0.659,,,,,,,,,,
PRHPA-Maize_yearly_True_window_2_lags_2_sinusoidal_no_piecewise,True,2,piecewise_lags_2_sinusoidal_no,0.562,0.001,587.305,593.41,True,True,False,1.483,0.435,0,1.338,1.483,0.121,852.3655149163636,,,1.145,0.607,,,,,,,,
PRHPA-Maize_yearly_True_window_2_lags_3_sinusoidal_no_piecewise,True,2,piecewise_lags_3_sinusoidal_no,0.583,0.018,568.661,574.647,True,True,False,1.489,0.408,0,1.283,1.565,0.171,891.18740032,,,,,1.283,0.151,,,,,,
PRHPA-Maize_yearly_True_window_2_lags_4_sinusoidal_no_piecewise,True,2,piecewise_lags_4_sinusoidal_no,0.572,0.012,554.343,560.206,True,True,False,1.461,0.342,0,1.295,1.669,0.164,896.3109501600002,,,,,,,1.375,0.555,,,,
PRHPA-Maize_yearly_True_window_2_lags_none_sinusoidal_yes_piecewise,True,2,piecewise_lags_none_sinusoidal_yes,0.449,0.0,635.504,643.422,True,True,False,1.062,0.092,0,1.175,1.349,0.6,903.4697510000001,,,,,,,,,1.002,1.172,0.329,0.414
PRHPA-Maize_yearly_True_window_2_lags_1_sinusoidal_yes_piecewise,True,2,piecewise_lags_1_sinusoidal_yes,0.702,0.0,595.986,605.318,True,True,True,1.741,0.508,0,1.189,1.467,0.403,903.8768012,1.084,0.863,,,,,,,1.006,1.188,0.096,0.005
PRHPA-Maize_yearly_True_window_2_lags_2_sinusoidal_yes_piecewise,True,2,piecewise_lags_2_sinusoidal_yes,0.672,0.0,581.476,590.634,True,True,True,1.689,0.589,0,1.365,1.605,0.091,852.3655149163636,,,1.157,0.731,,,,,1.002,1.08,0.145,0.011
PRHPA-Maize_yearly_True_window_2_lags_3_sinusoidal_yes_piecewise,True,2,piecewise_lags_3_sinusoidal_yes,0.681,0.004,563.841,572.82,True,True,True,1.675,0.442,0,1.323,1.79,0.503,891.18740032,,,,,1.323,0.395,,,1.067,1.077,0.273,0.011
PRHPA-Maize_yearly_True_window_2_lags_4_sinusoidal_yes_piecewise,True,2,piecewise_lags_4_sinusoidal_yes,0.684,0.029,548.614,557.408,True,True,True,1.509,0.511,0,1.318,1.804,0.534,896.3109501600002,,,,,,,1.405,0.364,1.019,1.061,0.142,0.013
PRHPA-Maize_yearly_False_window_3_lags_none_sinusoidal_no_piecewise,False,3,piecewise_lags_none_sinusoidal_no,0.52,0.002,606.864,611.614,True,True,False,1.367,0.366,0,2.411,2.411,0.131,680.3301373424242,,,,,,,,,,,,
PRHPA-Maize_yearly_False_window_3_lags_1_sinusoidal_no_piecewise,False,3,piecewise_lags_1_sinusoidal_no,0.591,0.002,588.879,595.1,True,True,False,1.476,0.47,0,2.594,2.768,0.156,679.05115596,1.175,0.897,,,,,,,,,,
PRHPA-Maize_yearly_False_window_3_lags_2_sinusoidal_no_piecewise,False,3,piecewise_lags_2_sinusoidal_no,0.58,0.0,572.004,578.109,True,True,False,1.392,0.502,0,1.275,1.402,0.096,830.9974757575758,,,1.127,0.354,,,,,,,,
PRHPA-Maize_yearly_False_window_3_lags_3_sinusoidal_no_piecewise,False,3,piecewise_lags_3_sinusoidal_no,0.575,0.003,556.452,562.438,True,True,False,1.483,0.498,0,1.317,1.626,0.112,827.5398404040403,,,,,1.309,0.755,,,,,,
PRHPA-Maize_yearly_False_window_3_lags_4_sinusoidal_no_piecewise,False,3,piecewise_lags_4_sinusoidal_no,0.596,0.002,540.666,546.529,True,True,True,1.544,0.383,0,1.346,1.688,0.109,826.9162303030303,,,,,,,1.343,0.709,,,,
PRHPA-Maize_yearly_False_window_3_lags_none_sinusoidal_yes_piecewise,False,3,piecewise_lags_none_sinusoidal_yes,0.578,0.016,606.209,614.126,True,True,False,1.392,0.277,0,2.832,3.131,0.574,680.3301373424242,,,,,,,,,1.139,1.159,0.858,0.047
PRHPA-Maize_yearly_False_window_3_lags_1_sinusoidal_yes_piecewise,False,3,piecewise_lags_1_sinusoidal_yes,0.731,0.012,578.193,587.525,False,True,True,1.637,0.613,0,3.189,3.802,0.855,679.05115596,1.24,0.612,,,,,,,1.067,1.306,0.834,0.001
PRHPA-Maize_yearly_False_window_3_lags_2_sinusoidal_yes_piecewise,False,3,piecewise_lags_2_sinusoidal_yes,0.703,0.0,564.223,573.381,True,True,True,1.791,0.451,0,1.316,1.613,0.197,830.9974757575758,,,1.146,0.901,,,,,1.005,1.145,0.522,0.002
PRHPA-Maize_yearly_False_window_3_lags_3_sinusoidal_yes_piecewise,False,3,piecewise_lags_3_sinusoidal_yes,0.691,0.0,549.967,558.946,True,True,True,1.742,0.605,0,1.449,2.302,0.564,827.5398404040403,,,,,1.438,0.769,,,1.197,1.218,0.943,0.004
PRHPA-Maize_yearly_False_window_3_lags_4_sinusoidal_yes_piecewise,False,3,piecewise_lags_4_sinusoidal_yes,0.715,0.012,533.516,542.31,True,True,True,1.679,0.56,0,1.433,2.116,0.67,826.9162303030303,,,,,,,1.43,0.881,1.137,1.116,0.877,0.003
PRHPA-Maize_yearly_True_window_3_lags_none_sinusoidal_no_piecewise,True,3,piecewise_lags_none_sinusoidal_no,0.52,0.002,606.864,611.614,True,True,False,1.367,0.366,0,2.411,2.411,0.131,680.3301373424242,,,,,,,,,,,,
PRHPA-Maize_yearly_True_window_3_lags_1_sinusoidal_no_piecewise,True,3,piecewise_lags_1_sinusoidal_no,0.591,0.002,588.879,595.1,True,True,False,1.476,0.47,0,2.594,2.768,0.156,679.05115596,1.175,0.897,,,,,,,,,,
PRHPA-Maize_yearly_True_window_3_lags_2_sinusoidal_no_piecewise,True,3,piecewise_lags_2_sinusoidal_no,0.58,0.0,572.004,578.109,True,True,False,1.392,0.502,0,1.275,1.402,0.096,830.9974757575758,,,1.127,0.354,,,,,,,,
PRHPA-Maize_yearly_True_window_3_lags_3_sinusoidal_no_piecewise,True,3,piecewise_lags_3_sinusoidal_no,0.575,0.003,556.452,562.438,True,True,False,1.483,0.498,0,1.317,1.626,0.112,827.5398404040403,,,,,1.309,0.755,,,,,,
PRHPA-Maize_yearly_True_window_3_lags_4_sinusoidal_no_piecewise,True,3,piecewise_lags_4_sinusoidal_no,0.596,0.002,540.666,546.529,True,True,True,1.544,0.383,0,1.346,1.688,0.109,826.9162303030303,,,,,,,1.343,0.709,,,,
PRHPA-Maize_yearly_True_window_3_lags_none_sinusoidal_yes_piecewise,True,3,piecewise_lags_none_sinusoidal_yes,0.578,0.016,606.209,614.126,True,True,False,1.392,0.277,0,2.832,3.131,0.574,680.3301373424242,,,,,,,,,1.139,1.159,0.858,0.047
PRHPA-Maize_yearly_True_window_3_lags_1_sinusoidal_yes_piecewise,True,3,piecewise_lags_1_sinusoidal_yes,0.731,0.012,578.193,587.525,False,True,True,1.637,0.613,0,3.189,3.802,0.855,679.05115596,1.24,0.612,,,,,,,1.067,1.306,0.834,0.001
PRHPA-Maize_yearly_True_window_3_lags_2_sinusoidal_yes_piecewise,True,3,piecewise_lags_2_sinusoidal_yes,0.703,0.0,564.223,573.381,True,True,True,1.791,0.451,0,1.316,1.613,0.197,830.9974757575758,,,1.146,0.901,,,,,1.005,1.145,0.522,0.002
PRHPA-Maize_yearly_True_window_3_lags_3_sinusoidal_yes_piecewise,True,3,piecewise_lags_3_sinusoidal_yes,0.691,0.0,549.967,558.946,True,True,True,1.742,0.605,0,1.449,2.302,0.564,827.5398404040403,,,,,1.438,0.769,,,1.197,1.218,0.943,0.004
PRHPA-Maize_yearly_True_window_3_lags_4_sinusoidal_yes_piecewise,True,3,piecewise_lags_4_sinusoidal_yes,0.715,0.012,533.516,542.31,True,True,True,1.679,0.56,0,1.433,2.116,0.67,826.9162303030303,,,,,,,1.43,0.881,1.137,1.116,0.877,0.003
PRHPA-Maize_yearly_False_window_4_lags_none_sinusoidal_no_piecewise,False,4,piecewise_lags_none_sinusoidal_no,0.527,0.0,587.129,591.879,True,True,False,1.103,0.318,0,1.247,1.247,0.055,812.6325806401516,,,,,,,,,,,,
PRHPA-Maize_yearly_False_window_4_lags_1_sinusoidal_no_piecewise,False,4,piecewise_lags_1_sinusoidal_no,0.649,0.0,567.382,573.603,True,True,False,1.321,0.539,0,1.644,1.804,0.226,762.0687682242424,1.16,0.597,,,,,,,,,,
PRHPA-Maize_yearly_False_window_4_lags_2_sinusoidal_no_piecewise,False,4,piecewise_lags_2_sinusoidal_no,0.624,0.0,550.993,557.098,True,True,False,1.226,0.467,0,1.215,1.346,0.078,812.6566530393939,,,1.132,0.309,,,,,,,,
PRHPA-Maize_yearly_False_window_4_lags_3_sinusoidal_no_piecewise,False,4,piecewise_lags_3_sinusoidal_no,0.642,0.0,534.876,540.862,True,True,False,1.262,0.605,0,1.198,1.41,0.088,814.1736349569696,,,,,1.213,0.705,,,,,,
PRHPA-Maize_yearly_False_window_4_lags_4_sinusoidal_no_piecewise,False,4,piecewise_lags_4_sinusoidal_no,0.679,0.0,519.554,525.417,True,True,False,1.345,0.471,0,1.206,1.426,0.08,814.7229152036363,,,,,,,1.22,0.438,,,,
PRHPA-Maize_yearly_False_window_4_lags_none_sinusoidal_yes_piecewise,False,4,piecewise_lags_none_sinusoidal_yes,0.558,0.0,588.678,596.596,False,True,False,1.085,0.192,0,1.262,1.319,0.091,812.6325806401516,,,,,,,,,1.006,1.052,0.806,0.16
PRHPA-Maize_yearly_False_window_4_lags_1_sinusoidal_yes_piecewise,False,4,piecewise_lags_1_sinusoidal_yes,0.752,0.0,559.235,568.567,False,True,False,1.454,0.622,0,1.724,2.029,0.457,762.0687682242424,1.18,0.899,,,,,,,1.024,1.101,0.258,0.003
PRHPA-Maize_yearly_False_window_4_lags_2_sinusoidal_yes_piecewise,False,4,piecewise_lags_2_sinusoidal_yes,0.728,0.0,543.98,553.138,False,True,False,1.449,0.614,0,1.23,1.442,0.066,812.6566530393939,,,1.141,0.698,,,,,1.035,1.036,0.489,0.003
PRHPA-Maize_yearly_False_window_4_lags_3_sinusoidal_yes_piecewise,False,4,piecewise_lags_3_sinusoidal_yes,0.727,0.0,529.917,538.896,False,True,False,1.378,0.676,0,1.279,1.993,0.419,814.1736349569696,,,,,1.3,0.952,,,1.36,1.053,0.3,0.009
PRHPA-Maize_yearly_False_window_4_lags_4_sinusoidal_yes_piecewise,False,4,piecewise_lags_4_sinusoidal_yes,0.749,0.003,515.749,524.544,False,True,False,1.381,0.551,0,1.26,1.798,0.528,814.7229152036363,,,,,,,1.277,0.813,1.223,1.038,0.25,0.018
PRHPA-Maize_yearly_True_window_4_lags_none_sinusoidal_no_piecewise,True,4,piecewise_lags_none_sinusoidal_no,0.527,0.0,587.129,591.879,True,True,False,1.103,0.318,0,1.247,1.247,0.055,812.6325806401516,,,,,,,,,,,,
PRHPA-Maize_yearly_True_window_4_lags_1_sinusoidal_no_piecewise,True,4,piecewise_lags_1_sinusoidal_no,0.649,0.0,567.382,573.603,True,True,False,1.321,0.539,0,1.644,1.804,0.226,762.0687682242424,1.16,0.597,,,,,,,,,,
PRHPA-Maize_yearly_True_window_4_lags_2_sinusoidal_no_piecewise,True,4,piecewise_lags_2_sinusoidal_no,0.624,0.0,550.993,557.098,True,True,False,1.226,0.467,0,1.215,1.346,0.078,812.6566530393939,,,1.132,0.309,,,,,,,,
PRHPA-Maize_yearly_True_window_4_lags_3_sinusoidal_no_piecewise,True,4,piecewise_lags_3_sinusoidal_no,0.642,0.0,534.876,540.862,True,True,False,1.262,0.605,0,1.198,1.41,0.088,814.1736349569696,,,,,1.213,0.705,,,,,,
PRHPA-Maize_yearly_True_window_4_lags_4_sinusoidal_no_piecewise,True,4,piecewise_lags_4_sinusoidal_no,0.679,0.0,519.554,525.417,True,True,False,1.345,0.471,0,1.206,1.426,0.08,814.7229152036363,,,,,,,1.22,0.438,,,,
PRHPA-Maize_yearly_True_window_4_lags_none_sinusoidal_yes_piecewise,True,4,piecewise_lags_none_sinusoidal_yes,0.558,0.0,588.678,596.596,False,True,False,1.085,0.192,0,1.262,1.319,0.091,812.6325806401516,,,,,,,,,1.006,1.052,0.806,0.16
PRHPA-Maize_yearly_True_window_4_lags_1_sinusoidal_yes_piecewise,True,4,piecewise_lags_1_sinusoidal_yes,0.752,0.0,559.235,568.567,False,True,False,1.454,0.622,0,1.724,2.029,0.457,762.0687682242424,1.18,0.899,,,,,,,1.024,1.101,0.258,0.003
PRHPA-Maize_yearly_True_window_4_lags_2_sinusoidal_yes_piecewise,True,4,piecewise_lags_2_sinusoidal_yes,0.728,0.0,543.98,553.138,False,True,False,1.449,0.614,0,1.23,1.442,0.066,812.6566530393939,,,1.141,0.698,,,,,1.035,1.036,0.489,0.003
PRHPA-Maize_yearly_True_window_4_lags_3_sinusoidal_yes_piecewise,True,4,piecewise_lags_3_sinusoidal_yes,0.727,0.0,529.917,538.896,False,True,False,1.378,0.676,0,1.279,1.993,0.419,814.1736349569696,,,,,1.3,0.952,,,1.36,1.053,0.3,0.009
PRHPA-Maize_yearly_True_window_4_lags_4_sinusoidal_yes_piecewise,True,4,piecewise_lags_4_sinusoidal_yes,0.749,0.003,515.749,524.544,False,True,False,1.381,0.551,0,1.26,1.798,0.528,814.7229152036363,,,,,,,1.277,0.813,1.223,1.038,0.25,0.018
PRHPA-Maize_yearly_False_window_5_lags_none_sinusoidal_no_piecewise,False,5,piecewise_lags_none_sinusoidal_no,0.554,0.0,565.173,569.923,True,True,False,1.33,0.4,0,1.178,1.178,0.006,816.810618169697,,,,,,,,,,,,
PRHPA-Maize_yearly_False_window_5_lags_1_sinusoidal_no_piecewise,False,5,piecewise_lags_1_sinusoidal_no,0.621,0.0,550.042,556.263,True,True,False,1.243,0.478,0,1.228,1.276,0.301,791.1723603662222,1.048,0.537,,,,,,,,,,
PRHPA-Maize_yearly_False_window_5_lags_2_sinusoidal_no_piecewise,False,5,piecewise_lags_2_sinusoidal_no,0.573,0.0,537.045,543.151,True,True,False,1.266,0.448,0,1.161,1.29,0.178,801.9436498551918,,,1.129,0.846,,,,,,,,
PRHPA-Maize_yearly_False_window_5_lags_3_sinusoidal_no_piecewise,False,5,piecewise_lags_3_sinusoidal_no,0.639,0.0,519.668,525.654,True,True,False,1.444,0.585,0,1.197,1.41,0.1,800.1162780164309,,,,,1.213,0.703,,,,,,
PRHPA-Maize_yearly_False_window_5_lags_4_sinusoidal_no_piecewise,False,5,piecewise_lags_4_sinusoidal_no,0.643,0.0,504.679,510.542,True,True,False,1.434,0.439,0,1.189,1.422,0.127,802.256380929293,,,,,,,1.233,0.535,,,,
PRHPA-Maize_yearly_False_window_5_lags_none_sinusoidal_yes_piecewise,False,5,piecewise_lags_none_sinusoidal_yes,0.62,0.0,563.446,571.363,True,True,True,1.556,0.296,0,1.18,1.191,0.002,816.810618169697,,,,,,,,,1.006,1.005,0.49,0.033
PRHPA-Maize_yearly_False_window_5_lags_1_sinusoidal_yes_piecewise,False,5,piecewise_lags_1_sinusoidal_yes,0.712,0.0,544.497,553.83,True,True,False,1.327,0.517,0,1.242,1.353,0.496,791.1723603662222,1.051,0.387,,,,,,,1.0,1.061,0.949,0.005
PRHPA-Maize_yearly_False_window_5_lags_2_sinusoidal_yes_piecewise,False,5,piecewise_lags_2_sinusoidal_yes,0.664,0.0,532.86,542.018,True,True,False,1.39,0.575,0,1.208,1.667,0.599,801.9436498551918,,,1.167,0.763,,,,,1.05,1.242,0.651,0.012
PRHPA-Maize_yearly_False_window_5_lags_3_sinusoidal_yes_piecewise,False,5,piecewise_lags_3_sinusoidal_yes,0.698,0.0,517.835,526.814,True,True,False,1.451,0.545,0,1.258,1.849,0.509,800.1162780164309,,,,,1.279,0.528,,,1.073,1.239,0.998,0.031
PRHPA-Maize_yearly_False_window_5_lags_4_sinusoidal_yes_piecewise,False,5,piecewise_lags_4_sinusoidal_yes,0.688,0.001,504.345,513.139,True,True,False,1.368,0.5,0,1.23,1.729,0.523,802.256380929293,,,,,,,1.283,0.652,1.05,1.166,0.938,0.063
PRHPA-Maize_yearly_True_window_5_lags_none_sinusoidal_no_piecewise,True,5,piecewise_lags_none_sinusoidal_no,0.554,0.0,565.173,569.923,True,True,False,1.33,0.4,0,1.178,1.178,0.006,816.810618169697,,,,,,,,,,,,
PRHPA-Maize_yearly_True_window_5_lags_1_sinusoidal_no_piecewise,True,5,piecewise_lags_1_sinusoidal_no,0.621,0.0,550.042,556.263,True,True,False,1.243,0.478,0,1.228,1.276,0.301,791.1723603662222,1.048,0.537,,,,,,,,,,
PRHPA-Maize_yearly_True_window_5_lags_2_sinusoidal_no_piecewise,True,5,piecewise_lags_2_sinusoidal_no,0.573,0.0,537.045,543.151,True,True,False,1.266,0.448,0,1.161,1.29,0.178,801.9436498551918,,,1.129,0.846,,,,,,,,
PRHPA-Maize_yearly_True_window_5_lags_3_sinusoidal_no_piecewise,True,5,piecewise_lags_3_sinusoidal_no,0.639,0.0,519.668,525.654,True,True,False,1.444,0.585,0,1.197,1.41,0.1,800.1162780164309,,,,,1.213,0.703,,,,,,
PRHPA-Maize_yearly_True_window_5_lags_4_sinusoidal_no_piecewise,True,5,piecewise_lags_4_sinusoidal_no,0.643,0.0,504.679,510.542,True,True,False,1.434,0.439,0,1.189,1.422,0.127,802.256380929293,,,,,,,1.233,0.535,,,,
PRHPA-Maize_yearly_True_window_5_lags_none_sinusoidal_yes_piecewise,True,5,piecewise_lags_none_sinusoidal_yes,0.62,0.0,563.446,571.363,True,True,True,1.556,0.296,0,1.18,1.191,0.002,816.810618169697,,,,,,,,,1.006,1.005,0.49,0.033
PRHPA-Maize_yearly_True_window_5_lags_1_sinusoidal_yes_piecewise,True,5,piecewise_lags_1_sinusoidal_yes,0.712,0.0,544.497,553.83,True,True,False,1.327,0.517,0,1.242,1.353,0.496,791.1723603662222,1.051,0.387,,,,,,,1.0,1.061,0.949,0.005
PRHPA-Maize_yearly_True_window_5_lags_2_sinusoidal_yes_piecewise,True,5,piecewise_lags_2_sinusoidal_yes,0.664,0.0,532.86,542.018,True,True,False,1.39,0.575,0,1.208,1.667,0.599,801.9436498551918,,,1.167,0.763,,,,,1.05,1.242,0.651,0.012
PRHPA-Maize_yearly_True_window_5_lags_3_sinusoidal_yes_piecewise,True,5,piecewise_lags_3_sinusoidal_yes,0.698,0.0,517.835,526.814,True,True,False,1.451,0.545,0,1.258,1.849,0.509,800.1162780164309,,,,,1.279,0.528,,,1.073,1.239,0.998,0.031
PRHPA-Maize_yearly_True_window_5_lags_4_sinusoidal_yes_piecewise,True,5,piecewise_lags_4_sinusoidal_yes,0.688,0.001,504.345,513.139,True,True,False,1.368,0.5,0,1.23,1.729,0.523,802.256380929293,,,,,,,1.283,0.652,1.05,1.166,0.938,0.063
PRHPA-Maize_yearly_False_window_6_lags_none_sinusoidal_no_piecewise,False,6,piecewise_lags_none_sinusoidal_no,0.531,0.0,555.056,559.807,True,True,False,1.191,0.397,0,1.121,1.121,0.004,796.1462708734007,,,,,,,,,,,,
PRHPA-Maize_yearly_False_window_6_lags_1_sinusoidal_no_piecewise,False,6,piecewise_lags_1_sinusoidal_no,0.67,0.032,533.796,540.017,True,True,False,1.115,0.365,0,3.765,3.79,0.367,645.6877666066666,1.025,0.24,,,,,,,,,,
PRHPA-Maize_yearly_False_window_6_lags_2_sinusoidal_no_piecewise,False,6,piecewise_lags_2_sinusoidal_no,0.594,0.0,523.569,529.674,True,True,False,1.184,0.495,0,1.149,1.251,0.261,795.5415883333334,,,1.102,0.646,,,,,,,,
PRHPA-Maize_yearly_False_window_6_lags_3_sinusoidal_no_piecewise,False,6,piecewise_lags_3_sinusoidal_no,0.688,0.0,505.105,511.091,True,True,False,1.283,0.664,0,1.161,1.327,0.146,796.1412366666667,,,,,1.167,0.42,,,,,,
PRHPA-Maize_yearly_False_window_6_lags_4_sinusoidal_no_piecewise,False,6,piecewise_lags_4_sinusoidal_no,0.66,0.0,493.59,499.452,True,True,False,1.274,0.591,0,1.168,1.41,0.294,796.7408849999998,,,,,,,1.243,0.582,,,,
PRHPA-Maize_yearly_False_window_6_lags_none_sinusoidal_yes_piecewise,False,6,piecewise_lags_none_sinusoidal_yes,0.573,0.0,555.669,563.587,True,True,False,1.321,0.281,0,1.13,1.197,0.001,796.1462708734007,,,,,,,,,1.008,1.059,0.728,0.096
PRHPA-Maize_yearly_False_window_6_lags_1_sinusoidal_yes_piecewise,False,6,piecewise_lags_1_sinusoidal_yes,0.694,0.097,535.149,544.481,True,True,False,1.136,0.351,0,3.871,3.934,0.672,645.6877666066666,1.025,0.236,,,,,,,1.002,1.036,0.551,0.17
PRHPA-Maize_yearly_False_window_6_lags_2_sinusoidal_yes_piecewise,False,6,piecewise_lags_2_sinusoidal_yes,0.635,0.0,523.93,533.089,True,True,False,1.281,0.515,0,1.165,1.384,0.325,795.5415883333334,,,1.113,0.751,,,,,1.071,1.035,0.811,0.091
PRHPA-Maize_yearly_False_window_6_lags_3_sinusoidal_yes_piecewise,False,6,piecewise_lags_3_sinusoidal_yes,0.707,0.0,507.052,516.031,True,True,False,1.288,0.652,0,1.178,1.471,0.269,796.1412366666667,,,,,1.185,0.388,,,1.065,1.043,0.803,0.204
PRHPA-Maize_yearly_False_window_6_lags_4_sinusoidal_yes_piecewise,False,6,piecewise_lags_4_sinusoidal_yes,0.673,0.0,496.317,505.111,True,True,False,1.262,0.556,0,1.183,1.542,0.438,796.7408849999998,,,,,,,1.265,0.599,1.059,1.034,0.882,0.316
PRHPA-Maize_yearly_True_window_6_lags_none_sinusoidal_no_piecewise,True,6,piecewise_lags_none_sinusoidal_no,0.531,0.0,555.056,559.807,True,True,False,1.191,0.397,0,1.121,1.121,0.004,796.1462708734007,,,,,,,,,,,,
PRHPA-Maize_yearly_True_window_6_lags_1_sinusoidal_no_piecewise,True,6,piecewise_lags_1_sinusoidal_no,0.67,0.032,533.796,540.017,True,True,False,1.115,0.365,0,3.765,3.79,0.367,645.6877666066666,1.025,0.24,,,,,,,,,,
PRHPA-Maize_yearly_True_window_6_lags_2_sinusoidal_no_piecewise,True,6,piecewise_lags_2_sinusoidal_no,0.594,0.0,523.569,529.674,True,True,False,1.184,0.495,0,1.149,1.251,0.261,795.5415883333334,,,1.102,0.646,,,,,,,,
PRHPA-Maize_yearly_True_window_6_lags_3_sinusoidal_no_piecewise,True,6,piecewise_lags_3_sinusoidal_no,0.688,0.0,505.105,511.091,True,True,False,1.283,0.664,0,1.161,1.327,0.146,796.1412366666667,,,,,1.167,0.42,,,,,,
PRHPA-Maize_yearly_True_window_6_lags_4_sinusoidal_no_piecewise,True,6,piecewise_lags_4_sinusoidal_no,0.66,0.0,493.59,499.452,True,True,False,1.274,0.591,0,1.168,1.41,0.294,796.7408849999998,,,,,,,1.243,0.582,,,,
PRHPA-Maize_yearly_True_window_6_lags_none_sinusoidal_yes_piecewise,True,6,piecewise_lags_none_sinusoidal_yes,0.573,0.0,555.669,563.587,True,True,False,1.321,0.281,0,1.13,1.197,0.001,796.1462708734007,,,,,,,,,1.008,1.059,0.728,0.096
PRHPA-Maize_yearly_True_window_6_lags_1_sinusoidal_yes_piecewise,True,6,piecewise_lags_1_sinusoidal_yes,0.694,0.097,535.149,544.481,True,True,False,1.136,0.351,0,3.871,3.934,0.672,645.6877666066666,1.025,0.236,,,,,,,1.002,1.036,0.551,0.17
PRHPA-Maize_yearly_True_window_6_lags_2_sinusoidal_yes_piecewise,True,6,piecewise_lags_2_sinusoidal_yes,0.635,0.0,523.93,533.089,True,True,False,1.281,0.515,0,1.165,1.384,0.325,795.5415883333334,,,1.113,0.751,,,,,1.071,1.035,0.811,0.091
PRHPA-Maize_yearly_True_window_6_lags_3_sinusoidal_yes_piecewise,True,6,piecewise_lags_3_sinusoidal_yes,0.707,0.0,507.052,516.031,True,True,False,1.288,0.652,0,1.178,1.471,0.269,796.1412366666667,,,,,1.185,0.388,,,1.065,1.043,0.803,0.204
PRHPA-Maize_yearly_True_window_6_lags_4_sinusoidal_yes_piecewise,True,6,piecewise_lags_4_sinusoidal_yes,0.673,0.0,496.317,505.111,True,True,False,1.262,0.556,0,1.183,1.542,0.438,796.7408849999998,,,,,,,1.265,0.599,1.059,1.034,0.882,0.316
PRHPA-Maize_yearly_False_window_7_lags_none_sinusoidal_no_piecewise,False,7,piecewise_lags_none_sinusoidal_no,0.503,0.001,553.72,558.47,True,True,False,0.657,0.213,0,2.089,2.089,0.09,695.6453195165946,,,,,,,,,,,,
PRHPA-Maize_yearly_False_window_7_lags_1_sinusoidal_no_piecewise,False,7,piecewise_lags_1_sinusoidal_no,0.686,0.0,523.718,529.939,True,True,False,0.932,0.618,0,2.056,2.057,0.145,695.9614285714285,1.002,0.114,,,,,,,,,,
PRHPA-Maize_yearly_False_window_7_lags_2_sinusoidal_no_piecewise,False,7,piecewise_lags_2_sinusoidal_no,0.644,0.0,515.419,521.524,True,True,False,1.11,0.571,0,1.124,1.129,0.207,780.345142857143,,,1.006,0.948,,,,,,,,
PRHPA-Maize_yearly_False_window_7_lags_3_sinusoidal_no_piecewise,False,7,piecewise_lags_3_sinusoidal_no,0.671,0.0,499.951,505.937,True,True,False,1.157,0.641,0,1.138,1.232,0.184,780.9551428571427,,,,,1.094,0.282,,,,,,
PRHPA-Maize_yearly_False_window_7_lags_4_sinusoidal_no_piecewise,False,7,piecewise_lags_4_sinusoidal_no,0.637,0.0,488.314,494.177,True,True,False,1.254,0.319,0,1.153,1.366,0.103,781.5651428571427,,,,,,,1.213,0.249,,,,
PRHPA-Maize_yearly_False_window_7_lags_none_sinusoidal_yes_piecewise,False,7,piecewise_lags_none_sinusoidal_yes,0.538,0.0,555.079,562.996,True,True,False,0.713,0.142,0,2.09,2.091,0.056,695.6453195165946,,,,,,,,,1.001,1.0,0.141,0.759
PRHPA-Maize_yearly_False_window_7_lags_1_sinusoidal_yes_piecewise,False,7,piecewise_lags_1_sinusoidal_yes,0.69,0.0,527.295,536.627,True,True,False,0.948,0.515,0,2.071,2.087,0.14,695.9614285714285,1.002,0.123,,,,,,,1.003,1.011,0.557,0.996
PRHPA-Maize_yearly_False_window_7_lags_2_sinusoidal_yes_piecewise,False,7,piecewise_lags_2_sinusoidal_yes,0.647,0.0,519.139,528.297,True,True,False,1.119,0.418,0,1.139,1.266,0.336,780.345142857143,,,1.006,0.926,,,,,1.088,1.032,0.752,0.704
PRHPA-Maize_yearly_False_window_7_lags_3_sinusoidal_yes_piecewise,False,7,piecewise_lags_3_sinusoidal_yes,0.671,0.0,503.931,512.91,True,True,False,1.159,0.562,0,1.158,1.414,0.218,780.9551428571427,,,,,1.108,0.297,,,1.122,1.027,0.905,0.968
PRHPA-Maize_yearly_False_window_7_lags_4_sinusoidal_yes_piecewise,False,7,piecewise_lags_4_sinusoidal_yes,0.637,0.001,492.298,501.092,True,True,False,1.259,0.252,0,1.184,1.646,0.14,781.5651428571427,,,,,,,1.257,0.265,1.166,1.039,0.923,0.948
PRHPA-Maize_yearly_True_window_7_lags_none_sinusoidal_no_piecewise,True,7,piecewise_lags_none_sinusoidal_no,0.503,0.001,553.72,558.47,True,True,False,0.657,0.213,0,2.089,2.089,0.09,695.6453195165946,,,,,,,,,,,,
PRHPA-Maize_yearly_True_window_7_lags_1_sinusoidal_no_piecewise,True,7,piecewise_lags_1_sinusoidal_no,0.686,0.0,523.718,529.939,True,True,False,0.932,0.618,0,2.056,2.057,0.145,695.9614285714285,1.002,0.114,,,,,,,,,,
PRHPA-Maize_yearly_True_window_7_lags_2_sinusoidal_no_piecewise,True,7,piecewise_lags_2_sinusoidal_no,0.644,0.0,515.419,521.524,True,True,False,1.11,0.571,0,1.124,1.129,0.207,780.345142857143,,,1.006,0.948,,,,,,,,
PRHPA-Maize_yearly_True_window_7_lags_3_sinusoidal_no_piecewise,True,7,piecewise_lags_3_sinusoidal_no,0.671,0.0,499.951,505.937,True,True,False,1.157,0.641,0,1.138,1.232,0.184,780.9551428571427,,,,,1.094,0.282,,,,,,
PRHPA-Maize_yearly_True_window_7_lags_4_sinusoidal_no_piecewise,True,7,piecewise_lags_4_sinusoidal_no,0.637,0.0,488.314,494.177,True,True,False,1.254,0.319,0,1.153,1.366,0.103,781.5651428571427,,,,,,,1.213,0.249,,,,
PRHPA-Maize_yearly_True_window_7_lags_none_sinusoidal_yes_piecewise,True,7,piecewise_lags_none_sinusoidal_yes,0.538,0.0,555.079,562.996,True,True,False,0.713,0.142,0,2.09,2.091,0.056,695.6453195165946,,,,,,,,,1.001,1.0,0.141,0.759
PRHPA-Maize_yearly_True_window_7_lags_1_sinusoidal_yes_piecewise,True,7,piecewise_lags_1_sinusoidal_yes,0.69,0.0,527.295,536.627,True,True,False,0.948,0.515,0,2.071,2.087,0.14,695.9614285714285,1.002,0.123,,,,,,,1.003,1.011,0.557,0.996
PRHPA-Maize_yearly_True_window_7_lags_2_sinusoidal_yes_piecewise,True,7,piecewise_lags_2_sinusoidal_yes,0.647,0.0,519.139,528.297,True,True,False,1.119,0.418,0,1.139,1.266,0.336,780.345142857143,,,1.006,0.926,,,,,1.088,1.032,0.752,0.704
PRHPA-Maize_yearly_True_window_7_lags_3_sinusoidal_yes_piecewise,True,7,piecewise_lags_3_sinusoidal_yes,0.671,0.0,503.931,512.91,True,True,False,1.159,0.562,0,1.158,1.414,0.218,780.9551428571427,,,,,1.108,0.297,,,1.122,1.027,0.905,0.968
PRHPA-Maize_yearly_True_window_7_lags_4_sinusoidal_yes_piecewise,True,7,piecewise_lags_4_sinusoidal_yes,0.637,0.001,492.298,501.092,True,True,False,1.259,0.252,0,1.184,1.646,0.14,781.5651428571427,,,,,,,1.257,0.265,1.166,1.039,0.923,0.948
PRHPA-Maize_yearly_False_window_8_lags_none_sinusoidal_no_piecewise,False,8,piecewise_lags_none_sinusoidal_no,0.455,0.002,554.41,559.16,True,True,False,0.878,0.22,0,1.899,1.899,0.182,704.8569332295239,,,,,,,,,,,,
PRHPA-Maize_yearly_False_window_8_lags_1_sinusoidal_no_piecewise,False,8,piecewise_lags_1_sinusoidal_no,0.647,0.0,524.879,531.101,True,True,False,1.188,0.505,0,1.933,1.946,0.407,704.2991082375758,1.012,0.441,,,,,,,,,,
PRHPA-Maize_yearly_False_window_8_lags_2_sinusoidal_no_piecewise,False,8,piecewise_lags_2_sinusoidal_no,0.637,0.0,512.436,518.541,True,True,False,1.256,0.585,0,1.102,1.142,0.406,760.9816374999999,,,1.041,0.431,,,,,,,,
PRHPA-Maize_yearly_False_window_8_lags_3_sinusoidal_no_piecewise,False,8,piecewise_lags_3_sinusoidal_no,0.628,0.0,500.26,506.246,True,True,False,1.173,0.431,0,1.122,1.26,0.333,759.9425895457778,,,,,1.139,0.406,,,,,,
PRHPA-Maize_yearly_False_window_8_lags_4_sinusoidal_no_piecewise,False,8,piecewise_lags_4_sinusoidal_no,0.569,0.89,490.311,496.174,True,True,False,1.247,0.272,0,8.579,10.066,0.465,635.374275,,,,,,,2.487,0.424,,,,
PRHPA-Maize_yearly_False_window_8_lags_none_sinusoidal_yes_piecewise,False,8,piecewise_lags_none_sinusoidal_yes,0.505,0.002,554.984,562.901,True,True,False,0.952,0.056,0,1.962,2.031,0.189,704.8569332295239,,,,,,,,,1.007,1.062,0.098,0.702
PRHPA-Maize_yearly_False_window_8_lags_1_sinusoidal_yes_piecewise,False,8,piecewise_lags_1_sinusoidal_yes,0.671,0.0,526.429,535.761,True,True,False,1.207,0.348,0,1.974,2.03,0.439,704.2991082375758,1.013,0.439,,,,,,,1.012,1.031,0.278,0.368
PRHPA-Maize_yearly_False_window_8_lags_2_sinusoidal_yes_piecewise,False,8,piecewise_lags_2_sinusoidal_yes,0.655,0.0,514.767,523.926,True,True,False,1.275,0.518,0,1.112,1.259,0.364,760.9816374999999,,,1.045,0.437,,,,,1.015,1.087,0.386,0.451
PRHPA-Maize_yearly_False_window_8_lags_3_sinusoidal_yes_piecewise,False,8,piecewise_lags_3_sinusoidal_yes,0.651,0.0,502.147,511.126,True,True,False,1.196,0.418,0,1.131,1.352,0.316,759.9425895457778,,,,,1.149,0.405,,,1.018,1.055,0.338,0.386
PRHPA-Maize_yearly_False_window_8_lags_4_sinusoidal_yes_piecewise,False,8,piecewise_lags_4_sinusoidal_yes,0.587,0.649,492.948,501.743,True,True,False,1.265,0.185,0,8.649,10.16,0.729,635.374275,,,,,,,2.501,0.343,1.004,1.006,0.308,0.786
PRHPA-Maize_yearly_True_window_8_lags_none_sinusoidal_no_piecewise,True,8,piecewise_lags_none_sinusoidal_no,0.455,0.002,554.41,559.16,True,True,False,0.878,0.22,0,1.899,1.899,0.182,704.8569332295239,,,,,,,,,,,,
PRHPA-Maize_yearly_True_window_8_lags_1_sinusoidal_no_piecewise,True,8,piecewise_lags_1_sinusoidal_no,0.647,0.0,524.879,531.101,True,True,False,1.188,0.505,0,1.933,1.946,0.407,704.2991082375758,1.012,0.441,,,,,,,,,,
PRHPA-Maize_yearly_True_window_8_lags_2_sinusoidal_no_piecewise,True,8,piecewise_lags_2_sinusoidal_no,0.637,0.0,512.436,518.541,True,True,False,1.256,0.585,0,1.102,1.142,0.406,760.9816374999999,,,1.041,0.431,,,,,,,,
PRHPA-Maize_yearly_True_window_8_lags_3_sinusoidal_no_piecewise,True,8,piecewise_lags_3_sinusoidal_no,0.628,0.0,500.26,506.246,True,True,False,1.173,0.431,0,1.122,1.26,0.333,759.9425895457778,,,,,1.139,0.406,,,,,,
PRHPA-Maize_yearly_True_window_8_lags_4_sinusoidal_no_piecewise,True,8,piecewise_lags_4_sinusoidal_no,0.569,0.89,490.311,496.174,True,True,False,1.247,0.272,0,8.579,10.066,0.465,635.374275,,,,,,,2.487,0.424,,,,
PRHPA-Maize_yearly_True_window_8_lags_none_sinusoidal_yes_piecewise,True,8,piecewise_lags_none_sinusoidal_yes,0.505,0.002,554.984,562.901,True,True,False,0.952,0.056,0,1.962,2.031,0.189,704.8569332295239,,,,,,,,,1.007,1.062,0.098,0.702
PRHPA-Maize_yearly_True_window_8_lags_1_sinusoidal_yes_piecewise,True,8,piecewise_lags_1_sinusoidal_yes,0.671,0.0,526.429,535.761,True,True,False,1.207,0.348,0,1.974,2.03,0.439,704.2991082375758,1.013,0.439,,,,,,,1.012,1.031,0.278,0.368
PRHPA-Maize_yearly_True_window_8_lags_2_sinusoidal_yes_piecewise,True,8,piecewise_lags_2_sinusoidal_yes,0.655,0.0,514.767,523.926,True,True,False,1.275,0.518,0,1.112,1.259,0.364,760.9816374999999,,,1.045,0.437,,,,,1.015,1.087,0.386,0.451
PRHPA-Maize_yearly_True_window_8_lags_3_sinusoidal_yes_piecewise,True,8,piecewise_lags_3_sinusoidal_yes,0.651,0.0,502.147,511.126,True,True,False,1.196,0.418,0,1.131,1.352,0.316,759.9425895457778,,,,,1.149,0.405,,,1.018,1.055,0.338,0.386
PRHPA-Maize_yearly_True_window_8_lags_4_sinusoidal_yes_piecewise,True,8,piecewise_lags_4_sinusoidal_yes,0.587,0.649,492.948,501.743,True,True,False,1.265,0.185,0,8.649,10.16,0.729,635.374275,,,,,,,2.501,0.343,1.004,1.006,0.308,0.786
PRHPA-Maize_yearly_False_window_9_lags_none_sinusoidal_no_piecewise,False,9,piecewise_lags_none_sinusoidal_no,0.583,0.0,542.908,547.658,True,True,False,0.733,-7.852,0,1.081,1.081,0.321,767.7452920634921,,,,,,,,,,,,
PRHPA-Maize_yearly_False_window_9_lags_1_sinusoidal_no_piecewise,False,9,piecewise_lags_1_sinusoidal_no,0.679,0.0,519.586,525.807,True,True,False,0.927,0.549,0,1.926,1.993,0.719,704.5231946127947,1.066,0.635,,,,,,,,,,
PRHPA-Maize_yearly_False_window_9_lags_2_sinusoidal_no_piecewise,False,9,piecewise_lags_2_sinusoidal_no,0.697,0.0,503.698,509.803,True,True,False,1.079,0.591,0,1.105,1.148,0.619,762.8711222222222,,,1.043,0.98,,,,,,,,
PRHPA-Maize_yearly_False_window_9_lags_3_sinusoidal_no_piecewise,False,9,piecewise_lags_3_sinusoidal_no,0.624,0.0,496.687,502.673,True,True,False,1.039,0.465,0,1.128,1.336,0.353,762.7849189666442,,,,,1.208,0.209,,,,,,
PRHPA-Maize_yearly_False_window_9_lags_4_sinusoidal_no_piecewise,False,9,piecewise_lags_4_sinusoidal_no,0.583,0.725,485.013,490.876,True,True,False,0.987,-0.306,0,7.399,8.859,0.185,648.7587333333332,,,,,,,2.46,0.229,,,,
PRHPA-Maize_yearly_False_window_9_lags_none_sinusoidal_yes_piecewise,False,9,piecewise_lags_none_sinusoidal_yes,0.657,0.0,539.894,547.812,True,True,False,0.807,-12.2,0,1.089,1.191,0.136,767.7452920634921,,,,,,,,,1.019,1.083,0.28,0.029
PRHPA-Maize_yearly_False_window_9_lags_1_sinusoidal_yes_piecewise,False,9,piecewise_lags_1_sinusoidal_yes,0.746,0.001,515.39,524.722,True,True,False,0.939,0.507,0,2.074,2.311,0.603,704.5231946127947,1.077,0.471,,,,,,,1.038,1.123,0.758,0.011
PRHPA-Maize_yearly_False_window_9_lags_2_sinusoidal_yes_piecewise,False,9,piecewise_lags_2_sinusoidal_yes,0.745,0.0,501.788,510.946,True,True,False,1.164,0.615,0,1.118,1.285,0.288,762.8711222222222,,,1.048,0.889,,,,,1.007,1.113,0.78,0.03
PRHPA-Maize_yearly_False_window_9_lags_3_sinusoidal_yes_piecewise,False,9,piecewise_lags_3_sinusoidal_yes,0.691,0.0,494.211,503.19,True,True,False,1.098,0.487,0,1.137,1.426,0.167,762.7849189666442,,,,,1.222,0.123,,,1.001,1.067,0.316,0.038
PRHPA-Maize_yearly_False_window_9_lags_4_sinusoidal_yes_piecewise,False,9,piecewise_lags_4_sinusoidal_yes,0.63,0.813,485.154,493.949,True,True,False,1.03,-0.256,0,7.436,8.909,0.217,648.7587333333332,,,,,,,2.468,0.199,1.003,1.003,0.214,0.203
PRHPA-Maize_yearly_True_window_9_lags_none_sinusoidal_no_piecewise,True,9,piecewise_lags_none_sinusoidal_no,0.583,0.0,542.908,547.658,True,True,False,0.733,-7.852,0,1.081,1.081,0.321,767.7452920634921,,,,,,,,,,,,
PRHPA-Maize_yearly_True_window_9_lags_1_sinusoidal_no_piecewise,True,9,piecewise_lags_1_sinusoidal_no,0.679,0.0,519.586,525.807,True,True,False,0.927,0.549,0,1.926,1.993,0.719,704.5231946127947,1.066,0.635,,,,,,,,,,
PRHPA-Maize_yearly_True_window_9_lags_2_sinusoidal_no_piecewise,True,9,piecewise_lags_2_sinusoidal_no,0.697,0.0,503.698,509.803,True,True,False,1.079,0.591,0,1.105,1.148,0.619,762.8711222222222,,,1.043,0.98,,,,,,,,
PRHPA-Maize_yearly_True_window_9_lags_3_sinusoidal_no_piecewise,True,9,piecewise_lags_3_sinusoidal_no,0.624,0.0,496.687,502.673,True,True,False,1.039,0.465,0,1.128,1.336,0.353,762.7849189666442,,,,,1.208,0.209,,,,,,
PRHPA-Maize_yearly_True_window_9_lags_4_sinusoidal_no_piecewise,True,9,piecewise_lags_4_sinusoidal_no,0.583,0.725,485.013,490.876,True,True,False,0.987,-0.306,0,7.399,8.859,0.185,648.7587333333332,,,,,,,2.46,0.229,,,,
PRHPA-Maize_yearly_True_window_9_lags_none_sinusoidal_yes_piecewise,True,9,piecewise_lags_none_sinusoidal_yes,0.657,0.0,539.894,547.812,True,True,False,0.807,-12.2,0,1.089,1.191,0.136,767.7452920634921,,,,,,,,,1.019,1.083,0.28,0.029
PRHPA-Maize_yearly_True_window_9_lags_1_sinusoidal_yes_piecewise,True,9,piecewise_lags_1_sinusoidal_yes,0.746,0.001,515.39,524.722,True,True,False,0.939,0.507,0,2.074,2.311,0.603,704.5231946127947,1.077,0.471,,,,,,,1.038,1.123,0.758,0.011
PRHPA-Maize_yearly_True_window_9_lags_2_sinusoidal_yes_piecewise,True,9,piecewise_lags_2_sinusoidal_yes,0.745,0.0,501.788,510.946,True,True,False,1.164,0.615,0,1.118,1.285,0.288,762.8711222222222,,,1.048,0.889,,,,,1.007,1.113,0.78,0.03
PRHPA-Maize_yearly_True_window_9_lags_3_sinusoidal_yes_piecewise,True,9,piecewise_lags_3_sinusoidal_yes,0.691,0.0,494.211,503.19,True,True,False,1.098,0.487,0,1.137,1.426,0.167,762.7849189666442,,,,,1.222,0.123,,,1.001,1.067,0.316,0.038
PRHPA-Maize_yearly_True_window_9_lags_4_sinusoidal_yes_piecewise,True,9,piecewise_lags_4_sinusoidal_yes,0.63,0.813,485.154,493.949,True,True,False,1.03,-0.256,0,7.436,8.909,0.217,648.7587333333332,,,,,,,2.468,0.199,1.003,1.003,0.214,0.203
PRHPA-Maize_yearly_False_window_10_lags_none_sinusoidal_no_piecewise,False,10,piecewise_lags_none_sinusoidal_no,0.507,0.0,539.169,543.92,True,True,False,0.745,0.322,0,1.182,1.182,0.637,744.8498118911111,,,,,,,,,,,,
PRHPA-Maize_yearly_False_window_10_lags_1_sinusoidal_no_piecewise,False,10,piecewise_lags_1_sinusoidal_no,0.639,0.0,515.638,521.86,True,True,False,0.879,0.52,0,1.157,1.215,0.314,744.8558042521213,1.057,0.519,,,,,,,,,,
PRHPA-Maize_yearly_False_window_10_lags_2_sinusoidal_no_piecewise,False,10,piecewise_lags_2_sinusoidal_no,0.661,0.0,498.546,504.651,True,False,False,1.027,0.555,0,1.209,1.427,0.393,742.3251670799191,,,1.218,0.648,,,,,,,,
PRHPA-Maize_yearly_False_window_10_lags_3_sinusoidal_no_piecewise,False,10,piecewise_lags_3_sinusoidal_no,0.588,0.12,490.651,496.637,True,True,False,0.937,0.519,0,6.878,7.856,0.247,644.92849992,,,,,1.979,0.065,,,,,,
PRHPA-Maize_yearly_False_window_10_lags_4_sinusoidal_no_piecewise,False,10,piecewise_lags_4_sinusoidal_no,0.566,0.633,477.322,483.185,True,True,False,0.984,0.475,0,6.921,8.223,0.436,651.0693000000001,,,,,,,2.302,0.023,,,,
PRHPA-Maize_yearly_False_window_10_lags_none_sinusoidal_yes_piecewise,False,10,piecewise_lags_none_sinusoidal_yes,0.613,0.0,534.434,542.352,True,True,False,0.836,0.386,0,1.228,1.482,0.595,744.8498118911111,,,,,,,,,1.0,1.253,0.039,0.061
PRHPA-Maize_yearly_False_window_10_lags_1_sinusoidal_yes_piecewise,False,10,piecewise_lags_1_sinusoidal_yes,0.758,0.0,505.648,514.98,True,True,False,0.913,0.636,0,1.2,1.545,0.701,744.8558042521213,1.073,0.268,,,,,,,1.021,1.251,0.03,0.004
PRHPA-Maize_yearly_False_window_10_lags_2_sinusoidal_yes_piecewise,False,10,piecewise_lags_2_sinusoidal_yes,0.755,0.0,491.455,500.613,True,True,False,1.118,0.611,0,1.269,1.839,0.58,742.3251670799191,,,1.281,0.291,,,,,1.106,1.183,0.02,0.021
PRHPA-Maize_yearly_False_window_10_lags_3_sinusoidal_yes_piecewise,False,10,piecewise_lags_3_sinusoidal_yes,0.694,0.173,484.863,493.842,True,True,False,1.058,0.59,0,7.019,8.045,0.374,644.92849992,,,,,2.002,0.028,,,1.015,1.009,0.013,0.146
PRHPA-Maize_yearly_False_window_10_lags_4_sinusoidal_yes_piecewise,False,10,piecewise_lags_4_sinusoidal_yes,0.667,0.516,472.879,481.674,True,True,False,1.142,0.509,0,7.037,8.383,0.459,651.0693000000001,,,,,,,2.327,0.011,1.001,1.018,0.01,0.73
PRHPA-Maize_yearly_True_window_10_lags_none_sinusoidal_no_piecewise,True,10,piecewise_lags_none_sinusoidal_no,0.507,0.0,539.169,543.92,True,True,False,0.745,0.322,0,1.182,1.182,0.637,744.8498118911111,,,,,,,,,,,,
PRHPA-Maize_yearly_True_window_10_lags_1_sinusoidal_no_piecewise,True,10,piecewise_lags_1_sinusoidal_no,0.639,0.0,515.638,521.86,True,True,False,0.879,0.52,0,1.157,1.215,0.314,744.8558042521213,1.057,0.519,,,,,,,,,,
PRHPA-Maize_yearly_True_window_10_lags_2_sinusoidal_no_piecewise,True,10,piecewise_lags_2_sinusoidal_no,0.661,0.0,498.546,504.651,True,False,False,1.027,0.555,0,1.209,1.427,0.393,742.3251670799191,,,1.218,0.648,,,,,,,,
PRHPA-Maize_yearly_True_window_10_lags_3_sinusoidal_no_piecewise,True,10,piecewise_lags_3_sinusoidal_no,0.588,0.12,490.651,496.637,True,True,False,0.937,0.519,0,6.878,7.856,0.247,644.92849992,,,,,1.979,0.065,,,,,,
PRHPA-Maize_yearly_True_window_10_lags_4_sinusoidal_no_piecewise,True,10,piecewise_lags_4_sinusoidal_no,0.566,0.633,477.322,483.185,True,True,False,0.984,0.475,0,6.921,8.223,0.436,651.0693000000001,,,,,,,2.302,0.023,,,,
PRHPA-Maize_yearly_True_window_10_lags_none_sinusoidal_yes_piecewise,True,10,piecewise_lags_none_sinusoidal_yes,0.613,0.0,534.434,542.352,True,True,False,0.836,0.386,0,1.228,1.482,0.595,744.8498118911111,,,,,,,,,1.0,1.253,0.039,0.061
PRHPA-Maize_yearly_True_window_10_lags_1_sinusoidal_yes_piecewise,True,10,piecewise_lags_1_sinusoidal_yes,0.758,0.0,505.648,514.98,True,True,False,0.913,0.636,0,1.2,1.545,0.701,744.8558042521213,1.073,0.268,,,,,,,1.021,1.251,0.03,0.004
PRHPA-Maize_yearly_True_window_10_lags_2_sinusoidal_yes_piecewise,True,10,piecewise_lags_2_sinusoidal_yes,0.755,0.0,491.455,500.613,True,True,False,1.118,0.611,0,1.269,1.839,0.58,742.3251670799191,,,1.281,0.291,,,,,1.106,1.183,0.02,0.021
PRHPA-Maize_yearly_True_window_10_lags_3_sinusoidal_yes_piecewise,True,10,piecewise_lags_3_sinusoidal_yes,0.694,0.173,484.863,493.842,True,True,False,1.058,0.59,0,7.019,8.045,0.374,644.92849992,,,,,2.002,0.028,,,1.015,1.009,0.013,0.146
PRHPA-Maize_yearly_True_window_10_lags_4_sinusoidal_yes_piecewise,True,10,piecewise_lags_4_sinusoidal_yes,0.667,0.516,472.879,481.674,True,True,False,1.142,0.509,0,7.037,8.383,0.459,651.0693000000001,,,,,,,2.327,0.011,1.001,1.018,0.01,0.73
