analysis_name,yearly_aggregate,window_size,config_type,r_squared,p_value,aic,bic,is_normal,is_homoscedastic,no_autocorrelation,durbin_watson,cv_r2_score,cv_r2_std,vif_PPT,vif_spline_0,vif_spline_1,vif_spline_2,p_value_spline_0,p_value_spline_1,p_value_spline_2,knots,vif_ortho_PPT_lag1,p_value_lag1,vif_ortho_PPT_lag2,p_value_lag2,vif_ortho_PPT_lag3,p_value_lag3,vif_ortho_PPT_lag4,p_value_lag4,vif_ortho_sin_cycle,vif_ortho_cos_cycle,p_value_sin,p_value_cos
PRHPA-Maize_yearly_False_window_1_lags_none_sinusoidal_no_spline,False,1,spline_lags_none_sinusoidal_no,0.271,0.074,667.274,675.191,True,True,True,2.192,0.178,0,1.0,1.0,1.0,1.0,0.188,0.633,0.286,"[np.float64(409.957), np.float64(626.5405), np.float64(679.033749), np.float64(761.876996), np.float64(1016.948004)]",,,,,,,,,,,,
PRHPA-Maize_yearly_False_window_1_lags_1_sinusoidal_no_spline,False,1,spline_lags_1_sinusoidal_no,0.342,0.059,645.625,654.957,True,True,True,2.403,-0.135,0,1.0,1.021,1.001,1.002,0.106,0.578,0.439,"[np.float64(409.957), np.float64(621.3736), np.float64(683.515), np.float64(773.8705), np.float64(1016.948004)]",1.023,0.476,,,,,,,,,,
PRHPA-Maize_yearly_False_window_1_lags_2_sinusoidal_no_spline,False,1,spline_lags_2_sinusoidal_no,0.313,0.227,629.125,638.283,True,True,True,2.432,-0.226,0,1.0,1.454,1.092,1.002,0.214,0.485,0.645,"[np.float64(409.957), np.float64(595.31025), np.float64(683.4825), np.float64(781.72275), np.float64(1016.948004)]",,,1.547,0.761,,,,,,,,
PRHPA-Maize_yearly_False_window_1_lags_3_sinusoidal_no_spline,False,1,spline_lags_3_sinusoidal_no,0.302,0.26,612.143,621.122,True,True,True,2.432,-0.242,0,1.0,1.079,1.387,1.001,0.125,0.596,0.847,"[np.float64(409.957), np.float64(593.501999), np.float64(683.449999), np.float64(796.484801), np.float64(1016.948004)]",,,,,1.467,0.859,,,,,,
PRHPA-Maize_yearly_False_window_1_lags_4_sinusoidal_no_spline,False,1,spline_lags_4_sinusoidal_no,0.394,0.682,590.349,599.144,True,True,True,2.091,-0.497,0,1.0,1.131,1.111,1.005,0.119,0.23,0.52,"[np.float64(409.957), np.float64(592.644), np.float64(659.73871), np.float64(760.350049), np.float64(1016.948004)]",,,,,,,1.247,0.086,,,,
PRHPA-Maize_yearly_False_window_1_lags_none_sinusoidal_yes_spline,False,1,spline_lags_none_sinusoidal_yes,0.293,0.07,670.183,681.267,False,True,True,2.266,-0.142,0,1.0,1.033,1.111,1.015,0.292,0.794,0.316,"[np.float64(409.957), np.float64(626.5405), np.float64(679.033749), np.float64(761.876996), np.float64(1016.948004)]",,,,,,,,,1.141,1.017,0.728,0.395
PRHPA-Maize_yearly_False_window_1_lags_1_sinusoidal_yes_spline,False,1,spline_lags_1_sinusoidal_yes,0.421,0.013,645.146,657.589,True,True,False,2.693,0.04,0,1.0,1.044,1.126,1.177,0.281,0.998,0.814,"[np.float64(409.957), np.float64(621.3736), np.float64(683.515), np.float64(773.8705), np.float64(1016.948004)]",1.023,0.212,,,,,,,1.273,1.052,0.768,0.067
PRHPA-Maize_yearly_False_window_1_lags_2_sinusoidal_yes_spline,False,1,spline_lags_2_sinusoidal_yes,0.355,0.116,631.002,643.213,True,True,False,2.666,-0.193,0,1.0,1.474,1.146,1.099,0.229,0.619,0.95,"[np.float64(409.957), np.float64(595.31025), np.float64(683.4825), np.float64(781.72275), np.float64(1016.948004)]",,,1.549,0.983,,,,,1.085,1.085,0.849,0.21
PRHPA-Maize_yearly_False_window_1_lags_3_sinusoidal_yes_spline,False,1,spline_lags_3_sinusoidal_yes,0.36,0.145,613.261,625.233,True,True,False,2.661,-0.817,0,1.0,1.114,1.416,1.134,0.248,0.7,0.486,"[np.float64(409.957), np.float64(593.501999), np.float64(683.449999), np.float64(796.484801), np.float64(1016.948004)]",,,,,1.483,0.974,,,1.022,1.159,0.789,0.146
PRHPA-Maize_yearly_False_window_1_lags_4_sinusoidal_yes_spline,False,1,spline_lags_4_sinusoidal_yes,0.476,0.637,589.71,601.436,True,True,True,2.33,-0.944,0,1.0,1.199,1.202,1.011,0.244,0.309,0.543,"[np.float64(409.957), np.float64(592.644), np.float64(659.73871), np.float64(760.350049), np.float64(1016.948004)]",,,,,,,1.27,0.057,1.068,1.074,0.821,0.068
PRHPA-Maize_yearly_True_window_1_lags_none_sinusoidal_no_spline,True,1,spline_lags_none_sinusoidal_no,0.271,0.074,667.274,675.191,True,True,True,2.192,0.178,0,1.0,1.0,1.0,1.0,0.188,0.633,0.286,"[np.float64(409.957), np.float64(626.5405), np.float64(679.033749), np.float64(761.876996), np.float64(1016.948004)]",,,,,,,,,,,,
PRHPA-Maize_yearly_True_window_1_lags_1_sinusoidal_no_spline,True,1,spline_lags_1_sinusoidal_no,0.342,0.059,645.625,654.957,True,True,True,2.403,-0.135,0,1.0,1.021,1.001,1.002,0.106,0.578,0.439,"[np.float64(409.957), np.float64(621.3736), np.float64(683.515), np.float64(773.8705), np.float64(1016.948004)]",1.023,0.476,,,,,,,,,,
PRHPA-Maize_yearly_True_window_1_lags_2_sinusoidal_no_spline,True,1,spline_lags_2_sinusoidal_no,0.313,0.227,629.125,638.283,True,True,True,2.432,-0.226,0,1.0,1.454,1.092,1.002,0.214,0.485,0.645,"[np.float64(409.957), np.float64(595.31025), np.float64(683.4825), np.float64(781.72275), np.float64(1016.948004)]",,,1.547,0.761,,,,,,,,
PRHPA-Maize_yearly_True_window_1_lags_3_sinusoidal_no_spline,True,1,spline_lags_3_sinusoidal_no,0.302,0.26,612.143,621.122,True,True,True,2.432,-0.242,0,1.0,1.079,1.387,1.001,0.125,0.596,0.847,"[np.float64(409.957), np.float64(593.501999), np.float64(683.449999), np.float64(796.484801), np.float64(1016.948004)]",,,,,1.467,0.859,,,,,,
PRHPA-Maize_yearly_True_window_1_lags_4_sinusoidal_no_spline,True,1,spline_lags_4_sinusoidal_no,0.394,0.682,590.349,599.144,True,True,True,2.091,-0.497,0,1.0,1.131,1.111,1.005,0.119,0.23,0.52,"[np.float64(409.957), np.float64(592.644), np.float64(659.73871), np.float64(760.350049), np.float64(1016.948004)]",,,,,,,1.247,0.086,,,,
PRHPA-Maize_yearly_True_window_1_lags_none_sinusoidal_yes_spline,True,1,spline_lags_none_sinusoidal_yes,0.293,0.07,670.183,681.267,False,True,True,2.266,-0.142,0,1.0,1.033,1.111,1.015,0.292,0.794,0.316,"[np.float64(409.957), np.float64(626.5405), np.float64(679.033749), np.float64(761.876996), np.float64(1016.948004)]",,,,,,,,,1.141,1.017,0.728,0.395
PRHPA-Maize_yearly_True_window_1_lags_1_sinusoidal_yes_spline,True,1,spline_lags_1_sinusoidal_yes,0.421,0.013,645.146,657.589,True,True,False,2.693,0.04,0,1.0,1.044,1.126,1.177,0.281,0.998,0.814,"[np.float64(409.957), np.float64(621.3736), np.float64(683.515), np.float64(773.8705), np.float64(1016.948004)]",1.023,0.212,,,,,,,1.273,1.052,0.768,0.067
PRHPA-Maize_yearly_True_window_1_lags_2_sinusoidal_yes_spline,True,1,spline_lags_2_sinusoidal_yes,0.355,0.116,631.002,643.213,True,True,False,2.666,-0.193,0,1.0,1.474,1.146,1.099,0.229,0.619,0.95,"[np.float64(409.957), np.float64(595.31025), np.float64(683.4825), np.float64(781.72275), np.float64(1016.948004)]",,,1.549,0.983,,,,,1.085,1.085,0.849,0.21
PRHPA-Maize_yearly_True_window_1_lags_3_sinusoidal_yes_spline,True,1,spline_lags_3_sinusoidal_yes,0.36,0.145,613.261,625.233,True,True,False,2.661,-0.817,0,1.0,1.114,1.416,1.134,0.248,0.7,0.486,"[np.float64(409.957), np.float64(593.501999), np.float64(683.449999), np.float64(796.484801), np.float64(1016.948004)]",,,,,1.483,0.974,,,1.022,1.159,0.789,0.146
PRHPA-Maize_yearly_True_window_1_lags_4_sinusoidal_yes_spline,True,1,spline_lags_4_sinusoidal_yes,0.476,0.637,589.71,601.436,True,True,True,2.33,-0.944,0,1.0,1.199,1.202,1.011,0.244,0.309,0.543,"[np.float64(409.957), np.float64(592.644), np.float64(659.73871), np.float64(760.350049), np.float64(1016.948004)]",,,,,,,1.27,0.057,1.068,1.074,0.821,0.068
PRHPA-Maize_yearly_False_window_2_lags_none_sinusoidal_no_spline,False,2,spline_lags_none_sinusoidal_no,0.439,0.0,636.128,644.046,True,True,False,1.255,-2.282,0,1.0,1.0,1.0,1.0,0.93,0.985,0.169,"[np.float64(505.346), np.float64(618.02875), np.float64(684.94915), np.float64(774.4465), np.float64(912.597)]",,,,,,,,,,,,
PRHPA-Maize_yearly_False_window_2_lags_1_sinusoidal_no_spline,False,2,spline_lags_1_sinusoidal_no,0.575,0.0,608.409,617.741,True,True,True,1.506,0.129,0,1.0,1.039,1.013,1.002,0.257,0.23,0.53,"[np.float64(505.346), np.float64(609.517), np.float64(682.73182), np.float64(766.518998), np.float64(912.597)]",1.055,0.804,,,,,,,,,,
PRHPA-Maize_yearly_False_window_2_lags_2_sinusoidal_no_spline,False,2,spline_lags_2_sinusoidal_no,0.571,0.016,590.619,599.777,True,True,False,1.499,0.374,0,1.0,1.382,1.049,1.005,0.224,0.31,0.369,"[np.float64(505.346), np.float64(626.6908), np.float64(689.1235), np.float64(790.14565), np.float64(1012.173011)]",,,1.436,0.642,,,,,,,,
PRHPA-Maize_yearly_False_window_2_lags_3_sinusoidal_no_spline,False,2,spline_lags_3_sinusoidal_no,0.576,0.139,573.175,582.154,True,True,False,1.471,0.112,0,1.0,1.153,1.056,1.002,0.496,0.313,0.89,"[np.float64(505.346), np.float64(592.4935), np.float64(678.06004), np.float64(774.2536), np.float64(912.597)]",,,,,1.21,0.171,,,,,,
PRHPA-Maize_yearly_False_window_2_lags_4_sinusoidal_no_spline,False,2,spline_lags_4_sinusoidal_no,0.573,0.147,558.274,567.068,True,True,False,1.457,0.337,0,1.0,1.053,1.049,1.0,0.42,0.258,0.63,"[np.float64(482.346), np.float64(586.6765), np.float64(675.659274), np.float64(773.626675), np.float64(912.597)]",,,,,,,1.103,0.479,,,,
PRHPA-Maize_yearly_False_window_2_lags_none_sinusoidal_yes_spline,False,2,spline_lags_none_sinusoidal_yes,0.5,0.0,635.984,647.069,True,True,False,1.324,-1.56,0,1.0,1.099,1.025,1.048,0.537,0.625,0.097,"[np.float64(505.346), np.float64(618.02875), np.float64(684.94915), np.float64(774.4465), np.float64(912.597)]",,,,,,,,,1.091,1.082,0.327,0.131
PRHPA-Maize_yearly_False_window_2_lags_1_sinusoidal_yes_spline,False,2,spline_lags_1_sinusoidal_yes,0.702,0.0,600.005,612.448,True,True,True,1.704,-0.11,0,1.0,1.102,1.028,1.039,0.956,0.709,0.482,"[np.float64(505.346), np.float64(609.517), np.float64(682.73182), np.float64(766.518998), np.float64(912.597)]",1.059,0.76,,,,,,,1.089,1.021,0.136,0.005
PRHPA-Maize_yearly_False_window_2_lags_2_sinusoidal_yes_spline,False,2,spline_lags_2_sinusoidal_yes,0.674,0.001,585.234,597.444,True,True,True,1.691,0.493,0,1.0,1.391,1.119,1.088,0.219,0.173,0.754,"[np.float64(505.346), np.float64(626.6908), np.float64(689.1235), np.float64(790.14565), np.float64(1012.173011)]",,,1.443,0.83,,,,,1.033,1.123,0.149,0.018
PRHPA-Maize_yearly_False_window_2_lags_3_sinusoidal_yes_spline,False,2,spline_lags_3_sinusoidal_yes,0.689,0.015,567.002,578.974,True,True,True,1.674,0.307,0,1.0,1.219,1.064,1.046,0.894,0.638,0.391,"[np.float64(505.346), np.float64(592.4935), np.float64(678.06004), np.float64(774.2536), np.float64(912.597)]",,,,,1.221,0.473,,,1.037,1.071,0.232,0.008
PRHPA-Maize_yearly_False_window_2_lags_4_sinusoidal_yes_spline,False,2,spline_lags_4_sinusoidal_yes,0.71,0.125,549.883,561.609,True,True,True,1.639,0.442,0,1.0,1.296,1.054,1.042,0.651,0.176,0.788,"[np.float64(482.346), np.float64(586.6765), np.float64(675.659274), np.float64(773.626675), np.float64(912.597)]",,,,,,,1.115,0.29,1.094,1.183,0.123,0.006
PRHPA-Maize_yearly_True_window_2_lags_none_sinusoidal_no_spline,True,2,spline_lags_none_sinusoidal_no,0.439,0.0,636.128,644.046,True,True,False,1.255,-2.282,0,1.0,1.0,1.0,1.0,0.93,0.985,0.169,"[np.float64(505.346), np.float64(618.02875), np.float64(684.94915), np.float64(774.4465), np.float64(912.597)]",,,,,,,,,,,,
PRHPA-Maize_yearly_True_window_2_lags_1_sinusoidal_no_spline,True,2,spline_lags_1_sinusoidal_no,0.575,0.0,608.409,617.741,True,True,True,1.506,0.129,0,1.0,1.039,1.013,1.002,0.257,0.23,0.53,"[np.float64(505.346), np.float64(609.517), np.float64(682.73182), np.float64(766.518998), np.float64(912.597)]",1.055,0.804,,,,,,,,,,
PRHPA-Maize_yearly_True_window_2_lags_2_sinusoidal_no_spline,True,2,spline_lags_2_sinusoidal_no,0.571,0.016,590.619,599.777,True,True,False,1.499,0.374,0,1.0,1.382,1.049,1.005,0.224,0.31,0.369,"[np.float64(505.346), np.float64(626.6908), np.float64(689.1235), np.float64(790.14565), np.float64(1012.173011)]",,,1.436,0.642,,,,,,,,
PRHPA-Maize_yearly_True_window_2_lags_3_sinusoidal_no_spline,True,2,spline_lags_3_sinusoidal_no,0.576,0.139,573.175,582.154,True,True,False,1.471,0.112,0,1.0,1.153,1.056,1.002,0.496,0.313,0.89,"[np.float64(505.346), np.float64(592.4935), np.float64(678.06004), np.float64(774.2536), np.float64(912.597)]",,,,,1.21,0.171,,,,,,
PRHPA-Maize_yearly_True_window_2_lags_4_sinusoidal_no_spline,True,2,spline_lags_4_sinusoidal_no,0.573,0.147,558.274,567.068,True,True,False,1.457,0.337,0,1.0,1.053,1.049,1.0,0.42,0.258,0.63,"[np.float64(482.346), np.float64(586.6765), np.float64(675.659274), np.float64(773.626675), np.float64(912.597)]",,,,,,,1.103,0.479,,,,
PRHPA-Maize_yearly_True_window_2_lags_none_sinusoidal_yes_spline,True,2,spline_lags_none_sinusoidal_yes,0.5,0.0,635.984,647.069,True,True,False,1.324,-1.56,0,1.0,1.099,1.025,1.048,0.537,0.625,0.097,"[np.float64(505.346), np.float64(618.02875), np.float64(684.94915), np.float64(774.4465), np.float64(912.597)]",,,,,,,,,1.091,1.082,0.327,0.131
PRHPA-Maize_yearly_True_window_2_lags_1_sinusoidal_yes_spline,True,2,spline_lags_1_sinusoidal_yes,0.702,0.0,600.005,612.448,True,True,True,1.704,-0.11,0,1.0,1.102,1.028,1.039,0.956,0.709,0.482,"[np.float64(505.346), np.float64(609.517), np.float64(682.73182), np.float64(766.518998), np.float64(912.597)]",1.059,0.76,,,,,,,1.089,1.021,0.136,0.005
PRHPA-Maize_yearly_True_window_2_lags_2_sinusoidal_yes_spline,True,2,spline_lags_2_sinusoidal_yes,0.674,0.001,585.234,597.444,True,True,True,1.691,0.493,0,1.0,1.391,1.119,1.088,0.219,0.173,0.754,"[np.float64(505.346), np.float64(626.6908), np.float64(689.1235), np.float64(790.14565), np.float64(1012.173011)]",,,1.443,0.83,,,,,1.033,1.123,0.149,0.018
PRHPA-Maize_yearly_True_window_2_lags_3_sinusoidal_yes_spline,True,2,spline_lags_3_sinusoidal_yes,0.689,0.015,567.002,578.974,True,True,True,1.674,0.307,0,1.0,1.219,1.064,1.046,0.894,0.638,0.391,"[np.float64(505.346), np.float64(592.4935), np.float64(678.06004), np.float64(774.2536), np.float64(912.597)]",,,,,1.221,0.473,,,1.037,1.071,0.232,0.008
PRHPA-Maize_yearly_True_window_2_lags_4_sinusoidal_yes_spline,True,2,spline_lags_4_sinusoidal_yes,0.71,0.125,549.883,561.609,True,True,True,1.639,0.442,0,1.0,1.296,1.054,1.042,0.651,0.176,0.788,"[np.float64(482.346), np.float64(586.6765), np.float64(675.659274), np.float64(773.626675), np.float64(912.597)]",,,,,,,1.115,0.29,1.094,1.183,0.123,0.006
PRHPA-Maize_yearly_False_window_3_lags_none_sinusoidal_no_spline,False,3,spline_lags_none_sinusoidal_no,0.514,0.0,611.314,619.232,True,True,False,1.307,0.275,0,1.0,1.0,1.0,1.0,0.233,0.701,0.676,"[np.float64(539.6333331333334), np.float64(668.807333), np.float64(732.396967), np.float64(822.271084), np.float64(883.303)]",,,,,,,,,,,,
PRHPA-Maize_yearly_False_window_3_lags_1_sinusoidal_no_spline,False,3,spline_lags_1_sinusoidal_no,0.59,0.0,592.947,602.279,True,True,False,1.471,0.468,0,1.0,1.006,1.007,1.002,0.193,0.935,0.702,"[np.float64(539.6333331333334), np.float64(664.4505), np.float64(729.354847), np.float64(794.223934), np.float64(887.0250036499999)]",1.015,0.796,,,,,,,,,,
PRHPA-Maize_yearly_False_window_3_lags_2_sinusoidal_no_spline,False,3,spline_lags_2_sinusoidal_no,0.586,0.002,575.514,584.672,True,True,False,1.442,0.485,0,1.0,1.015,1.062,1.02,0.096,0.944,0.616,"[np.float64(539.6333331333334), np.float64(659.987417), np.float64(728.30211), np.float64(814.779501), np.float64(906.1460064)]",,,1.098,0.402,,,,,,,,
PRHPA-Maize_yearly_False_window_3_lags_3_sinusoidal_no_spline,False,3,spline_lags_3_sinusoidal_no,0.587,0.013,559.511,568.49,True,True,False,1.499,0.475,0,1.0,1.0,1.132,1.011,0.097,0.91,0.544,"[np.float64(539.6333331333334), np.float64(644.632667), np.float64(728.397813), np.float64(800.360001), np.float64(883.303)]",,,,,1.143,0.767,,,,,,
PRHPA-Maize_yearly_False_window_3_lags_4_sinusoidal_no_spline,False,3,spline_lags_4_sinusoidal_no,0.599,0.014,544.418,553.212,True,True,False,1.485,0.328,0,1.0,1.007,1.208,1.0,0.125,0.843,0.655,"[np.float64(512.6990000000001), np.float64(651.41), np.float64(721.29755), np.float64(769.115367), np.float64(883.303)]",,,,,,,1.215,0.885,,,,
PRHPA-Maize_yearly_False_window_3_lags_none_sinusoidal_yes_spline,False,3,spline_lags_none_sinusoidal_yes,0.597,0.0,608.58,619.665,True,True,False,1.361,0.179,0,1.0,1.195,1.121,1.144,0.722,0.9,0.237,"[np.float64(539.6333331333334), np.float64(668.807333), np.float64(732.396967), np.float64(822.271084), np.float64(883.303)]",,,,,,,,,1.121,1.339,0.607,0.022
PRHPA-Maize_yearly_False_window_3_lags_1_sinusoidal_yes_spline,False,3,spline_lags_1_sinusoidal_yes,0.738,0.0,581.279,593.722,False,True,True,1.696,0.374,0,1.0,1.179,1.124,1.13,0.854,0.416,0.901,"[np.float64(539.6333331333334), np.float64(664.4505), np.float64(729.354847), np.float64(794.223934), np.float64(887.0250036499999)]",1.019,0.686,,,,,,,1.169,1.245,0.817,0.001
PRHPA-Maize_yearly_False_window_3_lags_2_sinusoidal_yes_spline,False,3,spline_lags_2_sinusoidal_yes,0.707,0.0,567.798,580.008,True,True,True,1.839,-0.515,0,1.0,1.119,1.223,1.166,0.401,0.365,0.589,"[np.float64(539.6333331333334), np.float64(659.987417), np.float64(728.30211), np.float64(814.779501), np.float64(906.1460064)]",,,1.098,0.852,,,,,1.024,1.386,0.576,0.003
PRHPA-Maize_yearly_False_window_3_lags_3_sinusoidal_yes_spline,False,3,spline_lags_3_sinusoidal_yes,0.692,0.002,553.884,565.856,True,True,True,1.7,0.552,0,1.0,1.373,1.183,1.045,0.83,0.638,0.764,"[np.float64(539.6333331333334), np.float64(644.632667), np.float64(728.397813), np.float64(800.360001), np.float64(883.303)]",,,,,1.147,0.725,,,1.111,1.344,0.805,0.008
PRHPA-Maize_yearly_False_window_3_lags_4_sinusoidal_yes_spline,False,3,spline_lags_4_sinusoidal_yes,0.734,0.025,535.296,547.022,False,True,True,1.727,0.491,0,1.0,1.476,1.295,1.009,0.865,0.229,0.537,"[np.float64(512.6990000000001), np.float64(651.41), np.float64(721.29755), np.float64(769.115367), np.float64(883.303)]",,,,,,,1.243,0.874,1.112,1.426,0.75,0.002
PRHPA-Maize_yearly_True_window_3_lags_none_sinusoidal_no_spline,True,3,spline_lags_none_sinusoidal_no,0.514,0.0,611.314,619.232,True,True,False,1.307,0.275,0,1.0,1.0,1.0,1.0,0.233,0.701,0.676,"[np.float64(539.6333331333334), np.float64(668.807333), np.float64(732.396967), np.float64(822.271084), np.float64(883.303)]",,,,,,,,,,,,
PRHPA-Maize_yearly_True_window_3_lags_1_sinusoidal_no_spline,True,3,spline_lags_1_sinusoidal_no,0.59,0.0,592.947,602.279,True,True,False,1.471,0.468,0,1.0,1.006,1.007,1.002,0.193,0.935,0.702,"[np.float64(539.6333331333334), np.float64(664.4505), np.float64(729.354847), np.float64(794.223934), np.float64(887.0250036499999)]",1.015,0.796,,,,,,,,,,
PRHPA-Maize_yearly_True_window_3_lags_2_sinusoidal_no_spline,True,3,spline_lags_2_sinusoidal_no,0.586,0.002,575.514,584.672,True,True,False,1.442,0.485,0,1.0,1.015,1.062,1.02,0.096,0.944,0.616,"[np.float64(539.6333331333334), np.float64(659.987417), np.float64(728.30211), np.float64(814.779501), np.float64(906.1460064)]",,,1.098,0.402,,,,,,,,
PRHPA-Maize_yearly_True_window_3_lags_3_sinusoidal_no_spline,True,3,spline_lags_3_sinusoidal_no,0.587,0.013,559.511,568.49,True,True,False,1.499,0.475,0,1.0,1.0,1.132,1.011,0.097,0.91,0.544,"[np.float64(539.6333331333334), np.float64(644.632667), np.float64(728.397813), np.float64(800.360001), np.float64(883.303)]",,,,,1.143,0.767,,,,,,
PRHPA-Maize_yearly_True_window_3_lags_4_sinusoidal_no_spline,True,3,spline_lags_4_sinusoidal_no,0.599,0.014,544.418,553.212,True,True,False,1.485,0.328,0,1.0,1.007,1.208,1.0,0.125,0.843,0.655,"[np.float64(512.6990000000001), np.float64(651.41), np.float64(721.29755), np.float64(769.115367), np.float64(883.303)]",,,,,,,1.215,0.885,,,,
PRHPA-Maize_yearly_True_window_3_lags_none_sinusoidal_yes_spline,True,3,spline_lags_none_sinusoidal_yes,0.597,0.0,608.58,619.665,True,True,False,1.361,0.179,0,1.0,1.195,1.121,1.144,0.722,0.9,0.237,"[np.float64(539.6333331333334), np.float64(668.807333), np.float64(732.396967), np.float64(822.271084), np.float64(883.303)]",,,,,,,,,1.121,1.339,0.607,0.022
PRHPA-Maize_yearly_True_window_3_lags_1_sinusoidal_yes_spline,True,3,spline_lags_1_sinusoidal_yes,0.738,0.0,581.279,593.722,False,True,True,1.696,0.374,0,1.0,1.179,1.124,1.13,0.854,0.416,0.901,"[np.float64(539.6333331333334), np.float64(664.4505), np.float64(729.354847), np.float64(794.223934), np.float64(887.0250036499999)]",1.019,0.686,,,,,,,1.169,1.245,0.817,0.001
PRHPA-Maize_yearly_True_window_3_lags_2_sinusoidal_yes_spline,True,3,spline_lags_2_sinusoidal_yes,0.707,0.0,567.798,580.008,True,True,True,1.839,-0.515,0,1.0,1.119,1.223,1.166,0.401,0.365,0.589,"[np.float64(539.6333331333334), np.float64(659.987417), np.float64(728.30211), np.float64(814.779501), np.float64(906.1460064)]",,,1.098,0.852,,,,,1.024,1.386,0.576,0.003
PRHPA-Maize_yearly_True_window_3_lags_3_sinusoidal_yes_spline,True,3,spline_lags_3_sinusoidal_yes,0.692,0.002,553.884,565.856,True,True,True,1.7,0.552,0,1.0,1.373,1.183,1.045,0.83,0.638,0.764,"[np.float64(539.6333331333334), np.float64(644.632667), np.float64(728.397813), np.float64(800.360001), np.float64(883.303)]",,,,,1.147,0.725,,,1.111,1.344,0.805,0.008
PRHPA-Maize_yearly_True_window_3_lags_4_sinusoidal_yes_spline,True,3,spline_lags_4_sinusoidal_yes,0.734,0.025,535.296,547.022,False,True,True,1.727,0.491,0,1.0,1.476,1.295,1.009,0.865,0.229,0.537,"[np.float64(512.6990000000001), np.float64(651.41), np.float64(721.29755), np.float64(769.115367), np.float64(883.303)]",,,,,,,1.243,0.874,1.112,1.426,0.75,0.002
PRHPA-Maize_yearly_False_window_4_lags_none_sinusoidal_no_spline,False,4,spline_lags_none_sinusoidal_no,0.517,0.0,591.848,599.766,True,True,False,1.064,-0.155,0,1.0,1.0,1.0,1.0,0.092,0.866,0.941,"[np.float64(569.13175), np.float64(656.69825), np.float64(707.33619), np.float64(769.381564), np.float64(868.4010000000001)]",,,,,,,,,,,,
PRHPA-Maize_yearly_False_window_4_lags_1_sinusoidal_no_spline,False,4,spline_lags_1_sinusoidal_no,0.647,0.0,571.517,580.849,True,True,False,1.283,0.175,0,1.0,1.004,1.012,1.017,0.312,0.715,0.825,"[np.float64(569.13175), np.float64(662.871825), np.float64(724.468297), np.float64(795.14725), np.float64(887.0250036499999)]",1.032,0.603,,,,,,,,,,
PRHPA-Maize_yearly_False_window_4_lags_2_sinusoidal_no_spline,False,4,spline_lags_2_sinusoidal_no,0.624,0.0,554.95,564.108,True,True,False,1.214,0.447,0,1.0,1.005,1.164,1.013,0.107,0.642,0.877,"[np.float64(569.13175), np.float64(654.910175), np.float64(734.903814), np.float64(791.496075), np.float64(906.1460064)]",,,1.182,0.256,,,,,,,,
PRHPA-Maize_yearly_False_window_4_lags_3_sinusoidal_no_spline,False,4,spline_lags_3_sinusoidal_no,0.642,0.005,538.925,547.904,True,True,False,1.231,0.497,0,1.0,1.043,1.225,1.018,0.103,0.921,0.913,"[np.float64(569.13175), np.float64(641.232501), np.float64(707.38295), np.float64(766.292001), np.float64(868.401)]",,,,,1.286,0.625,,,,,,
PRHPA-Maize_yearly_False_window_4_lags_4_sinusoidal_no_spline,False,4,spline_lags_4_sinusoidal_no,0.676,0.002,523.864,532.659,True,True,False,1.307,-0.285,0,1.0,1.004,1.372,1.004,0.116,0.884,0.726,"[np.float64(512.6990000000001), np.float64(636.397), np.float64(711.593738), np.float64(768.712251), np.float64(868.401)]",,,,,,,1.379,0.543,,,,
PRHPA-Maize_yearly_False_window_4_lags_none_sinusoidal_yes_spline,False,4,spline_lags_none_sinusoidal_yes,0.544,0.0,593.792,604.876,False,True,False,1.068,-0.301,0,1.0,1.177,1.106,1.011,0.197,0.668,0.957,"[np.float64(569.13175), np.float64(656.69825), np.float64(707.33619), np.float64(769.381564), np.float64(868.4010000000001)]",,,,,,,,,1.172,1.121,0.782,0.214
PRHPA-Maize_yearly_False_window_4_lags_1_sinusoidal_yes_spline,False,4,spline_lags_1_sinusoidal_yes,0.764,0.0,561.537,573.98,False,True,True,1.593,0.513,0,1.0,1.142,1.325,1.149,0.473,0.27,0.737,"[np.float64(569.13175), np.float64(662.871825), np.float64(724.468297), np.float64(795.14725), np.float64(887.0250036499999)]",1.044,0.932,,,,,,,1.296,1.277,0.167,0.002
PRHPA-Maize_yearly_False_window_4_lags_2_sinusoidal_yes_spline,False,4,spline_lags_2_sinusoidal_yes,0.729,0.0,547.773,559.984,False,True,True,1.612,0.491,0,1.0,1.048,1.805,1.04,0.128,0.342,0.858,"[np.float64(569.13175), np.float64(654.910175), np.float64(734.903814), np.float64(791.496075), np.float64(906.1460064)]",,,1.256,0.834,,,,,1.357,1.28,0.326,0.004
PRHPA-Maize_yearly_False_window_4_lags_3_sinusoidal_yes_spline,False,4,spline_lags_3_sinusoidal_yes,0.727,0.001,534.023,545.995,False,True,True,1.505,0.569,0,1.0,1.489,1.3,1.024,0.939,0.486,0.905,"[np.float64(569.13175), np.float64(641.232501), np.float64(707.38295), np.float64(766.292001), np.float64(868.401)]",,,,,1.287,0.796,,,1.373,1.154,0.214,0.011
PRHPA-Maize_yearly_False_window_4_lags_4_sinusoidal_yes_spline,False,4,spline_lags_4_sinusoidal_yes,0.767,0.01,517.384,529.11,False,True,True,1.545,-0.078,0,1.0,1.563,1.609,1.007,0.873,0.172,0.629,"[np.float64(512.6990000000001), np.float64(636.397), np.float64(711.593738), np.float64(768.712251), np.float64(868.401)]",,,,,,,1.429,0.849,1.386,1.365,0.135,0.008
PRHPA-Maize_yearly_True_window_4_lags_none_sinusoidal_no_spline,True,4,spline_lags_none_sinusoidal_no,0.517,0.0,591.848,599.766,True,True,False,1.064,-0.155,0,1.0,1.0,1.0,1.0,0.092,0.866,0.941,"[np.float64(569.13175), np.float64(656.69825), np.float64(707.33619), np.float64(769.381564), np.float64(868.4010000000001)]",,,,,,,,,,,,
PRHPA-Maize_yearly_True_window_4_lags_1_sinusoidal_no_spline,True,4,spline_lags_1_sinusoidal_no,0.647,0.0,571.517,580.849,True,True,False,1.283,0.175,0,1.0,1.004,1.012,1.017,0.312,0.715,0.825,"[np.float64(569.13175), np.float64(662.871825), np.float64(724.468297), np.float64(795.14725), np.float64(887.0250036499999)]",1.032,0.603,,,,,,,,,,
PRHPA-Maize_yearly_True_window_4_lags_2_sinusoidal_no_spline,True,4,spline_lags_2_sinusoidal_no,0.624,0.0,554.95,564.108,True,True,False,1.214,0.447,0,1.0,1.005,1.164,1.013,0.107,0.642,0.877,"[np.float64(569.13175), np.float64(654.910175), np.float64(734.903814), np.float64(791.496075), np.float64(906.1460064)]",,,1.182,0.256,,,,,,,,
PRHPA-Maize_yearly_True_window_4_lags_3_sinusoidal_no_spline,True,4,spline_lags_3_sinusoidal_no,0.642,0.005,538.925,547.904,True,True,False,1.231,0.497,0,1.0,1.043,1.225,1.018,0.103,0.921,0.913,"[np.float64(569.13175), np.float64(641.232501), np.float64(707.38295), np.float64(766.292001), np.float64(868.401)]",,,,,1.286,0.625,,,,,,
PRHPA-Maize_yearly_True_window_4_lags_4_sinusoidal_no_spline,True,4,spline_lags_4_sinusoidal_no,0.676,0.002,523.864,532.659,True,True,False,1.307,-0.285,0,1.0,1.004,1.372,1.004,0.116,0.884,0.726,"[np.float64(512.6990000000001), np.float64(636.397), np.float64(711.593738), np.float64(768.712251), np.float64(868.401)]",,,,,,,1.379,0.543,,,,
PRHPA-Maize_yearly_True_window_4_lags_none_sinusoidal_yes_spline,True,4,spline_lags_none_sinusoidal_yes,0.544,0.0,593.792,604.876,False,True,False,1.068,-0.301,0,1.0,1.177,1.106,1.011,0.197,0.668,0.957,"[np.float64(569.13175), np.float64(656.69825), np.float64(707.33619), np.float64(769.381564), np.float64(868.4010000000001)]",,,,,,,,,1.172,1.121,0.782,0.214
PRHPA-Maize_yearly_True_window_4_lags_1_sinusoidal_yes_spline,True,4,spline_lags_1_sinusoidal_yes,0.764,0.0,561.537,573.98,False,True,True,1.593,0.513,0,1.0,1.142,1.325,1.149,0.473,0.27,0.737,"[np.float64(569.13175), np.float64(662.871825), np.float64(724.468297), np.float64(795.14725), np.float64(887.0250036499999)]",1.044,0.932,,,,,,,1.296,1.277,0.167,0.002
PRHPA-Maize_yearly_True_window_4_lags_2_sinusoidal_yes_spline,True,4,spline_lags_2_sinusoidal_yes,0.729,0.0,547.773,559.984,False,True,True,1.612,0.491,0,1.0,1.048,1.805,1.04,0.128,0.342,0.858,"[np.float64(569.13175), np.float64(654.910175), np.float64(734.903814), np.float64(791.496075), np.float64(906.1460064)]",,,1.256,0.834,,,,,1.357,1.28,0.326,0.004
PRHPA-Maize_yearly_True_window_4_lags_3_sinusoidal_yes_spline,True,4,spline_lags_3_sinusoidal_yes,0.727,0.001,534.023,545.995,False,True,True,1.505,0.569,0,1.0,1.489,1.3,1.024,0.939,0.486,0.905,"[np.float64(569.13175), np.float64(641.232501), np.float64(707.38295), np.float64(766.292001), np.float64(868.401)]",,,,,1.287,0.796,,,1.373,1.154,0.214,0.011
PRHPA-Maize_yearly_True_window_4_lags_4_sinusoidal_yes_spline,True,4,spline_lags_4_sinusoidal_yes,0.767,0.01,517.384,529.11,False,True,True,1.545,-0.078,0,1.0,1.563,1.609,1.007,0.873,0.172,0.629,"[np.float64(512.6990000000001), np.float64(636.397), np.float64(711.593738), np.float64(768.712251), np.float64(868.401)]",,,,,,,1.429,0.849,1.386,1.365,0.135,0.008
PRHPA-Maize_yearly_False_window_5_lags_none_sinusoidal_no_spline,False,5,spline_lags_none_sinusoidal_no,0.538,0.0,570.429,578.347,True,True,False,1.401,-0.92,0,1.0,1.0,1.0,1.0,0.047,0.262,0.241,"[np.float64(578.8912), np.float64(663.9462), np.float64(719.487901), np.float64(767.4862), np.float64(854.748336)]",,,,,,,,,,,,
PRHPA-Maize_yearly_False_window_5_lags_1_sinusoidal_no_spline,False,5,spline_lags_1_sinusoidal_no,0.614,0.0,554.721,564.053,True,True,False,1.19,0.37,0,1.0,1.002,1.016,1.04,0.56,0.731,0.965,"[np.float64(578.8912), np.float64(683.33108), np.float64(727.336427), np.float64(773.68033), np.float64(858.0563363666666)]",1.057,0.537,,,,,,,,,,
PRHPA-Maize_yearly_False_window_5_lags_2_sinusoidal_no_spline,False,5,spline_lags_2_sinusoidal_no,0.561,0.0,541.948,551.106,True,True,False,1.258,0.044,0,1.0,1.023,1.081,1.0,0.563,0.577,0.569,"[np.float64(578.8912), np.float64(681.88084), np.float64(719.35148), np.float64(757.628814), np.float64(835.8889999999999)]",,,1.105,0.92,,,,,,,,
PRHPA-Maize_yearly_False_window_5_lags_3_sinusoidal_no_spline,False,5,spline_lags_3_sinusoidal_no,0.625,0.0,524.931,533.91,True,True,False,1.417,0.555,0,1.0,1.042,1.159,1.06,0.404,0.36,0.699,"[np.float64(578.8912), np.float64(664.47924), np.float64(697.5648), np.float64(746.86584), np.float64(835.8889999999999)]",,,,,1.261,0.585,,,,,,
PRHPA-Maize_yearly_False_window_5_lags_4_sinusoidal_no_spline,False,5,spline_lags_4_sinusoidal_no,0.633,0.003,509.549,518.343,True,True,False,1.395,0.148,0,1.0,1.0,1.287,1.016,0.384,0.713,0.446,"[np.float64(539.6333331333334), np.float64(681.19656), np.float64(719.15876), np.float64(766.9403), np.float64(835.8889999999999)]",,,,,,,1.302,0.523,,,,
PRHPA-Maize_yearly_False_window_5_lags_none_sinusoidal_yes_spline,False,5,spline_lags_none_sinusoidal_yes,0.61,0.0,568.301,579.386,False,True,True,1.685,-0.268,0,1.0,1.103,1.17,1.102,0.041,0.063,0.177,"[np.float64(578.8912), np.float64(663.9462), np.float64(719.487901), np.float64(767.4862), np.float64(854.748336)]",,,,,,,,,1.196,1.179,0.648,0.031
PRHPA-Maize_yearly_False_window_5_lags_1_sinusoidal_yes_spline,False,5,spline_lags_1_sinusoidal_yes,0.744,0.0,544.296,556.739,True,True,False,1.386,0.5,0,1.0,1.087,1.241,1.235,0.895,0.082,0.329,"[np.float64(578.8912), np.float64(683.33108), np.float64(727.336427), np.float64(773.68033), np.float64(858.0563363666666)]",1.077,0.252,,,,,,,1.185,1.302,0.563,0.001
PRHPA-Maize_yearly_False_window_5_lags_2_sinusoidal_yes_spline,False,5,spline_lags_2_sinusoidal_yes,0.693,0.0,533.851,546.062,True,True,False,1.448,0.364,0,1.0,1.534,1.218,1.018,0.505,0.167,0.513,"[np.float64(578.8912), np.float64(681.88084), np.float64(719.35148), np.float64(757.628814), np.float64(835.8889999999999)]",,,1.139,0.497,,,,,1.305,1.326,0.946,0.003
PRHPA-Maize_yearly_False_window_5_lags_3_sinusoidal_yes_spline,False,5,spline_lags_3_sinusoidal_yes,0.728,0.0,518.317,530.289,True,True,True,1.532,0.483,0,1.0,1.569,1.199,1.146,0.336,0.144,0.87,"[np.float64(578.8912), np.float64(664.47924), np.float64(697.5648), np.float64(746.86584), np.float64(835.8889999999999)]",,,,,1.275,0.342,,,1.107,1.532,0.645,0.005
PRHPA-Maize_yearly_False_window_5_lags_4_sinusoidal_yes_spline,False,5,spline_lags_4_sinusoidal_yes,0.726,0.006,504.184,515.91,True,True,True,1.551,0.255,0,1.0,1.43,1.634,1.101,0.673,0.095,0.383,"[np.float64(539.6333331333334), np.float64(681.19656), np.float64(719.15876), np.float64(766.9403), np.float64(835.8889999999999)]",,,,,,,1.392,0.537,1.298,1.475,0.524,0.009
PRHPA-Maize_yearly_True_window_5_lags_none_sinusoidal_no_spline,True,5,spline_lags_none_sinusoidal_no,0.538,0.0,570.429,578.347,True,True,False,1.401,-0.92,0,1.0,1.0,1.0,1.0,0.047,0.262,0.241,"[np.float64(578.8912), np.float64(663.9462), np.float64(719.487901), np.float64(767.4862), np.float64(854.748336)]",,,,,,,,,,,,
PRHPA-Maize_yearly_True_window_5_lags_1_sinusoidal_no_spline,True,5,spline_lags_1_sinusoidal_no,0.614,0.0,554.721,564.053,True,True,False,1.19,0.37,0,1.0,1.002,1.016,1.04,0.56,0.731,0.965,"[np.float64(578.8912), np.float64(683.33108), np.float64(727.336427), np.float64(773.68033), np.float64(858.0563363666666)]",1.057,0.537,,,,,,,,,,
PRHPA-Maize_yearly_True_window_5_lags_2_sinusoidal_no_spline,True,5,spline_lags_2_sinusoidal_no,0.561,0.0,541.948,551.106,True,True,False,1.258,0.044,0,1.0,1.023,1.081,1.0,0.563,0.577,0.569,"[np.float64(578.8912), np.float64(681.88084), np.float64(719.35148), np.float64(757.628814), np.float64(835.8889999999999)]",,,1.105,0.92,,,,,,,,
PRHPA-Maize_yearly_True_window_5_lags_3_sinusoidal_no_spline,True,5,spline_lags_3_sinusoidal_no,0.625,0.0,524.931,533.91,True,True,False,1.417,0.555,0,1.0,1.042,1.159,1.06,0.404,0.36,0.699,"[np.float64(578.8912), np.float64(664.47924), np.float64(697.5648), np.float64(746.86584), np.float64(835.8889999999999)]",,,,,1.261,0.585,,,,,,
PRHPA-Maize_yearly_True_window_5_lags_4_sinusoidal_no_spline,True,5,spline_lags_4_sinusoidal_no,0.633,0.003,509.549,518.343,True,True,False,1.395,0.148,0,1.0,1.0,1.287,1.016,0.384,0.713,0.446,"[np.float64(539.6333331333334), np.float64(681.19656), np.float64(719.15876), np.float64(766.9403), np.float64(835.8889999999999)]",,,,,,,1.302,0.523,,,,
PRHPA-Maize_yearly_True_window_5_lags_none_sinusoidal_yes_spline,True,5,spline_lags_none_sinusoidal_yes,0.61,0.0,568.301,579.386,False,True,True,1.685,-0.268,0,1.0,1.103,1.17,1.102,0.041,0.063,0.177,"[np.float64(578.8912), np.float64(663.9462), np.float64(719.487901), np.float64(767.4862), np.float64(854.748336)]",,,,,,,,,1.196,1.179,0.648,0.031
PRHPA-Maize_yearly_True_window_5_lags_1_sinusoidal_yes_spline,True,5,spline_lags_1_sinusoidal_yes,0.744,0.0,544.296,556.739,True,True,False,1.386,0.5,0,1.0,1.087,1.241,1.235,0.895,0.082,0.329,"[np.float64(578.8912), np.float64(683.33108), np.float64(727.336427), np.float64(773.68033), np.float64(858.0563363666666)]",1.077,0.252,,,,,,,1.185,1.302,0.563,0.001
PRHPA-Maize_yearly_True_window_5_lags_2_sinusoidal_yes_spline,True,5,spline_lags_2_sinusoidal_yes,0.693,0.0,533.851,546.062,True,True,False,1.448,0.364,0,1.0,1.534,1.218,1.018,0.505,0.167,0.513,"[np.float64(578.8912), np.float64(681.88084), np.float64(719.35148), np.float64(757.628814), np.float64(835.8889999999999)]",,,1.139,0.497,,,,,1.305,1.326,0.946,0.003
PRHPA-Maize_yearly_True_window_5_lags_3_sinusoidal_yes_spline,True,5,spline_lags_3_sinusoidal_yes,0.728,0.0,518.317,530.289,True,True,True,1.532,0.483,0,1.0,1.569,1.199,1.146,0.336,0.144,0.87,"[np.float64(578.8912), np.float64(664.47924), np.float64(697.5648), np.float64(746.86584), np.float64(835.8889999999999)]",,,,,1.275,0.342,,,1.107,1.532,0.645,0.005
PRHPA-Maize_yearly_True_window_5_lags_4_sinusoidal_yes_spline,True,5,spline_lags_4_sinusoidal_yes,0.726,0.006,504.184,515.91,True,True,True,1.551,0.255,0,1.0,1.43,1.634,1.101,0.673,0.095,0.383,"[np.float64(539.6333331333334), np.float64(681.19656), np.float64(719.15876), np.float64(766.9403), np.float64(835.8889999999999)]",,,,,,,1.392,0.537,1.298,1.475,0.524,0.009
PRHPA-Maize_yearly_False_window_6_lags_none_sinusoidal_no_spline,False,6,spline_lags_none_sinusoidal_no,0.492,0.001,561.933,569.85,True,True,False,1.07,-0.184,0,1.0,1.0,1.0,1.0,0.024,0.55,0.922,"[np.float64(588.268), np.float64(678.779084), np.float64(717.349), np.float64(760.35925), np.float64(854.748336)]",,,,,,,,,,,,
PRHPA-Maize_yearly_False_window_6_lags_1_sinusoidal_no_spline,False,6,spline_lags_1_sinusoidal_no,0.672,0.0,537.578,546.91,True,True,False,1.077,0.329,0,1.0,1.008,1.002,1.149,0.636,0.483,0.676,"[np.float64(588.268), np.float64(677.9485), np.float64(716.978833), np.float64(749.507583), np.float64(858.0563363666666)]",1.159,0.218,,,,,,,,,,
PRHPA-Maize_yearly_False_window_6_lags_2_sinusoidal_no_spline,False,6,spline_lags_2_sinusoidal_no,0.615,0.0,525.813,534.971,True,True,False,1.201,0.525,0,1.0,1.003,1.029,1.053,0.696,0.607,0.138,"[np.float64(588.268), np.float64(677.117917), np.float64(706.022901), np.float64(728.397167), np.float64(806.679)]",,,1.084,0.963,,,,,,,,
PRHPA-Maize_yearly_False_window_6_lags_3_sinusoidal_no_spline,False,6,spline_lags_3_sinusoidal_no,0.716,0.0,505.961,514.94,True,True,False,1.142,0.468,0,1.0,1.169,1.093,1.008,0.298,0.869,0.066,"[np.float64(588.268), np.float64(656.314833), np.float64(681.436333), np.float64(720.388667), np.float64(806.679)]",,,,,1.27,0.467,,,,,,
PRHPA-Maize_yearly_False_window_6_lags_4_sinusoidal_no_spline,False,6,spline_lags_4_sinusoidal_no,0.655,0.008,498.026,506.821,True,True,False,1.337,0.482,0,1.0,1.0,1.104,1.033,0.889,0.849,0.42,"[np.float64(539.6333331333334), np.float64(656.384458), np.float64(691.205), np.float64(725.727667), np.float64(806.6790000000001)]",,,,,,,1.137,0.81,,,,
PRHPA-Maize_yearly_False_window_6_lags_none_sinusoidal_yes_spline,False,6,spline_lags_none_sinusoidal_yes,0.532,0.002,562.935,574.02,True,True,False,1.214,-0.414,0,1.0,1.122,1.189,1.021,0.01,0.385,0.89,"[np.float64(588.268), np.float64(678.779084), np.float64(717.349), np.float64(760.35925), np.float64(854.748336)]",,,,,,,,,1.123,1.209,0.478,0.181
PRHPA-Maize_yearly_False_window_6_lags_1_sinusoidal_yes_spline,False,6,spline_lags_1_sinusoidal_yes,0.703,0.0,538.057,550.5,True,True,False,1.086,0.328,0,1.0,1.07,1.239,1.475,0.594,0.897,0.415,"[np.float64(588.268), np.float64(677.9485), np.float64(716.978833), np.float64(749.507583), np.float64(858.0563363666666)]",1.2,0.164,,,,,,,1.419,1.165,0.371,0.144
PRHPA-Maize_yearly_False_window_6_lags_2_sinusoidal_yes_spline,False,6,spline_lags_2_sinusoidal_yes,0.637,0.0,527.737,539.948,True,True,False,1.233,0.41,0,1.0,1.268,1.122,1.194,0.778,0.84,0.329,"[np.float64(588.268), np.float64(677.117917), np.float64(706.022901), np.float64(728.397167), np.float64(806.679)]",,,1.087,0.968,,,,,1.259,1.238,0.942,0.214
PRHPA-Maize_yearly_False_window_6_lags_3_sinusoidal_yes_spline,False,6,spline_lags_3_sinusoidal_yes,0.734,0.0,507.878,519.85,True,True,False,1.219,0.452,0,1.0,1.59,1.158,1.073,0.809,0.973,0.068,"[np.float64(588.268), np.float64(656.314833), np.float64(681.436333), np.float64(720.388667), np.float64(806.679)]",,,,,1.317,0.456,,,1.256,1.248,0.509,0.25
PRHPA-Maize_yearly_False_window_6_lags_4_sinusoidal_yes_spline,False,6,spline_lags_4_sinusoidal_yes,0.688,0.021,498.86,510.586,True,True,False,1.477,0.134,0,1.0,1.481,1.21,1.081,0.587,0.516,0.267,"[np.float64(539.6333331333334), np.float64(656.384458), np.float64(691.205), np.float64(725.727667), np.float64(806.6790000000001)]",,,,,,,1.148,0.975,1.418,1.208,0.54,0.142
PRHPA-Maize_yearly_True_window_6_lags_none_sinusoidal_no_spline,True,6,spline_lags_none_sinusoidal_no,0.492,0.001,561.933,569.85,True,True,False,1.07,-0.184,0,1.0,1.0,1.0,1.0,0.024,0.55,0.922,"[np.float64(588.268), np.float64(678.779084), np.float64(717.349), np.float64(760.35925), np.float64(854.748336)]",,,,,,,,,,,,
PRHPA-Maize_yearly_True_window_6_lags_1_sinusoidal_no_spline,True,6,spline_lags_1_sinusoidal_no,0.672,0.0,537.578,546.91,True,True,False,1.077,0.329,0,1.0,1.008,1.002,1.149,0.636,0.483,0.676,"[np.float64(588.268), np.float64(677.9485), np.float64(716.978833), np.float64(749.507583), np.float64(858.0563363666666)]",1.159,0.218,,,,,,,,,,
PRHPA-Maize_yearly_True_window_6_lags_2_sinusoidal_no_spline,True,6,spline_lags_2_sinusoidal_no,0.615,0.0,525.813,534.971,True,True,False,1.201,0.525,0,1.0,1.003,1.029,1.053,0.696,0.607,0.138,"[np.float64(588.268), np.float64(677.117917), np.float64(706.022901), np.float64(728.397167), np.float64(806.679)]",,,1.084,0.963,,,,,,,,
PRHPA-Maize_yearly_True_window_6_lags_3_sinusoidal_no_spline,True,6,spline_lags_3_sinusoidal_no,0.716,0.0,505.961,514.94,True,True,False,1.142,0.468,0,1.0,1.169,1.093,1.008,0.298,0.869,0.066,"[np.float64(588.268), np.float64(656.314833), np.float64(681.436333), np.float64(720.388667), np.float64(806.679)]",,,,,1.27,0.467,,,,,,
PRHPA-Maize_yearly_True_window_6_lags_4_sinusoidal_no_spline,True,6,spline_lags_4_sinusoidal_no,0.655,0.008,498.026,506.821,True,True,False,1.337,0.482,0,1.0,1.0,1.104,1.033,0.889,0.849,0.42,"[np.float64(539.6333331333334), np.float64(656.384458), np.float64(691.205), np.float64(725.727667), np.float64(806.6790000000001)]",,,,,,,1.137,0.81,,,,
PRHPA-Maize_yearly_True_window_6_lags_none_sinusoidal_yes_spline,True,6,spline_lags_none_sinusoidal_yes,0.532,0.002,562.935,574.02,True,True,False,1.214,-0.414,0,1.0,1.122,1.189,1.021,0.01,0.385,0.89,"[np.float64(588.268), np.float64(678.779084), np.float64(717.349), np.float64(760.35925), np.float64(854.748336)]",,,,,,,,,1.123,1.209,0.478,0.181
PRHPA-Maize_yearly_True_window_6_lags_1_sinusoidal_yes_spline,True,6,spline_lags_1_sinusoidal_yes,0.703,0.0,538.057,550.5,True,True,False,1.086,0.328,0,1.0,1.07,1.239,1.475,0.594,0.897,0.415,"[np.float64(588.268), np.float64(677.9485), np.float64(716.978833), np.float64(749.507583), np.float64(858.0563363666666)]",1.2,0.164,,,,,,,1.419,1.165,0.371,0.144
PRHPA-Maize_yearly_True_window_6_lags_2_sinusoidal_yes_spline,True,6,spline_lags_2_sinusoidal_yes,0.637,0.0,527.737,539.948,True,True,False,1.233,0.41,0,1.0,1.268,1.122,1.194,0.778,0.84,0.329,"[np.float64(588.268), np.float64(677.117917), np.float64(706.022901), np.float64(728.397167), np.float64(806.679)]",,,1.087,0.968,,,,,1.259,1.238,0.942,0.214
PRHPA-Maize_yearly_True_window_6_lags_3_sinusoidal_yes_spline,True,6,spline_lags_3_sinusoidal_yes,0.734,0.0,507.878,519.85,True,True,False,1.219,0.452,0,1.0,1.59,1.158,1.073,0.809,0.973,0.068,"[np.float64(588.268), np.float64(656.314833), np.float64(681.436333), np.float64(720.388667), np.float64(806.679)]",,,,,1.317,0.456,,,1.256,1.248,0.509,0.25
PRHPA-Maize_yearly_True_window_6_lags_4_sinusoidal_yes_spline,True,6,spline_lags_4_sinusoidal_yes,0.688,0.021,498.86,510.586,True,True,False,1.477,0.134,0,1.0,1.481,1.21,1.081,0.587,0.516,0.267,"[np.float64(539.6333331333334), np.float64(656.384458), np.float64(691.205), np.float64(725.727667), np.float64(806.6790000000001)]",,,,,,,1.148,0.975,1.418,1.208,0.54,0.142
PRHPA-Maize_yearly_False_window_7_lags_none_sinusoidal_no_spline,False,7,spline_lags_none_sinusoidal_no,0.53,0.0,555.766,563.684,True,True,False,0.874,-0.33,0,1.0,1.0,1.0,1.0,0.17,0.59,0.133,"[np.float64(605.0641428571429), np.float64(705.950822), np.float64(731.241), np.float64(769.254029), np.float64(841.09100245)]",,,,,,,,,,,,
PRHPA-Maize_yearly_False_window_7_lags_1_sinusoidal_no_spline,False,7,spline_lags_1_sinusoidal_no,0.7,0.0,526.159,535.491,True,True,False,0.972,0.575,0,1.0,1.01,1.001,1.091,0.817,0.181,0.223,"[np.float64(605.0641428571429), np.float64(706.602372), np.float64(725.891829), np.float64(749.727715), np.float64(802.4832399999999)]",1.102,0.08,,,,,,,,,,
PRHPA-Maize_yearly_False_window_7_lags_2_sinusoidal_no_spline,False,7,spline_lags_2_sinusoidal_no,0.644,0.0,519.368,528.526,True,True,False,0.994,-0.353,0,1.0,1.0,1.076,1.022,0.674,0.363,0.471,"[np.float64(605.0641428571429), np.float64(688.668802), np.float64(723.4822), np.float64(746.281072), np.float64(802.4832399999999)]",,,1.099,0.951,,,,,,,,
PRHPA-Maize_yearly_False_window_7_lags_3_sinusoidal_no_spline,False,7,spline_lags_3_sinusoidal_no,0.697,0.0,501.214,510.193,True,True,False,1.118,0.528,0,1.0,1.002,1.043,1.004,0.763,0.177,0.148,"[np.float64(604.7547503000001), np.float64(669.676029), np.float64(715.526715), np.float64(735.388543), np.float64(802.4832399999999)]",,,,,1.049,0.118,,,,,,
PRHPA-Maize_yearly_False_window_7_lags_4_sinusoidal_no_spline,False,7,spline_lags_4_sinusoidal_no,0.669,0.0,489.301,498.096,True,True,False,1.366,0.114,0,1.0,1.016,1.062,1.012,0.371,0.615,0.052,"[np.float64(594.3149996), np.float64(677.078), np.float64(710.059271), np.float64(731.803243), np.float64(802.48324)]",,,,,,,1.09,0.345,,,,
PRHPA-Maize_yearly_False_window_7_lags_none_sinusoidal_yes_spline,False,7,spline_lags_none_sinusoidal_yes,0.556,0.0,557.71,568.795,True,True,False,0.891,-2.193,0,1.0,1.116,1.079,1.082,0.127,0.529,0.199,"[np.float64(605.0641428571429), np.float64(705.950822), np.float64(731.241), np.float64(769.254029), np.float64(841.09100245)]",,,,,,,,,1.083,1.194,0.231,0.715
PRHPA-Maize_yearly_False_window_7_lags_1_sinusoidal_yes_spline,False,7,spline_lags_1_sinusoidal_yes,0.701,0.0,529.985,542.428,True,True,False,0.98,0.469,0,1.0,1.09,1.11,1.162,0.823,0.183,0.272,"[np.float64(605.0641428571429), np.float64(706.602372), np.float64(725.891829), np.float64(749.727715), np.float64(802.4832399999999)]",1.106,0.093,,,,,,,1.124,1.133,0.819,0.775
PRHPA-Maize_yearly_False_window_7_lags_2_sinusoidal_yes_spline,False,7,spline_lags_2_sinusoidal_yes,0.655,0.0,522.299,534.51,True,True,False,1.026,-0.866,0,1.0,1.066,1.256,1.061,0.858,0.393,0.415,"[np.float64(605.0641428571429), np.float64(688.668802), np.float64(723.4822), np.float64(746.281072), np.float64(802.4832399999999)]",,,1.108,0.974,,,,,1.093,1.182,0.422,0.713
PRHPA-Maize_yearly_False_window_7_lags_3_sinusoidal_yes_spline,False,7,spline_lags_3_sinusoidal_yes,0.702,0.0,504.725,516.697,True,True,False,1.138,0.478,0,1.0,1.089,1.276,1.238,0.723,0.182,0.148,"[np.float64(604.7547503000001), np.float64(669.676029), np.float64(715.526715), np.float64(735.388543), np.float64(802.4832399999999)]",,,,,1.059,0.113,,,1.32,1.224,0.663,0.683
PRHPA-Maize_yearly_False_window_7_lags_4_sinusoidal_yes_spline,False,7,spline_lags_4_sinusoidal_yes,0.67,0.001,493.271,504.997,True,True,False,1.373,0.117,0,1.0,1.187,1.4,1.061,0.41,0.651,0.064,"[np.float64(594.3149996), np.float64(677.078), np.float64(710.059271), np.float64(731.803243), np.float64(802.48324)]",,,,,,,1.12,0.361,1.214,1.314,0.925,0.915
PRHPA-Maize_yearly_True_window_7_lags_none_sinusoidal_no_spline,True,7,spline_lags_none_sinusoidal_no,0.53,0.0,555.766,563.684,True,True,False,0.874,-0.33,0,1.0,1.0,1.0,1.0,0.17,0.59,0.133,"[np.float64(605.0641428571429), np.float64(705.950822), np.float64(731.241), np.float64(769.254029), np.float64(841.09100245)]",,,,,,,,,,,,
PRHPA-Maize_yearly_True_window_7_lags_1_sinusoidal_no_spline,True,7,spline_lags_1_sinusoidal_no,0.7,0.0,526.159,535.491,True,True,False,0.972,0.575,0,1.0,1.01,1.001,1.091,0.817,0.181,0.223,"[np.float64(605.0641428571429), np.float64(706.602372), np.float64(725.891829), np.float64(749.727715), np.float64(802.4832399999999)]",1.102,0.08,,,,,,,,,,
PRHPA-Maize_yearly_True_window_7_lags_2_sinusoidal_no_spline,True,7,spline_lags_2_sinusoidal_no,0.644,0.0,519.368,528.526,True,True,False,0.994,-0.353,0,1.0,1.0,1.076,1.022,0.674,0.363,0.471,"[np.float64(605.0641428571429), np.float64(688.668802), np.float64(723.4822), np.float64(746.281072), np.float64(802.4832399999999)]",,,1.099,0.951,,,,,,,,
PRHPA-Maize_yearly_True_window_7_lags_3_sinusoidal_no_spline,True,7,spline_lags_3_sinusoidal_no,0.697,0.0,501.214,510.193,True,True,False,1.118,0.528,0,1.0,1.002,1.043,1.004,0.763,0.177,0.148,"[np.float64(604.7547503000001), np.float64(669.676029), np.float64(715.526715), np.float64(735.388543), np.float64(802.4832399999999)]",,,,,1.049,0.118,,,,,,
PRHPA-Maize_yearly_True_window_7_lags_4_sinusoidal_no_spline,True,7,spline_lags_4_sinusoidal_no,0.669,0.0,489.301,498.096,True,True,False,1.366,0.114,0,1.0,1.016,1.062,1.012,0.371,0.615,0.052,"[np.float64(594.3149996), np.float64(677.078), np.float64(710.059271), np.float64(731.803243), np.float64(802.48324)]",,,,,,,1.09,0.345,,,,
PRHPA-Maize_yearly_True_window_7_lags_none_sinusoidal_yes_spline,True,7,spline_lags_none_sinusoidal_yes,0.556,0.0,557.71,568.795,True,True,False,0.891,-2.193,0,1.0,1.116,1.079,1.082,0.127,0.529,0.199,"[np.float64(605.0641428571429), np.float64(705.950822), np.float64(731.241), np.float64(769.254029), np.float64(841.09100245)]",,,,,,,,,1.083,1.194,0.231,0.715
PRHPA-Maize_yearly_True_window_7_lags_1_sinusoidal_yes_spline,True,7,spline_lags_1_sinusoidal_yes,0.701,0.0,529.985,542.428,True,True,False,0.98,0.469,0,1.0,1.09,1.11,1.162,0.823,0.183,0.272,"[np.float64(605.0641428571429), np.float64(706.602372), np.float64(725.891829), np.float64(749.727715), np.float64(802.4832399999999)]",1.106,0.093,,,,,,,1.124,1.133,0.819,0.775
PRHPA-Maize_yearly_True_window_7_lags_2_sinusoidal_yes_spline,True,7,spline_lags_2_sinusoidal_yes,0.655,0.0,522.299,534.51,True,True,False,1.026,-0.866,0,1.0,1.066,1.256,1.061,0.858,0.393,0.415,"[np.float64(605.0641428571429), np.float64(688.668802), np.float64(723.4822), np.float64(746.281072), np.float64(802.4832399999999)]",,,1.108,0.974,,,,,1.093,1.182,0.422,0.713
PRHPA-Maize_yearly_True_window_7_lags_3_sinusoidal_yes_spline,True,7,spline_lags_3_sinusoidal_yes,0.702,0.0,504.725,516.697,True,True,False,1.138,0.478,0,1.0,1.089,1.276,1.238,0.723,0.182,0.148,"[np.float64(604.7547503000001), np.float64(669.676029), np.float64(715.526715), np.float64(735.388543), np.float64(802.4832399999999)]",,,,,1.059,0.113,,,1.32,1.224,0.663,0.683
PRHPA-Maize_yearly_True_window_7_lags_4_sinusoidal_yes_spline,True,7,spline_lags_4_sinusoidal_yes,0.67,0.001,493.271,504.997,True,True,False,1.373,0.117,0,1.0,1.187,1.4,1.061,0.41,0.651,0.064,"[np.float64(594.3149996), np.float64(677.078), np.float64(710.059271), np.float64(731.803243), np.float64(802.48324)]",,,,,,,1.12,0.361,1.214,1.314,0.925,0.915
PRHPA-Maize_yearly_False_window_8_lags_none_sinusoidal_no_spline,False,8,spline_lags_none_sinusoidal_no,0.485,0.002,556.362,564.279,True,True,False,1.099,-0.184,0,1.0,1.0,1.0,1.0,0.147,0.457,0.284,"[np.float64(631.02475), np.float64(698.819313), np.float64(718.385032), np.float64(736.094783), np.float64(841.09100245)]",,,,,,,,,,,,
PRHPA-Maize_yearly_False_window_8_lags_1_sinusoidal_no_spline,False,8,spline_lags_1_sinusoidal_no,0.656,0.0,527.968,537.3,True,True,False,1.289,0.35,0,1.0,1.008,1.037,1.001,0.99,0.323,0.525,"[np.float64(631.02475), np.float64(691.559625), np.float64(711.869625), np.float64(732.6598), np.float64(802.48324)]",1.046,0.535,,,,,,,,,,
PRHPA-Maize_yearly_False_window_8_lags_2_sinusoidal_no_spline,False,8,spline_lags_2_sinusoidal_no,0.64,0.0,516.138,525.296,True,True,False,1.316,0.375,0,1.0,1.0,1.208,1.03,0.736,0.379,0.886,"[np.float64(631.02475), np.float64(692.511925), np.float64(714.017439), np.float64(735.088525), np.float64(802.4832399999999)]",,,1.238,0.385,,,,,,,,
PRHPA-Maize_yearly_False_window_8_lags_3_sinusoidal_no_spline,False,8,spline_lags_3_sinusoidal_no,0.633,0.0,503.792,512.771,True,True,False,1.183,0.271,0,1.0,1.043,1.006,1.017,0.617,0.348,0.636,"[np.float64(604.7547503000001), np.float64(680.40755), np.float64(708.979875), np.float64(733.97385), np.float64(802.4832399999999)]",,,,,1.066,0.235,,,,,,
PRHPA-Maize_yearly_False_window_8_lags_4_sinusoidal_no_spline,False,8,spline_lags_4_sinusoidal_no,0.644,0.001,488.15,496.944,True,True,True,1.587,-0.101,0,1.0,1.001,1.037,1.006,0.314,0.851,0.035,"[np.float64(594.3149996), np.float64(680.543892), np.float64(710.642375), np.float64(734.783425), np.float64(802.48324)]",,,,,,,1.045,0.262,,,,
PRHPA-Maize_yearly_False_window_8_lags_none_sinusoidal_yes_spline,False,8,spline_lags_none_sinusoidal_yes,0.519,0.002,557.897,568.982,True,True,False,1.108,-0.44,0,1.0,1.031,1.042,1.059,0.16,0.648,0.443,"[np.float64(631.02475), np.float64(698.819313), np.float64(718.385032), np.float64(736.094783), np.float64(841.09100245)]",,,,,,,,,1.079,1.053,0.163,0.909
PRHPA-Maize_yearly_False_window_8_lags_1_sinusoidal_yes_spline,False,8,spline_lags_1_sinusoidal_yes,0.692,0.0,528.078,540.52,True,True,False,1.396,0.376,0,1.0,1.045,1.091,1.011,0.843,0.161,0.534,"[np.float64(631.02475), np.float64(691.559625), np.float64(711.869625), np.float64(732.6598), np.float64(802.48324)]",1.048,0.578,,,,,,,1.055,1.044,0.236,0.204
PRHPA-Maize_yearly_False_window_8_lags_2_sinusoidal_yes_spline,False,8,spline_lags_2_sinusoidal_yes,0.667,0.0,517.579,529.79,True,True,False,1.368,0.316,0,1.0,1.037,1.319,1.092,0.675,0.212,0.852,"[np.float64(631.02475), np.float64(692.511925), np.float64(714.017439), np.float64(735.088525), np.float64(802.4832399999999)]",,,1.269,0.305,,,,,1.112,1.067,0.24,0.423
PRHPA-Maize_yearly_False_window_8_lags_3_sinusoidal_yes_spline,False,8,spline_lags_3_sinusoidal_yes,0.678,0.0,503.458,515.43,True,True,False,1.269,0.033,0,1.0,1.065,1.101,1.08,0.613,0.126,0.323,"[np.float64(604.7547503000001), np.float64(680.40755), np.float64(708.979875), np.float64(733.97385), np.float64(802.4832399999999)]",,,,,1.068,0.112,,,1.035,1.144,0.205,0.168
PRHPA-Maize_yearly_False_window_8_lags_4_sinusoidal_yes_spline,False,8,spline_lags_4_sinusoidal_yes,0.663,0.001,490.392,502.117,True,True,True,1.666,-0.297,0,1.0,1.058,1.209,1.105,0.299,0.483,0.061,"[np.float64(594.3149996), np.float64(680.543892), np.float64(710.642375), np.float64(734.783425), np.float64(802.48324)]",,,,,,,1.052,0.183,1.169,1.151,0.495,0.338
PRHPA-Maize_yearly_True_window_8_lags_none_sinusoidal_no_spline,True,8,spline_lags_none_sinusoidal_no,0.485,0.002,556.362,564.279,True,True,False,1.099,-0.184,0,1.0,1.0,1.0,1.0,0.147,0.457,0.284,"[np.float64(631.02475), np.float64(698.819313), np.float64(718.385032), np.float64(736.094783), np.float64(841.09100245)]",,,,,,,,,,,,
PRHPA-Maize_yearly_True_window_8_lags_1_sinusoidal_no_spline,True,8,spline_lags_1_sinusoidal_no,0.656,0.0,527.968,537.3,True,True,False,1.289,0.35,0,1.0,1.008,1.037,1.001,0.99,0.323,0.525,"[np.float64(631.02475), np.float64(691.559625), np.float64(711.869625), np.float64(732.6598), np.float64(802.48324)]",1.046,0.535,,,,,,,,,,
PRHPA-Maize_yearly_True_window_8_lags_2_sinusoidal_no_spline,True,8,spline_lags_2_sinusoidal_no,0.64,0.0,516.138,525.296,True,True,False,1.316,0.375,0,1.0,1.0,1.208,1.03,0.736,0.379,0.886,"[np.float64(631.02475), np.float64(692.511925), np.float64(714.017439), np.float64(735.088525), np.float64(802.4832399999999)]",,,1.238,0.385,,,,,,,,
PRHPA-Maize_yearly_True_window_8_lags_3_sinusoidal_no_spline,True,8,spline_lags_3_sinusoidal_no,0.633,0.0,503.792,512.771,True,True,False,1.183,0.271,0,1.0,1.043,1.006,1.017,0.617,0.348,0.636,"[np.float64(604.7547503000001), np.float64(680.40755), np.float64(708.979875), np.float64(733.97385), np.float64(802.4832399999999)]",,,,,1.066,0.235,,,,,,
PRHPA-Maize_yearly_True_window_8_lags_4_sinusoidal_no_spline,True,8,spline_lags_4_sinusoidal_no,0.644,0.001,488.15,496.944,True,True,True,1.587,-0.101,0,1.0,1.001,1.037,1.006,0.314,0.851,0.035,"[np.float64(594.3149996), np.float64(680.543892), np.float64(710.642375), np.float64(734.783425), np.float64(802.48324)]",,,,,,,1.045,0.262,,,,
PRHPA-Maize_yearly_True_window_8_lags_none_sinusoidal_yes_spline,True,8,spline_lags_none_sinusoidal_yes,0.519,0.002,557.897,568.982,True,True,False,1.108,-0.44,0,1.0,1.031,1.042,1.059,0.16,0.648,0.443,"[np.float64(631.02475), np.float64(698.819313), np.float64(718.385032), np.float64(736.094783), np.float64(841.09100245)]",,,,,,,,,1.079,1.053,0.163,0.909
PRHPA-Maize_yearly_True_window_8_lags_1_sinusoidal_yes_spline,True,8,spline_lags_1_sinusoidal_yes,0.692,0.0,528.078,540.52,True,True,False,1.396,0.376,0,1.0,1.045,1.091,1.011,0.843,0.161,0.534,"[np.float64(631.02475), np.float64(691.559625), np.float64(711.869625), np.float64(732.6598), np.float64(802.48324)]",1.048,0.578,,,,,,,1.055,1.044,0.236,0.204
PRHPA-Maize_yearly_True_window_8_lags_2_sinusoidal_yes_spline,True,8,spline_lags_2_sinusoidal_yes,0.667,0.0,517.579,529.79,True,True,False,1.368,0.316,0,1.0,1.037,1.319,1.092,0.675,0.212,0.852,"[np.float64(631.02475), np.float64(692.511925), np.float64(714.017439), np.float64(735.088525), np.float64(802.4832399999999)]",,,1.269,0.305,,,,,1.112,1.067,0.24,0.423
PRHPA-Maize_yearly_True_window_8_lags_3_sinusoidal_yes_spline,True,8,spline_lags_3_sinusoidal_yes,0.678,0.0,503.458,515.43,True,True,False,1.269,0.033,0,1.0,1.065,1.101,1.08,0.613,0.126,0.323,"[np.float64(604.7547503000001), np.float64(680.40755), np.float64(708.979875), np.float64(733.97385), np.float64(802.4832399999999)]",,,,,1.068,0.112,,,1.035,1.144,0.205,0.168
PRHPA-Maize_yearly_True_window_8_lags_4_sinusoidal_yes_spline,True,8,spline_lags_4_sinusoidal_yes,0.663,0.001,490.392,502.117,True,True,True,1.666,-0.297,0,1.0,1.058,1.209,1.105,0.299,0.483,0.061,"[np.float64(594.3149996), np.float64(680.543892), np.float64(710.642375), np.float64(734.783425), np.float64(802.48324)]",,,,,,,1.052,0.183,1.169,1.151,0.495,0.338
PRHPA-Maize_yearly_False_window_9_lags_none_sinusoidal_no_spline,False,9,spline_lags_none_sinusoidal_no,0.579,0.0,547.209,555.126,True,True,False,0.749,0.252,0,1.0,1.0,1.0,1.0,0.508,0.724,0.703,"[np.float64(634.8336666666667), np.float64(690.027111), np.float64(717.592923), np.float64(742.828668), np.float64(802.4832399999999)]",,,,,,,,,,,,
PRHPA-Maize_yearly_False_window_9_lags_1_sinusoidal_no_spline,False,9,spline_lags_1_sinusoidal_no,0.679,0.0,523.565,532.898,True,True,False,0.947,0.334,0,1.0,1.018,1.127,1.032,0.941,0.718,0.949,"[np.float64(634.8336666666668), np.float64(688.330333), np.float64(715.477674), np.float64(740.879946), np.float64(802.48324)]",1.177,0.704,,,,,,,,,,
PRHPA-Maize_yearly_False_window_9_lags_2_sinusoidal_no_spline,False,9,spline_lags_2_sinusoidal_no,0.701,0.0,507.228,516.386,True,True,False,1.063,0.514,0,1.0,1.019,1.136,1.029,0.757,0.765,0.499,"[np.float64(634.8336666666667), np.float64(691.17534), np.float64(718.106289), np.float64(741.061939), np.float64(802.4832399999999)]",,,1.184,0.875,,,,,,,,
PRHPA-Maize_yearly_False_window_9_lags_3_sinusoidal_no_spline,False,9,spline_lags_3_sinusoidal_no,0.681,0.0,495.203,504.182,True,True,False,1.132,0.274,0,1.0,1.03,1.014,1.0,0.544,0.377,0.039,"[np.float64(634.8336666666667), np.float64(680.323978), np.float64(714.712667), np.float64(735.821444), np.float64(802.4832399999999)]",,,,,1.044,0.167,,,,,,
PRHPA-Maize_yearly_False_window_9_lags_4_sinusoidal_no_spline,False,9,spline_lags_4_sinusoidal_no,0.581,0.001,489.135,497.93,True,True,False,1.138,-0.515,0,1.0,1.008,1.035,1.004,0.321,0.772,0.496,"[np.float64(612.14199952), np.float64(671.867472), np.float64(713.768173), np.float64(737.69375), np.float64(802.48324)]",,,,,,,1.046,0.151,,,,
PRHPA-Maize_yearly_False_window_9_lags_none_sinusoidal_yes_spline,False,9,spline_lags_none_sinusoidal_yes,0.655,0.0,544.033,555.118,True,True,False,0.798,-0.171,0,1.0,1.095,1.002,1.027,0.169,0.694,0.899,"[np.float64(634.8336666666667), np.float64(690.027111), np.float64(717.592923), np.float64(742.828668), np.float64(802.4832399999999)]",,,,,,,,,1.025,1.1,0.345,0.03
PRHPA-Maize_yearly_False_window_9_lags_1_sinusoidal_yes_spline,False,9,spline_lags_1_sinusoidal_yes,0.752,0.0,518.536,530.979,True,True,False,0.996,0.361,0,1.0,1.086,1.136,1.053,0.372,0.665,0.972,"[np.float64(634.8336666666668), np.float64(688.330333), np.float64(715.477674), np.float64(740.879946), np.float64(802.48324)]",1.177,0.652,,,,,,,1.024,1.074,0.845,0.009
PRHPA-Maize_yearly_False_window_9_lags_2_sinusoidal_yes_spline,False,9,spline_lags_2_sinusoidal_yes,0.749,0.0,505.319,517.529,True,True,False,1.148,0.51,0,1.0,1.115,1.148,1.048,0.315,0.751,0.562,"[np.float64(634.8336666666667), np.float64(691.17534), np.float64(718.106289), np.float64(741.061939), np.float64(802.4832399999999)]",,,1.184,0.974,,,,,1.024,1.103,0.732,0.038
PRHPA-Maize_yearly_False_window_9_lags_3_sinusoidal_yes_spline,False,9,spline_lags_3_sinusoidal_yes,0.731,0.0,493.658,505.631,True,True,False,1.23,0.277,0,1.0,1.076,1.095,1.096,0.273,0.168,0.118,"[np.float64(634.8336666666667), np.float64(680.323978), np.float64(714.712667), np.float64(735.821444), np.float64(802.4832399999999)]",,,,,1.048,0.083,,,1.086,1.133,0.653,0.047
PRHPA-Maize_yearly_False_window_9_lags_4_sinusoidal_yes_spline,False,9,spline_lags_4_sinusoidal_yes,0.638,0.001,488.465,500.191,True,True,False,1.175,-0.631,0,1.0,1.093,1.105,1.072,0.173,0.841,0.864,"[np.float64(612.14199952), np.float64(671.867472), np.float64(713.768173), np.float64(737.69375), np.float64(802.48324)]",,,,,,,1.051,0.088,1.043,1.177,0.243,0.132
PRHPA-Maize_yearly_True_window_9_lags_none_sinusoidal_no_spline,True,9,spline_lags_none_sinusoidal_no,0.579,0.0,547.209,555.126,True,True,False,0.749,0.252,0,1.0,1.0,1.0,1.0,0.508,0.724,0.703,"[np.float64(634.8336666666667), np.float64(690.027111), np.float64(717.592923), np.float64(742.828668), np.float64(802.4832399999999)]",,,,,,,,,,,,
PRHPA-Maize_yearly_True_window_9_lags_1_sinusoidal_no_spline,True,9,spline_lags_1_sinusoidal_no,0.679,0.0,523.565,532.898,True,True,False,0.947,0.334,0,1.0,1.018,1.127,1.032,0.941,0.718,0.949,"[np.float64(634.8336666666668), np.float64(688.330333), np.float64(715.477674), np.float64(740.879946), np.float64(802.48324)]",1.177,0.704,,,,,,,,,,
PRHPA-Maize_yearly_True_window_9_lags_2_sinusoidal_no_spline,True,9,spline_lags_2_sinusoidal_no,0.701,0.0,507.228,516.386,True,True,False,1.063,0.514,0,1.0,1.019,1.136,1.029,0.757,0.765,0.499,"[np.float64(634.8336666666667), np.float64(691.17534), np.float64(718.106289), np.float64(741.061939), np.float64(802.4832399999999)]",,,1.184,0.875,,,,,,,,
PRHPA-Maize_yearly_True_window_9_lags_3_sinusoidal_no_spline,True,9,spline_lags_3_sinusoidal_no,0.681,0.0,495.203,504.182,True,True,False,1.132,0.274,0,1.0,1.03,1.014,1.0,0.544,0.377,0.039,"[np.float64(634.8336666666667), np.float64(680.323978), np.float64(714.712667), np.float64(735.821444), np.float64(802.4832399999999)]",,,,,1.044,0.167,,,,,,
PRHPA-Maize_yearly_True_window_9_lags_4_sinusoidal_no_spline,True,9,spline_lags_4_sinusoidal_no,0.581,0.001,489.135,497.93,True,True,False,1.138,-0.515,0,1.0,1.008,1.035,1.004,0.321,0.772,0.496,"[np.float64(612.14199952), np.float64(671.867472), np.float64(713.768173), np.float64(737.69375), np.float64(802.48324)]",,,,,,,1.046,0.151,,,,
PRHPA-Maize_yearly_True_window_9_lags_none_sinusoidal_yes_spline,True,9,spline_lags_none_sinusoidal_yes,0.655,0.0,544.033,555.118,True,True,False,0.798,-0.171,0,1.0,1.095,1.002,1.027,0.169,0.694,0.899,"[np.float64(634.8336666666667), np.float64(690.027111), np.float64(717.592923), np.float64(742.828668), np.float64(802.4832399999999)]",,,,,,,,,1.025,1.1,0.345,0.03
PRHPA-Maize_yearly_True_window_9_lags_1_sinusoidal_yes_spline,True,9,spline_lags_1_sinusoidal_yes,0.752,0.0,518.536,530.979,True,True,False,0.996,0.361,0,1.0,1.086,1.136,1.053,0.372,0.665,0.972,"[np.float64(634.8336666666668), np.float64(688.330333), np.float64(715.477674), np.float64(740.879946), np.float64(802.48324)]",1.177,0.652,,,,,,,1.024,1.074,0.845,0.009
PRHPA-Maize_yearly_True_window_9_lags_2_sinusoidal_yes_spline,True,9,spline_lags_2_sinusoidal_yes,0.749,0.0,505.319,517.529,True,True,False,1.148,0.51,0,1.0,1.115,1.148,1.048,0.315,0.751,0.562,"[np.float64(634.8336666666667), np.float64(691.17534), np.float64(718.106289), np.float64(741.061939), np.float64(802.4832399999999)]",,,1.184,0.974,,,,,1.024,1.103,0.732,0.038
PRHPA-Maize_yearly_True_window_9_lags_3_sinusoidal_yes_spline,True,9,spline_lags_3_sinusoidal_yes,0.731,0.0,493.658,505.631,True,True,False,1.23,0.277,0,1.0,1.076,1.095,1.096,0.273,0.168,0.118,"[np.float64(634.8336666666667), np.float64(680.323978), np.float64(714.712667), np.float64(735.821444), np.float64(802.4832399999999)]",,,,,1.048,0.083,,,1.086,1.133,0.653,0.047
PRHPA-Maize_yearly_True_window_9_lags_4_sinusoidal_yes_spline,True,9,spline_lags_4_sinusoidal_yes,0.638,0.001,488.465,500.191,True,True,False,1.175,-0.631,0,1.0,1.093,1.105,1.072,0.173,0.841,0.864,"[np.float64(612.14199952), np.float64(671.867472), np.float64(713.768173), np.float64(737.69375), np.float64(802.48324)]",,,,,,,1.051,0.088,1.043,1.177,0.243,0.132
PRHPA-Maize_yearly_False_window_10_lags_none_sinusoidal_no_spline,False,10,spline_lags_none_sinusoidal_no,0.522,0.0,542.067,549.985,True,True,False,0.873,-1.436,0,1.0,1.0,1.0,1.0,0.939,0.924,0.288,"[np.float64(633.1432), np.float64(680.5419), np.float64(710.685125), np.float64(729.978401), np.float64(797.3405333333334)]",,,,,,,,,,,,
PRHPA-Maize_yearly_False_window_10_lags_1_sinusoidal_no_spline,False,10,spline_lags_1_sinusoidal_no,0.635,0.0,520.051,529.383,True,True,False,0.867,0.48,0,1.0,1.0,1.057,1.0,0.501,0.763,0.749,"[np.float64(633.1432), np.float64(693.092017), np.float64(710.74521), np.float64(733.710845), np.float64(797.3405333333334)]",1.057,0.513,,,,,,,,,,
PRHPA-Maize_yearly_False_window_10_lags_2_sinusoidal_no_spline,False,10,spline_lags_2_sinusoidal_no,0.686,0.0,499.937,509.095,True,True,False,1.119,0.52,0,1.0,1.001,1.058,1.014,0.634,0.728,0.115,"[np.float64(633.1432), np.float64(686.513602), np.float64(709.20666), np.float64(724.97757), np.float64(797.3405333333334)]",,,1.073,0.481,,,,,,,,
PRHPA-Maize_yearly_False_window_10_lags_3_sinusoidal_no_spline,False,10,spline_lags_3_sinusoidal_no,0.643,0.0,489.879,498.858,True,True,False,0.953,0.555,0,1.0,1.043,1.003,1.001,0.67,0.418,0.036,"[np.float64(633.1432), np.float64(684.62028), np.float64(708.979875), np.float64(725.7545), np.float64(797.3405333333334)]",,,,,1.047,0.055,,,,,,
PRHPA-Maize_yearly_False_window_10_lags_4_sinusoidal_no_spline,False,10,spline_lags_4_sinusoidal_no,0.561,0.0,481.661,490.455,True,True,False,1.021,-0.086,0,1.0,1.045,1.046,1.0,0.948,0.778,0.649,"[np.float64(612.14199952), np.float64(673.6922), np.float64(706.4579), np.float64(723.28353), np.float64(797.3405333333334)]",,,,,,,1.091,0.023,,,,
PRHPA-Maize_yearly_False_window_10_lags_none_sinusoidal_yes_spline,False,10,spline_lags_none_sinusoidal_yes,0.636,0.0,536.287,547.372,True,True,False,0.925,-1.984,0,1.0,1.109,1.0,1.006,0.358,0.75,0.303,"[np.float64(633.1432), np.float64(680.5419), np.float64(710.685125), np.float64(729.978401), np.float64(797.3405333333334)]",,,,,,,,,1.058,1.058,0.035,0.057
PRHPA-Maize_yearly_False_window_10_lags_1_sinusoidal_yes_spline,False,10,spline_lags_1_sinusoidal_yes,0.763,0.0,508.98,521.422,True,True,False,0.869,0.633,0,1.0,1.127,1.061,1.025,0.489,0.924,0.707,"[np.float64(633.1432), np.float64(693.092017), np.float64(710.74521), np.float64(733.710845), np.float64(797.3405333333334)]",1.057,0.268,,,,,,,1.1,1.057,0.027,0.005
PRHPA-Maize_yearly_False_window_10_lags_2_sinusoidal_yes_spline,False,10,spline_lags_2_sinusoidal_yes,0.775,0.0,492.593,504.804,True,True,False,1.209,0.589,0,1.0,1.156,1.059,1.047,0.406,0.917,0.197,"[np.float64(633.1432), np.float64(686.513602), np.float64(709.20666), np.float64(724.97757), np.float64(797.3405333333334)]",,,1.074,0.216,,,,,1.142,1.046,0.026,0.023
PRHPA-Maize_yearly_False_window_10_lags_3_sinusoidal_yes_spline,False,10,spline_lags_3_sinusoidal_yes,0.739,0.0,483.606,495.578,True,True,False,1.068,0.594,0,1.0,1.137,1.065,1.057,0.668,0.21,0.089,"[np.float64(633.1432), np.float64(684.62028), np.float64(708.979875), np.float64(725.7545), np.float64(797.3405333333334)]",,,,,1.052,0.017,,,1.095,1.112,0.013,0.134
PRHPA-Maize_yearly_False_window_10_lags_4_sinusoidal_yes_spline,False,10,spline_lags_4_sinusoidal_yes,0.664,0.0,477.139,488.865,True,True,False,1.173,0.2,0,1.0,1.187,1.184,1.075,0.604,0.925,0.819,"[np.float64(612.14199952), np.float64(673.6922), np.float64(706.4579), np.float64(723.28353), np.float64(797.3405333333334)]",,,,,,,1.114,0.013,1.063,1.27,0.013,0.596
PRHPA-Maize_yearly_True_window_10_lags_none_sinusoidal_no_spline,True,10,spline_lags_none_sinusoidal_no,0.522,0.0,542.067,549.985,True,True,False,0.873,-1.436,0,1.0,1.0,1.0,1.0,0.939,0.924,0.288,"[np.float64(633.1432), np.float64(680.5419), np.float64(710.685125), np.float64(729.978401), np.float64(797.3405333333334)]",,,,,,,,,,,,
PRHPA-Maize_yearly_True_window_10_lags_1_sinusoidal_no_spline,True,10,spline_lags_1_sinusoidal_no,0.635,0.0,520.051,529.383,True,True,False,0.867,0.48,0,1.0,1.0,1.057,1.0,0.501,0.763,0.749,"[np.float64(633.1432), np.float64(693.092017), np.float64(710.74521), np.float64(733.710845), np.float64(797.3405333333334)]",1.057,0.513,,,,,,,,,,
PRHPA-Maize_yearly_True_window_10_lags_2_sinusoidal_no_spline,True,10,spline_lags_2_sinusoidal_no,0.686,0.0,499.937,509.095,True,True,False,1.119,0.52,0,1.0,1.001,1.058,1.014,0.634,0.728,0.115,"[np.float64(633.1432), np.float64(686.513602), np.float64(709.20666), np.float64(724.97757), np.float64(797.3405333333334)]",,,1.073,0.481,,,,,,,,
PRHPA-Maize_yearly_True_window_10_lags_3_sinusoidal_no_spline,True,10,spline_lags_3_sinusoidal_no,0.643,0.0,489.879,498.858,True,True,False,0.953,0.555,0,1.0,1.043,1.003,1.001,0.67,0.418,0.036,"[np.float64(633.1432), np.float64(684.62028), np.float64(708.979875), np.float64(725.7545), np.float64(797.3405333333334)]",,,,,1.047,0.055,,,,,,
PRHPA-Maize_yearly_True_window_10_lags_4_sinusoidal_no_spline,True,10,spline_lags_4_sinusoidal_no,0.561,0.0,481.661,490.455,True,True,False,1.021,-0.086,0,1.0,1.045,1.046,1.0,0.948,0.778,0.649,"[np.float64(612.14199952), np.float64(673.6922), np.float64(706.4579), np.float64(723.28353), np.float64(797.3405333333334)]",,,,,,,1.091,0.023,,,,
PRHPA-Maize_yearly_True_window_10_lags_none_sinusoidal_yes_spline,True,10,spline_lags_none_sinusoidal_yes,0.636,0.0,536.287,547.372,True,True,False,0.925,-1.984,0,1.0,1.109,1.0,1.006,0.358,0.75,0.303,"[np.float64(633.1432), np.float64(680.5419), np.float64(710.685125), np.float64(729.978401), np.float64(797.3405333333334)]",,,,,,,,,1.058,1.058,0.035,0.057
PRHPA-Maize_yearly_True_window_10_lags_1_sinusoidal_yes_spline,True,10,spline_lags_1_sinusoidal_yes,0.763,0.0,508.98,521.422,True,True,False,0.869,0.633,0,1.0,1.127,1.061,1.025,0.489,0.924,0.707,"[np.float64(633.1432), np.float64(693.092017), np.float64(710.74521), np.float64(733.710845), np.float64(797.3405333333334)]",1.057,0.268,,,,,,,1.1,1.057,0.027,0.005
PRHPA-Maize_yearly_True_window_10_lags_2_sinusoidal_yes_spline,True,10,spline_lags_2_sinusoidal_yes,0.775,0.0,492.593,504.804,True,True,False,1.209,0.589,0,1.0,1.156,1.059,1.047,0.406,0.917,0.197,"[np.float64(633.1432), np.float64(686.513602), np.float64(709.20666), np.float64(724.97757), np.float64(797.3405333333334)]",,,1.074,0.216,,,,,1.142,1.046,0.026,0.023
PRHPA-Maize_yearly_True_window_10_lags_3_sinusoidal_yes_spline,True,10,spline_lags_3_sinusoidal_yes,0.739,0.0,483.606,495.578,True,True,False,1.068,0.594,0,1.0,1.137,1.065,1.057,0.668,0.21,0.089,"[np.float64(633.1432), np.float64(684.62028), np.float64(708.979875), np.float64(725.7545), np.float64(797.3405333333334)]",,,,,1.052,0.017,,,1.095,1.112,0.013,0.134
PRHPA-Maize_yearly_True_window_10_lags_4_sinusoidal_yes_spline,True,10,spline_lags_4_sinusoidal_yes,0.664,0.0,477.139,488.865,True,True,False,1.173,0.2,0,1.0,1.187,1.184,1.075,0.604,0.925,0.819,"[np.float64(612.14199952), np.float64(673.6922), np.float64(706.4579), np.float64(723.28353), np.float64(797.3405333333334)]",,,,,,,1.114,0.013,1.063,1.27,0.013,0.596
