analysis_name,yearly_aggregate,window_size,config_type,r_squared,p_value,aic,bic,is_normal,is_homoscedastic,no_autocorrelation,durbin_watson,cv_r2_score,cv_r2_std,vif_PPT,vif_segment,p_value_segment,breakpoint,vif_ortho_sin_cycle,vif_ortho_cos_cycle,p_value_sin,p_value_cos
PRHPA_yearly_False_window_1_lags_none_sinusoidal_no_piecewise,False,1,piecewise_lags_none_sinusoidal_no,0.04,0.071,1783.841,1791.34,False,True,False,3.072,-0.055,0,1.452,1.452,0.284,829.4821828282829,,,,
PRHPA_yearly_False_window_1_lags_none_sinusoidal_yes_piecewise,False,1,piecewise_lags_none_sinusoidal_yes,0.072,0.083,1784.744,1797.243,False,True,False,3.165,-0.135,0,1.464,1.492,0.35,829.4821828282829,1.0,1.027,0.126,0.456
PRHPA_yearly_True_window_1_lags_none_sinusoidal_no_piecewise,True,1,piecewise_lags_none_sinusoidal_no,0.252,0.006,638.915,643.666,True,True,True,1.545,0.195,0,1.696,1.696,0.114,762.8148097643098,,,,
PRHPA_yearly_True_window_1_lags_none_sinusoidal_yes_piecewise,True,1,piecewise_lags_none_sinusoidal_yes,0.501,0.002,628.374,636.292,True,True,True,2.305,0.393,0,1.712,1.734,0.103,762.8148097643098,1.003,1.02,0.001,0.091
PRHPA_yearly_False_window_2_lags_none_sinusoidal_no_piecewise,False,2,piecewise_lags_none_sinusoidal_no,0.135,0.001,1650.346,1657.845,False,True,True,1.955,0.057,0,1.391,1.391,0.071,835.5731191919192,,,,
PRHPA_yearly_False_window_2_lags_none_sinusoidal_yes_piecewise,False,2,piecewise_lags_none_sinusoidal_yes,0.256,0.001,1640.737,1653.236,False,True,True,2.266,0.173,0,1.404,1.436,0.101,835.5731191919192,1.0,1.032,0.001,0.094
PRHPA_yearly_True_window_2_lags_none_sinusoidal_no_piecewise,True,2,piecewise_lags_none_sinusoidal_no,0.318,0.0,620.068,624.818,True,True,False,0.725,0.222,0,1.163,1.163,0.154,896.8285032,,,,
PRHPA_yearly_True_window_2_lags_none_sinusoidal_yes_piecewise,True,2,piecewise_lags_none_sinusoidal_yes,0.709,0.0,593.409,601.327,False,True,False,1.444,0.692,0,1.167,1.187,0.13,896.8285032,1.008,1.013,0.0,0.001
PRHPA_yearly_False_window_3_lags_none_sinusoidal_no_piecewise,False,3,piecewise_lags_none_sinusoidal_no,0.202,0.001,1590.072,1597.571,False,True,False,1.453,0.101,0,2.049,2.049,0.061,710.1913444444446,,,,
PRHPA_yearly_False_window_3_lags_none_sinusoidal_yes_piecewise,False,3,piecewise_lags_none_sinusoidal_yes,0.412,0.001,1566.587,1579.086,False,False,True,2.028,0.284,0,2.145,2.236,0.158,710.1913444444446,1.0,1.091,0.0,0.02
PRHPA_yearly_True_window_3_lags_none_sinusoidal_no_piecewise,True,3,piecewise_lags_none_sinusoidal_no,0.365,0.0,606.28,611.03,True,True,False,0.717,0.293,0,1.381,1.381,0.016,823.1879115954546,,,,
PRHPA_yearly_True_window_3_lags_none_sinusoidal_yes_piecewise,True,3,piecewise_lags_none_sinusoidal_yes,0.779,0.0,572.261,580.179,True,True,False,1.339,0.735,0,1.457,1.655,0.09,823.1879115954546,1.027,1.171,0.0,0.004
PRHPA_yearly_False_window_4_lags_none_sinusoidal_no_piecewise,False,4,piecewise_lags_none_sinusoidal_no,0.25,0.0,1572.066,1579.566,True,True,False,1.222,0.245,0,1.105,1.105,0.005,902.8785250000001,,,,
PRHPA_yearly_False_window_4_lags_none_sinusoidal_yes_piecewise,False,4,piecewise_lags_none_sinusoidal_yes,0.482,0.0,1542.748,1555.247,True,True,True,1.791,0.467,0,1.107,1.13,0.007,902.8785250000001,1.006,1.017,0.0,0.001
PRHPA_yearly_True_window_4_lags_none_sinusoidal_no_piecewise,True,4,piecewise_lags_none_sinusoidal_no,0.333,0.0,597.549,602.3,True,True,False,0.494,0.252,0,1.617,1.617,0.01,758.865113581734,,,,
PRHPA_yearly_True_window_4_lags_none_sinusoidal_yes_piecewise,True,4,piecewise_lags_none_sinusoidal_yes,0.821,0.0,554.201,562.119,True,False,False,1.012,0.742,0,1.774,2.028,0.132,758.865113581734,1.013,1.241,0.0,0.0
PRHPA_yearly_False_window_5_lags_none_sinusoidal_no_piecewise,False,5,piecewise_lags_none_sinusoidal_no,0.242,0.0,1560.649,1568.148,True,True,False,1.329,0.203,0,1.199,1.199,0.009,853.5724971354343,,,,
PRHPA_yearly_False_window_5_lags_none_sinusoidal_yes_piecewise,False,5,piecewise_lags_none_sinusoidal_yes,0.503,0.0,1526.664,1539.163,True,True,True,1.991,0.422,0,1.21,1.263,0.025,853.5724971354343,1.005,1.048,0.0,0.001
PRHPA_yearly_True_window_5_lags_none_sinusoidal_no_piecewise,True,5,piecewise_lags_none_sinusoidal_no,0.187,0.017,597.009,601.76,False,True,False,0.275,0.059,0,1.845,1.845,0.084,710.7483907781818,,,,
PRHPA_yearly_True_window_5_lags_none_sinusoidal_yes_piecewise,True,5,piecewise_lags_none_sinusoidal_yes,0.862,0.024,537.278,545.196,True,True,False,0.812,0.768,0,2.12,2.447,0.594,710.7483907781818,1.015,1.311,0.0,0.0
PRHPA_yearly_False_window_6_lags_none_sinusoidal_no_piecewise,False,6,piecewise_lags_none_sinusoidal_no,0.339,0.0,1513.57,1521.069,False,False,False,0.351,0.306,0,1.832,1.832,0.0,747.9258525238722,,,,
PRHPA_yearly_False_window_6_lags_none_sinusoidal_yes_piecewise,False,6,piecewise_lags_none_sinusoidal_yes,0.687,0.0,1450.352,1462.851,True,False,False,0.632,0.65,0,1.983,2.164,0.01,747.9258525238722,1.001,1.18,0.0,0.0
PRHPA_yearly_True_window_6_lags_none_sinusoidal_no_piecewise,True,6,piecewise_lags_none_sinusoidal_no,0.153,0.046,594.289,599.039,False,True,False,0.184,0.054,0,3.093,3.093,0.091,659.783770459596,,,,
PRHPA_yearly_True_window_6_lags_none_sinusoidal_yes_piecewise,True,6,piecewise_lags_none_sinusoidal_yes,0.864,0.089,532.368,540.285,True,False,False,0.768,0.756,0,4.248,4.8,0.695,659.783770459596,1.01,1.542,0.0,0.0
PRHPA_yearly_False_window_7_lags_none_sinusoidal_no_piecewise,False,7,piecewise_lags_none_sinusoidal_no,0.293,0.0,1526.76,1534.259,True,True,False,1.047,0.252,0,1.971,1.971,0.0,720.3403532186725,,,,
PRHPA_yearly_False_window_7_lags_none_sinusoidal_yes_piecewise,False,7,piecewise_lags_none_sinusoidal_yes,0.586,0.0,1482.654,1495.153,True,True,True,1.792,0.546,0,2.198,2.432,0.067,720.3403532186725,1.005,1.23,0.0,0.002
PRHPA_yearly_True_window_7_lags_none_sinusoidal_no_piecewise,True,7,piecewise_lags_none_sinusoidal_no,0.118,0.056,591.822,596.572,False,True,False,0.158,0.009,0,3.049,3.049,0.089,670.6124962000962,,,,
PRHPA_yearly_True_window_7_lags_none_sinusoidal_yes_piecewise,True,7,piecewise_lags_none_sinusoidal_yes,0.878,0.154,524.649,532.567,True,False,False,0.509,0.783,0,4.468,5.161,0.75,670.6124962000962,1.003,1.689,0.0,0.0
