analysis_name,yearly_aggregate,window_size,config_type,r_squared,p_value,aic,bic,is_normal,is_homoscedastic,no_autocorrelation,durbin_watson,cv_r2_score,cv_r2_std,vif_PPT,vif_spline_0,vif_spline_1,vif_spline_2,p_value_spline_0,p_value_spline_1,p_value_spline_2,knots,vif_ortho_PPT_lag1,p_value_lag1,vif_ortho_PPT_lag2,p_value_lag2,vif_ortho_PPT_lag3,p_value_lag3,vif_ortho_PPT_lag4,p_value_lag4,vif_ortho_PPT_lag5,p_value_lag5,vif_ortho_sin_cycle,vif_ortho_cos_cycle,p_value_sin,p_value_cos
PRPHA-Cluster_2_yearly_False_window_1_lags_none_sinusoidal_no_spline,False,1,spline_lags_none_sinusoidal_no,0.058,0.646,565.083,572.565,False,True,False,1.211,-1.12,0,1.0,1.0,1.0,1.0,0.361,0.925,0.579,"[np.float64(424.181), np.float64(621.3736), np.float64(698.1906), np.float64(790.195001), np.float64(1003.375)]",,,,,,,,,,,,,,
PRPHA-Cluster_2_yearly_False_window_1_lags_1_sinusoidal_no_spline,False,1,spline_lags_1_sinusoidal_no,0.062,0.594,551.09,559.884,False,True,False,1.267,-1.335,0,1.0,1.027,1.048,1.069,0.347,0.788,0.929,"[np.float64(424.181), np.float64(584.12575), np.float64(684.5662), np.float64(777.27475), np.float64(1003.375)]",1.144,0.607,,,,,,,,,,,,
PRPHA-Cluster_2_yearly_False_window_1_lags_2_sinusoidal_no_spline,False,1,spline_lags_2_sinusoidal_no,0.078,0.603,534.131,542.735,True,True,False,1.244,-2.383,0,1.0,1.282,1.007,1.022,0.337,0.985,0.55,"[np.float64(424.181), np.float64(578.1815), np.float64(649.1155), np.float64(765.019499), np.float64(1003.375)]",,,1.311,0.519,,,,,,,,,,
PRPHA-Cluster_2_yearly_False_window_1_lags_3_sinusoidal_no_spline,False,1,spline_lags_3_sinusoidal_no,0.201,0.34,513.926,522.333,True,True,False,1.185,-0.831,0,1.0,1.048,1.062,1.021,0.375,0.713,0.184,"[np.float64(424.181), np.float64(620.51245), np.float64(680.4058), np.float64(768.34925), np.float64(1003.375)]",,,,,1.13,0.077,,,,,,,,
PRPHA-Cluster_2_yearly_False_window_1_lags_4_sinusoidal_no_spline,False,1,spline_lags_4_sinusoidal_no,0.115,0.541,500.616,508.82,True,True,False,1.498,-0.873,0,1.0,1.056,1.046,1.001,0.299,0.538,0.66,"[np.float64(424.181), np.float64(593.501999), np.float64(665.785), np.float64(771.679), np.float64(1003.375)]",,,,,,,1.104,0.315,,,,,,
PRPHA-Cluster_2_yearly_False_window_1_lags_5_sinusoidal_no_spline,False,1,spline_lags_5_sinusoidal_no,0.162,0.438,482.45,490.444,True,True,False,1.479,-1.497,0,1.0,1.05,1.039,1.002,0.464,0.417,0.578,"[np.float64(424.181), np.float64(619.6513), np.float64(698.1906), np.float64(777.27475), np.float64(1003.375)]",,,,,,,,,1.092,0.212,,,,
PRPHA-Cluster_2_yearly_False_window_1_lags_none_sinusoidal_yes_spline,False,1,spline_lags_none_sinusoidal_yes,0.211,0.729,563.232,573.707,True,False,False,1.32,-0.858,0,1.0,1.062,1.031,1.037,0.571,0.631,0.518,"[np.float64(424.181), np.float64(621.3736), np.float64(698.1906), np.float64(790.195001), np.float64(1003.375)]",,,,,,,,,,,1.075,1.055,0.6,0.039
PRPHA-Cluster_2_yearly_False_window_1_lags_1_sinusoidal_yes_spline,False,1,spline_lags_1_sinusoidal_yes,0.223,0.523,549.038,560.764,True,False,False,1.458,-1.028,0,1.0,1.125,1.066,1.145,0.66,0.635,0.962,"[np.float64(424.181), np.float64(584.12575), np.float64(684.5662), np.float64(777.27475), np.float64(1003.375)]",1.146,0.571,,,,,,,,,1.132,1.057,0.635,0.041
PRPHA-Cluster_2_yearly_False_window_1_lags_2_sinusoidal_yes_spline,False,1,spline_lags_2_sinusoidal_yes,0.287,0.282,530.179,541.651,True,True,False,1.409,-1.404,0,1.0,1.46,1.009,1.055,0.628,0.727,0.86,"[np.float64(424.181), np.float64(578.1815), np.float64(649.1155), np.float64(765.019499), np.float64(1003.375)]",,,1.35,0.35,,,,,,,1.134,1.041,0.704,0.021
PRPHA-Cluster_2_yearly_False_window_1_lags_3_sinusoidal_yes_spline,False,1,spline_lags_3_sinusoidal_yes,0.279,0.502,514.838,526.047,True,True,False,1.277,-0.984,0,1.0,1.158,1.076,1.109,0.715,0.659,0.359,"[np.float64(424.181), np.float64(620.51245), np.float64(680.4058), np.float64(768.34925), np.float64(1003.375)]",,,,,1.133,0.121,,,,,1.06,1.15,0.38,0.24
PRPHA-Cluster_2_yearly_False_window_1_lags_4_sinusoidal_yes_spline,False,1,spline_lags_4_sinusoidal_yes,0.236,0.97,500.364,511.302,True,True,False,1.464,-2.695,0,1.0,1.172,1.057,1.008,0.757,0.631,0.74,"[np.float64(424.181), np.float64(593.501999), np.float64(665.785), np.float64(771.679), np.float64(1003.375)]",,,,,,,1.107,0.583,,,1.075,1.055,0.415,0.11
PRPHA-Cluster_2_yearly_False_window_1_lags_5_sinusoidal_yes_spline,False,1,spline_lags_5_sinusoidal_yes,0.264,0.637,482.831,493.489,True,True,True,1.567,-1.416,0,1.0,1.136,1.059,1.086,0.764,0.475,0.561,"[np.float64(424.181), np.float64(619.6513), np.float64(698.1906), np.float64(777.27475), np.float64(1003.375)]",,,,,,,,,1.095,0.298,1.112,1.075,0.617,0.126
PRPHA-Cluster_2_yearly_True_window_1_lags_none_sinusoidal_no_spline,True,1,spline_lags_none_sinusoidal_no,0.036,0.788,491.058,497.894,True,True,False,0.629,-0.719,0,1.0,1.0,1.0,1.0,0.472,0.846,0.744,"[np.float64(433.706), np.float64(640.1248), np.float64(714.1014), np.float64(790.195001), np.float64(1003.375)]",,,,,,,,,,,,,,
PRPHA-Cluster_2_yearly_True_window_1_lags_1_sinusoidal_no_spline,True,1,spline_lags_1_sinusoidal_no,0.081,0.941,476.067,484.061,True,True,False,0.764,-15.658,0,1.0,1.048,1.031,1.036,0.492,0.717,0.331,"[np.float64(433.706), np.float64(625.80245), np.float64(698.1906), np.float64(790.695625), np.float64(1003.375)]",1.114,0.648,,,,,,,,,,,,
PRPHA-Cluster_2_yearly_True_window_1_lags_2_sinusoidal_no_spline,True,1,spline_lags_2_sinusoidal_no,0.108,0.726,459.026,466.801,True,True,False,0.74,-0.577,0,1.0,1.21,1.001,1.041,0.64,0.612,0.181,"[np.float64(433.706), np.float64(592.8156), np.float64(665.785), np.float64(773.96675), np.float64(1003.375)]",,,1.251,0.586,,,,,,,,,,
PRPHA-Cluster_2_yearly_True_window_1_lags_3_sinusoidal_no_spline,True,1,spline_lags_3_sinusoidal_no,0.238,0.261,439.291,446.839,True,True,False,0.859,-2.268,0,1.0,1.008,1.179,1.012,0.35,0.979,0.138,"[np.float64(433.706), np.float64(638.07875), np.float64(692.887), np.float64(781.770125), np.float64(1003.375)]",,,,,1.199,0.068,,,,,,,,
PRPHA-Cluster_2_yearly_True_window_1_lags_4_sinusoidal_no_spline,True,1,spline_lags_4_sinusoidal_no,0.199,0.389,424.437,431.75,True,True,False,1.048,-3.262,0,1.0,1.002,1.04,1.003,0.306,0.502,0.168,"[np.float64(433.706), np.float64(648.4818), np.float64(703.4942), np.float64(789.5735), np.float64(1003.375)]",,,,,,,1.045,0.207,,,,,,
PRPHA-Cluster_2_yearly_True_window_1_lags_5_sinusoidal_no_spline,True,1,spline_lags_5_sinusoidal_no,0.146,0.561,409.499,416.567,True,True,False,0.82,-1.486,0,1.0,1.01,1.05,1.003,0.371,0.574,0.541,"[np.float64(433.706), np.float64(644.2169), np.float64(714.1014), np.float64(832.8092), np.float64(1003.375)]",,,,,,,,,1.063,0.277,,,,
PRPHA-Cluster_2_yearly_True_window_1_lags_none_sinusoidal_yes_spline,True,1,spline_lags_none_sinusoidal_yes,0.263,0.858,487.262,496.833,True,True,False,0.839,-0.865,0,1.0,1.016,1.015,1.047,0.539,0.6,0.374,"[np.float64(433.706), np.float64(640.1248), np.float64(714.1014), np.float64(790.195001), np.float64(1003.375)]",,,,,,,,,,,1.017,1.061,0.5,0.02
PRPHA-Cluster_2_yearly_True_window_1_lags_1_sinusoidal_yes_spline,True,1,spline_lags_1_sinusoidal_yes,0.256,0.996,474.177,484.834,True,True,False,0.85,-12.483,0,1.0,1.082,1.039,1.151,0.643,0.611,0.505,"[np.float64(433.706), np.float64(625.80245), np.float64(698.1906), np.float64(790.695625), np.float64(1003.375)]",1.122,0.699,,,,,,,,,1.077,1.073,0.471,0.075
PRPHA-Cluster_2_yearly_True_window_1_lags_2_sinusoidal_yes_spline,True,1,spline_lags_2_sinusoidal_yes,0.307,0.818,456.197,466.564,True,True,False,0.823,-0.095,0,1.0,1.295,1.005,1.137,0.814,0.912,0.459,"[np.float64(433.706), np.float64(592.8156), np.float64(665.785), np.float64(773.96675), np.float64(1003.375)]",,,1.274,0.924,,,,,,,1.084,1.078,0.464,0.066
PRPHA-Cluster_2_yearly_True_window_1_lags_3_sinusoidal_yes_spline,True,1,spline_lags_3_sinusoidal_yes,0.306,0.624,440.857,450.922,True,True,False,0.835,-2.55,0,1.0,1.066,1.223,1.221,0.619,0.909,0.458,"[np.float64(433.706), np.float64(638.07875), np.float64(692.887), np.float64(781.770125), np.float64(1003.375)]",,,,,1.21,0.212,,,,,1.051,1.25,0.567,0.251
PRPHA-Cluster_2_yearly_True_window_1_lags_4_sinusoidal_yes_spline,True,1,spline_lags_4_sinusoidal_yes,0.332,0.98,423.899,433.65,True,True,False,0.939,-3.24,0,1.0,1.058,1.048,1.02,0.665,0.737,0.277,"[np.float64(433.706), np.float64(648.4818), np.float64(703.4942), np.float64(789.5735), np.float64(1003.375)]",,,,,,,1.045,0.616,,,1.037,1.045,0.465,0.095
PRPHA-Cluster_2_yearly_True_window_1_lags_5_sinusoidal_yes_spline,True,1,spline_lags_5_sinusoidal_yes,0.307,0.703,408.477,417.901,True,True,False,0.883,-4.166,0,1.0,1.052,1.084,1.036,0.598,0.621,0.577,"[np.float64(433.706), np.float64(644.2169), np.float64(714.1014), np.float64(832.8092), np.float64(1003.375)]",,,,,,,,,1.064,0.334,1.06,1.048,0.497,0.091
PRPHA-Cluster_2_yearly_False_window_2_lags_none_sinusoidal_no_spline,False,2,spline_lags_none_sinusoidal_no,0.077,0.447,552.637,560.119,True,True,False,0.641,-0.562,0,1.0,1.0,1.0,1.0,0.411,0.379,0.99,"[np.float64(433.706), np.float64(612.4418), np.float64(688.7824), np.float64(779.2211), np.float64(974.0645)]",,,,,,,,,,,,,,
PRPHA-Cluster_2_yearly_False_window_2_lags_1_sinusoidal_no_spline,False,2,spline_lags_1_sinusoidal_no,0.139,0.178,537.596,546.391,False,True,False,0.672,-0.828,0,1.0,1.003,1.006,1.087,0.499,0.224,0.383,"[np.float64(433.706), np.float64(627.8234), np.float64(699.310999), np.float64(798.009901), np.float64(974.0645)]",1.096,0.233,,,,,,,,,,,,
PRPHA-Cluster_2_yearly_False_window_2_lags_2_sinusoidal_no_spline,False,2,spline_lags_2_sinusoidal_no,0.067,0.511,523.608,532.212,True,True,False,0.59,-0.355,0,1.0,1.156,1.006,1.02,0.454,0.487,0.696,"[np.float64(433.706), np.float64(578.1815), np.float64(675.930999), np.float64(763.576), np.float64(974.0645)]",,,1.182,0.675,,,,,,,,,,
PRPHA-Cluster_2_yearly_False_window_2_lags_3_sinusoidal_no_spline,False,2,spline_lags_3_sinusoidal_no,0.141,0.859,505.958,514.365,True,True,False,0.619,-0.956,0,1.0,1.046,1.05,1.001,0.442,0.505,0.422,"[np.float64(433.706), np.float64(615.839275), np.float64(696.896), np.float64(779.97675), np.float64(974.0645)]",,,,,1.097,0.305,,,,,,,,
PRPHA-Cluster_2_yearly_False_window_2_lags_4_sinusoidal_no_spline,False,2,spline_lags_4_sinusoidal_no,0.262,0.224,485.454,493.657,True,True,False,0.758,-10.371,0,1.0,1.1,1.136,1.023,0.235,0.687,0.233,"[np.float64(433.706), np.float64(610.7572), np.float64(677.6085), np.float64(772.4449), np.float64(974.0645)]",,,,,,,1.26,0.046,,,,,,
PRPHA-Cluster_2_yearly_False_window_2_lags_5_sinusoidal_no_spline,False,2,spline_lags_5_sinusoidal_no,0.177,0.592,472.894,480.888,True,True,False,0.677,-0.352,0,1.0,1.071,1.076,1.0,0.362,0.977,0.876,"[np.float64(433.706), np.float64(615.82985), np.float64(702.329749), np.float64(776.87935), np.float64(974.0645)]",,,,,,,,,1.147,0.209,,,,
PRPHA-Cluster_2_yearly_False_window_2_lags_none_sinusoidal_yes_spline,False,2,spline_lags_none_sinusoidal_yes,0.26,0.602,549.356,559.832,True,True,False,0.676,-0.665,0,1.0,1.082,1.099,1.151,0.477,0.788,0.514,"[np.float64(433.706), np.float64(612.4418), np.float64(688.7824), np.float64(779.2211), np.float64(974.0645)]",,,,,,,,,,,1.219,1.113,0.327,0.028
PRPHA-Cluster_2_yearly_False_window_2_lags_1_sinusoidal_yes_spline,False,2,spline_lags_1_sinusoidal_yes,0.344,0.113,532.872,544.598,True,True,False,0.762,-0.021,0,1.0,1.059,1.081,1.105,0.606,0.355,0.517,"[np.float64(433.706), np.float64(627.8234), np.float64(699.310999), np.float64(798.009901), np.float64(974.0645)]",1.099,0.204,,,,,,,,,1.062,1.084,0.633,0.014
PRPHA-Cluster_2_yearly_False_window_2_lags_2_sinusoidal_yes_spline,False,2,spline_lags_2_sinusoidal_yes,0.321,0.234,517.772,529.244,True,True,False,0.669,-0.019,0,1.0,1.274,1.075,1.034,0.647,0.417,0.987,"[np.float64(433.706), np.float64(578.1815), np.float64(675.930999), np.float64(763.576), np.float64(974.0645)]",,,1.195,0.433,,,,,,,1.128,1.06,0.431,0.013
PRPHA-Cluster_2_yearly_False_window_2_lags_3_sinusoidal_yes_spline,False,2,spline_lags_3_sinusoidal_yes,0.281,0.784,504.617,515.826,True,True,False,0.674,-0.632,0,1.0,1.122,1.159,1.046,0.681,0.672,0.678,"[np.float64(433.706), np.float64(615.839275), np.float64(696.896), np.float64(779.97675), np.float64(974.0645)]",,,,,1.106,0.521,,,,,1.071,1.15,0.395,0.079
PRPHA-Cluster_2_yearly_False_window_2_lags_4_sinusoidal_yes_spline,False,2,spline_lags_4_sinusoidal_yes,0.329,0.561,486.714,497.652,True,True,False,0.727,-15.825,0,1.0,1.166,1.241,1.069,0.417,0.823,0.442,"[np.float64(433.706), np.float64(610.7572), np.float64(677.6085), np.float64(772.4449), np.float64(974.0645)]",,,,,,,1.27,0.168,,,1.091,1.114,0.656,0.17
PRPHA-Cluster_2_yearly_False_window_2_lags_5_sinusoidal_yes_spline,False,2,spline_lags_5_sinusoidal_yes,0.313,0.768,471.839,482.497,True,True,False,0.671,-0.035,0,1.0,1.115,1.113,1.067,0.531,0.894,0.738,"[np.float64(433.706), np.float64(615.82985), np.float64(702.329749), np.float64(776.87935), np.float64(974.0645)]",,,,,,,,,1.148,0.287,1.05,1.096,0.484,0.072
PRPHA-Cluster_2_yearly_True_window_2_lags_none_sinusoidal_no_spline,True,2,spline_lags_none_sinusoidal_no,0.115,0.785,483.567,490.403,False,True,False,0.565,-1.048,0,1.0,1.0,1.0,1.0,0.583,0.544,0.145,"[np.float64(512.6990000000001), np.float64(647.148801), np.float64(718.4218), np.float64(790.195001), np.float64(974.0645)]",,,,,,,,,,,,,,
PRPHA-Cluster_2_yearly_True_window_2_lags_1_sinusoidal_no_spline,True,2,spline_lags_1_sinusoidal_no,0.033,0.722,473.305,481.299,False,True,False,0.354,-1.975,0,1.0,1.004,1.018,1.026,0.589,0.612,0.966,"[np.float64(512.6990000000001), np.float64(671.58155), np.float64(739.942212), np.float64(804.504701), np.float64(974.0645)]",1.048,0.965,,,,,,,,,,,,
PRPHA-Cluster_2_yearly_True_window_2_lags_2_sinusoidal_no_spline,True,2,spline_lags_2_sinusoidal_no,0.066,0.544,455.854,463.629,False,True,False,0.41,-6.278,0,1.0,1.108,1.009,1.004,0.717,0.732,0.425,"[np.float64(482.346), np.float64(616.1183), np.float64(699.310999), np.float64(779.437), np.float64(974.0645)]",,,1.121,0.405,,,,,,,,,,
PRPHA-Cluster_2_yearly_True_window_2_lags_3_sinusoidal_no_spline,True,2,spline_lags_3_sinusoidal_no,0.245,0.185,435.203,442.751,True,True,False,0.698,-18.023,0,1.0,1.086,1.047,1.025,0.477,0.683,0.1,"[np.float64(514.071), np.float64(628.0645), np.float64(704.140999), np.float64(779.97675), np.float64(974.0645)]",,,,,1.158,0.064,,,,,,,,
PRPHA-Cluster_2_yearly_True_window_2_lags_4_sinusoidal_no_spline,True,2,spline_lags_4_sinusoidal_no,0.291,0.167,417.767,425.08,True,True,False,0.728,-15.249,0,1.0,1.105,1.139,1.001,0.243,0.397,0.179,"[np.float64(514.071), np.float64(616.4256), np.float64(694.481), np.float64(773.61175), np.float64(974.0645)]",,,,,,,1.244,0.06,,,,,,
PRPHA-Cluster_2_yearly_True_window_2_lags_5_sinusoidal_no_spline,True,2,spline_lags_5_sinusoidal_no,0.276,0.537,402.737,409.805,True,False,False,0.784,-9.17,0,1.0,1.08,1.063,1.02,0.337,0.783,0.058,"[np.float64(514.071), np.float64(630.201975), np.float64(715.744149), np.float64(778.5734), np.float64(974.0645)]",,,,,,,,,1.163,0.211,,,,
PRPHA-Cluster_2_yearly_True_window_2_lags_none_sinusoidal_yes_spline,True,2,spline_lags_none_sinusoidal_yes,0.286,0.73,481.325,490.896,True,True,False,0.554,-1.873,0,1.0,1.081,1.009,1.075,0.43,0.617,0.353,"[np.float64(512.6990000000001), np.float64(647.148801), np.float64(718.4218), np.float64(790.195001), np.float64(974.0645)]",,,,,,,,,,,1.06,1.105,0.489,0.045
PRPHA-Cluster_2_yearly_True_window_2_lags_1_sinusoidal_yes_spline,True,2,spline_lags_1_sinusoidal_yes,0.291,0.265,468.628,479.285,True,True,False,0.568,-1.367,0,1.0,1.03,1.019,1.061,0.556,0.324,0.589,"[np.float64(512.6990000000001), np.float64(671.58155), np.float64(739.942212), np.float64(804.504701), np.float64(974.0645)]",1.049,0.644,,,,,,,,,1.021,1.041,0.687,0.019
PRPHA-Cluster_2_yearly_True_window_2_lags_2_sinusoidal_yes_spline,True,2,spline_lags_2_sinusoidal_yes,0.293,0.75,452.317,462.683,True,True,False,0.487,-1.583,0,1.0,1.234,1.015,1.025,0.719,0.81,0.667,"[np.float64(482.346), np.float64(616.1183), np.float64(699.310999), np.float64(779.437), np.float64(974.0645)]",,,1.133,0.956,,,,,,,1.086,1.055,0.389,0.053
PRPHA-Cluster_2_yearly_True_window_2_lags_3_sinusoidal_yes_spline,True,2,spline_lags_3_sinusoidal_yes,0.347,0.753,435.42,445.485,True,True,False,0.682,-18.195,0,1.0,1.189,1.074,1.063,0.596,0.623,0.261,"[np.float64(514.071), np.float64(628.0645), np.float64(704.140999), np.float64(779.97675), np.float64(974.0645)]",,,,,1.17,0.34,,,,,1.082,1.074,0.514,0.136
PRPHA-Cluster_2_yearly_True_window_2_lags_4_sinusoidal_yes_spline,True,2,spline_lags_4_sinusoidal_yes,0.394,0.385,417.848,427.599,True,True,False,0.8,-20.509,0,1.0,1.168,1.221,1.068,0.263,0.417,0.331,"[np.float64(514.071), np.float64(616.4256), np.float64(694.481), np.float64(773.61175), np.float64(974.0645)]",,,,,,,1.25,0.169,,,1.145,1.063,0.968,0.114
PRPHA-Cluster_2_yearly_True_window_2_lags_5_sinusoidal_yes_spline,True,2,spline_lags_5_sinusoidal_yes,0.428,0.499,401.086,410.511,True,True,False,0.82,-17.289,0,1.0,1.11,1.115,1.097,0.318,0.671,0.127,"[np.float64(514.071), np.float64(630.201975), np.float64(715.744149), np.float64(778.5734), np.float64(974.0645)]",,,,,,,,,1.164,0.195,1.102,1.057,0.707,0.061
PRPHA-Cluster_2_yearly_False_window_3_lags_none_sinusoidal_no_spline,False,3,spline_lags_none_sinusoidal_no,0.173,0.552,543.925,551.408,True,True,False,0.533,-0.013,0,1.0,1.0,1.0,1.0,0.115,0.247,0.467,"[np.float64(505.24033333333335), np.float64(601.353667), np.float64(663.456333), np.float64(740.641067), np.float64(880.3386666666667)]",,,,,,,,,,,,,,
PRPHA-Cluster_2_yearly_False_window_3_lags_1_sinusoidal_no_spline,False,3,spline_lags_1_sinusoidal_no,0.287,0.726,526.082,534.877,True,True,False,0.939,-0.627,0,1.0,1.047,1.001,1.013,0.035,0.598,0.055,"[np.float64(505.24033333333335), np.float64(600.790667), np.float64(640.752776), np.float64(673.715333), np.float64(880.3386666666667)]",1.062,0.691,,,,,,,,,,,,
PRPHA-Cluster_2_yearly_False_window_3_lags_2_sinusoidal_no_spline,False,3,spline_lags_2_sinusoidal_no,0.19,0.688,514.404,523.008,True,True,False,0.609,-0.34,0,1.0,1.227,1.029,1.0,0.223,0.455,0.089,"[np.float64(505.24033333333335), np.float64(601.353667), np.float64(640.889833), np.float64(738.193666), np.float64(880.3386666666667)]",,,1.257,0.727,,,,,,,,,,
PRPHA-Cluster_2_yearly_False_window_3_lags_3_sinusoidal_no_spline,False,3,spline_lags_3_sinusoidal_no,0.263,0.859,496.385,504.793,True,True,False,0.788,-0.427,0,1.0,1.084,1.001,1.011,0.129,0.25,0.14,"[np.float64(505.24033333333335), np.float64(618.862717), np.float64(662.597167), np.float64(757.144867), np.float64(880.3386666666667)]",,,,,1.096,0.719,,,,,,,,
PRPHA-Cluster_2_yearly_False_window_3_lags_4_sinusoidal_no_spline,False,3,spline_lags_4_sinusoidal_no,0.397,0.272,474.795,482.999,True,True,False,0.894,-0.23,0,1.0,1.096,1.002,1.0,0.047,0.848,0.051,"[np.float64(505.24033333333335), np.float64(601.353667), np.float64(662.769), np.float64(744.695867), np.float64(880.3386666666667)]",,,,,,,1.098,0.078,,,,,,
PRPHA-Cluster_2_yearly_False_window_3_lags_5_sinusoidal_no_spline,False,3,spline_lags_5_sinusoidal_no,0.314,0.238,461.479,469.473,True,True,False,0.428,-1.366,0,1.0,1.163,1.012,1.001,0.151,0.993,0.512,"[np.float64(505.24033333333335), np.float64(600.790667), np.float64(661.99575), np.float64(735.746266), np.float64(880.3386666666667)]",,,,,,,,,1.175,0.074,,,,
PRPHA-Cluster_2_yearly_False_window_3_lags_none_sinusoidal_yes_spline,False,3,spline_lags_none_sinusoidal_yes,0.387,0.603,538.055,548.53,True,True,False,0.586,0.146,0,1.0,1.13,1.059,1.099,0.161,0.443,0.114,"[np.float64(505.24033333333335), np.float64(601.353667), np.float64(663.456333), np.float64(740.641067), np.float64(880.3386666666667)]",,,,,,,,,,,1.168,1.119,0.542,0.007
PRPHA-Cluster_2_yearly_False_window_3_lags_1_sinusoidal_yes_spline,False,3,spline_lags_1_sinusoidal_yes,0.476,0.539,520.213,531.939,True,True,False,0.947,-0.364,0,1.0,1.159,1.121,1.281,0.061,0.449,0.269,"[np.float64(505.24033333333335), np.float64(600.790667), np.float64(640.752776), np.float64(673.715333), np.float64(880.3386666666667)]",1.076,0.598,,,,,,,,,1.301,1.184,0.534,0.012
PRPHA-Cluster_2_yearly_False_window_3_lags_2_sinusoidal_yes_spline,False,3,spline_lags_2_sinusoidal_yes,0.464,0.349,505.603,517.075,True,True,False,0.817,-0.119,0,1.0,1.501,1.051,1.117,0.378,0.243,0.104,"[np.float64(505.24033333333335), np.float64(601.353667), np.float64(640.889833), np.float64(738.193666), np.float64(880.3386666666667)]",,,1.299,0.563,,,,,,,1.344,1.026,0.459,0.004
PRPHA-Cluster_2_yearly_False_window_3_lags_3_sinusoidal_yes_spline,False,3,spline_lags_3_sinusoidal_yes,0.433,0.499,492.54,503.749,True,True,False,0.903,-0.305,0,1.0,1.261,1.041,1.374,0.377,0.175,0.239,"[np.float64(505.24033333333335), np.float64(618.862717), np.float64(662.597167), np.float64(757.144867), np.float64(880.3386666666667)]",,,,,1.104,0.897,,,,,1.422,1.15,0.373,0.04
PRPHA-Cluster_2_yearly_False_window_3_lags_4_sinusoidal_yes_spline,False,3,spline_lags_4_sinusoidal_yes,0.448,0.754,476.193,487.132,True,True,False,0.81,-0.415,0,1.0,1.224,1.017,1.127,0.152,0.628,0.185,"[np.float64(505.24033333333335), np.float64(601.353667), np.float64(662.769), np.float64(744.695867), np.float64(880.3386666666667)]",,,,,,,1.109,0.273,,,1.102,1.156,0.817,0.176
PRPHA-Cluster_2_yearly_False_window_3_lags_5_sinusoidal_yes_spline,False,3,spline_lags_5_sinusoidal_yes,0.442,0.337,459.704,470.362,True,True,False,0.514,-0.853,0,1.0,1.29,1.019,1.449,0.15,0.938,0.283,"[np.float64(505.24033333333335), np.float64(600.790667), np.float64(661.99575), np.float64(735.746266), np.float64(880.3386666666667)]",,,,,,,,,1.2,0.11,1.541,1.016,0.433,0.083
PRPHA-Cluster_2_yearly_True_window_3_lags_none_sinusoidal_no_spline,True,3,spline_lags_none_sinusoidal_no,0.019,0.876,483.365,490.201,True,True,False,0.252,-0.22,0,1.0,1.0,1.0,1.0,0.516,0.904,0.922,"[np.float64(539.6333331333334), np.float64(627.011533), np.float64(683.165467), np.float64(754.532717), np.float64(884.1621666666666)]",,,,,,,,,,,,,,
PRPHA-Cluster_2_yearly_True_window_3_lags_1_sinusoidal_no_spline,True,3,spline_lags_1_sinusoidal_no,0.027,0.768,469.895,477.888,False,True,False,0.264,-8.829,0,1.0,1.017,1.001,1.014,0.546,0.935,0.634,"[np.float64(539.6333331333334), np.float64(618.915217), np.float64(657.527333), np.float64(738.601566), np.float64(884.1621666666666)]",1.031,0.879,,,,,,,,,,,,
PRPHA-Cluster_2_yearly_True_window_3_lags_2_sinusoidal_no_spline,True,3,spline_lags_2_sinusoidal_no,0.066,0.457,452.92,460.695,True,True,False,0.338,-0.806,0,1.0,1.137,1.006,1.004,0.911,0.397,0.559,"[np.float64(512.6990000000001), np.float64(591.5705), np.float64(650.000767), np.float64(741.456867), np.float64(884.1621666666666)]",,,1.147,0.373,,,,,,,,,,
PRPHA-Cluster_2_yearly_True_window_3_lags_3_sinusoidal_no_spline,True,3,spline_lags_3_sinusoidal_no,0.158,0.162,434.951,442.499,False,True,False,0.286,-1.82,0,1.0,1.048,1.029,1.051,0.346,0.956,0.551,"[np.float64(545.1766666666666), np.float64(624.066916), np.float64(675.328833), np.float64(745.301667), np.float64(884.1621666666666)]",,,,,1.129,0.087,,,,,,,,
PRPHA-Cluster_2_yearly_True_window_3_lags_4_sinusoidal_no_spline,True,3,spline_lags_4_sinusoidal_no,0.302,0.068,414.358,421.672,True,True,False,0.506,-0.992,0,1.0,1.034,1.121,1.001,0.092,0.624,0.45,"[np.float64(545.1766666666666), np.float64(649.859867), np.float64(675.930999), np.float64(749.542267), np.float64(884.1621666666666)]",,,,,,,1.156,0.027,,,,,,
PRPHA-Cluster_2_yearly_True_window_3_lags_5_sinusoidal_no_spline,True,3,spline_lags_5_sinusoidal_no,0.131,0.528,402.633,409.701,True,True,False,0.265,-0.231,0,1.0,1.002,1.11,1.001,0.359,0.845,0.942,"[np.float64(545.1766666666666), np.float64(649.695483), np.float64(723.623883), np.float64(753.782867), np.float64(884.1621666666666)]",,,,,,,,,1.113,0.213,,,,
PRPHA-Cluster_2_yearly_True_window_3_lags_none_sinusoidal_yes_spline,True,3,spline_lags_none_sinusoidal_yes,0.29,0.852,477.995,487.567,True,True,False,0.415,-0.296,0,1.0,1.13,1.033,1.084,0.354,0.886,0.486,"[np.float64(539.6333331333334), np.float64(627.011533), np.float64(683.165467), np.float64(754.532717), np.float64(884.1621666666666)]",,,,,,,,,,,1.188,1.059,0.466,0.011
PRPHA-Cluster_2_yearly_True_window_3_lags_1_sinusoidal_yes_spline,True,3,spline_lags_1_sinusoidal_yes,0.378,0.9,461.371,472.029,True,True,False,0.507,-4.616,0,1.0,1.217,1.105,1.123,0.361,0.436,0.877,"[np.float64(539.6333331333334), np.float64(618.915217), np.float64(657.527333), np.float64(738.601566), np.float64(884.1621666666666)]",1.041,0.96,,,,,,,,,1.289,1.114,0.606,0.004
PRPHA-Cluster_2_yearly_True_window_3_lags_2_sinusoidal_yes_spline,True,3,spline_lags_2_sinusoidal_yes,0.35,0.936,447.148,457.515,True,True,False,0.364,-1.29,0,1.0,1.388,1.074,1.013,0.832,0.974,0.611,"[np.float64(512.6990000000001), np.float64(591.5705), np.float64(650.000767), np.float64(741.456867), np.float64(884.1621666666666)]",,,1.178,0.782,,,,,,,1.206,1.091,0.506,0.016
PRPHA-Cluster_2_yearly_True_window_3_lags_3_sinusoidal_yes_spline,True,3,spline_lags_3_sinusoidal_yes,0.416,0.993,429.414,439.478,True,True,False,0.542,-1.605,0,1.0,1.198,1.053,1.16,0.546,0.435,0.239,"[np.float64(545.1766666666666), np.float64(624.066916), np.float64(675.328833), np.float64(745.301667), np.float64(884.1621666666666)]",,,,,1.14,0.402,,,,,1.135,1.135,0.705,0.012
PRPHA-Cluster_2_yearly_True_window_3_lags_4_sinusoidal_yes_spline,True,3,spline_lags_4_sinusoidal_yes,0.447,0.234,412.537,422.288,True,True,False,0.658,-1.029,0,1.0,1.15,1.147,1.056,0.127,0.411,0.651,"[np.float64(545.1766666666666), np.float64(649.859867), np.float64(675.930999), np.float64(749.542267), np.float64(884.1621666666666)]",,,,,,,1.158,0.089,,,1.133,1.062,0.463,0.127
PRPHA-Cluster_2_yearly_True_window_3_lags_5_sinusoidal_yes_spline,True,3,spline_lags_5_sinusoidal_yes,0.39,0.552,398.131,407.556,True,True,False,0.472,-0.463,0,1.0,1.191,1.29,1.007,0.335,0.343,0.929,"[np.float64(545.1766666666666), np.float64(649.695483), np.float64(723.623883), np.float64(753.782867), np.float64(884.1621666666666)]",,,,,,,,,1.134,0.178,1.26,1.094,0.873,0.019
PRPHA-Cluster_2_yearly_False_window_4_lags_none_sinusoidal_no_spline,False,4,spline_lags_none_sinusoidal_no,0.173,0.53,539.254,546.737,False,True,False,0.393,-0.358,0,1.0,1.0,1.0,1.0,0.242,0.067,0.685,"[np.float64(546.456), np.float64(628.257), np.float64(692.330034), np.float64(807.61335), np.float64(876.211)]",,,,,,,,,,,,,,
PRPHA-Cluster_2_yearly_False_window_4_lags_1_sinusoidal_no_spline,False,4,spline_lags_1_sinusoidal_no,0.225,0.923,524.559,533.354,False,True,False,0.44,-0.283,0,1.0,1.007,1.015,1.05,0.128,0.108,0.242,"[np.float64(546.456), np.float64(628.4495), np.float64(671.05945), np.float64(776.594812), np.float64(876.211)]",1.072,0.922,,,,,,,,,,,,
PRPHA-Cluster_2_yearly_False_window_4_lags_2_sinusoidal_no_spline,False,4,spline_lags_2_sinusoidal_no,0.026,0.792,515.929,524.533,False,True,False,0.24,-1.222,0,1.0,1.222,1.012,1.121,0.509,0.814,0.767,"[np.float64(512.6990000000001), np.float64(602.822), np.float64(656.41825), np.float64(733.78075), np.float64(876.211)]",,,1.355,0.893,,,,,,,,,,
PRPHA-Cluster_2_yearly_False_window_4_lags_3_sinusoidal_no_spline,False,4,spline_lags_3_sinusoidal_no,0.163,0.556,496.762,505.169,False,True,False,0.291,-1.308,0,1.0,1.139,1.025,1.005,0.163,0.369,0.945,"[np.float64(546.456), np.float64(628.208875), np.float64(662.1166), np.float64(743.529625), np.float64(876.211)]",,,,,1.169,0.388,,,,,,,,
PRPHA-Cluster_2_yearly_False_window_4_lags_4_sinusoidal_no_spline,False,4,spline_lags_4_sinusoidal_no,0.37,0.196,472.875,481.079,True,False,False,0.664,-0.346,0,1.0,1.103,1.042,1.0,0.028,0.83,0.111,"[np.float64(546.4559999999999), np.float64(615.49255), np.float64(667.261333), np.float64(705.92535), np.float64(876.211)]",,,,,,,1.146,0.089,,,,,,
PRPHA-Cluster_2_yearly_False_window_4_lags_5_sinusoidal_no_spline,False,4,spline_lags_5_sinusoidal_no,0.429,0.029,453.374,461.367,True,True,False,0.511,-0.949,0,1.0,1.139,1.044,1.046,0.049,0.971,0.032,"[np.float64(546.456), np.float64(628.497625), np.float64(669.6745), np.float64(733.964404), np.float64(876.211)]",,,,,,,,,1.229,0.008,,,,
PRPHA-Cluster_2_yearly_False_window_4_lags_none_sinusoidal_yes_spline,False,4,spline_lags_none_sinusoidal_yes,0.399,0.467,532.702,543.178,True,True,False,0.57,-0.226,0,1.0,1.097,1.003,1.128,0.214,0.041,0.608,"[np.float64(546.456), np.float64(628.257), np.float64(692.330034), np.float64(807.61335), np.float64(876.211)]",,,,,,,,,,,1.208,1.021,0.362,0.009
PRPHA-Cluster_2_yearly_False_window_4_lags_1_sinusoidal_yes_spline,False,4,spline_lags_1_sinusoidal_yes,0.54,0.396,511.87,523.596,True,False,False,0.656,0.28,0,1.0,1.22,1.027,1.211,0.146,0.02,0.852,"[np.float64(546.456), np.float64(628.4495), np.float64(671.05945), np.float64(776.594812), np.float64(876.211)]",1.087,0.573,,,,,,,,,1.237,1.133,0.424,0.001
PRPHA-Cluster_2_yearly_False_window_4_lags_2_sinusoidal_yes_spline,False,4,spline_lags_2_sinusoidal_yes,0.379,0.526,505.971,517.443,True,True,False,0.39,-0.22,0,1.0,1.436,1.031,1.236,0.401,0.769,0.67,"[np.float64(512.6990000000001), np.float64(602.822), np.float64(656.41825), np.float64(733.78075), np.float64(876.211)]",,,1.365,0.696,,,,,,,1.266,1.072,0.408,0.004
PRPHA-Cluster_2_yearly_False_window_4_lags_3_sinusoidal_yes_spline,False,4,spline_lags_3_sinusoidal_yes,0.447,0.509,488.342,499.551,True,True,False,0.605,-0.387,0,1.0,1.329,1.027,1.069,0.174,0.126,0.693,"[np.float64(546.456), np.float64(628.208875), np.float64(662.1166), np.float64(743.529625), np.float64(876.211)]",,,,,1.189,0.942,,,,,1.179,1.057,0.519,0.004
PRPHA-Cluster_2_yearly_False_window_4_lags_4_sinusoidal_yes_spline,False,4,spline_lags_4_sinusoidal_yes,0.494,0.973,470.538,481.476,True,False,False,0.65,-1.922,0,1.0,1.222,1.055,1.153,0.058,0.349,0.337,"[np.float64(546.4559999999999), np.float64(615.49255), np.float64(667.261333), np.float64(705.92535), np.float64(876.211)]",,,,,,,1.159,0.505,,,1.141,1.13,0.472,0.039
PRPHA-Cluster_2_yearly_False_window_4_lags_5_sinusoidal_yes_spline,False,4,spline_lags_5_sinusoidal_yes,0.516,0.171,452.744,463.401,True,False,False,0.561,-0.054,0,1.0,1.262,1.071,1.103,0.051,0.676,0.122,"[np.float64(546.456), np.float64(628.497625), np.float64(669.6745), np.float64(733.964404), np.float64(876.211)]",,,,,,,,,1.238,0.054,1.128,1.071,0.744,0.1
PRPHA-Cluster_2_yearly_True_window_4_lags_none_sinusoidal_no_spline,True,4,spline_lags_none_sinusoidal_no,0.08,0.695,477.788,484.625,True,False,False,0.304,-0.803,0,1.0,1.0,1.0,1.0,0.615,0.901,0.205,"[np.float64(566.4775), np.float64(650.855), np.float64(680.885467), np.float64(766.471201), np.float64(876.2109999999999)]",,,,,,,,,,,,,,
PRPHA-Cluster_2_yearly_True_window_4_lags_1_sinusoidal_no_spline,True,4,spline_lags_1_sinusoidal_no,0.09,0.63,464.752,472.745,True,True,False,0.35,0.001,0,1.0,1.004,1.089,1.0,0.685,0.83,0.206,"[np.float64(566.4775), np.float64(634.7726), np.float64(664.47565), np.float64(720.9944), np.float64(876.2109999999999)]",1.094,0.97,,,,,,,,,,,,
PRPHA-Cluster_2_yearly_True_window_4_lags_2_sinusoidal_no_spline,True,4,spline_lags_2_sinusoidal_no,0.068,0.314,449.548,457.323,False,True,False,0.239,-4.995,0,1.0,1.166,1.034,1.038,0.639,0.611,0.702,"[np.float64(512.6990000000001), np.float64(618.995375), np.float64(660.762), np.float64(740.26365), np.float64(876.2109999999999)]",,,1.238,0.36,,,,,,,,,,
PRPHA-Cluster_2_yearly_True_window_4_lags_3_sinusoidal_no_spline,True,4,spline_lags_3_sinusoidal_no,0.133,0.151,433.111,440.659,False,True,False,0.154,-6.647,0,1.0,1.061,1.125,1.003,0.745,0.729,0.889,"[np.float64(566.4775), np.float64(630.98525), np.float64(671.94625), np.float64(765.495375), np.float64(876.2109999999999)]",,,,,1.189,0.106,,,,,,,,
PRPHA-Cluster_2_yearly_True_window_4_lags_4_sinusoidal_no_spline,True,4,spline_lags_4_sinusoidal_no,0.261,0.064,413.487,420.8,True,True,False,0.243,-2.55,0,1.0,1.002,1.234,1.007,0.161,0.239,0.779,"[np.float64(566.4775), np.float64(654.35685), np.float64(698.446699), np.float64(807.65675), np.float64(876.211)]",,,,,,,1.243,0.027,,,,,,
PRPHA-Cluster_2_yearly_True_window_4_lags_5_sinusoidal_no_spline,True,4,spline_lags_5_sinusoidal_no,0.123,0.438,400.739,407.807,True,True,False,0.277,-0.976,0,1.0,1.0,1.099,1.009,0.324,0.638,0.455,"[np.float64(566.4775), np.float64(650.620512), np.float64(686.16075), np.float64(733.581058), np.float64(876.2109999999999)]",,,,,,,,,1.107,0.367,,,,
PRPHA-Cluster_2_yearly_True_window_4_lags_none_sinusoidal_yes_spline,True,4,spline_lags_none_sinusoidal_yes,0.361,0.605,471.208,480.779,True,True,False,0.523,-0.987,0,1.0,1.185,1.075,1.137,0.279,0.388,0.13,"[np.float64(566.4775), np.float64(650.855), np.float64(680.885467), np.float64(766.471201), np.float64(876.2109999999999)]",,,,,,,,,,,1.181,1.216,0.107,0.034
PRPHA-Cluster_2_yearly_True_window_4_lags_1_sinusoidal_yes_spline,True,4,spline_lags_1_sinusoidal_yes,0.462,0.951,454.038,464.695,True,True,False,0.654,-0.634,0,1.0,1.294,1.169,1.059,0.135,0.222,0.452,"[np.float64(566.4775), np.float64(634.7726), np.float64(664.47565), np.float64(720.9944), np.float64(876.2109999999999)]",1.1,0.977,,,,,,,,,1.118,1.304,0.368,0.003
PRPHA-Cluster_2_yearly_True_window_4_lags_2_sinusoidal_yes_spline,True,4,spline_lags_2_sinusoidal_yes,0.343,0.973,444.131,454.498,True,True,False,0.275,-3.56,0,1.0,1.365,1.047,1.07,0.861,0.901,0.943,"[np.float64(512.6990000000001), np.float64(618.995375), np.float64(660.762), np.float64(740.26365), np.float64(876.2109999999999)]",,,1.263,0.902,,,,,,,1.073,1.146,0.239,0.032
PRPHA-Cluster_2_yearly_True_window_4_lags_3_sinusoidal_yes_spline,True,4,spline_lags_3_sinusoidal_yes,0.362,0.961,429.133,439.197,True,True,False,0.326,-12.449,0,1.0,1.235,1.192,1.054,0.579,0.348,0.961,"[np.float64(566.4775), np.float64(630.98525), np.float64(671.94625), np.float64(765.495375), np.float64(876.2109999999999)]",,,,,1.19,0.502,,,,,1.114,1.177,0.447,0.026
PRPHA-Cluster_2_yearly_True_window_4_lags_4_sinusoidal_yes_spline,True,4,spline_lags_4_sinusoidal_yes,0.552,0.076,404.985,414.736,True,True,False,0.76,-1.54,0,1.0,1.125,1.583,1.023,0.059,0.016,0.475,"[np.float64(566.4775), np.float64(654.35685), np.float64(698.446699), np.float64(807.65675), np.float64(876.211)]",,,,,,,1.306,0.017,,,1.232,1.192,0.288,0.007
PRPHA-Cluster_2_yearly_True_window_4_lags_5_sinusoidal_yes_spline,True,4,spline_lags_5_sinusoidal_yes,0.475,0.14,392.4,401.824,True,False,False,0.576,-1.939,0,1.0,1.339,1.566,1.106,0.054,0.233,0.576,"[np.float64(566.4775), np.float64(650.620512), np.float64(686.16075), np.float64(733.581058), np.float64(876.2109999999999)]",,,,,,,,,1.151,0.075,1.245,1.616,0.854,0.007
PRPHA-Cluster_2_yearly_False_window_5_lags_none_sinusoidal_no_spline,False,5,spline_lags_none_sinusoidal_no,0.093,0.874,538.766,546.248,False,True,False,0.223,-0.549,0,1.0,1.0,1.0,1.0,0.235,0.419,0.497,"[np.float64(566.4406000000001), np.float64(633.65996), np.float64(670.15668), np.float64(732.43352), np.float64(839.5462)]",,,,,,,,,,,,,,
PRPHA-Cluster_2_yearly_False_window_5_lags_1_sinusoidal_no_spline,False,5,spline_lags_1_sinusoidal_no,0.068,0.962,527.13,535.924,False,True,False,0.174,-1.052,0,1.0,1.041,1.005,1.003,0.464,0.316,0.955,"[np.float64(566.4406000000001), np.float64(628.95176), np.float64(675.00648), np.float64(771.63265), np.float64(839.5462)]",1.049,0.668,,,,,,,,,,,,
PRPHA-Cluster_2_yearly_False_window_5_lags_2_sinusoidal_no_spline,False,5,spline_lags_2_sinusoidal_no,0.086,0.647,510.698,519.302,True,True,False,0.311,-0.331,0,1.0,1.093,1.031,1.007,0.848,0.89,0.155,"[np.float64(539.6333331333334), np.float64(617.0984), np.float64(669.7605), np.float64(734.7716), np.float64(839.5462)]",,,1.131,0.688,,,,,,,,,,
PRPHA-Cluster_2_yearly_False_window_5_lags_3_sinusoidal_no_spline,False,5,spline_lags_3_sinusoidal_no,0.156,0.432,493.613,502.02,False,False,False,0.211,-0.807,0,1.0,1.069,1.084,1.002,0.325,0.303,0.541,"[np.float64(566.4406), np.float64(631.8732), np.float64(671.54331), np.float64(744.22322), np.float64(839.5462)]",,,,,1.154,0.192,,,,,,,,
PRPHA-Cluster_2_yearly_False_window_5_lags_4_sinusoidal_no_spline,False,5,spline_lags_4_sinusoidal_no,0.335,0.057,470.163,478.366,True,False,False,0.401,0.219,0,1.0,1.077,1.082,1.003,0.164,0.603,0.094,"[np.float64(566.4406), np.float64(631.78792), np.float64(671.7414), np.float64(731.65416), np.float64(839.5462)]",,,,,,,1.161,0.015,,,,,,
PRPHA-Cluster_2_yearly_False_window_5_lags_5_sinusoidal_no_spline,False,5,spline_lags_5_sinusoidal_no,0.409,0.032,450.281,458.274,True,True,False,0.79,-0.078,0,1.0,1.061,1.083,1.0,0.201,0.835,0.043,"[np.float64(566.4406), np.float64(629.30628), np.float64(684.92245), np.float64(763.12646), np.float64(839.5462)]",,,,,,,,,1.144,0.008,,,,
PRPHA-Cluster_2_yearly_False_window_5_lags_none_sinusoidal_yes_spline,False,5,spline_lags_none_sinusoidal_yes,0.433,0.665,527.239,537.715,True,True,False,0.489,-0.113,0,1.0,1.165,1.055,1.153,0.077,0.095,0.377,"[np.float64(566.4406000000001), np.float64(633.65996), np.float64(670.15668), np.float64(732.43352), np.float64(839.5462)]",,,,,,,,,,,1.285,1.088,0.318,0.001
PRPHA-Cluster_2_yearly_False_window_5_lags_1_sinusoidal_yes_spline,False,5,spline_lags_1_sinusoidal_yes,0.546,0.628,508.082,519.808,True,False,False,0.581,0.086,0,1.0,1.229,1.058,1.033,0.212,0.016,0.426,"[np.float64(566.4406000000001), np.float64(628.95176), np.float64(675.00648), np.float64(771.63265), np.float64(839.5462)]",1.055,0.442,,,,,,,,,1.173,1.093,0.714,0.0
PRPHA-Cluster_2_yearly_False_window_5_lags_2_sinusoidal_yes_spline,False,5,spline_lags_2_sinusoidal_yes,0.411,0.909,501.069,512.541,True,True,False,0.343,-0.371,0,1.0,1.338,1.044,1.084,0.618,0.699,0.477,"[np.float64(539.6333331333334), np.float64(617.0984), np.float64(669.7605), np.float64(734.7716), np.float64(839.5462)]",,,1.152,0.962,,,,,,,1.167,1.148,0.48,0.004
PRPHA-Cluster_2_yearly_False_window_5_lags_3_sinusoidal_yes_spline,False,5,spline_lags_3_sinusoidal_yes,0.469,0.872,483.713,494.923,True,True,False,0.466,-0.013,0,1.0,1.212,1.102,1.054,0.245,0.094,0.847,"[np.float64(566.4406), np.float64(631.8732), np.float64(671.54331), np.float64(744.22322), np.float64(839.5462)]",,,,,1.157,0.355,,,,,1.153,1.059,0.768,0.002
PRPHA-Cluster_2_yearly_False_window_5_lags_4_sinusoidal_yes_spline,False,5,spline_lags_4_sinusoidal_yes,0.469,0.633,467.644,478.583,True,True,False,0.405,-0.177,0,1.0,1.202,1.157,1.071,0.202,0.238,0.335,"[np.float64(566.4406), np.float64(631.78792), np.float64(671.7414), np.float64(731.65416), np.float64(839.5462)]",,,,,,,1.163,0.162,,,1.142,1.124,0.949,0.032
PRPHA-Cluster_2_yearly_False_window_5_lags_5_sinusoidal_yes_spline,False,5,spline_lags_5_sinusoidal_yes,0.501,0.176,449.559,460.217,True,True,False,0.817,-0.035,0,1.0,1.161,1.356,1.101,0.169,0.299,0.105,"[np.float64(566.4406), np.float64(629.30628), np.float64(684.92245), np.float64(763.12646), np.float64(839.5462)]",,,,,,,,,1.154,0.04,1.242,1.222,0.426,0.133
PRPHA-Cluster_2_yearly_True_window_5_lags_none_sinusoidal_no_spline,True,5,spline_lags_none_sinusoidal_no,0.103,0.846,474.47,481.306,True,True,False,0.284,-8.77,0,1.0,1.0,1.0,1.0,0.999,0.146,0.862,"[np.float64(566.4406000000001), np.float64(635.4758), np.float64(670.15668), np.float64(732.83188), np.float64(843.042625)]",,,,,,,,,,,,,,
PRPHA-Cluster_2_yearly_True_window_5_lags_1_sinusoidal_no_spline,True,5,spline_lags_1_sinusoidal_no,0.283,0.685,455.702,463.695,True,True,False,0.572,-0.203,0,1.0,1.052,1.085,1.061,0.605,0.089,0.035,"[np.float64(566.4406000000001), np.float64(633.43298), np.float64(674.15264), np.float64(732.85792), np.float64(843.042625)]",1.198,0.398,,,,,,,,,,,,
PRPHA-Cluster_2_yearly_True_window_5_lags_2_sinusoidal_no_spline,True,5,spline_lags_2_sinusoidal_no,0.114,0.5,445.909,453.684,False,True,False,0.216,-1.84,0,1.0,1.105,1.06,1.001,0.391,0.406,0.632,"[np.float64(539.6333331333334), np.float64(600.434), np.float64(664.1718), np.float64(742.17908), np.float64(843.0426249999999)]",,,1.165,0.382,,,,,,,,,,
PRPHA-Cluster_2_yearly_True_window_5_lags_3_sinusoidal_no_spline,True,5,spline_lags_3_sinusoidal_no,0.31,0.144,424.72,432.268,True,True,False,0.435,-3.753,0,1.0,1.009,1.15,1.063,0.88,0.053,0.674,"[np.float64(566.4406), np.float64(655.7346), np.float64(677.1832), np.float64(756.1478), np.float64(843.0426249999999)]",,,,,1.222,0.043,,,,,,,,
PRPHA-Cluster_2_yearly_True_window_5_lags_4_sinusoidal_no_spline,True,5,spline_lags_4_sinusoidal_no,0.278,0.102,409.571,416.884,True,True,False,0.308,-0.914,0,1.0,1.073,1.183,1.0,0.547,0.193,0.437,"[np.float64(566.4406), np.float64(662.865547), np.float64(712.48882), np.float64(770.11652), np.float64(843.042625)]",,,,,,,1.257,0.028,,,,,,
PRPHA-Cluster_2_yearly_True_window_5_lags_5_sinusoidal_no_spline,True,5,spline_lags_5_sinusoidal_no,0.1,0.54,398.286,405.354,True,True,False,0.28,-3.58,0,1.0,1.06,1.215,1.004,0.886,0.797,0.37,"[np.float64(566.4406), np.float64(659.3538), np.float64(720.643095), np.float64(780.59694), np.float64(843.0426249999999)]",,,,,,,,,1.28,0.361,,,,
PRPHA-Cluster_2_yearly_True_window_5_lags_none_sinusoidal_yes_spline,True,5,spline_lags_none_sinusoidal_yes,0.395,0.575,467.036,476.607,True,True,False,0.449,-5.047,0,1.0,1.179,1.004,1.061,0.349,0.083,0.564,"[np.float64(566.4406000000001), np.float64(635.4758), np.float64(670.15668), np.float64(732.83188), np.float64(843.042625)]",,,,,,,,,,,1.058,1.187,0.443,0.005
PRPHA-Cluster_2_yearly_True_window_5_lags_1_sinusoidal_yes_spline,True,5,spline_lags_1_sinusoidal_yes,0.507,0.767,449.211,459.868,True,True,False,0.524,-0.42,0,1.0,1.333,1.095,1.272,0.648,0.087,0.27,"[np.float64(566.4406000000001), np.float64(633.43298), np.float64(674.15264), np.float64(732.85792), np.float64(843.042625)]",1.247,0.709,,,,,,,,,1.071,1.382,0.671,0.009
PRPHA-Cluster_2_yearly_True_window_5_lags_2_sinusoidal_yes_spline,True,5,spline_lags_2_sinusoidal_yes,0.418,0.852,438.539,448.905,True,True,False,0.318,-2.027,0,1.0,1.381,1.122,1.017,0.968,0.679,0.66,"[np.float64(539.6333331333334), np.float64(600.434), np.float64(664.1718), np.float64(742.17908), np.float64(843.0426249999999)]",,,1.2,0.757,,,,,,,1.1,1.222,0.467,0.009
PRPHA-Cluster_2_yearly_True_window_5_lags_3_sinusoidal_yes_spline,True,5,spline_lags_3_sinusoidal_yes,0.458,0.704,422.434,432.499,True,True,False,0.474,-3.761,0,1.0,1.125,1.385,1.123,0.685,0.098,0.842,"[np.float64(566.4406), np.float64(655.7346), np.float64(677.1832), np.float64(756.1478), np.float64(843.0426249999999)]",,,,,1.237,0.203,,,,,1.233,1.163,0.686,0.046
PRPHA-Cluster_2_yearly_True_window_5_lags_4_sinusoidal_yes_spline,True,5,spline_lags_4_sinusoidal_yes,0.444,0.493,407.049,416.8,True,True,False,0.454,-3.262,0,1.0,1.259,1.801,1.186,0.561,0.115,0.997,"[np.float64(566.4406), np.float64(662.865547), np.float64(712.48882), np.float64(770.11652), np.float64(843.042625)]",,,,,,,1.423,0.171,,,1.755,1.068,0.489,0.091
PRPHA-Cluster_2_yearly_True_window_5_lags_5_sinusoidal_yes_spline,True,5,spline_lags_5_sinusoidal_yes,0.371,0.86,393.671,403.095,True,False,False,0.355,-8.195,0,1.0,1.213,2.419,1.041,0.949,0.44,0.584,"[np.float64(566.4406), np.float64(659.3538), np.float64(720.643095), np.float64(780.59694), np.float64(843.0426249999999)]",,,,,,,,,1.566,0.519,1.821,1.285,0.886,0.024
PRPHA-Cluster_2_yearly_False_window_6_lags_none_sinusoidal_no_spline,False,6,spline_lags_none_sinusoidal_no,0.14,0.76,533.36,540.842,False,True,False,0.294,0.022,0,1.0,1.0,1.0,1.0,0.579,0.053,0.721,"[np.float64(570.3788333333333), np.float64(638.243967), np.float64(682.948633), np.float64(755.890833), np.float64(832.3488)]",,,,,,,,,,,,,,
PRPHA-Cluster_2_yearly_False_window_6_lags_1_sinusoidal_no_spline,False,6,spline_lags_1_sinusoidal_no,0.18,0.965,520.064,528.858,True,True,False,0.384,-0.123,0,1.0,1.076,1.107,1.015,0.614,0.041,0.537,"[np.float64(570.3788333333333), np.float64(627.043117), np.float64(655.021675), np.float64(726.140933), np.float64(832.3488)]",1.199,0.786,,,,,,,,,,,,
PRPHA-Cluster_2_yearly_False_window_6_lags_2_sinusoidal_no_spline,False,6,spline_lags_2_sinusoidal_no,0.168,0.647,504.895,513.499,True,True,False,0.318,-1.735,0,1.0,1.199,1.064,1.0,0.149,0.176,0.537,"[np.float64(539.6333331333334), np.float64(608.864033), np.float64(654.065), np.float64(740.922833), np.float64(832.3488)]",,,1.263,0.314,,,,,,,,,,
PRPHA-Cluster_2_yearly_False_window_6_lags_3_sinusoidal_no_spline,False,6,spline_lags_3_sinusoidal_no,0.317,0.237,484.977,493.384,True,True,False,0.524,-1.089,0,1.0,1.077,1.231,1.0,0.536,0.01,0.557,"[np.float64(570.3788333333333), np.float64(632.376617), np.float64(667.325695), np.float64(745.413233), np.float64(832.3488)]",,,,,1.308,0.02,,,,,,,,
PRPHA-Cluster_2_yearly_False_window_6_lags_4_sinusoidal_no_spline,False,6,spline_lags_4_sinusoidal_no,0.391,0.075,465.5,473.703,True,True,False,0.393,-0.133,0,1.0,1.004,1.192,1.012,0.546,0.067,0.086,"[np.float64(570.3788333333333), np.float64(638.438033), np.float64(677.1832), np.float64(707.353766), np.float64(832.3488)]",,,,,,,1.208,0.011,,,,,,
PRPHA-Cluster_2_yearly_False_window_6_lags_5_sinusoidal_no_spline,False,6,spline_lags_5_sinusoidal_no,0.285,0.109,453.57,461.563,True,True,False,0.553,-0.541,0,1.0,1.0,1.18,1.002,0.676,0.382,0.138,"[np.float64(570.3788333333333), np.float64(651.189166), np.float64(690.353333), np.float64(754.394033), np.float64(832.3488)]",,,,,,,,,1.182,0.032,,,,
PRPHA-Cluster_2_yearly_False_window_6_lags_none_sinusoidal_yes_spline,False,6,spline_lags_none_sinusoidal_yes,0.397,0.907,525.675,536.15,True,False,False,0.364,0.129,0,1.0,1.187,1.034,1.029,0.67,0.02,0.581,"[np.float64(570.3788333333333), np.float64(638.243967), np.float64(682.948633), np.float64(755.890833), np.float64(832.3488)]",,,,,,,,,,,1.069,1.181,0.119,0.01
PRPHA-Cluster_2_yearly_False_window_6_lags_1_sinusoidal_yes_spline,False,6,spline_lags_1_sinusoidal_yes,0.495,0.774,508.541,520.267,True,False,False,0.429,0.235,0,1.0,1.488,1.183,1.126,0.33,0.088,0.936,"[np.float64(570.3788333333333), np.float64(627.043117), np.float64(655.021675), np.float64(726.140933), np.float64(832.3488)]",1.242,0.883,,,,,,,,,1.076,1.479,0.203,0.003
PRPHA-Cluster_2_yearly_False_window_6_lags_2_sinusoidal_yes_spline,False,6,spline_lags_2_sinusoidal_yes,0.416,0.939,497.921,509.393,True,False,False,0.286,-0.839,0,1.0,1.782,1.186,1.011,0.892,0.482,0.51,"[np.float64(539.6333331333334), np.float64(608.864033), np.float64(654.065), np.float64(740.922833), np.float64(832.3488)]",,,1.407,0.842,,,,,,,1.023,1.547,0.15,0.02
PRPHA-Cluster_2_yearly_False_window_6_lags_3_sinusoidal_yes_spline,False,6,spline_lags_3_sinusoidal_yes,0.464,0.784,481.688,492.897,True,False,False,0.425,-0.934,0,1.0,1.384,1.354,1.038,0.744,0.046,0.854,"[np.float64(570.3788333333333), np.float64(632.376617), np.float64(667.325695), np.float64(745.413233), np.float64(832.3488)]",,,,,1.378,0.161,,,,,1.048,1.35,0.475,0.028
PRPHA-Cluster_2_yearly_False_window_6_lags_4_sinusoidal_yes_spline,False,6,spline_lags_4_sinusoidal_yes,0.46,0.517,466.013,476.951,False,False,False,0.298,-1.213,0,1.0,1.184,1.22,1.36,0.444,0.092,0.384,"[np.float64(570.3788333333333), np.float64(638.438033), np.float64(677.1832), np.float64(707.353766), np.float64(832.3488)]",,,,,,,1.212,0.109,,,1.074,1.478,0.588,0.13
PRPHA-Cluster_2_yearly_False_window_6_lags_5_sinusoidal_yes_spline,False,6,spline_lags_5_sinusoidal_yes,0.408,0.471,452.295,462.953,True,True,False,0.472,-1.469,0,1.0,1.177,1.289,1.115,0.57,0.2,0.371,"[np.float64(570.3788333333333), np.float64(651.189166), np.float64(690.353333), np.float64(754.394033), np.float64(832.3488)]",,,,,,,,,1.203,0.147,1.127,1.252,0.83,0.055
PRPHA-Cluster_2_yearly_True_window_6_lags_none_sinusoidal_no_spline,True,6,spline_lags_none_sinusoidal_no,0.408,0.942,459.465,466.301,True,True,False,0.615,-1.836,0,1.0,1.0,1.0,1.0,0.076,0.003,0.756,"[np.float64(570.3788333333333), np.float64(646.56648), np.float64(705.898), np.float64(742.31775), np.float64(843.042625)]",,,,,,,,,,,,,,
PRPHA-Cluster_2_yearly_True_window_6_lags_1_sinusoidal_no_spline,True,6,spline_lags_1_sinusoidal_no,0.449,0.903,445.987,453.98,True,True,False,0.666,0.193,0,1.0,1.1,1.048,1.019,0.122,0.001,0.583,"[np.float64(570.3788333333333), np.float64(632.762267), np.float64(669.472275), np.float64(746.860396), np.float64(843.042625)]",1.167,0.544,,,,,,,,,,,,
PRPHA-Cluster_2_yearly_True_window_6_lags_2_sinusoidal_no_spline,True,6,spline_lags_2_sinusoidal_no,0.355,0.474,435.03,442.805,True,True,False,0.35,-1.356,0,1.0,1.08,1.005,1.023,0.046,0.073,0.944,"[np.float64(539.6333331333334), np.float64(616.414417), np.float64(682.85635), np.float64(751.403042), np.float64(843.042625)]",,,1.108,0.517,,,,,,,,,,
PRPHA-Cluster_2_yearly_True_window_6_lags_3_sinusoidal_no_spline,True,6,spline_lags_3_sinusoidal_no,0.453,0.372,416.997,424.546,True,True,False,0.563,-2.032,0,1.0,1.007,1.064,1.001,0.156,0.009,0.82,"[np.float64(570.3788333333333), np.float64(653.96175), np.float64(700.081375), np.float64(755.945688), np.float64(843.042625)]",,,,,1.072,0.152,,,,,,,,
PRPHA-Cluster_2_yearly_True_window_6_lags_4_sinusoidal_no_spline,True,6,spline_lags_4_sinusoidal_no,0.396,0.516,403.578,410.891,True,True,False,0.597,-1.461,0,1.0,1.065,1.117,1.01,0.309,0.041,0.125,"[np.float64(570.3788333333333), np.float64(662.125433), np.float64(711.460933), np.float64(760.488333), np.float64(843.042625)]",,,,,,,1.191,0.287,,,,,,
PRPHA-Cluster_2_yearly_True_window_6_lags_5_sinusoidal_no_spline,True,6,spline_lags_5_sinusoidal_no,0.146,0.866,395.543,402.612,True,True,False,0.299,-3.013,0,1.0,1.059,1.203,1.003,0.283,0.335,0.612,"[np.float64(570.3788333333333), np.float64(671.39142), np.float64(721.109367), np.float64(762.393458), np.float64(843.042625)]",,,,,,,,,1.265,0.739,,,,
PRPHA-Cluster_2_yearly_True_window_6_lags_none_sinusoidal_yes_spline,True,6,spline_lags_none_sinusoidal_yes,0.5,0.958,458.536,468.107,True,True,False,0.6,-2.594,0,1.0,1.162,1.011,1.059,0.306,0.005,0.884,"[np.float64(570.3788333333333), np.float64(646.56648), np.float64(705.898), np.float64(742.31775), np.float64(843.042625)]",,,,,,,,,,,1.029,1.203,0.464,0.075
PRPHA-Cluster_2_yearly_True_window_6_lags_1_sinusoidal_yes_spline,True,6,spline_lags_1_sinusoidal_yes,0.57,0.933,443.036,453.694,False,True,False,0.671,0.321,0,1.0,1.539,1.336,1.064,0.699,0.024,0.838,"[np.float64(570.3788333333333), np.float64(632.762267), np.float64(669.472275), np.float64(746.860396), np.float64(843.042625)]",1.264,0.998,,,,,,,,,1.091,1.584,0.536,0.033
PRPHA-Cluster_2_yearly_True_window_6_lags_2_sinusoidal_yes_spline,True,6,spline_lags_2_sinusoidal_yes,0.501,0.937,432.127,442.494,True,True,False,0.398,-3.662,0,1.0,1.439,1.222,1.029,0.405,0.198,0.718,"[np.float64(539.6333331333334), np.float64(616.414417), np.float64(682.85635), np.float64(751.403042), np.float64(843.042625)]",,,1.149,0.854,,,,,,,1.091,1.451,0.233,0.05
PRPHA-Cluster_2_yearly_True_window_6_lags_3_sinusoidal_yes_spline,True,6,spline_lags_3_sinusoidal_yes,0.538,0.933,416.608,426.673,True,True,False,0.615,-1.247,0,1.0,1.118,1.449,1.019,0.267,0.023,0.728,"[np.float64(570.3788333333333), np.float64(653.96175), np.float64(700.081375), np.float64(755.945688), np.float64(843.042625)]",,,,,1.094,0.527,,,,,1.275,1.217,0.934,0.092
PRPHA-Cluster_2_yearly_True_window_6_lags_4_sinusoidal_yes_spline,True,6,spline_lags_4_sinusoidal_yes,0.524,0.89,401.64,411.391,True,True,False,0.59,-0.831,0,1.0,1.149,1.601,1.044,0.365,0.07,0.19,"[np.float64(570.3788333333333), np.float64(662.125433), np.float64(711.460933), np.float64(760.488333), np.float64(843.042625)]",,,,,,,1.261,0.671,,,1.447,1.086,0.696,0.048
PRPHA-Cluster_2_yearly_True_window_6_lags_5_sinusoidal_yes_spline,True,6,spline_lags_5_sinusoidal_yes,0.392,0.752,391.406,400.831,True,False,False,0.365,-3.973,0,1.0,1.175,2.196,1.01,0.361,0.508,0.675,"[np.float64(570.3788333333333), np.float64(671.39142), np.float64(721.109367), np.float64(762.393458), np.float64(843.042625)]",,,,,,,,,1.478,0.961,1.631,1.272,0.241,0.097
PRPHA-Cluster_2_yearly_False_window_7_lags_none_sinusoidal_no_spline,False,7,spline_lags_none_sinusoidal_no,0.354,0.328,521.738,529.22,True,True,False,0.434,0.21,0,1.0,1.0,1.0,1.0,0.038,0.002,0.509,"[np.float64(577.1717142857143), np.float64(647.116114), np.float64(678.6228), np.float64(743.018571), np.float64(832.3488)]",,,,,,,,,,,,,,
PRPHA-Cluster_2_yearly_False_window_7_lags_1_sinusoidal_no_spline,False,7,spline_lags_1_sinusoidal_no,0.397,0.391,508.075,516.869,True,True,False,0.525,-0.72,0,1.0,1.079,1.102,1.014,0.022,0.002,0.584,"[np.float64(577.1717142857143), np.float64(636.059231), np.float64(670.618021), np.float64(731.4285), np.float64(832.3488)]",1.195,0.421,,,,,,,,,,,,
PRPHA-Cluster_2_yearly_False_window_7_lags_2_sinusoidal_no_spline,False,7,spline_lags_2_sinusoidal_no,0.446,0.839,490.064,498.668,True,False,False,0.54,-0.024,0,1.0,1.088,1.137,1.031,0.003,0.004,0.632,"[np.float64(577.1717142857143), np.float64(637.147286), np.float64(674.108929), np.float64(736.182), np.float64(832.3488000000001)]",,,1.257,0.125,,,,,,,,,,
PRPHA-Cluster_2_yearly_False_window_7_lags_3_sinusoidal_no_spline,False,7,spline_lags_3_sinusoidal_no,0.489,0.839,473.245,481.652,True,True,False,0.641,-0.133,0,1.0,1.04,1.139,1.014,0.031,0.001,0.132,"[np.float64(577.1717142857143), np.float64(646.825371), np.float64(677.599836), np.float64(738.232971), np.float64(832.3488000000001)]",,,,,1.193,0.042,,,,,,,,
PRPHA-Cluster_2_yearly_False_window_7_lags_4_sinusoidal_no_spline,False,7,spline_lags_4_sinusoidal_no,0.377,0.204,463.193,471.397,True,True,False,0.436,-0.045,0,1.0,1.006,1.198,1.011,0.171,0.041,0.576,"[np.float64(577.1717142857143), np.float64(649.9036), np.float64(698.304), np.float64(750.429286), np.float64(832.3488000000001)]",,,,,,,1.215,0.026,,,,,,
PRPHA-Cluster_2_yearly_False_window_7_lags_5_sinusoidal_no_spline,False,7,spline_lags_5_sinusoidal_no,0.422,0.175,443.794,451.787,True,True,False,0.567,-0.082,0,1.0,1.035,1.282,1.014,0.197,0.066,0.188,"[np.float64(577.1717142857143), np.float64(668.141371), np.float64(702.5502), np.float64(751.8225), np.float64(832.3488000000001)]",,,,,,,,,1.331,0.044,,,,
PRPHA-Cluster_2_yearly_False_window_7_lags_none_sinusoidal_yes_spline,False,7,spline_lags_none_sinusoidal_yes,0.505,0.737,516.975,527.451,True,True,False,0.447,0.161,0,1.0,1.213,1.016,1.005,0.325,0.002,0.567,"[np.float64(577.1717142857143), np.float64(647.116114), np.float64(678.6228), np.float64(743.018571), np.float64(832.3488)]",,,,,,,,,,,1.033,1.201,0.391,0.013
PRPHA-Cluster_2_yearly_False_window_7_lags_1_sinusoidal_yes_spline,False,7,spline_lags_1_sinusoidal_yes,0.554,0.952,502.438,514.163,True,True,False,0.544,-0.282,0,1.0,1.623,1.206,1.13,0.523,0.013,0.447,"[np.float64(577.1717142857143), np.float64(636.059231), np.float64(670.618021), np.float64(731.4285), np.float64(832.3488)]",1.268,0.756,,,,,,,,,1.152,1.539,0.385,0.012
PRPHA-Cluster_2_yearly_False_window_7_lags_2_sinusoidal_yes_spline,False,7,spline_lags_2_sinusoidal_yes,0.546,0.818,487.886,499.358,True,True,False,0.446,0.011,0,1.0,2.021,1.318,1.122,0.183,0.027,0.927,"[np.float64(577.1717142857143), np.float64(637.147286), np.float64(674.108929), np.float64(736.182), np.float64(832.3488000000001)]",,,1.445,0.405,,,,,,,1.045,1.971,0.528,0.05
PRPHA-Cluster_2_yearly_False_window_7_lags_3_sinusoidal_yes_spline,False,7,spline_lags_3_sinusoidal_yes,0.564,0.84,472.515,483.724,True,False,False,0.477,-0.211,0,1.0,1.548,1.311,1.113,0.285,0.008,0.278,"[np.float64(577.1717142857143), np.float64(646.825371), np.float64(677.599836), np.float64(738.232971), np.float64(832.3488000000001)]",,,,,1.249,0.135,,,,,1.045,1.678,0.686,0.077
PRPHA-Cluster_2_yearly_False_window_7_lags_4_sinusoidal_yes_spline,False,7,spline_lags_4_sinusoidal_yes,0.478,0.935,462.048,472.987,True,False,False,0.343,-1.23,0,1.0,1.172,1.296,1.076,0.332,0.054,0.884,"[np.float64(577.1717142857143), np.float64(649.9036), np.float64(698.304), np.float64(750.429286), np.float64(832.3488000000001)]",,,,,,,1.232,0.198,,,1.097,1.215,0.941,0.057
PRPHA-Cluster_2_yearly_False_window_7_lags_5_sinusoidal_yes_spline,False,7,spline_lags_5_sinusoidal_yes,0.499,0.672,443.812,454.469,True,False,False,0.502,-0.06,0,1.0,1.272,1.479,1.093,0.351,0.089,0.305,"[np.float64(577.1717142857143), np.float64(668.141371), np.float64(702.5502), np.float64(751.8225), np.float64(832.3488000000001)]",,,,,,,,,1.401,0.243,1.261,1.182,0.97,0.105
PRPHA-Cluster_2_yearly_True_window_7_lags_none_sinusoidal_no_spline,True,7,spline_lags_none_sinusoidal_no,0.608,0.905,445.557,452.393,True,True,False,0.708,0.226,0,1.0,1.0,1.0,1.0,0.0,0.001,0.7,"[np.float64(575.6658571428571), np.float64(655.813829), np.float64(715.755057), np.float64(746.480857), np.float64(843.0426249999999)]",,,,,,,,,,,,,,
PRPHA-Cluster_2_yearly_True_window_7_lags_1_sinusoidal_no_spline,True,7,spline_lags_1_sinusoidal_no,0.691,0.35,427.869,435.863,True,True,False,0.674,0.47,0,1.0,1.021,1.022,1.019,0.0,0.004,0.033,"[np.float64(575.6658571428571), np.float64(654.110857), np.float64(718.792943), np.float64(747.609286), np.float64(843.0426249999999)]",1.062,0.681,,,,,,,,,,,,
PRPHA-Cluster_2_yearly_True_window_7_lags_2_sinusoidal_no_spline,True,7,spline_lags_2_sinusoidal_no,0.609,0.324,419.57,427.345,True,True,False,0.591,-0.226,0,1.0,1.0,1.017,1.013,0.0,0.051,0.935,"[np.float64(575.6658571428571), np.float64(642.503443), np.float64(718.7974), np.float64(748.737714), np.float64(843.0426249999999)]",,,1.03,0.93,,,,,,,,,,
PRPHA-Cluster_2_yearly_True_window_7_lags_3_sinusoidal_no_spline,True,7,spline_lags_3_sinusoidal_no,0.651,0.923,402.583,410.131,True,True,False,0.892,-1.054,0,1.0,1.044,1.026,1.008,0.001,0.003,0.045,"[np.float64(575.6658571428571), np.float64(650.120571), np.float64(714.996143), np.float64(749.866143), np.float64(843.0426249999999)]",,,,,1.079,0.891,,,,,,,,
PRPHA-Cluster_2_yearly_True_window_7_lags_4_sinusoidal_no_spline,True,7,spline_lags_4_sinusoidal_no,0.487,0.896,396.84,404.153,True,True,False,0.688,-23.351,0,1.0,1.08,1.07,1.001,0.018,0.025,0.234,"[np.float64(575.6658571428571), np.float64(666.09418), np.float64(718.792943), np.float64(750.994571), np.float64(843.0426249999999)]",,,,,,,1.151,0.746,,,,,,
PRPHA-Cluster_2_yearly_True_window_7_lags_5_sinusoidal_no_spline,True,7,spline_lags_5_sinusoidal_no,0.488,0.949,379.767,386.836,True,True,False,0.732,-1.762,0,1.0,1.056,1.153,1.008,0.004,0.118,0.179,"[np.float64(575.6658571428571), np.float64(673.059505), np.float64(729.361457), np.float64(752.586643), np.float64(843.0426249999999)]",,,,,,,,,1.216,0.763,,,,
PRPHA-Cluster_2_yearly_True_window_7_lags_none_sinusoidal_yes_spline,True,7,spline_lags_none_sinusoidal_yes,0.661,0.962,445.283,454.854,True,True,False,0.684,0.347,0,1.0,1.151,1.004,1.056,0.002,0.001,0.903,"[np.float64(575.6658571428571), np.float64(655.813829), np.float64(715.755057), np.float64(746.480857), np.float64(843.0426249999999)]",,,,,,,,,,,1.055,1.157,0.783,0.078
PRPHA-Cluster_2_yearly_True_window_7_lags_1_sinusoidal_yes_spline,True,7,spline_lags_1_sinusoidal_yes,0.747,0.548,426.276,436.933,True,True,False,0.707,0.412,0,1.0,1.437,1.146,1.059,0.002,0.013,0.04,"[np.float64(575.6658571428571), np.float64(654.110857), np.float64(718.792943), np.float64(747.609286), np.float64(843.0426249999999)]",1.081,0.951,,,,,,,,,1.109,1.451,0.893,0.048
PRPHA-Cluster_2_yearly_True_window_7_lags_2_sinusoidal_yes_spline,True,7,spline_lags_2_sinusoidal_yes,0.693,0.874,417.06,427.426,True,True,False,0.663,-0.079,0,1.0,1.379,1.314,1.02,0.006,0.105,0.914,"[np.float64(575.6658571428571), np.float64(642.503443), np.float64(718.7974), np.float64(748.737714), np.float64(843.0426249999999)]",,,1.036,0.502,,,,,,,1.225,1.453,0.897,0.035
PRPHA-Cluster_2_yearly_True_window_7_lags_3_sinusoidal_yes_spline,True,7,spline_lags_3_sinusoidal_yes,0.744,0.213,398.504,408.569,True,True,False,0.901,-0.814,0,1.0,1.176,1.385,1.128,0.001,0.008,0.053,"[np.float64(575.6658571428571), np.float64(650.120571), np.float64(714.996143), np.float64(749.866143), np.float64(843.0426249999999)]",,,,,1.091,0.311,,,,,1.279,1.319,0.574,0.02
PRPHA-Cluster_2_yearly_True_window_7_lags_4_sinusoidal_yes_spline,True,7,spline_lags_4_sinusoidal_yes,0.596,0.527,394.861,404.612,True,True,False,0.622,-27.259,0,1.0,1.154,1.758,1.047,0.024,0.083,0.419,"[np.float64(575.6658571428571), np.float64(666.09418), np.float64(718.792943), np.float64(750.994571), np.float64(843.0426249999999)]",,,,,,,1.197,0.775,,,1.511,1.25,0.874,0.051
PRPHA-Cluster_2_yearly_True_window_7_lags_5_sinusoidal_yes_spline,True,7,spline_lags_5_sinusoidal_yes,0.608,0.488,377.363,386.787,True,True,False,0.624,-4.527,0,1.0,1.17,2.611,1.081,0.01,0.704,0.375,"[np.float64(575.6658571428571), np.float64(673.059505), np.float64(729.361457), np.float64(752.586643), np.float64(843.0426249999999)]",,,,,,,,,1.397,0.37,2.286,1.179,0.262,0.058
PRPHA-Cluster_2_yearly_False_window_8_lags_none_sinusoidal_no_spline,False,8,spline_lags_none_sinusoidal_no,0.489,0.266,511.216,518.698,True,True,False,0.402,0.381,0,1.0,1.0,1.0,1.0,0.008,0.0,0.46,"[np.float64(579.631125), np.float64(641.8428), np.float64(680.476825), np.float64(716.90575), np.float64(832.3488)]",,,,,,,,,,,,,,
PRPHA-Cluster_2_yearly_False_window_8_lags_1_sinusoidal_no_spline,False,8,spline_lags_1_sinusoidal_no,0.609,0.438,491.995,500.789,True,True,False,0.875,0.21,0,1.0,1.058,1.088,1.009,0.001,0.0,0.024,"[np.float64(579.631125), np.float64(636.19811), np.float64(683.630512), np.float64(719.524906), np.float64(832.3488)]",1.156,0.707,,,,,,,,,,,,
PRPHA-Cluster_2_yearly_False_window_8_lags_2_sinusoidal_no_spline,False,8,spline_lags_2_sinusoidal_no,0.586,0.175,478.939,487.543,True,True,False,0.455,0.468,0,1.0,1.014,1.103,1.05,0.0,0.077,0.266,"[np.float64(579.631125), np.float64(644.5015), np.float64(702.734875), np.float64(744.293125), np.float64(832.3488000000001)]",,,1.166,0.233,,,,,,,,,,
PRPHA-Cluster_2_yearly_False_window_8_lags_3_sinusoidal_no_spline,False,8,spline_lags_3_sinusoidal_no,0.513,0.671,470.142,478.549,True,True,False,0.375,-0.367,0,1.0,1.0,1.095,1.0,0.009,0.002,0.984,"[np.float64(579.631125), np.float64(643.805093), np.float64(692.011988), np.float64(724.763219), np.float64(832.3488000000001)]",,,,,1.095,0.121,,,,,,,,
PRPHA-Cluster_2_yearly_False_window_8_lags_4_sinusoidal_no_spline,False,8,spline_lags_4_sinusoidal_no,0.434,0.28,458.838,467.042,True,True,False,0.404,-0.026,0,1.0,1.032,1.136,1.001,0.114,0.02,0.319,"[np.float64(579.631125), np.float64(656.710625), np.float64(700.47085), np.float64(727.382375), np.float64(832.3488000000001)]",,,,,,,1.169,0.066,,,,,,
PRPHA-Cluster_2_yearly_False_window_8_lags_5_sinusoidal_no_spline,False,8,spline_lags_5_sinusoidal_no,0.553,0.473,434.796,442.789,True,True,False,0.731,0.427,0,1.0,1.011,1.186,1.007,0.052,0.011,0.012,"[np.float64(579.631125), np.float64(654.322428), np.float64(695.290562), np.float64(731.610062), np.float64(832.3488000000001)]",,,,,,,,,1.205,0.127,,,,
PRPHA-Cluster_2_yearly_False_window_8_lags_none_sinusoidal_yes_spline,False,8,spline_lags_none_sinusoidal_yes,0.574,0.521,509.171,519.647,False,True,False,0.408,0.301,0,1.0,1.22,1.016,1.047,0.102,0.0,0.746,"[np.float64(579.631125), np.float64(641.8428), np.float64(680.476825), np.float64(716.90575), np.float64(832.3488)]",,,,,,,,,,,1.016,1.267,0.347,0.045
PRPHA-Cluster_2_yearly_False_window_8_lags_1_sinusoidal_yes_spline,False,8,spline_lags_1_sinusoidal_yes,0.676,0.619,490.022,501.748,True,True,False,0.965,0.23,0,1.0,1.556,1.148,1.091,0.033,0.001,0.041,"[np.float64(579.631125), np.float64(636.19811), np.float64(683.630512), np.float64(719.524906), np.float64(832.3488)]",1.198,0.929,,,,,,,,,1.025,1.573,0.257,0.071
PRPHA-Cluster_2_yearly_False_window_8_lags_2_sinusoidal_yes_spline,False,8,spline_lags_2_sinusoidal_yes,0.647,0.531,477.994,489.465,True,True,False,0.498,0.365,0,1.0,1.47,1.128,1.055,0.003,0.07,0.237,"[np.float64(579.631125), np.float64(644.5015), np.float64(702.734875), np.float64(744.293125), np.float64(832.3488000000001)]",,,1.174,0.498,,,,,,,1.04,1.438,0.349,0.09
PRPHA-Cluster_2_yearly_False_window_8_lags_3_sinusoidal_yes_spline,False,8,spline_lags_3_sinusoidal_yes,0.6,0.639,468.29,479.499,True,True,False,0.418,-0.681,0,1.0,1.322,1.167,1.003,0.069,0.002,0.925,"[np.float64(579.631125), np.float64(643.805093), np.float64(692.011988), np.float64(724.763219), np.float64(832.3488000000001)]",,,,,1.103,0.394,,,,,1.021,1.368,0.554,0.045
PRPHA-Cluster_2_yearly_False_window_8_lags_4_sinusoidal_yes_spline,False,8,spline_lags_4_sinusoidal_yes,0.534,0.85,457.196,468.134,True,True,False,0.384,-1.516,0,1.0,1.191,1.211,1.004,0.166,0.016,0.373,"[np.float64(579.631125), np.float64(656.710625), np.float64(700.47085), np.float64(727.382375), np.float64(832.3488000000001)]",,,,,,,1.182,0.403,,,1.071,1.154,0.617,0.046
PRPHA-Cluster_2_yearly_False_window_8_lags_5_sinusoidal_yes_spline,False,8,spline_lags_5_sinusoidal_yes,0.593,0.904,436.211,446.868,True,True,False,0.661,0.373,0,1.0,1.272,1.32,1.196,0.139,0.015,0.053,"[np.float64(579.631125), np.float64(654.322428), np.float64(695.290562), np.float64(731.610062), np.float64(832.3488000000001)]",,,,,,,,,1.229,0.361,1.229,1.33,0.871,0.183
PRPHA-Cluster_2_yearly_True_window_8_lags_none_sinusoidal_no_spline,True,8,spline_lags_none_sinusoidal_no,0.695,0.757,434.705,441.541,True,True,False,0.783,0.566,0,1.0,1.0,1.0,1.0,0.011,0.0,0.644,"[np.float64(584.80025), np.float64(644.5015), np.float64(676.44475), np.float64(736.931971), np.float64(818.3150999999999)]",,,,,,,,,,,,,,
PRPHA-Cluster_2_yearly_True_window_8_lags_1_sinusoidal_no_spline,True,8,spline_lags_1_sinusoidal_no,0.742,0.991,419.998,427.991,True,True,False,1.061,-0.127,0,1.0,1.061,1.001,1.002,0.002,0.0,0.614,"[np.float64(584.80025), np.float64(634.76135), np.float64(679.539357), np.float64(737.87364), np.float64(818.3150999999999)]",1.064,0.143,,,,,,,,,,,,
PRPHA-Cluster_2_yearly_True_window_8_lags_2_sinusoidal_no_spline,True,8,spline_lags_2_sinusoidal_no,0.754,0.748,404.239,412.014,True,True,False,0.998,0.305,0,1.0,1.001,1.002,1.001,0.0,0.001,0.777,"[np.float64(584.80025), np.float64(632.131943), np.float64(698.884), np.float64(738.815309), np.float64(818.3151)]",,,1.004,0.044,,,,,,,,,,
PRPHA-Cluster_2_yearly_True_window_8_lags_3_sinusoidal_no_spline,True,8,spline_lags_3_sinusoidal_no,0.781,0.926,388.131,395.679,True,True,True,1.623,0.359,0,1.0,1.0,1.0,1.056,0.0,0.0,0.019,"[np.float64(584.80025), np.float64(647.800344), np.float64(699.27775), np.float64(743.019125), np.float64(818.3151)]",,,,,1.056,0.389,,,,,,,,
PRPHA-Cluster_2_yearly_True_window_8_lags_4_sinusoidal_no_spline,True,8,spline_lags_4_sinusoidal_no,0.564,0.737,390.477,397.79,True,True,False,0.771,-1.539,0,1.0,1.0,1.006,1.006,0.017,0.002,0.424,"[np.float64(584.80025), np.float64(650.738), np.float64(698.946), np.float64(743.731125), np.float64(818.3151)]",,,,,,,1.012,0.526,,,,,,
PRPHA-Cluster_2_yearly_True_window_8_lags_5_sinusoidal_no_spline,True,8,spline_lags_5_sinusoidal_no,0.539,0.966,374.657,381.725,True,True,False,0.675,0.035,0,1.0,1.011,1.052,1.003,0.005,0.017,0.81,"[np.float64(584.80025), np.float64(651.78875), np.float64(715.066594), np.float64(740.246937), np.float64(818.3151)]",,,,,,,,,1.066,0.415,,,,
PRPHA-Cluster_2_yearly_True_window_8_lags_none_sinusoidal_yes_spline,True,8,spline_lags_none_sinusoidal_yes,0.736,0.902,434.583,444.155,True,True,False,0.884,0.617,0,1.0,1.102,1.059,1.098,0.029,0.0,0.598,"[np.float64(584.80025), np.float64(644.5015), np.float64(676.44475), np.float64(736.931971), np.float64(818.3150999999999)]",,,,,,,,,,,1.14,1.119,0.426,0.121
PRPHA-Cluster_2_yearly_True_window_8_lags_1_sinusoidal_yes_spline,True,8,spline_lags_1_sinusoidal_yes,0.783,0.896,419.213,429.871,True,True,False,1.277,-0.63,0,1.0,1.216,1.228,1.102,0.007,0.0,0.581,"[np.float64(584.80025), np.float64(634.76135), np.float64(679.539357), np.float64(737.87364), np.float64(818.3150999999999)]",1.075,0.089,,,,,,,,,1.238,1.234,0.967,0.068
PRPHA-Cluster_2_yearly_True_window_8_lags_2_sinusoidal_yes_spline,True,8,spline_lags_2_sinusoidal_yes,0.802,0.908,402.383,412.75,True,True,False,1.206,0.377,0,1.0,1.197,1.304,1.026,0.0,0.005,0.665,"[np.float64(584.80025), np.float64(632.131943), np.float64(698.884), np.float64(738.815309), np.float64(818.3151)]",,,1.005,0.02,,,,,,,1.298,1.224,0.412,0.057
PRPHA-Cluster_2_yearly_True_window_8_lags_3_sinusoidal_yes_spline,True,8,spline_lags_3_sinusoidal_yes,0.821,0.456,386.915,396.98,True,True,True,1.725,0.153,0,1.0,1.152,1.298,1.132,0.0,0.0,0.078,"[np.float64(584.80025), np.float64(647.800344), np.float64(699.27775), np.float64(743.019125), np.float64(818.3151)]",,,,,1.06,0.165,,,,,1.227,1.295,0.865,0.062
PRPHA-Cluster_2_yearly_True_window_8_lags_4_sinusoidal_yes_spline,True,8,spline_lags_4_sinusoidal_yes,0.667,0.404,387.753,397.504,True,True,False,0.871,-1.563,0,1.0,1.088,1.622,1.051,0.034,0.008,0.377,"[np.float64(584.80025), np.float64(650.738), np.float64(698.946), np.float64(743.731125), np.float64(818.3151)]",,,,,,,1.014,0.296,,,1.603,1.142,0.659,0.035
PRPHA-Cluster_2_yearly_True_window_8_lags_5_sinusoidal_yes_spline,True,8,spline_lags_5_sinusoidal_yes,0.627,0.731,373.591,383.015,True,True,False,0.647,-2.289,0,1.0,1.111,2.416,1.116,0.016,0.215,0.651,"[np.float64(584.80025), np.float64(651.78875), np.float64(715.066594), np.float64(740.246937), np.float64(818.3151)]",,,,,,,,,1.121,0.258,2.411,1.111,0.275,0.154
PRPHA-Cluster_2_yearly_False_window_9_lags_none_sinusoidal_no_spline,False,9,spline_lags_none_sinusoidal_no,0.572,0.09,503.534,511.017,True,True,False,0.479,0.441,0,1.0,1.0,1.0,1.0,0.002,0.0,0.429,"[np.float64(585.8001111111112), np.float64(638.834889), np.float64(670.686433), np.float64(708.777578), np.float64(832.3488)]",,,,,,,,,,,,,,
PRPHA-Cluster_2_yearly_False_window_9_lags_1_sinusoidal_no_spline,False,9,spline_lags_1_sinusoidal_no,0.632,0.376,488.17,496.965,True,True,False,0.591,0.342,0,1.0,1.034,1.088,1.002,0.0,0.0,0.15,"[np.float64(585.8001111111112), np.float64(636.621366), np.float64(692.726667), np.float64(728.638644), np.float64(832.3488)]",1.124,0.938,,,,,,,,,,,,
PRPHA-Cluster_2_yearly_False_window_9_lags_2_sinusoidal_no_spline,False,9,spline_lags_2_sinusoidal_no,0.635,0.855,472.559,481.163,True,True,False,0.432,0.031,0,1.0,1.02,1.084,1.001,0.0,0.018,0.85,"[np.float64(585.8001111111112), np.float64(630.187714), np.float64(698.629333), np.float64(732.166333), np.float64(832.3488000000001)]",,,1.104,0.919,,,,,,,,,,
PRPHA-Cluster_2_yearly_False_window_9_lags_3_sinusoidal_no_spline,False,9,spline_lags_3_sinusoidal_no,0.566,0.913,464.054,472.461,True,True,False,0.431,-0.31,0,1.0,1.001,1.067,1.004,0.0,0.004,0.609,"[np.float64(585.8001111111112), np.float64(650.7361), np.float64(700.695611), np.float64(734.843933), np.float64(832.3488)]",,,,,1.072,0.454,,,,,,,,
PRPHA-Cluster_2_yearly_False_window_9_lags_4_sinusoidal_no_spline,False,9,spline_lags_4_sinusoidal_no,0.525,0.713,450.238,458.441,True,True,False,0.385,-0.252,0,1.0,1.032,1.086,1.001,0.005,0.012,0.725,"[np.float64(585.8001111111112), np.float64(656.964), np.float64(702.761889), np.float64(737.521533), np.float64(832.3488000000001)]",,,,,,,1.118,0.357,,,,,,
PRPHA-Cluster_2_yearly_False_window_9_lags_5_sinusoidal_no_spline,False,9,spline_lags_5_sinusoidal_no,0.537,0.736,432.098,440.091,True,True,False,0.546,-0.928,0,1.0,1.051,1.129,1.0,0.003,0.032,0.363,"[np.float64(585.8001111111112), np.float64(663.435237), np.float64(706.527633), np.float64(740.199133), np.float64(832.3488)]",,,,,,,,,1.181,0.475,,,,
PRPHA-Cluster_2_yearly_False_window_9_lags_none_sinusoidal_yes_spline,False,9,spline_lags_none_sinusoidal_yes,0.646,0.18,501.288,511.763,False,True,False,0.53,0.306,0,1.0,1.122,1.0,1.04,0.021,0.0,0.64,"[np.float64(585.8001111111112), np.float64(638.834889), np.float64(670.686433), np.float64(708.777578), np.float64(832.3488)]",,,,,,,,,,,1.024,1.138,0.75,0.03
PRPHA-Cluster_2_yearly_False_window_9_lags_1_sinusoidal_yes_spline,False,9,spline_lags_1_sinusoidal_yes,0.71,0.353,484.568,496.294,True,False,False,0.767,0.384,0,1.0,1.358,1.101,1.039,0.002,0.0,0.267,"[np.float64(585.8001111111112), np.float64(636.621366), np.float64(692.726667), np.float64(728.638644), np.float64(832.3488)]",1.142,0.697,,,,,,,,,1.012,1.344,0.842,0.019
PRPHA-Cluster_2_yearly_False_window_9_lags_2_sinusoidal_yes_spline,False,9,spline_lags_2_sinusoidal_yes,0.709,0.69,469.608,481.08,True,True,False,0.538,0.135,0,1.0,1.41,1.133,1.011,0.0,0.013,0.839,"[np.float64(585.8001111111112), np.float64(630.187714), np.float64(698.629333), np.float64(732.166333), np.float64(832.3488000000001)]",,,1.118,0.687,,,,,,,1.055,1.38,0.988,0.025
PRPHA-Cluster_2_yearly_False_window_9_lags_3_sinusoidal_yes_spline,False,9,spline_lags_3_sinusoidal_yes,0.662,0.468,460.603,471.812,True,True,False,0.57,-0.566,0,1.0,1.221,1.135,1.036,0.003,0.002,0.768,"[np.float64(585.8001111111112), np.float64(650.7361), np.float64(700.695611), np.float64(734.843933), np.float64(832.3488)]",,,,,1.074,0.837,,,,,1.062,1.255,0.739,0.023
PRPHA-Cluster_2_yearly_False_window_9_lags_4_sinusoidal_yes_spline,False,9,spline_lags_4_sinusoidal_yes,0.634,0.395,446.681,457.62,True,True,False,0.494,-0.942,0,1.0,1.167,1.219,1.009,0.004,0.008,0.848,"[np.float64(585.8001111111112), np.float64(656.964), np.float64(702.761889), np.float64(737.521533), np.float64(832.3488000000001)]",,,,,,,1.132,0.951,,,1.129,1.135,0.867,0.021
PRPHA-Cluster_2_yearly_False_window_9_lags_5_sinusoidal_yes_spline,False,9,spline_lags_5_sinusoidal_yes,0.63,0.41,429.853,440.51,True,False,False,0.54,-1.274,0,1.0,1.222,1.394,1.063,0.003,0.045,0.666,"[np.float64(585.8001111111112), np.float64(663.435237), np.float64(706.527633), np.float64(740.199133), np.float64(832.3488)]",,,,,,,,,1.23,0.76,1.298,1.15,0.58,0.037
PRPHA-Cluster_2_yearly_True_window_9_lags_none_sinusoidal_no_spline,True,9,spline_lags_none_sinusoidal_no,0.678,0.8,434.055,440.891,True,True,False,0.52,0.432,0,1.0,1.0,1.0,1.0,0.002,0.0,0.807,"[np.float64(596.809888888889), np.float64(656.10774), np.float64(684.783889), np.float64(732.909022), np.float64(818.3151)]",,,,,,,,,,,,,,
PRPHA-Cluster_2_yearly_True_window_9_lags_1_sinusoidal_no_spline,True,9,spline_lags_1_sinusoidal_no,0.815,0.63,408.378,416.371,True,True,False,1.289,0.587,0,1.0,1.027,1.0,1.032,0.0,0.0,0.03,"[np.float64(596.8098888888888), np.float64(640.245489), np.float64(690.345111), np.float64(739.570323), np.float64(818.3150999999999)]",1.059,0.004,,,,,,,,,,,,
PRPHA-Cluster_2_yearly_True_window_9_lags_2_sinusoidal_no_spline,True,9,spline_lags_2_sinusoidal_no,0.83,0.109,391.502,399.277,True,True,False,1.189,0.08,0,1.0,1.058,1.004,1.003,0.0,0.122,0.223,"[np.float64(596.809888888889), np.float64(635.012921), np.float64(722.744678), np.float64(740.05629), np.float64(818.3151)]",,,1.064,0.002,,,,,,,,,,
PRPHA-Cluster_2_yearly_True_window_9_lags_3_sinusoidal_no_spline,True,9,spline_lags_3_sinusoidal_no,0.751,0.495,388.555,396.104,False,True,False,0.978,0.186,0,1.0,1.012,1.001,1.045,0.0,0.0,0.485,"[np.float64(596.8098888888888), np.float64(651.666035), np.float64(708.064389), np.float64(740.542256), np.float64(818.3151)]",,,,,1.057,0.033,,,,,,,,
PRPHA-Cluster_2_yearly_True_window_9_lags_4_sinusoidal_no_spline,True,9,spline_lags_4_sinusoidal_no,0.667,0.251,379.823,387.137,True,True,False,0.836,-0.216,0,1.0,1.029,1.001,1.005,0.001,0.0,0.75,"[np.float64(596.8098888888888), np.float64(650.738), np.float64(693.681844), np.float64(737.902819), np.float64(818.3151)]",,,,,,,1.035,0.118,,,,,,
PRPHA-Cluster_2_yearly_True_window_9_lags_5_sinusoidal_no_spline,True,9,spline_lags_5_sinusoidal_no,0.692,0.234,360.733,367.802,True,True,False,0.886,-1.593,0,1.0,1.009,1.004,1.002,0.0,0.001,0.725,"[np.float64(596.8098888888888), np.float64(656.381857), np.float64(704.416972), np.float64(739.278744), np.float64(818.3151)]",,,,,,,,,1.014,0.037,,,,
PRPHA-Cluster_2_yearly_True_window_9_lags_none_sinusoidal_yes_spline,True,9,spline_lags_none_sinusoidal_yes,0.732,0.954,432.751,442.322,True,True,False,0.606,0.265,0,1.0,1.028,1.104,1.078,0.002,0.0,0.955,"[np.float64(596.809888888889), np.float64(656.10774), np.float64(684.783889), np.float64(732.909022), np.float64(818.3151)]",,,,,,,,,,,1.129,1.081,0.153,0.187
PRPHA-Cluster_2_yearly_True_window_9_lags_1_sinusoidal_yes_spline,True,9,spline_lags_1_sinusoidal_yes,0.848,0.601,406.936,417.594,True,True,False,1.426,0.588,0,1.0,1.087,1.206,1.101,0.0,0.0,0.04,"[np.float64(596.8098888888888), np.float64(640.245489), np.float64(690.345111), np.float64(739.570323), np.float64(818.3150999999999)]",1.061,0.003,,,,,,,,,1.176,1.157,0.691,0.059
PRPHA-Cluster_2_yearly_True_window_9_lags_2_sinusoidal_yes_spline,True,9,spline_lags_2_sinusoidal_yes,0.878,0.131,386.504,396.87,True,True,False,1.384,-1.583,0,1.0,1.192,1.379,1.12,0.0,0.363,0.095,"[np.float64(596.809888888889), np.float64(635.012921), np.float64(722.744678), np.float64(740.05629), np.float64(818.3151)]",,,1.08,0.001,,,,,,,1.427,1.184,0.448,0.014
PRPHA-Cluster_2_yearly_True_window_9_lags_3_sinusoidal_yes_spline,True,9,spline_lags_3_sinusoidal_yes,0.812,0.273,385.217,395.281,True,True,False,1.143,-0.083,0,1.0,1.075,1.5,1.064,0.0,0.001,0.721,"[np.float64(596.8098888888888), np.float64(651.666035), np.float64(708.064389), np.float64(740.542256), np.float64(818.3151)]",,,,,1.057,0.013,,,,,1.304,1.277,0.536,0.042
PRPHA-Cluster_2_yearly_True_window_9_lags_4_sinusoidal_yes_spline,True,9,spline_lags_4_sinusoidal_yes,0.747,0.133,376.91,386.661,True,True,False,0.928,0.215,0,1.0,1.078,2.129,1.066,0.002,0.007,0.548,"[np.float64(596.8098888888888), np.float64(650.738), np.float64(693.681844), np.float64(737.902819), np.float64(818.3151)]",,,,,,,1.036,0.058,,,1.854,1.382,0.898,0.039
PRPHA-Cluster_2_yearly_True_window_9_lags_5_sinusoidal_yes_spline,True,9,spline_lags_5_sinusoidal_yes,0.755,0.189,359.285,368.709,True,True,False,0.845,-1.444,0,1.0,1.059,2.379,1.02,0.001,0.068,0.907,"[np.float64(596.8098888888888), np.float64(656.381857), np.float64(704.416972), np.float64(739.278744), np.float64(818.3151)]",,,,,,,,,1.02,0.023,2.221,1.219,0.32,0.069
PRPHA-Cluster_2_yearly_False_window_10_lags_none_sinusoidal_no_spline,False,10,spline_lags_none_sinusoidal_no,0.647,0.736,494.059,501.541,True,True,False,0.706,0.538,0,1.0,1.0,1.0,1.0,0.001,0.0,0.128,"[np.float64(593.4531000000001), np.float64(641.73804), np.float64(684.7201), np.float64(710.482933), np.float64(813.5248333333334)]",,,,,,,,,,,,,,
PRPHA-Cluster_2_yearly_False_window_10_lags_1_sinusoidal_no_spline,False,10,spline_lags_1_sinusoidal_no,0.68,0.192,481.307,490.102,True,True,False,0.779,0.148,0,1.0,1.0,1.117,1.029,0.0,0.004,0.429,"[np.float64(593.4531), np.float64(645.753383), np.float64(703.338585), np.float64(722.7844), np.float64(813.5248333333333)]",1.145,0.424,,,,,,,,,,,,
PRPHA-Cluster_2_yearly_False_window_10_lags_2_sinusoidal_no_spline,False,10,spline_lags_2_sinusoidal_no,0.721,0.138,461.677,470.281,True,True,False,0.678,0.266,0,1.0,1.009,1.05,1.008,0.0,0.133,0.19,"[np.float64(593.4531000000001), np.float64(636.874), np.float64(703.93065), np.float64(723.8219), np.float64(813.5248333333334)]",,,1.067,0.169,,,,,,,,,,
PRPHA-Cluster_2_yearly_False_window_10_lags_3_sinusoidal_no_spline,False,10,spline_lags_3_sinusoidal_no,0.61,0.983,458.573,466.98,True,True,False,0.545,-1.178,0,1.0,1.005,1.025,1.0,0.001,0.001,0.715,"[np.float64(593.4531), np.float64(640.207597), np.float64(694.31145), np.float64(718.44065), np.float64(813.5248333333333)]",,,,,1.03,0.708,,,,,,,,
PRPHA-Cluster_2_yearly_False_window_10_lags_4_sinusoidal_no_spline,False,10,spline_lags_4_sinusoidal_no,0.557,0.77,445.679,453.883,True,True,False,0.479,0.119,0,1.0,1.003,1.033,1.0,0.007,0.001,0.721,"[np.float64(593.4531), np.float64(646.746735), np.float64(685.0981), np.float64(715.020973), np.float64(813.5248333333334)]",,,,,,,1.036,0.92,,,,,,
PRPHA-Cluster_2_yearly_False_window_10_lags_5_sinusoidal_no_spline,False,10,spline_lags_5_sinusoidal_no,0.581,0.782,426.376,434.369,True,True,False,0.652,-4.833,0,1.0,1.004,1.055,1.001,0.003,0.002,0.21,"[np.float64(593.4531), np.float64(654.322428), np.float64(688.038505), np.float64(717.149793), np.float64(813.5248333333333)]",,,,,,,,,1.06,0.896,,,,
PRPHA-Cluster_2_yearly_False_window_10_lags_none_sinusoidal_yes_spline,False,10,spline_lags_none_sinusoidal_yes,0.693,0.729,493.378,503.854,True,True,False,0.733,0.46,0,1.0,1.082,1.003,1.11,0.002,0.0,0.367,"[np.float64(593.4531000000001), np.float64(641.73804), np.float64(684.7201), np.float64(710.482933), np.float64(813.5248333333334)]",,,,,,,,,,,1.03,1.165,0.468,0.075
PRPHA-Cluster_2_yearly_False_window_10_lags_1_sinusoidal_yes_spline,False,10,spline_lags_1_sinusoidal_yes,0.742,0.322,478.422,490.148,True,True,False,0.939,0.406,0,1.0,1.141,1.14,1.131,0.0,0.003,0.64,"[np.float64(593.4531), np.float64(645.753383), np.float64(703.338585), np.float64(722.7844), np.float64(813.5248333333333)]",1.148,0.277,,,,,,,,,1.122,1.142,0.696,0.026
PRPHA-Cluster_2_yearly_False_window_10_lags_2_sinusoidal_yes_spline,False,10,spline_lags_2_sinusoidal_yes,0.79,0.42,456.934,468.406,True,True,False,0.942,0.463,0,1.0,1.172,1.11,1.016,0.0,0.069,0.091,"[np.float64(593.4531000000001), np.float64(636.874), np.float64(703.93065), np.float64(723.8219), np.float64(813.5248333333334)]",,,1.07,0.056,,,,,,,1.067,1.16,0.961,0.012
PRPHA-Cluster_2_yearly_False_window_10_lags_3_sinusoidal_yes_spline,False,10,spline_lags_3_sinusoidal_yes,0.707,0.494,454.023,465.233,True,True,False,0.765,-0.651,0,1.0,1.135,1.122,1.014,0.001,0.001,0.599,"[np.float64(593.4531), np.float64(640.207597), np.float64(694.31145), np.float64(718.44065), np.float64(813.5248333333333)]",,,,,1.032,0.391,,,,,1.092,1.148,0.744,0.015
PRPHA-Cluster_2_yearly_False_window_10_lags_4_sinusoidal_yes_spline,False,10,spline_lags_4_sinusoidal_yes,0.664,0.267,441.663,452.601,True,True,False,0.656,-1.308,0,1.0,1.145,1.271,1.031,0.008,0.001,0.622,"[np.float64(593.4531), np.float64(646.746735), np.float64(685.0981), np.float64(715.020973), np.float64(813.5248333333334)]",,,,,,,1.044,0.534,,,1.236,1.168,0.809,0.017
PRPHA-Cluster_2_yearly_False_window_10_lags_5_sinusoidal_yes_spline,False,10,spline_lags_5_sinusoidal_yes,0.666,0.297,424.027,434.685,True,True,False,0.752,-3.558,0,1.0,1.181,1.428,1.024,0.006,0.003,0.336,"[np.float64(593.4531), np.float64(654.322428), np.float64(688.038505), np.float64(717.149793), np.float64(813.5248333333333)]",,,,,,,,,1.081,0.538,1.36,1.192,0.562,0.036
PRPHA-Cluster_2_yearly_True_window_10_lags_none_sinusoidal_no_spline,True,10,spline_lags_none_sinusoidal_no,0.649,0.0,433.818,440.655,True,True,False,0.471,0.372,0,1.0,1.0,1.0,1.0,0.005,0.061,0.146,"[np.float64(612.23859992), np.float64(659.072249), np.float64(712.69388), np.float64(731.7995), np.float64(789.9807500000001)]",,,,,,,,,,,,,,
PRPHA-Cluster_2_yearly_True_window_10_lags_1_sinusoidal_no_spline,True,10,spline_lags_1_sinusoidal_no,0.77,0.007,412.451,420.444,True,True,False,1.199,0.5,0,1.0,1.017,1.0,1.038,0.0,0.011,0.312,"[np.float64(612.23859992), np.float64(649.537211), np.float64(699.66589), np.float64(733.620714), np.float64(789.9807499999998)]",1.055,0.009,,,,,,,,,,,,
PRPHA-Cluster_2_yearly_True_window_10_lags_2_sinusoidal_no_spline,True,10,spline_lags_2_sinusoidal_no,0.834,0.001,388.667,396.442,True,True,False,0.873,0.358,0,1.0,1.107,1.023,1.0,0.0,0.548,0.408,"[np.float64(605.43639952), np.float64(682.884), np.float64(720.07889), np.float64(739.849551), np.float64(789.9807500000001)]",,,1.13,0.001,,,,,,,,,,
PRPHA-Cluster_2_yearly_True_window_10_lags_3_sinusoidal_no_spline,True,10,spline_lags_3_sinusoidal_no,0.715,0.096,390.124,397.673,True,True,False,1.075,-13.361,0,1.0,1.015,1.002,1.027,0.001,0.035,0.335,"[np.float64(612.23859992), np.float64(667.7796), np.float64(712.064725), np.float64(737.263143), np.float64(789.9807500000001)]",,,,,1.045,0.025,,,,,,,,
PRPHA-Cluster_2_yearly_True_window_10_lags_4_sinusoidal_no_spline,True,10,spline_lags_4_sinusoidal_no,0.648,0.65,379.062,386.375,True,True,False,0.754,-1.128,0,1.0,1.0,1.0,1.021,0.014,0.007,0.841,"[np.float64(612.2385999200001), np.float64(664.39482), np.float64(702.6274), np.float64(731.531937), np.float64(789.9807500000001)]",,,,,,,1.021,0.035,,,,,,
PRPHA-Cluster_2_yearly_True_window_10_lags_5_sinusoidal_no_spline,True,10,spline_lags_5_sinusoidal_no,0.701,0.696,357.394,364.462,True,True,False,0.933,0.166,0,1.0,1.005,1.0,1.008,0.009,0.025,0.745,"[np.float64(612.23859992), np.float64(671.80107), np.float64(715.33933), np.float64(739.32348), np.float64(789.9807500000001)]",,,,,,,,,1.013,0.004,,,,
PRPHA-Cluster_2_yearly_True_window_10_lags_none_sinusoidal_yes_spline,True,10,spline_lags_none_sinusoidal_yes,0.7,0.0,433.191,442.762,True,True,False,0.527,0.069,0,1.0,1.021,1.119,1.133,0.006,0.12,0.158,"[np.float64(612.23859992), np.float64(659.072249), np.float64(712.69388), np.float64(731.7995), np.float64(789.9807500000001)]",,,,,,,,,,,1.192,1.081,0.608,0.081
PRPHA-Cluster_2_yearly_True_window_10_lags_1_sinusoidal_yes_spline,True,10,spline_lags_1_sinusoidal_yes,0.801,0.006,412.426,423.084,True,True,False,1.281,0.404,0,1.0,1.123,1.249,1.064,0.0,0.062,0.354,"[np.float64(612.23859992), np.float64(649.537211), np.float64(699.66589), np.float64(733.620714), np.float64(789.9807499999998)]",1.055,0.008,,,,,,,,,1.229,1.152,0.833,0.094
PRPHA-Cluster_2_yearly_True_window_10_lags_2_sinusoidal_yes_spline,True,10,spline_lags_2_sinusoidal_yes,0.884,0.0,382.986,393.352,True,True,False,1.202,0.243,0,1.0,1.155,1.395,1.022,0.0,0.102,0.212,"[np.float64(605.43639952), np.float64(682.884), np.float64(720.07889), np.float64(739.849551), np.float64(789.9807500000001)]",,,1.143,0.001,,,,,,,1.32,1.109,0.17,0.017
PRPHA-Cluster_2_yearly_True_window_10_lags_3_sinusoidal_yes_spline,True,10,spline_lags_3_sinusoidal_yes,0.782,0.082,387.112,397.177,True,True,False,1.351,-16.296,0,1.0,1.042,1.721,1.299,0.001,0.25,0.232,"[np.float64(612.23859992), np.float64(667.7796), np.float64(712.064725), np.float64(737.263143), np.float64(789.9807500000001)]",,,,,1.057,0.02,,,,,1.765,1.241,0.778,0.031
PRPHA-Cluster_2_yearly_True_window_10_lags_4_sinusoidal_yes_spline,True,10,spline_lags_4_sinusoidal_yes,0.741,0.833,375.417,385.168,True,False,False,0.903,-0.238,0,1.0,1.19,2.08,1.088,0.008,0.079,0.896,"[np.float64(612.2385999200001), np.float64(664.39482), np.float64(702.6274), np.float64(731.531937), np.float64(789.9807500000001)]",,,,,,,1.024,0.016,,,2.156,1.179,0.671,0.025
PRPHA-Cluster_2_yearly_True_window_10_lags_5_sinusoidal_yes_spline,True,10,spline_lags_5_sinusoidal_yes,0.766,0.57,355.498,364.923,True,False,False,0.911,0.163,0,1.0,1.015,2.439,1.081,0.006,0.399,0.536,"[np.float64(612.23859992), np.float64(671.80107), np.float64(715.33933), np.float64(739.32348), np.float64(789.9807500000001)]",,,,,,,,,1.013,0.004,2.453,1.069,0.355,0.059
