analysis_name,yearly_aggregate,window_size,config_type,r_squared,p_value,aic,bic,is_normal,is_homoscedastic,no_autocorrelation,durbin_watson,cv_r2_score,cv_r2_std,vif_PPT,vif_segment,p_value_segment,breakpoint,vif_ortho_PPT_lag1,p_value_lag1,vif_ortho_PPT_lag2,p_value_lag2,vif_ortho_PPT_lag3,p_value_lag3,vif_ortho_PPT_lag4,p_value_lag4,vif_ortho_PPT_lag5,p_value_lag5,vif_ortho_sin_cycle,vif_ortho_cos_cycle,p_value_sin,p_value_cos
PRPHA-Cluster_2_yearly_False_window_1_lags_none_sinusoidal_no_piecewise,False,1,piecewise_lags_none_sinusoidal_no,0.061,0.179,560.976,565.465,False,True,False,1.276,-0.352,0,1.37,1.37,0.252,793.5222464646465,,,,,,,,,,,,,,
PRPHA-Cluster_2_yearly_False_window_1_lags_1_sinusoidal_no_piecewise,False,1,piecewise_lags_1_sinusoidal_no,0.077,0.141,546.547,552.41,True,True,False,1.301,-0.6,0,1.438,1.582,0.228,796.4341757575758,1.144,0.626,,,,,,,,,,,,
PRPHA-Cluster_2_yearly_False_window_1_lags_2_sinusoidal_no_piecewise,False,1,piecewise_lags_2_sinusoidal_no,0.071,0.165,530.372,536.108,False,True,False,1.196,-0.095,0,1.499,1.739,0.267,795.305090909091,,,1.24,0.519,,,,,,,,,,
PRPHA-Cluster_2_yearly_False_window_1_lags_3_sinusoidal_no_piecewise,False,1,piecewise_lags_3_sinusoidal_no,0.154,0.734,511.64,517.245,False,True,False,1.142,-0.556,0,1.562,1.914,0.246,793.5289464646465,,,,,1.352,0.115,,,,,,,,
PRPHA-Cluster_2_yearly_False_window_1_lags_4_sinusoidal_no_piecewise,False,1,piecewise_lags_4_sinusoidal_no,0.126,0.531,496.257,501.727,True,False,True,1.567,-0.671,0,1.723,2.427,0.169,795.0209454545454,,,,,,,1.704,0.286,,,,,,
PRPHA-Cluster_2_yearly_False_window_1_lags_5_sinusoidal_no_piecewise,False,1,piecewise_lags_5_sinusoidal_no,0.145,0.803,479.017,484.346,True,True,True,1.541,-0.161,0,1.656,2.121,0.281,791.883597979798,,,,,,,,,1.465,0.257,,,,
PRPHA-Cluster_2_yearly_False_window_1_lags_none_sinusoidal_yes_piecewise,False,1,piecewise_lags_none_sinusoidal_yes,0.203,0.268,559.536,567.018,True,True,False,1.447,-0.372,0,1.393,1.454,0.378,793.5222464646465,,,,,,,,,,,1.036,1.025,0.575,0.04
PRPHA-Cluster_2_yearly_False_window_1_lags_1_sinusoidal_yes_piecewise,False,1,piecewise_lags_1_sinusoidal_yes,0.227,0.218,544.891,553.685,True,False,True,1.543,-0.285,0,1.488,1.762,0.46,796.4341757575758,1.16,0.554,,,,,,,,,1.035,1.079,0.688,0.038
PRPHA-Cluster_2_yearly_False_window_1_lags_2_sinusoidal_yes_piecewise,False,1,piecewise_lags_2_sinusoidal_yes,0.278,0.247,526.559,535.163,True,True,False,1.341,-0.007,0,1.575,2.001,0.686,795.305090909091,,,1.276,0.369,,,,,,,1.01,1.141,0.594,0.016
PRPHA-Cluster_2_yearly_False_window_1_lags_3_sinusoidal_yes_piecewise,False,1,piecewise_lags_3_sinusoidal_yes,0.252,0.888,511.936,520.343,True,True,False,1.309,-0.734,0,1.659,2.246,0.577,793.5289464646465,,,,,1.413,0.169,,,,,1.0,1.174,0.463,0.124
PRPHA-Cluster_2_yearly_False_window_1_lags_4_sinusoidal_yes_piecewise,False,1,piecewise_lags_4_sinusoidal_yes,0.232,0.54,496.515,504.719,True,True,True,1.524,-1.8,0,1.943,3.166,0.579,795.0209454545454,,,,,,,1.918,0.585,,,1.053,1.251,0.443,0.11
PRPHA-Cluster_2_yearly_False_window_1_lags_5_sinusoidal_yes_piecewise,False,1,piecewise_lags_5_sinusoidal_yes,0.238,0.839,479.789,487.782,True,True,True,1.577,-0.099,0,1.763,2.465,0.567,791.883597979798,,,,,,,,,1.54,0.357,1.061,1.101,0.547,0.133
PRPHA-Cluster_2_yearly_True_window_1_lags_none_sinusoidal_no_piecewise,True,1,piecewise_lags_none_sinusoidal_no,0.052,0.263,486.569,490.671,True,True,False,0.667,-0.087,0,1.366,1.366,0.288,837.2393818181818,,,,,,,,,,,,,,
PRPHA-Cluster_2_yearly_True_window_1_lags_1_sinusoidal_no_piecewise,True,1,piecewise_lags_1_sinusoidal_no,0.064,0.325,472.582,477.911,True,True,False,0.658,-0.561,0,1.455,1.582,0.27,824.5976222222223,1.127,0.801,,,,,,,,,,,,
PRPHA-Cluster_2_yearly_True_window_1_lags_2_sinusoidal_no_piecewise,True,1,piecewise_lags_2_sinusoidal_no,0.048,0.331,456.787,461.97,True,True,False,0.813,-0.074,0,7.335,7.954,0.337,518.7696,,,1.619,0.885,,,,,,,,,,
PRPHA-Cluster_2_yearly_True_window_1_lags_3_sinusoidal_no_piecewise,True,1,piecewise_lags_3_sinusoidal_no,0.166,0.891,437.649,442.681,True,True,False,0.622,-1.522,0,1.65,2.127,0.253,826.9695404040405,,,,,1.477,0.103,,,,,,,,
PRPHA-Cluster_2_yearly_True_window_1_lags_4_sinusoidal_no_piecewise,True,1,piecewise_lags_4_sinusoidal_no,0.135,0.667,422.377,427.253,True,True,False,1.005,-0.826,0,1.868,2.755,0.179,822.3558424242425,,,,,,,1.887,0.254,,,,,,
PRPHA-Cluster_2_yearly_True_window_1_lags_5_sinusoidal_no_piecewise,True,1,piecewise_lags_5_sinusoidal_no,0.135,0.589,405.805,410.518,True,True,False,0.843,-0.141,0,1.712,2.196,0.253,821.9947595959595,,,,,,,,,1.484,0.354,,,,
PRPHA-Cluster_2_yearly_True_window_1_lags_none_sinusoidal_yes_piecewise,True,1,piecewise_lags_none_sinusoidal_yes,0.252,0.251,483.688,490.525,True,True,False,0.855,-0.11,0,1.391,1.46,0.28,837.2393818181818,,,,,,,,,,,1.059,1.01,0.56,0.023
PRPHA-Cluster_2_yearly_True_window_1_lags_1_sinusoidal_yes_piecewise,True,1,piecewise_lags_1_sinusoidal_yes,0.253,0.32,470.282,478.276,True,True,False,0.862,-0.249,0,1.502,1.746,0.354,824.5976222222223,1.14,0.888,,,,,,,,,1.054,1.05,0.624,0.035
PRPHA-Cluster_2_yearly_True_window_1_lags_2_sinusoidal_yes_piecewise,True,1,piecewise_lags_2_sinusoidal_yes,0.318,0.265,451.778,459.553,True,True,False,1.014,0.136,0,8.906,9.927,0.307,518.7696,,,1.773,0.586,,,,,,,1.132,1.116,0.61,0.012
PRPHA-Cluster_2_yearly_True_window_1_lags_3_sinusoidal_yes_piecewise,True,1,piecewise_lags_3_sinusoidal_yes,0.295,0.756,437.273,444.821,True,True,False,0.771,-1.159,0,1.761,2.49,0.483,826.9695404040405,,,,,1.559,0.246,,,,,1.002,1.169,0.591,0.083
PRPHA-Cluster_2_yearly_True_window_1_lags_4_sinusoidal_yes_piecewise,True,1,piecewise_lags_4_sinusoidal_yes,0.291,0.47,421.396,428.709,True,True,False,0.868,-0.883,0,2.125,3.57,0.528,822.3558424242425,,,,,,,2.15,0.705,,,1.107,1.189,0.443,0.062
PRPHA-Cluster_2_yearly_True_window_1_lags_5_sinusoidal_yes_piecewise,True,1,piecewise_lags_5_sinusoidal_yes,0.295,0.715,404.9,411.968,True,True,False,0.927,-1.327,0,1.78,2.407,0.452,821.9947595959595,,,,,,,,,1.531,0.386,1.076,1.02,0.54,0.07
PRPHA-Cluster_2_yearly_False_window_2_lags_none_sinusoidal_no_piecewise,False,2,piecewise_lags_none_sinusoidal_no,0.09,0.105,548.17,552.659,True,True,False,0.67,0.014,0,3.467,3.467,0.131,575.7298777777778,,,,,,,,,,,,,,
PRPHA-Cluster_2_yearly_False_window_2_lags_1_sinusoidal_no_piecewise,False,2,piecewise_lags_1_sinusoidal_no,0.126,0.075,534.085,539.948,True,True,False,0.656,-0.425,0,3.514,3.619,0.108,578.6066030303031,1.105,0.311,,,,,,,,,,,,
PRPHA-Cluster_2_yearly_False_window_2_lags_2_sinusoidal_no_piecewise,False,2,piecewise_lags_2_sinusoidal_no,0.066,0.201,519.637,525.373,True,True,False,0.558,-0.032,0,3.97,4.373,0.228,575.5828282828282,,,1.403,0.618,,,,,,,,,,
PRPHA-Cluster_2_yearly_False_window_2_lags_3_sinusoidal_no_piecewise,False,2,piecewise_lags_3_sinusoidal_no,0.143,0.208,501.886,507.49,False,True,False,0.629,-0.164,0,5.553,6.517,0.154,570.0485454545455,,,,,1.964,0.282,,,,,,,,
PRPHA-Cluster_2_yearly_False_window_2_lags_4_sinusoidal_no_piecewise,False,2,piecewise_lags_4_sinusoidal_no,0.234,0.281,482.559,488.028,True,True,False,0.702,-0.272,0,7.054,8.79,0.114,584.1786101010101,,,,,,,2.735,0.073,,,,,,
PRPHA-Cluster_2_yearly_False_window_2_lags_5_sinusoidal_no_piecewise,False,2,piecewise_lags_5_sinusoidal_no,0.165,0.592,469.292,474.62,True,True,False,0.663,0.076,0,7.452,8.921,0.434,578.3588666666667,,,,,,,,,2.469,0.27,,,,
PRPHA-Cluster_2_yearly_False_window_2_lags_none_sinusoidal_yes_piecewise,False,2,piecewise_lags_none_sinusoidal_yes,0.26,0.209,545.348,552.831,True,True,False,0.697,0.054,0,3.983,4.192,0.262,575.7298777777778,,,,,,,,,,,1.149,1.06,0.388,0.028
PRPHA-Cluster_2_yearly_False_window_2_lags_1_sinusoidal_yes_piecewise,False,2,piecewise_lags_1_sinusoidal_yes,0.351,0.091,528.548,537.343,True,True,False,0.796,0.085,0,4.055,4.398,0.164,578.6066030303031,1.127,0.218,,,,,,,,,1.117,1.098,0.561,0.008
PRPHA-Cluster_2_yearly_False_window_2_lags_2_sinusoidal_yes_piecewise,False,2,piecewise_lags_2_sinusoidal_yes,0.331,0.165,513.279,521.883,True,True,False,0.671,0.104,0,4.678,5.415,0.237,575.5828282828282,,,1.498,0.393,,,,,,,1.102,1.136,0.405,0.008
PRPHA-Cluster_2_yearly_False_window_2_lags_3_sinusoidal_yes_piecewise,False,2,piecewise_lags_3_sinusoidal_yes,0.297,0.279,499.942,508.349,True,True,False,0.732,-0.411,0,6.604,8.021,0.288,570.0485454545455,,,,,2.186,0.511,,,,,1.018,1.213,0.351,0.053
PRPHA-Cluster_2_yearly_False_window_2_lags_4_sinusoidal_yes_piecewise,False,2,piecewise_lags_4_sinusoidal_yes,0.326,0.354,482.84,491.044,True,True,False,0.724,-0.636,0,8.493,10.878,0.261,584.1786101010101,,,,,,,3.147,0.216,,,1.041,1.197,0.48,0.107
PRPHA-Cluster_2_yearly_False_window_2_lags_5_sinusoidal_yes_piecewise,False,2,piecewise_lags_5_sinusoidal_yes,0.308,0.592,468.043,476.036,True,True,False,0.706,-0.009,0,7.869,9.498,0.516,578.3588666666667,,,,,,,,,2.564,0.389,1.038,1.026,0.382,0.064
PRPHA-Cluster_2_yearly_True_window_2_lags_none_sinusoidal_no_piecewise,True,2,piecewise_lags_none_sinusoidal_no,0.044,0.3,481.796,485.898,False,True,False,0.397,-0.287,0,1.855,1.855,0.295,702.597158080808,,,,,,,,,,,,,,
PRPHA-Cluster_2_yearly_True_window_2_lags_1_sinusoidal_no_piecewise,True,2,piecewise_lags_1_sinusoidal_no,0.049,0.311,468.857,474.186,False,True,False,0.382,-0.654,0,1.861,1.952,0.307,704.8094492424242,1.091,0.95,,,,,,,,,,,,
PRPHA-Cluster_2_yearly_True_window_2_lags_2_sinusoidal_no_piecewise,True,2,piecewise_lags_2_sinusoidal_no,0.043,0.768,452.502,457.685,False,True,False,0.359,-0.286,0,1.969,2.273,0.538,705.0055363636363,,,1.304,0.546,,,,,,,,,,
PRPHA-Cluster_2_yearly_True_window_2_lags_3_sinusoidal_no_piecewise,True,2,piecewise_lags_3_sinusoidal_no,0.178,0.229,433.431,438.463,False,True,False,0.431,-0.956,0,7.211,8.811,0.167,570.6223749999999,,,,,2.6,0.092,,,,,,,,
PRPHA-Cluster_2_yearly_True_window_2_lags_4_sinusoidal_no_piecewise,True,2,piecewise_lags_4_sinusoidal_no,0.27,0.093,414.484,419.36,True,True,False,0.638,-1.111,0,9.74,12.346,0.05,580.4303055555555,,,,,,,3.606,0.042,,,,,,
PRPHA-Cluster_2_yearly_True_window_2_lags_5_sinusoidal_no_piecewise,True,2,piecewise_lags_5_sinusoidal_no,0.135,0.413,403.002,407.714,True,False,False,0.48,-0.243,0,2.604,3.47,0.213,712.9138999999999,,,,,,,,,1.866,0.387,,,,
PRPHA-Cluster_2_yearly_True_window_2_lags_none_sinusoidal_yes_piecewise,True,2,piecewise_lags_none_sinusoidal_yes,0.261,0.269,478.323,485.159,True,True,False,0.501,-0.039,0,1.926,2.009,0.285,702.597158080808,,,,,,,,,,,1.052,1.031,0.469,0.022
PRPHA-Cluster_2_yearly_True_window_2_lags_1_sinusoidal_yes_piecewise,True,2,piecewise_lags_1_sinusoidal_yes,0.278,0.172,465.134,473.127,True,True,False,0.572,-0.36,0,1.943,2.137,0.245,704.8094492424242,1.099,0.823,,,,,,,,,1.029,1.066,0.706,0.019
PRPHA-Cluster_2_yearly_True_window_2_lags_2_sinusoidal_yes_piecewise,True,2,piecewise_lags_2_sinusoidal_yes,0.293,0.469,448.332,456.107,True,True,False,0.49,-0.274,0,2.061,2.487,0.505,705.0055363636363,,,1.332,0.984,,,,,,,1.002,1.093,0.433,0.026
PRPHA-Cluster_2_yearly_True_window_2_lags_3_sinusoidal_yes_piecewise,True,2,piecewise_lags_3_sinusoidal_yes,0.366,0.109,430.663,438.211,True,True,False,0.668,-0.588,0,8.996,11.342,0.104,570.6223749999999,,,,,3.059,0.439,,,,,1.007,1.281,0.425,0.032
PRPHA-Cluster_2_yearly_True_window_2_lags_4_sinusoidal_yes_piecewise,True,2,piecewise_lags_4_sinusoidal_yes,0.428,0.058,412.403,419.717,True,True,False,0.808,-0.735,0,12.618,16.411,0.045,580.4303055555555,,,,,,,4.464,0.143,,,1.254,1.075,0.749,0.034
PRPHA-Cluster_2_yearly_True_window_2_lags_5_sinusoidal_yes_piecewise,True,2,piecewise_lags_5_sinusoidal_yes,0.346,0.469,400.277,407.346,True,True,False,0.637,-1.004,0,3.138,4.624,0.235,712.9138999999999,,,,,,,,,2.154,0.301,1.296,1.036,0.584,0.034
PRPHA-Cluster_2_yearly_False_window_3_lags_none_sinusoidal_no_piecewise,False,3,piecewise_lags_none_sinusoidal_no,0.192,0.015,539.139,543.628,True,True,False,0.593,0.162,0,4.24,4.24,0.017,551.1776666666667,,,,,,,,,,,,,,
PRPHA-Cluster_2_yearly_False_window_3_lags_1_sinusoidal_no_piecewise,False,3,piecewise_lags_1_sinusoidal_no,0.208,0.013,525.43,531.293,True,True,False,0.626,-0.251,0,4.34,4.442,0.015,549.934,1.102,0.509,,,,,,,,,,,,
PRPHA-Cluster_2_yearly_False_window_3_lags_2_sinusoidal_no_piecewise,False,3,piecewise_lags_2_sinusoidal_no,0.123,0.076,512.883,518.619,True,True,False,0.481,-0.32,0,5.677,6.11,0.079,539.6333331333334,,,1.433,0.671,,,,,,,,,,
PRPHA-Cluster_2_yearly_False_window_3_lags_3_sinusoidal_no_piecewise,False,3,piecewise_lags_3_sinusoidal_no,0.221,0.035,494.078,499.683,True,True,False,0.6,-0.211,0,6.198,7.061,0.031,559.8833333333333,,,,,1.862,0.566,,,,,,,,
PRPHA-Cluster_2_yearly_False_window_3_lags_4_sinusoidal_no_piecewise,False,3,piecewise_lags_4_sinusoidal_no,0.249,0.144,477.133,482.602,True,True,False,0.535,-0.047,0,9.591,11.309,0.104,558.6396666666667,,,,,,,2.718,0.236,,,,,,
PRPHA-Cluster_2_yearly_False_window_3_lags_5_sinusoidal_no_piecewise,False,3,piecewise_lags_5_sinusoidal_no,0.28,0.318,458.835,464.164,True,True,False,0.462,-0.297,0,11.703,14.013,0.216,557.396,,,,,,,,,3.311,0.134,,,,
PRPHA-Cluster_2_yearly_False_window_3_lags_none_sinusoidal_yes_piecewise,False,3,piecewise_lags_none_sinusoidal_yes,0.325,0.068,537.227,544.71,True,True,False,0.557,0.124,0,5.045,5.293,0.076,551.1776666666667,,,,,,,,,,,1.232,1.017,0.672,0.029
PRPHA-Cluster_2_yearly_False_window_3_lags_1_sinusoidal_yes_piecewise,False,3,piecewise_lags_1_sinusoidal_yes,0.421,0.05,519.415,528.209,True,True,False,0.699,-0.006,0,5.242,5.641,0.06,549.934,1.129,0.483,,,,,,,,,1.234,1.036,0.763,0.005
PRPHA-Cluster_2_yearly_False_window_3_lags_2_sinusoidal_yes_piecewise,False,3,piecewise_lags_2_sinusoidal_yes,0.376,0.165,506.351,514.955,False,True,False,0.537,-0.062,0,7.028,7.874,0.185,539.6333331333334,,,1.558,0.585,,,,,,,1.205,1.084,0.721,0.004
PRPHA-Cluster_2_yearly_False_window_3_lags_3_sinusoidal_yes_piecewise,False,3,piecewise_lags_3_sinusoidal_yes,0.39,0.089,490.737,499.144,True,True,False,0.642,-0.106,0,7.363,8.642,0.096,559.8833333333333,,,,,2.056,0.742,,,,,1.083,1.141,0.601,0.02
PRPHA-Cluster_2_yearly_False_window_3_lags_4_sinusoidal_yes_piecewise,False,3,piecewise_lags_4_sinusoidal_yes,0.382,0.183,475.51,483.714,True,True,False,0.578,-0.662,0,11.081,13.271,0.173,558.6396666666667,,,,,,,3.016,0.473,,,1.002,1.172,0.631,0.04
PRPHA-Cluster_2_yearly_False_window_3_lags_5_sinusoidal_yes_piecewise,False,3,piecewise_lags_5_sinusoidal_yes,0.389,0.393,458.268,466.261,True,True,False,0.496,0.136,0,13.681,16.604,0.315,557.396,,,,,,,,,3.738,0.234,1.093,1.092,0.841,0.061
PRPHA-Cluster_2_yearly_True_window_3_lags_none_sinusoidal_no_piecewise,True,3,piecewise_lags_none_sinusoidal_no,0.032,0.377,478.974,483.076,True,True,False,0.264,-0.183,0,1.994,1.994,0.367,678.1310363636364,,,,,,,,,,,,,,
PRPHA-Cluster_2_yearly_True_window_3_lags_1_sinusoidal_no_piecewise,True,3,piecewise_lags_1_sinusoidal_no,0.033,0.398,465.72,471.049,False,True,False,0.248,-0.207,0,2.245,2.35,0.375,645.595764983165,1.105,0.922,,,,,,,,,,,,
PRPHA-Cluster_2_yearly_True_window_3_lags_2_sinusoidal_no_piecewise,True,3,piecewise_lags_2_sinusoidal_no,0.063,0.286,448.998,454.182,False,True,False,0.255,-0.261,0,4.895,5.38,0.303,564.3154484848485,,,1.486,0.357,,,,,,,,,,
PRPHA-Cluster_2_yearly_True_window_3_lags_3_sinusoidal_no_piecewise,True,3,piecewise_lags_3_sinusoidal_no,0.152,0.687,431.126,436.158,False,True,False,0.28,-1.211,0,3.181,4.356,0.282,678.3798029348485,,,,,2.176,0.095,,,,,,,,
PRPHA-Cluster_2_yearly_True_window_3_lags_4_sinusoidal_no_piecewise,True,3,piecewise_lags_4_sinusoidal_no,0.308,0.323,410.137,415.013,True,True,False,0.473,-0.146,0,4.178,6.21,0.038,677.8599420875421,,,,,,,3.032,0.019,,,,,,
PRPHA-Cluster_2_yearly_True_window_3_lags_5_sinusoidal_no_piecewise,True,3,piecewise_lags_5_sinusoidal_no,0.159,0.521,397.846,402.559,True,True,False,0.291,-0.134,0,3.229,4.537,0.203,704.8889925925926,,,,,,,,,2.308,0.167,,,,
PRPHA-Cluster_2_yearly_True_window_3_lags_none_sinusoidal_yes_piecewise,True,3,piecewise_lags_none_sinusoidal_yes,0.287,0.253,474.106,480.942,True,False,False,0.385,0.036,0,2.121,2.249,0.229,678.1310363636364,,,,,,,,,,,1.123,1.004,0.619,0.009
PRPHA-Cluster_2_yearly_True_window_3_lags_1_sinusoidal_yes_piecewise,True,3,piecewise_lags_1_sinusoidal_yes,0.381,0.164,457.253,465.247,True,False,False,0.481,0.131,0,2.46,2.757,0.164,645.595764983165,1.124,0.975,,,,,,,,,1.152,1.021,0.734,0.002
PRPHA-Cluster_2_yearly_True_window_3_lags_2_sinusoidal_yes_piecewise,True,3,piecewise_lags_2_sinusoidal_yes,0.344,0.699,443.397,451.172,True,False,False,0.324,-0.227,0,5.866,6.722,0.686,564.3154484848485,,,1.607,0.642,,,,,,,1.158,1.091,0.412,0.014
PRPHA-Cluster_2_yearly_True_window_3_lags_3_sinusoidal_yes_piecewise,True,3,piecewise_lags_3_sinusoidal_yes,0.358,0.425,427.873,435.421,True,True,False,0.399,-0.724,0,3.755,5.503,0.381,678.3798029348485,,,,,2.485,0.458,,,,,1.02,1.243,0.798,0.021
PRPHA-Cluster_2_yearly_True_window_3_lags_4_sinusoidal_yes_piecewise,True,3,piecewise_lags_4_sinusoidal_yes,0.459,0.147,408.015,415.329,True,True,False,0.709,-0.355,0,8.299,14.265,0.049,677.8599420875421,,,,,,,5.669,0.058,,,1.877,1.42,0.322,0.134
PRPHA-Cluster_2_yearly_True_window_3_lags_5_sinusoidal_yes_piecewise,True,3,piecewise_lags_5_sinusoidal_yes,0.394,0.418,393.997,401.065,True,True,False,0.451,-0.304,0,5.213,8.573,0.165,704.8889925925926,,,,,,,,,3.471,0.135,1.89,1.0,0.706,0.018
PRPHA-Cluster_2_yearly_False_window_4_lags_none_sinusoidal_no_piecewise,False,4,piecewise_lags_none_sinusoidal_no,0.224,0.007,533.163,537.653,True,True,False,0.512,0.011,0,3.416,3.416,0.007,574.2905616161615,,,,,,,,,,,,,,
PRPHA-Cluster_2_yearly_False_window_4_lags_1_sinusoidal_no_piecewise,False,4,piecewise_lags_1_sinusoidal_no,0.24,0.007,519.939,525.802,True,True,False,0.505,0.075,0,3.389,3.493,0.007,573.0125434343433,1.104,0.587,,,,,,,,,,,,
PRPHA-Cluster_2_yearly_False_window_4_lags_2_sinusoidal_no_piecewise,False,4,piecewise_lags_2_sinusoidal_no,0.037,0.397,511.568,517.304,False,True,False,0.218,-0.386,0,1.914,2.147,0.329,699.5065,,,1.233,0.96,,,,,,,,,,
PRPHA-Cluster_2_yearly_False_window_4_lags_3_sinusoidal_no_piecewise,False,4,piecewise_lags_3_sinusoidal_no,0.228,0.023,490.343,495.948,False,True,False,0.442,-0.59,0,5.736,6.726,0.021,568.5489368686868,,,,,1.99,0.46,,,,,,,,
PRPHA-Cluster_2_yearly_False_window_4_lags_4_sinusoidal_no_piecewise,False,4,piecewise_lags_4_sinusoidal_no,0.245,0.088,474.129,479.598,True,False,False,0.381,-0.504,0,8.83,10.867,0.071,573.3197833333334,,,,,,,3.036,0.232,,,,,,
PRPHA-Cluster_2_yearly_False_window_4_lags_5_sinusoidal_no_piecewise,False,4,piecewise_lags_5_sinusoidal_no,0.257,0.144,456.747,462.076,True,False,False,0.272,-0.069,0,11.516,14.342,0.118,570.1164707070707,,,,,,,,,3.826,0.164,,,,
PRPHA-Cluster_2_yearly_False_window_4_lags_none_sinusoidal_yes_piecewise,False,4,piecewise_lags_none_sinusoidal_yes,0.379,0.016,529.783,537.266,True,False,False,0.513,0.039,0,4.127,4.421,0.016,574.2905616161615,,,,,,,,,,,1.234,1.06,0.318,0.026
PRPHA-Cluster_2_yearly_False_window_4_lags_1_sinusoidal_yes_piecewise,False,4,piecewise_lags_1_sinusoidal_yes,0.492,0.014,511.061,519.856,True,False,False,0.544,0.214,0,4.104,4.538,0.015,573.0125434343433,1.135,0.474,,,,,,,,,1.218,1.081,0.276,0.003
PRPHA-Cluster_2_yearly_False_window_4_lags_2_sinusoidal_yes_piecewise,False,4,piecewise_lags_2_sinusoidal_yes,0.387,0.189,501.581,510.185,True,False,False,0.383,-0.282,0,1.984,2.312,0.234,699.5065,,,1.251,0.535,,,,,,,1.013,1.064,0.415,0.002
PRPHA-Cluster_2_yearly_False_window_4_lags_3_sinusoidal_yes_piecewise,False,4,piecewise_lags_3_sinusoidal_yes,0.428,0.041,485.332,493.739,True,False,False,0.516,-0.107,0,6.876,8.345,0.043,568.5489368686868,,,,,2.228,0.829,,,,,1.022,1.219,0.259,0.016
PRPHA-Cluster_2_yearly_False_window_4_lags_4_sinusoidal_yes_piecewise,False,4,piecewise_lags_4_sinusoidal_yes,0.424,0.056,470.265,478.469,True,False,False,0.489,-0.151,0,10.805,13.607,0.055,573.3197833333334,,,,,,,3.549,0.776,,,1.038,1.214,0.26,0.02
PRPHA-Cluster_2_yearly_False_window_4_lags_5_sinusoidal_yes_piecewise,False,4,piecewise_lags_5_sinusoidal_yes,0.406,0.134,454.479,462.473,True,False,False,0.373,0.243,0,13.431,16.952,0.122,570.1164707070707,,,,,,,,,4.34,0.419,1.113,1.069,0.315,0.04
PRPHA-Cluster_2_yearly_True_window_4_lags_none_sinusoidal_no_piecewise,True,4,piecewise_lags_none_sinusoidal_no,0.034,0.38,475.179,479.281,True,True,False,0.188,-0.094,0,3.146,3.146,0.369,592.9862979797979,,,,,,,,,,,,,,
PRPHA-Cluster_2_yearly_True_window_4_lags_1_sinusoidal_no_piecewise,True,4,piecewise_lags_1_sinusoidal_no,0.048,0.352,462.008,467.337,True,True,False,0.199,-0.966,0,3.046,3.186,0.335,594.1214193181819,1.14,0.906,,,,,,,,,,,,
PRPHA-Cluster_2_yearly_True_window_4_lags_2_sinusoidal_no_piecewise,True,4,piecewise_lags_2_sinusoidal_no,0.094,0.21,444.792,449.975,False,True,False,0.22,-7.905,0,4.856,5.393,0.249,569.23165,,,1.536,0.236,,,,,,,,,,
PRPHA-Cluster_2_yearly_True_window_4_lags_3_sinusoidal_no_piecewise,True,4,piecewise_lags_3_sinusoidal_no,0.148,0.734,428.667,433.699,False,True,False,0.177,-1.718,0,4.033,5.358,0.417,631.9525972222222,,,,,2.325,0.079,,,,,,,,
PRPHA-Cluster_2_yearly_True_window_4_lags_4_sinusoidal_no_piecewise,True,4,piecewise_lags_4_sinusoidal_no,0.265,0.512,409.319,414.194,True,True,False,0.306,-1.047,0,3.431,5.385,0.056,697.9392204545454,,,,,,,2.954,0.025,,,,,,
PRPHA-Cluster_2_yearly_True_window_4_lags_5_sinusoidal_no_piecewise,True,4,piecewise_lags_5_sinusoidal_no,0.116,0.509,396.912,401.625,True,False,False,0.219,-0.068,0,3.102,4.787,0.182,734.2573046717171,,,,,,,,,2.685,0.249,,,,
PRPHA-Cluster_2_yearly_True_window_4_lags_none_sinusoidal_yes_piecewise,True,4,piecewise_lags_none_sinusoidal_yes,0.317,0.079,469.153,475.99,True,False,False,0.332,-0.086,0,3.794,4.096,0.075,592.9862979797979,,,,,,,,,,,1.231,1.071,0.181,0.013
PRPHA-Cluster_2_yearly_True_window_4_lags_1_sinusoidal_yes_piecewise,True,4,piecewise_lags_1_sinusoidal_yes,0.461,0.031,450.086,458.08,True,False,False,0.626,-0.139,0,3.642,4.115,0.03,594.1214193181819,1.181,0.944,,,,,,,,,1.186,1.105,0.181,0.001
PRPHA-Cluster_2_yearly_True_window_4_lags_2_sinusoidal_yes_piecewise,True,4,piecewise_lags_2_sinusoidal_yes,0.354,0.517,439.647,447.422,True,False,False,0.247,-22.973,0,5.948,6.92,0.515,569.23165,,,1.688,0.63,,,,,,,1.055,1.228,0.172,0.028
PRPHA-Cluster_2_yearly_True_window_4_lags_3_sinusoidal_yes_piecewise,True,4,piecewise_lags_3_sinusoidal_yes,0.368,0.251,424.882,432.431,True,True,False,0.317,-1.051,0,4.955,6.985,0.217,631.9525972222222,,,,,2.727,0.46,,,,,1.066,1.238,0.471,0.019
PRPHA-Cluster_2_yearly_True_window_4_lags_4_sinusoidal_yes_piecewise,True,4,piecewise_lags_4_sinusoidal_yes,0.454,0.184,405.887,413.2,True,True,False,0.584,-0.734,0,7.088,13.487,0.039,697.9392204545454,,,,,,,5.894,0.052,,,2.417,1.087,0.442,0.036
PRPHA-Cluster_2_yearly_True_window_4_lags_5_sinusoidal_yes_piecewise,True,4,piecewise_lags_5_sinusoidal_yes,0.37,0.4,392.779,399.847,True,False,False,0.388,-0.131,0,5.702,10.71,0.177,734.2573046717171,,,,,,,,,4.77,0.2,2.08,1.158,0.833,0.022
PRPHA-Cluster_2_yearly_False_window_5_lags_none_sinusoidal_no_piecewise,False,5,piecewise_lags_none_sinusoidal_no,0.114,0.071,533.991,538.48,False,True,False,0.22,-0.0,0,1.852,1.852,0.059,666.5096505050506,,,,,,,,,,,,,,
PRPHA-Cluster_2_yearly_False_window_5_lags_1_sinusoidal_no_piecewise,False,5,piecewise_lags_1_sinusoidal_no,0.093,0.13,522.265,528.128,False,True,False,0.191,-0.155,0,1.911,1.958,0.111,666.9211838383839,1.048,0.536,,,,,,,,,,,,
PRPHA-Cluster_2_yearly_False_window_5_lags_2_sinusoidal_no_piecewise,False,5,piecewise_lags_2_sinusoidal_no,0.076,0.822,507.031,512.767,True,True,False,0.283,-0.106,0,1.088,1.1,0.161,832.293,,,1.012,0.858,,,,,,,,,,
PRPHA-Cluster_2_yearly_False_window_5_lags_3_sinusoidal_no_piecewise,False,5,piecewise_lags_3_sinusoidal_no,0.164,0.171,489.325,494.93,False,False,False,0.197,-0.877,0,2.457,2.99,0.082,667.0537547474747,,,,,1.533,0.236,,,,,,,,
PRPHA-Cluster_2_yearly_False_window_5_lags_4_sinusoidal_no_piecewise,False,5,piecewise_lags_4_sinusoidal_no,0.297,0.332,467.763,473.232,True,False,False,0.275,0.22,0,3.39,4.747,0.047,671.8680036363637,,,,,,,2.357,0.022,,,,,,
PRPHA-Cluster_2_yearly_False_window_5_lags_5_sinusoidal_no_piecewise,False,5,piecewise_lags_5_sinusoidal_no,0.334,0.133,449.629,454.958,True,True,False,0.436,-0.055,0,1.102,1.194,0.071,832.30974,,,,,,,,,1.092,0.012,,,,
PRPHA-Cluster_2_yearly_False_window_5_lags_none_sinusoidal_yes_piecewise,False,5,piecewise_lags_none_sinusoidal_yes,0.417,0.018,524.167,531.65,True,True,False,0.401,0.216,0,1.982,2.135,0.01,666.5096505050506,,,,,,,,,,,1.153,1.0,0.609,0.001
PRPHA-Cluster_2_yearly_False_window_5_lags_1_sinusoidal_yes_piecewise,False,5,piecewise_lags_1_sinusoidal_yes,0.504,0.019,506.924,515.718,True,False,False,0.532,0.262,0,2.033,2.222,0.015,666.9211838383839,1.054,0.295,,,,,,,,,1.129,1.006,0.973,0.0
PRPHA-Cluster_2_yearly_False_window_5_lags_2_sinusoidal_yes_piecewise,False,5,piecewise_lags_2_sinusoidal_yes,0.397,0.815,497.83,506.434,True,False,False,0.325,0.027,0,1.109,1.358,0.485,832.293,,,1.014,0.916,,,,,,,1.065,1.17,0.27,0.003
PRPHA-Cluster_2_yearly_False_window_5_lags_3_sinusoidal_yes_piecewise,False,5,piecewise_lags_3_sinusoidal_yes,0.452,0.061,480.624,489.031,True,True,False,0.412,-0.137,0,2.593,3.268,0.046,667.0537547474747,,,,,1.582,0.519,,,,,1.008,1.085,0.891,0.002
PRPHA-Cluster_2_yearly_False_window_5_lags_4_sinusoidal_yes_piecewise,False,5,piecewise_lags_4_sinusoidal_yes,0.45,0.126,464.639,472.843,True,True,False,0.364,0.264,0,4.192,6.338,0.055,671.8680036363637,,,,,,,2.812,0.189,,,1.087,1.249,0.968,0.019
PRPHA-Cluster_2_yearly_False_window_5_lags_5_sinusoidal_yes_piecewise,False,5,piecewise_lags_5_sinusoidal_yes,0.397,0.538,450.864,458.858,True,False,False,0.348,0.123,0,1.126,1.477,0.229,832.30974,,,,,,,,,1.114,0.116,1.006,1.231,0.643,0.151
PRPHA-Cluster_2_yearly_True_window_5_lags_none_sinusoidal_no_piecewise,True,5,piecewise_lags_none_sinusoidal_no,0.053,0.362,472.048,476.15,True,True,False,0.165,-0.458,0,3.109,3.109,0.328,605.4844355555556,,,,,,,,,,,,,,
PRPHA-Cluster_2_yearly_True_window_5_lags_1_sinusoidal_no_piecewise,True,5,piecewise_lags_1_sinusoidal_no,0.066,0.358,459.109,464.438,True,True,False,0.168,-0.024,0,3.037,3.141,0.319,605.4910038383838,1.105,0.977,,,,,,,,,,,,
PRPHA-Cluster_2_yearly_True_window_5_lags_2_sinusoidal_no_piecewise,True,5,piecewise_lags_2_sinusoidal_no,0.116,0.098,441.852,447.036,False,True,False,0.228,-1.463,0,1.618,1.744,0.198,764.9867129292929,,,1.126,0.328,,,,,,,,,,
PRPHA-Cluster_2_yearly_True_window_5_lags_3_sinusoidal_no_piecewise,True,5,piecewise_lags_3_sinusoidal_no,0.238,0.303,423.308,428.34,True,True,False,0.161,-0.64,0,4.112,5.15,0.124,632.0906644781145,,,,,2.038,0.03,,,,,,,,
PRPHA-Cluster_2_yearly_True_window_5_lags_4_sinusoidal_no_piecewise,True,5,piecewise_lags_4_sinusoidal_no,0.248,0.443,406.609,411.485,True,False,False,0.206,-0.125,0,6.316,8.238,0.168,632.2078346127946,,,,,,,2.922,0.019,,,,,,
PRPHA-Cluster_2_yearly_True_window_5_lags_5_sinusoidal_no_piecewise,True,5,piecewise_lags_5_sinusoidal_no,0.053,0.487,395.503,400.215,True,True,False,0.111,-0.096,0,1.75,2.486,0.913,790.7343052525252,,,,,,,,,1.736,0.334,,,,
PRPHA-Cluster_2_yearly_True_window_5_lags_none_sinusoidal_yes_piecewise,True,5,piecewise_lags_none_sinusoidal_yes,0.334,0.154,465.842,472.678,False,True,False,0.251,0.053,0,3.577,3.798,0.127,605.4844355555556,,,,,,,,,,,1.217,1.004,0.458,0.006
PRPHA-Cluster_2_yearly_True_window_5_lags_1_sinusoidal_yes_piecewise,True,5,piecewise_lags_1_sinusoidal_yes,0.454,0.123,448.068,456.062,True,True,False,0.552,-0.031,0,3.512,3.874,0.106,605.4910038383838,1.129,0.96,,,,,,,,,1.202,1.032,0.565,0.001
PRPHA-Cluster_2_yearly_True_window_5_lags_2_sinusoidal_yes_piecewise,True,5,piecewise_lags_2_sinusoidal_yes,0.41,0.659,434.913,442.688,True,True,False,0.316,-1.597,0,1.65,1.833,0.724,764.9867129292929,,,1.132,0.711,,,,,,,1.046,1.005,0.379,0.008
PRPHA-Cluster_2_yearly_True_window_5_lags_3_sinusoidal_yes_piecewise,True,5,piecewise_lags_3_sinusoidal_yes,0.439,0.138,419.333,426.882,True,True,False,0.279,-0.517,0,5.437,7.343,0.11,632.0906644781145,,,,,2.48,0.22,,,,,1.022,1.404,0.796,0.015
PRPHA-Cluster_2_yearly_True_window_5_lags_4_sinusoidal_yes_piecewise,True,5,piecewise_lags_4_sinusoidal_yes,0.45,0.112,402.765,410.079,True,True,False,0.348,-0.613,0,12.583,17.95,0.077,632.2078346127946,,,,,,,5.188,0.08,,,1.691,1.488,0.343,0.052
PRPHA-Cluster_2_yearly_True_window_5_lags_5_sinusoidal_yes_piecewise,True,5,piecewise_lags_5_sinusoidal_yes,0.338,0.867,390.916,397.984,True,True,False,0.228,0.12,0,1.992,3.288,0.603,790.7343052525252,,,,,,,,,1.973,0.791,1.321,1.002,0.278,0.018
PRPHA-Cluster_2_yearly_False_window_6_lags_none_sinusoidal_no_piecewise,False,6,piecewise_lags_none_sinusoidal_no,0.11,0.188,530.502,534.991,True,True,False,0.257,-0.299,0,1.119,1.119,0.071,808.817730976431,,,,,,,,,,,,,,
PRPHA-Cluster_2_yearly_False_window_6_lags_1_sinusoidal_no_piecewise,False,6,piecewise_lags_1_sinusoidal_no,0.134,0.131,517.828,523.691,False,True,False,0.294,-0.472,0,1.123,1.125,0.063,808.9443301346801,1.002,0.832,,,,,,,,,,,,
PRPHA-Cluster_2_yearly_False_window_6_lags_2_sinusoidal_no_piecewise,False,6,piecewise_lags_2_sinusoidal_no,0.196,0.042,499.811,505.547,False,True,False,0.398,-1.026,0,1.128,1.134,0.027,808.9704006734007,,,1.006,0.26,,,,,,,,,,
PRPHA-Cluster_2_yearly_False_window_6_lags_3_sinusoidal_no_piecewise,False,6,piecewise_lags_3_sinusoidal_no,0.225,0.033,484.761,490.365,False,True,False,0.33,-0.864,0,1.127,1.163,0.038,809.2805515151515,,,,,1.035,0.059,,,,,,,,
PRPHA-Cluster_2_yearly_False_window_6_lags_4_sinusoidal_no_piecewise,False,6,piecewise_lags_4_sinusoidal_no,0.263,0.027,467.014,472.483,False,True,False,0.278,-0.315,0,1.142,1.311,0.117,809.4901737373738,,,,,,,1.169,0.022,,,,,,
PRPHA-Cluster_2_yearly_False_window_6_lags_5_sinusoidal_no_piecewise,False,6,piecewise_lags_5_sinusoidal_no,0.225,0.071,451.813,457.142,True,True,False,0.226,-1.332,0,1.149,1.386,0.218,809.6997959595959,,,,,,,,,1.236,0.051,,,,
PRPHA-Cluster_2_yearly_False_window_6_lags_none_sinusoidal_yes_piecewise,False,6,piecewise_lags_none_sinusoidal_yes,0.284,0.211,527.34,534.822,False,False,False,0.204,-0.042,0,1.128,1.203,0.195,808.817730976431,,,,,,,,,,,1.028,1.047,0.158,0.052
PRPHA-Cluster_2_yearly_False_window_6_lags_1_sinusoidal_yes_piecewise,False,6,piecewise_lags_1_sinusoidal_yes,0.394,0.469,510.368,519.162,True,False,False,0.322,0.163,0,1.138,1.259,0.496,808.9443301346801,1.003,0.895,,,,,,,,,1.041,1.078,0.167,0.009
PRPHA-Cluster_2_yearly_False_window_6_lags_2_sinusoidal_yes_piecewise,False,6,piecewise_lags_2_sinusoidal_yes,0.416,0.436,493.9,502.504,True,False,False,0.278,-0.382,0,1.136,1.208,0.315,808.9704006734007,,,1.006,0.642,,,,,,,1.016,1.049,0.116,0.025
PRPHA-Cluster_2_yearly_False_window_6_lags_3_sinusoidal_yes_piecewise,False,6,piecewise_lags_3_sinusoidal_yes,0.37,0.482,482.577,490.984,False,False,False,0.24,-0.555,0,1.132,1.201,0.299,809.2805515151515,,,,,1.037,0.292,,,,,1.001,1.032,0.273,0.054
PRPHA-Cluster_2_yearly_False_window_6_lags_4_sinusoidal_yes_piecewise,False,6,piecewise_lags_4_sinusoidal_yes,0.371,0.508,466.446,474.65,False,False,False,0.211,-1.245,0,1.149,1.376,0.257,809.4901737373738,,,,,,,1.177,0.263,,,1.036,1.014,0.311,0.084
PRPHA-Cluster_2_yearly_False_window_6_lags_5_sinusoidal_yes_piecewise,False,6,piecewise_lags_5_sinusoidal_yes,0.358,0.606,450.544,458.538,False,True,False,0.205,-0.496,0,1.168,1.563,0.28,809.6997959595959,,,,,,,,,1.267,0.369,1.092,1.036,0.253,0.069
PRPHA-Cluster_2_yearly_True_window_6_lags_none_sinusoidal_no_piecewise,True,6,piecewise_lags_none_sinusoidal_no,0.246,0.018,462.474,466.576,True,True,False,0.286,-0.537,0,1.094,1.094,0.019,808.4574,,,,,,,,,,,,,,
PRPHA-Cluster_2_yearly_True_window_6_lags_1_sinusoidal_no_piecewise,True,6,piecewise_lags_1_sinusoidal_no,0.29,0.011,449.098,454.426,False,True,False,0.29,-20.74,0,1.112,1.113,0.016,806.6984519381481,1.0,0.609,,,,,,,,,,,,
PRPHA-Cluster_2_yearly_True_window_6_lags_2_sinusoidal_no_piecewise,True,6,piecewise_lags_2_sinusoidal_no,0.355,0.004,431.033,436.216,False,True,False,0.311,-6.727,0,1.119,1.147,0.008,806.8698757575758,,,1.027,0.204,,,,,,,,,,
PRPHA-Cluster_2_yearly_True_window_6_lags_3_sinusoidal_no_piecewise,True,6,piecewise_lags_3_sinusoidal_no,0.316,0.009,418.804,423.837,False,True,False,0.214,-0.684,0,1.137,1.356,0.049,807.3849074074074,,,,,1.219,0.12,,,,,,,,
PRPHA-Cluster_2_yearly_True_window_6_lags_4_sinusoidal_no_piecewise,True,6,piecewise_lags_4_sinusoidal_no,0.243,0.043,405.229,410.105,False,True,False,0.197,-0.61,0,1.121,1.361,0.098,809.8815333333333,,,,,,,1.239,0.18,,,,,,
PRPHA-Cluster_2_yearly_True_window_6_lags_5_sinusoidal_no_piecewise,True,6,piecewise_lags_5_sinusoidal_no,0.159,0.236,391.186,395.899,False,True,False,0.185,-0.053,0,1.111,1.243,0.09,810.2375666666667,,,,,,,,,1.132,0.552,,,,
PRPHA-Cluster_2_yearly_True_window_6_lags_none_sinusoidal_yes_piecewise,True,6,piecewise_lags_none_sinusoidal_yes,0.351,0.034,462.124,468.96,False,True,False,0.231,-0.368,0,1.103,1.205,0.074,808.4574,,,,,,,,,,,1.057,1.045,0.215,0.167
PRPHA-Cluster_2_yearly_True_window_6_lags_1_sinusoidal_yes_piecewise,True,6,piecewise_lags_1_sinusoidal_yes,0.46,0.217,445.402,453.395,True,True,False,0.487,-38.783,0,1.131,1.296,0.343,806.6984519381481,1.0,0.983,,,,,,,,,1.087,1.078,0.193,0.034
PRPHA-Cluster_2_yearly_True_window_6_lags_2_sinusoidal_yes_piecewise,True,6,piecewise_lags_2_sinusoidal_yes,0.48,0.266,429.214,436.989,True,True,False,0.367,-5.875,0,1.127,1.224,0.206,806.8698757575758,,,1.029,0.734,,,,,,,1.029,1.039,0.152,0.08
PRPHA-Cluster_2_yearly_True_window_6_lags_3_sinusoidal_yes_piecewise,True,6,piecewise_lags_3_sinusoidal_yes,0.416,0.357,418.677,426.226,True,True,False,0.283,-1.304,0,1.141,1.391,0.137,807.3849074074074,,,,,1.224,0.567,,,,,1.019,1.008,0.367,0.093
PRPHA-Cluster_2_yearly_True_window_6_lags_4_sinusoidal_yes_piecewise,True,6,piecewise_lags_4_sinusoidal_yes,0.395,0.538,403.624,410.937,True,True,False,0.236,-0.3,0,1.131,1.472,0.171,809.8815333333333,,,,,,,1.259,0.682,,,1.047,1.035,0.22,0.063
PRPHA-Cluster_2_yearly_True_window_6_lags_5_sinusoidal_yes_piecewise,True,6,piecewise_lags_5_sinusoidal_yes,0.379,0.776,387.905,394.973,True,True,False,0.271,0.222,0,1.124,1.383,0.196,810.2375666666667,,,,,,,,,1.147,0.995,1.009,1.103,0.065,0.134
PRPHA-Cluster_2_yearly_False_window_7_lags_none_sinusoidal_no_piecewise,False,7,piecewise_lags_none_sinusoidal_no,0.261,0.011,522.175,526.665,True,True,False,0.258,0.191,0,1.203,1.203,0.004,780.5027679653681,,,,,,,,,,,,,,
PRPHA-Cluster_2_yearly_False_window_7_lags_1_sinusoidal_no_piecewise,False,7,piecewise_lags_1_sinusoidal_no,0.308,0.005,508.476,514.339,True,True,False,0.278,0.089,0,1.236,1.239,0.002,776.7080559884561,1.003,0.483,,,,,,,,,,,,
PRPHA-Cluster_2_yearly_False_window_7_lags_2_sinusoidal_no_piecewise,False,7,piecewise_lags_2_sinusoidal_no,0.384,0.001,489.368,495.104,True,True,False,0.35,0.346,0,1.27,1.314,0.001,774.2086060282828,,,1.044,0.179,,,,,,,,,,
PRPHA-Cluster_2_yearly_False_window_7_lags_3_sinusoidal_no_piecewise,False,7,piecewise_lags_3_sinusoidal_no,0.363,0.003,475.872,481.477,False,True,False,0.246,-0.106,0,1.267,1.392,0.002,778.7998853775854,,,,,1.126,0.044,,,,,,,,
PRPHA-Cluster_2_yearly_False_window_7_lags_4_sinusoidal_no_piecewise,False,7,piecewise_lags_4_sinusoidal_no,0.344,0.008,460.689,466.159,False,True,False,0.274,0.175,0,1.268,1.657,0.022,784.8397963443963,,,,,,,1.389,0.03,,,,,,
PRPHA-Cluster_2_yearly_False_window_7_lags_5_sinusoidal_no_piecewise,False,7,piecewise_lags_5_sinusoidal_no,0.351,0.011,443.052,448.381,False,True,False,0.224,0.183,0,1.36,2.005,0.034,782.9725767676767,,,,,,,,,1.646,0.049,,,,
PRPHA-Cluster_2_yearly_False_window_7_lags_none_sinusoidal_yes_piecewise,False,7,piecewise_lags_none_sinusoidal_yes,0.379,0.022,520.477,527.96,True,False,False,0.221,0.043,0,1.233,1.381,0.025,780.5027679653681,,,,,,,,,,,1.059,1.089,0.301,0.054
PRPHA-Cluster_2_yearly_False_window_7_lags_1_sinusoidal_yes_piecewise,False,7,piecewise_lags_1_sinusoidal_yes,0.453,0.102,504.917,513.712,True,False,False,0.349,0.106,0,1.289,1.52,0.139,776.7080559884561,1.003,0.817,,,,,,,,,1.089,1.138,0.379,0.024
PRPHA-Cluster_2_yearly_False_window_7_lags_2_sinusoidal_yes_piecewise,False,7,piecewise_lags_2_sinusoidal_yes,0.504,0.074,486.678,495.282,True,False,False,0.306,0.296,0,1.295,1.438,0.053,774.2086060282828,,,1.048,0.409,,,,,,,1.033,1.062,0.289,0.051
PRPHA-Cluster_2_yearly_False_window_7_lags_3_sinusoidal_yes_piecewise,False,7,piecewise_lags_3_sinusoidal_yes,0.457,0.141,475.095,483.502,True,False,False,0.232,-0.275,0,1.275,1.438,0.072,778.7998853775854,,,,,1.13,0.181,,,,,1.003,1.03,0.484,0.078
PRPHA-Cluster_2_yearly_False_window_7_lags_4_sinusoidal_yes_piecewise,False,7,piecewise_lags_4_sinusoidal_yes,0.437,0.292,460.278,468.482,True,True,False,0.214,-0.932,0,1.281,1.738,0.067,784.8397963443963,,,,,,,1.408,0.279,,,1.047,1.002,0.478,0.079
PRPHA-Cluster_2_yearly_False_window_7_lags_5_sinusoidal_yes_piecewise,False,7,piecewise_lags_5_sinusoidal_yes,0.45,0.303,442.395,450.389,True,False,False,0.24,0.223,0,1.426,2.374,0.042,782.9725767676767,,,,,,,,,1.764,0.467,1.178,1.006,0.304,0.081
PRPHA-Cluster_2_yearly_True_window_7_lags_none_sinusoidal_no_piecewise,True,7,piecewise_lags_none_sinusoidal_no,0.425,0.0,452.634,456.736,True,False,False,0.283,0.063,0,1.192,1.192,0.001,769.6569602453102,,,,,,,,,,,,,,
PRPHA-Cluster_2_yearly_True_window_7_lags_1_sinusoidal_no_piecewise,True,7,piecewise_lags_1_sinusoidal_no,0.461,0.0,439.426,444.755,True,True,False,0.311,0.237,0,1.213,1.236,0.001,767.9429984126983,1.022,0.974,,,,,,,,,,,,
PRPHA-Cluster_2_yearly_True_window_7_lags_2_sinusoidal_no_piecewise,True,7,piecewise_lags_2_sinusoidal_no,0.505,0.0,421.915,427.098,True,True,False,0.336,0.329,0,1.258,1.437,0.0,767.7486729980951,,,1.179,0.997,,,,,,,,,,
PRPHA-Cluster_2_yearly_True_window_7_lags_3_sinusoidal_no_piecewise,True,7,piecewise_lags_3_sinusoidal_no,0.41,0.002,412.223,417.255,True,True,False,0.205,0.245,0,1.351,1.997,0.007,770.1629092712842,,,,,1.646,0.505,,,,,,,,
PRPHA-Cluster_2_yearly_True_window_7_lags_4_sinusoidal_no_piecewise,True,7,piecewise_lags_4_sinusoidal_no,0.325,0.017,399.675,404.55,False,True,False,0.174,0.237,0,1.298,1.898,0.022,775.9984834054835,,,,,,,1.599,0.468,,,,,,
PRPHA-Cluster_2_yearly_True_window_7_lags_5_sinusoidal_no_piecewise,True,7,piecewise_lags_5_sinusoidal_no,0.33,0.052,382.215,386.928,True,True,False,0.22,0.17,0,1.293,1.715,0.008,774.2824004689755,,,,,,,,,1.422,0.999,,,,
PRPHA-Cluster_2_yearly_True_window_7_lags_none_sinusoidal_yes_piecewise,True,7,piecewise_lags_none_sinusoidal_yes,0.477,0.002,453.879,460.716,True,False,False,0.232,0.074,0,1.226,1.401,0.007,769.6569602453102,,,,,,,,,,,1.095,1.081,0.561,0.163
PRPHA-Cluster_2_yearly_True_window_7_lags_1_sinusoidal_yes_piecewise,True,7,piecewise_lags_1_sinusoidal_yes,0.565,0.02,437.383,445.376,True,False,False,0.585,0.086,0,1.246,1.424,0.036,767.9429984126983,1.026,0.78,,,,,,,,,1.074,1.078,0.509,0.039
PRPHA-Cluster_2_yearly_True_window_7_lags_2_sinusoidal_yes_piecewise,True,7,piecewise_lags_2_sinusoidal_yes,0.64,0.039,417.36,425.135,True,True,False,0.46,0.366,0,1.267,1.486,0.012,767.7486729980951,,,1.185,0.571,,,,,,,1.006,1.028,0.231,0.021
PRPHA-Cluster_2_yearly_True_window_7_lags_3_sinusoidal_yes_piecewise,True,7,piecewise_lags_3_sinusoidal_yes,0.558,0.19,408.711,416.26,True,True,False,0.401,0.282,0,1.367,2.091,0.013,770.1629092712842,,,,,1.677,0.729,,,,,1.046,1.001,0.366,0.021
PRPHA-Cluster_2_yearly_True_window_7_lags_4_sinusoidal_yes_piecewise,True,7,piecewise_lags_4_sinusoidal_yes,0.506,0.402,395.861,403.174,True,True,False,0.355,0.385,0,1.329,2.092,0.026,775.9984834054835,,,,,,,1.661,0.763,,,1.098,1.004,0.225,0.022
PRPHA-Cluster_2_yearly_True_window_7_lags_5_sinusoidal_yes_piecewise,True,7,piecewise_lags_5_sinusoidal_yes,0.583,0.555,374.804,381.873,True,True,False,0.484,0.487,0,1.346,2.031,0.009,774.2824004689755,,,,,,,,,1.5,0.287,1.105,1.08,0.02,0.041
PRPHA-Cluster_2_yearly_False_window_8_lags_none_sinusoidal_no_piecewise,False,8,piecewise_lags_none_sinusoidal_no,0.368,0.001,514.198,518.688,True,True,False,0.21,0.347,0,1.142,1.142,0.001,763.8709704539393,,,,,,,,,,,,,,
PRPHA-Cluster_2_yearly_False_window_8_lags_1_sinusoidal_no_piecewise,False,8,piecewise_lags_1_sinusoidal_no,0.419,0.001,500.698,506.561,True,True,False,0.247,0.338,0,1.169,1.186,0.0,758.0525335879797,1.016,0.774,,,,,,,,,,,,
PRPHA-Cluster_2_yearly_False_window_8_lags_2_sinusoidal_no_piecewise,False,8,piecewise_lags_2_sinusoidal_no,0.497,0.0,480.963,486.699,True,True,False,0.363,0.475,0,1.318,1.563,0.0,737.3869595959595,,,1.245,0.607,,,,,,,,,,
PRPHA-Cluster_2_yearly_False_window_8_lags_3_sinusoidal_no_piecewise,False,8,piecewise_lags_3_sinusoidal_no,0.404,0.001,472.215,477.819,False,True,False,0.177,0.124,0,1.235,1.592,0.002,758.933054040404,,,,,1.357,0.156,,,,,,,,
PRPHA-Cluster_2_yearly_False_window_8_lags_4_sinusoidal_no_piecewise,False,8,piecewise_lags_4_sinusoidal_no,0.349,0.005,458.882,464.351,False,True,False,0.132,0.216,0,1.24,1.834,0.023,767.5813460317461,,,,,,,1.594,0.088,,,,,,
PRPHA-Cluster_2_yearly_False_window_8_lags_5_sinusoidal_no_piecewise,False,8,piecewise_lags_5_sinusoidal_no,0.355,0.008,441.084,446.413,False,True,False,0.136,0.227,0,1.256,1.897,0.016,767.640783982684,,,,,,,,,1.641,0.131,,,,
PRPHA-Cluster_2_yearly_False_window_8_lags_none_sinusoidal_yes_piecewise,False,8,piecewise_lags_none_sinusoidal_yes,0.43,0.003,514.794,522.276,True,False,False,0.182,0.195,0,1.16,1.287,0.005,763.8709704539393,,,,,,,,,,,1.061,1.066,0.308,0.177
PRPHA-Cluster_2_yearly_False_window_8_lags_1_sinusoidal_yes_piecewise,False,8,piecewise_lags_1_sinusoidal_yes,0.51,0.017,499.248,508.042,True,False,False,0.395,0.363,0,1.189,1.322,0.02,758.0525335879797,1.018,0.979,,,,,,,,,1.055,1.06,0.288,0.069
PRPHA-Cluster_2_yearly_False_window_8_lags_2_sinusoidal_yes_piecewise,False,8,piecewise_lags_2_sinusoidal_yes,0.571,0.011,480.038,488.642,True,False,False,0.381,0.262,0,1.325,1.597,0.005,737.3869595959595,,,1.25,0.94,,,,,,,1.011,1.011,0.214,0.109
PRPHA-Cluster_2_yearly_False_window_8_lags_3_sinusoidal_yes_piecewise,False,8,piecewise_lags_3_sinusoidal_yes,0.483,0.066,471.938,480.345,True,False,False,0.218,-0.528,0,1.238,1.61,0.018,758.933054040404,,,,,1.361,0.453,,,,,1.007,1.004,0.331,0.105
PRPHA-Cluster_2_yearly_False_window_8_lags_4_sinusoidal_yes_piecewise,False,8,piecewise_lags_4_sinusoidal_yes,0.437,0.214,458.673,466.877,True,True,False,0.163,-0.678,0,1.26,1.988,0.037,767.5813460317461,,,,,,,1.644,0.513,,,1.082,1.002,0.286,0.103
PRPHA-Cluster_2_yearly_False_window_8_lags_5_sinusoidal_yes_piecewise,False,8,piecewise_lags_5_sinusoidal_yes,0.465,0.273,439.854,447.847,True,True,False,0.206,0.3,0,1.308,2.285,0.017,767.640783982684,,,,,,,,,1.773,0.779,1.177,1.028,0.122,0.117
PRPHA-Cluster_2_yearly_True_window_8_lags_none_sinusoidal_no_piecewise,True,8,piecewise_lags_none_sinusoidal_no,0.507,0.0,444.664,448.766,True,False,False,0.277,0.324,0,1.116,1.116,0.001,754.593025,,,,,,,,,,,,,,
PRPHA-Cluster_2_yearly_True_window_8_lags_1_sinusoidal_no_piecewise,True,8,piecewise_lags_1_sinusoidal_no,0.569,0.0,430.351,435.68,True,True,False,0.49,-0.072,0,1.128,1.205,0.001,755.95581875,1.078,0.344,,,,,,,,,,,,
PRPHA-Cluster_2_yearly_True_window_8_lags_2_sinusoidal_no_piecewise,True,8,piecewise_lags_2_sinusoidal_no,0.644,0.0,410.234,415.417,True,True,False,0.483,0.418,0,1.158,1.464,0.0,757.3186125,,,1.305,0.184,,,,,,,,,,
PRPHA-Cluster_2_yearly_True_window_8_lags_3_sinusoidal_no_piecewise,True,8,piecewise_lags_3_sinusoidal_no,0.484,0.001,406.448,411.48,True,True,False,0.282,0.273,0,1.172,1.6,0.004,758.68140625,,,,,1.428,0.684,,,,,,,,
PRPHA-Cluster_2_yearly_True_window_8_lags_4_sinusoidal_no_piecewise,True,8,piecewise_lags_4_sinusoidal_no,0.358,0.013,396.163,401.039,True,True,False,0.177,0.161,0,1.162,1.513,0.017,760.0442,,,,,,,1.351,0.912,,,,,,
PRPHA-Cluster_2_yearly_True_window_8_lags_5_sinusoidal_no_piecewise,True,8,piecewise_lags_5_sinusoidal_no,0.376,0.03,377.942,382.654,True,True,False,0.217,-4.205,0,1.149,1.374,0.01,761.40699375,,,,,,,,,1.225,0.624,,,,
PRPHA-Cluster_2_yearly_True_window_8_lags_none_sinusoidal_yes_piecewise,True,8,piecewise_lags_none_sinusoidal_yes,0.525,0.0,447.589,454.426,True,False,False,0.257,0.265,0,1.131,1.266,0.007,754.593025,,,,,,,,,,,1.076,1.059,0.813,0.362
PRPHA-Cluster_2_yearly_True_window_8_lags_1_sinusoidal_yes_piecewise,True,8,piecewise_lags_1_sinusoidal_yes,0.625,0.001,430.482,438.476,True,True,False,0.728,-0.124,0,1.136,1.285,0.007,755.95581875,1.083,0.272,,,,,,,,,1.023,1.044,0.355,0.13
PRPHA-Cluster_2_yearly_True_window_8_lags_2_sinusoidal_yes_piecewise,True,8,piecewise_lags_2_sinusoidal_yes,0.722,0.002,407.55,415.325,True,True,False,0.701,0.368,0,1.167,1.546,0.001,757.3186125,,,1.323,0.078,,,,,,,1.003,1.054,0.057,0.148
PRPHA-Cluster_2_yearly_True_window_8_lags_3_sinusoidal_yes_piecewise,True,8,piecewise_lags_3_sinusoidal_yes,0.59,0.044,404.474,412.023,True,True,False,0.491,0.23,0,1.18,1.676,0.011,758.68140625,,,,,1.448,0.338,,,,,1.019,1.029,0.162,0.071
PRPHA-Cluster_2_yearly_True_window_8_lags_4_sinusoidal_yes_piecewise,True,8,piecewise_lags_4_sinusoidal_yes,0.51,0.229,393.435,400.748,True,True,False,0.333,0.203,0,1.174,1.617,0.044,760.0442,,,,,,,1.375,0.448,,,1.022,1.046,0.107,0.068
PRPHA-Cluster_2_yearly_True_window_8_lags_5_sinusoidal_yes_piecewise,True,8,piecewise_lags_5_sinusoidal_yes,0.57,0.289,373.01,380.079,True,True,False,0.519,0.217,0,1.172,1.59,0.02,761.40699375,,,,,,,,,1.261,0.21,1.015,1.141,0.015,0.308
PRPHA-Cluster_2_yearly_False_window_9_lags_none_sinusoidal_no_piecewise,False,9,piecewise_lags_none_sinusoidal_no,0.462,0.0,507.085,511.574,True,True,False,0.266,0.444,0,1.193,1.193,0.0,733.1606132133334,,,,,,,,,,,,,,
PRPHA-Cluster_2_yearly_False_window_9_lags_1_sinusoidal_no_piecewise,False,9,piecewise_lags_1_sinusoidal_no,0.532,0.0,491.926,497.789,True,True,False,0.369,0.371,0,1.231,1.292,0.0,729.2333954531986,1.061,0.358,,,,,,,,,,,,
PRPHA-Cluster_2_yearly_False_window_9_lags_2_sinusoidal_no_piecewise,False,9,piecewise_lags_2_sinusoidal_no,0.627,0.0,469.272,475.008,True,True,False,0.398,0.425,0,1.337,1.702,0.0,724.8214362763637,,,1.365,0.416,,,,,,,,,,
PRPHA-Cluster_2_yearly_False_window_9_lags_3_sinusoidal_no_piecewise,False,9,piecewise_lags_3_sinusoidal_no,0.467,0.0,466.241,471.846,True,True,False,0.216,0.044,0,1.399,2.138,0.0,729.8360778579445,,,,,1.739,0.731,,,,,,,,
PRPHA-Cluster_2_yearly_False_window_9_lags_4_sinusoidal_no_piecewise,False,9,piecewise_lags_4_sinusoidal_no,0.438,0.001,451.116,456.585,True,True,False,0.212,0.396,0,1.537,2.955,0.003,732.954646176046,,,,,,,2.418,0.523,,,,,,
PRPHA-Cluster_2_yearly_False_window_9_lags_5_sinusoidal_no_piecewise,False,9,piecewise_lags_5_sinusoidal_no,0.46,0.002,432.395,437.724,True,True,False,0.271,0.393,0,1.62,3.226,0.002,731.3350554272888,,,,,,,,,2.605,0.743,,,,
PRPHA-Cluster_2_yearly_False_window_9_lags_none_sinusoidal_yes_piecewise,False,9,piecewise_lags_none_sinusoidal_yes,0.495,0.0,509.037,516.52,True,False,False,0.244,0.379,0,1.228,1.409,0.001,733.1606132133334,,,,,,,,,,,1.087,1.094,0.835,0.202
PRPHA-Cluster_2_yearly_False_window_9_lags_1_sinusoidal_yes_piecewise,False,9,piecewise_lags_1_sinusoidal_yes,0.596,0.002,491.203,499.997,True,False,False,0.512,0.393,0,1.26,1.454,0.002,729.2333954531986,1.068,0.271,,,,,,,,,1.06,1.066,1.0,0.052
PRPHA-Cluster_2_yearly_False_window_9_lags_2_sinusoidal_yes_piecewise,False,9,piecewise_lags_2_sinusoidal_yes,0.679,0.001,468.659,477.263,True,False,False,0.438,0.375,0,1.352,1.776,0.0,724.8214362763637,,,1.381,0.269,,,,,,,1.013,1.03,0.66,0.061
PRPHA-Cluster_2_yearly_False_window_9_lags_3_sinusoidal_yes_piecewise,False,9,piecewise_lags_3_sinusoidal_yes,0.544,0.018,465.544,473.951,True,True,False,0.323,-0.231,0,1.4,2.143,0.003,729.8360778579445,,,,,1.74,0.928,,,,,1.001,1.002,0.771,0.056
PRPHA-Cluster_2_yearly_False_window_9_lags_4_sinusoidal_yes_piecewise,False,9,piecewise_lags_4_sinusoidal_yes,0.533,0.064,449.744,457.947,True,True,False,0.33,-0.086,0,1.57,3.136,0.003,732.954646176046,,,,,,,2.505,0.789,,,1.057,1.004,0.388,0.051
PRPHA-Cluster_2_yearly_False_window_9_lags_5_sinusoidal_yes_piecewise,False,9,piecewise_lags_5_sinusoidal_yes,0.571,0.12,429.992,437.985,True,True,False,0.443,0.374,0,1.731,3.801,0.001,731.3350554272888,,,,,,,,,2.892,0.394,1.178,1.0,0.134,0.054
PRPHA-Cluster_2_yearly_True_window_9_lags_none_sinusoidal_no_piecewise,True,9,piecewise_lags_none_sinusoidal_no,0.542,0.0,440.298,444.4,True,True,False,0.259,0.354,0,1.102,1.102,0.0,762.5282606037262,,,,,,,,,,,,,,
PRPHA-Cluster_2_yearly_True_window_9_lags_1_sinusoidal_no_piecewise,True,9,piecewise_lags_1_sinusoidal_no,0.639,0.0,423.131,428.46,True,True,False,0.719,0.075,0,1.131,1.221,0.0,759.7258979733332,1.09,0.063,,,,,,,,,,,,
PRPHA-Cluster_2_yearly_True_window_9_lags_2_sinusoidal_no_piecewise,True,9,piecewise_lags_2_sinusoidal_no,0.743,0.0,398.683,403.866,True,True,False,0.7,-0.031,0,1.183,1.567,0.0,758.2248725006508,,,1.384,0.01,,,,,,,,,,
PRPHA-Cluster_2_yearly_True_window_9_lags_3_sinusoidal_no_piecewise,True,9,piecewise_lags_3_sinusoidal_no,0.558,0.001,399.448,404.481,True,True,False,0.338,0.359,0,1.186,1.773,0.001,761.8024629600449,,,,,1.586,0.182,,,,,,,,
PRPHA-Cluster_2_yearly_True_window_9_lags_4_sinusoidal_no_piecewise,True,9,piecewise_lags_4_sinusoidal_no,0.507,0.006,385.635,390.51,True,True,False,0.301,0.355,0,1.179,1.669,0.001,762.0157777750842,,,,,,,1.49,0.247,,,,,,
PRPHA-Cluster_2_yearly_True_window_9_lags_5_sinusoidal_no_piecewise,True,9,piecewise_lags_5_sinusoidal_no,0.55,0.013,365.849,370.561,True,True,False,0.364,-45.967,0,1.162,1.473,0.001,762.2290925901234,,,,,,,,,1.311,0.102,,,,
PRPHA-Cluster_2_yearly_True_window_9_lags_none_sinusoidal_yes_piecewise,True,9,piecewise_lags_none_sinusoidal_yes,0.578,0.0,441.961,448.798,True,False,False,0.263,0.242,0,1.113,1.222,0.002,762.5282606037262,,,,,,,,,,,1.05,1.059,0.429,0.27
PRPHA-Cluster_2_yearly_True_window_9_lags_1_sinusoidal_yes_piecewise,True,9,piecewise_lags_1_sinusoidal_yes,0.685,0.0,423.372,431.365,True,True,False,0.852,0.419,0,1.137,1.281,0.001,759.7258979733332,1.094,0.051,,,,,,,,,1.012,1.037,0.896,0.091
PRPHA-Cluster_2_yearly_True_window_9_lags_2_sinusoidal_yes_piecewise,True,9,piecewise_lags_2_sinusoidal_yes,0.794,0.0,396.65,404.425,True,True,False,0.871,0.005,0,1.191,1.637,0.0,758.2248725006508,,,1.401,0.004,,,,,,,1.003,1.041,0.306,0.051
PRPHA-Cluster_2_yearly_True_window_9_lags_3_sinusoidal_yes_piecewise,True,9,piecewise_lags_3_sinusoidal_yes,0.653,0.014,397.162,404.71,True,True,False,0.537,0.22,0,1.191,1.814,0.001,761.8024629600449,,,,,1.6,0.089,,,,,1.005,1.018,0.586,0.032
PRPHA-Cluster_2_yearly_True_window_9_lags_4_sinusoidal_yes_piecewise,True,9,piecewise_lags_4_sinusoidal_yes,0.65,0.104,381.07,388.383,True,True,False,0.585,0.399,0,1.184,1.717,0.002,762.0157777750842,,,,,,,1.504,0.068,,,1.011,1.018,0.187,0.019
PRPHA-Cluster_2_yearly_True_window_9_lags_5_sinusoidal_yes_piecewise,True,9,piecewise_lags_5_sinusoidal_yes,0.701,0.14,360.0,367.068,True,True,False,0.765,0.376,0,1.175,1.591,0.001,762.2290925901234,,,,,,,,,1.336,0.018,1.015,1.066,0.027,0.063
PRPHA-Cluster_2_yearly_False_window_10_lags_none_sinusoidal_no_piecewise,False,10,piecewise_lags_none_sinusoidal_no,0.48,0.0,502.821,507.311,True,True,False,0.235,0.453,0,1.121,1.121,0.0,730.5991787822223,,,,,,,,,,,,,,
PRPHA-Cluster_2_yearly_False_window_10_lags_1_sinusoidal_no_piecewise,False,10,piecewise_lags_1_sinusoidal_no,0.583,0.0,485.77,491.633,True,True,False,0.505,0.437,0,1.145,1.262,0.0,729.7303648426666,1.117,0.129,,,,,,,,,,,,
PRPHA-Cluster_2_yearly_False_window_10_lags_2_sinusoidal_no_piecewise,False,10,piecewise_lags_2_sinusoidal_no,0.685,0.0,461.507,467.243,False,True,False,0.492,0.492,0,1.224,1.736,0.0,727.3924,,,1.513,0.113,,,,,,,,,,
PRPHA-Cluster_2_yearly_False_window_10_lags_3_sinusoidal_no_piecewise,False,10,piecewise_lags_3_sinusoidal_no,0.49,0.0,462.632,468.237,True,True,False,0.239,0.138,0,1.225,1.929,0.001,730.9328747683636,,,,,1.703,0.819,,,,,,,,
PRPHA-Cluster_2_yearly_False_window_10_lags_4_sinusoidal_no_piecewise,False,10,piecewise_lags_4_sinusoidal_no,0.44,0.001,448.51,453.979,True,True,False,0.208,0.372,0,1.262,2.154,0.003,730.3971426217373,,,,,,,1.892,0.928,,,,,,
PRPHA-Cluster_2_yearly_False_window_10_lags_5_sinusoidal_no_piecewise,False,10,piecewise_lags_5_sinusoidal_no,0.457,0.002,429.611,434.94,True,True,False,0.257,0.331,0,1.257,2.099,0.001,731.1837467637171,,,,,,,,,1.842,0.915,,,,
PRPHA-Cluster_2_yearly_False_window_10_lags_none_sinusoidal_yes_piecewise,False,10,piecewise_lags_none_sinusoidal_yes,0.518,0.0,504.337,511.819,True,False,False,0.215,0.394,0,1.135,1.25,0.001,730.5991787822223,,,,,,,,,,,1.059,1.056,0.582,0.192
PRPHA-Cluster_2_yearly_False_window_10_lags_1_sinusoidal_yes_piecewise,False,10,piecewise_lags_1_sinusoidal_yes,0.637,0.0,485.332,494.127,True,True,False,0.596,0.517,0,1.154,1.341,0.001,729.7303648426666,1.124,0.094,,,,,,,,,1.026,1.037,0.861,0.062
PRPHA-Cluster_2_yearly_False_window_10_lags_2_sinusoidal_yes_piecewise,False,10,piecewise_lags_2_sinusoidal_yes,0.73,0.0,460.723,469.326,True,True,False,0.549,0.526,0,1.231,1.79,0.0,727.3924,,,1.528,0.062,,,,,,,1.003,1.028,0.701,0.054
PRPHA-Cluster_2_yearly_False_window_10_lags_3_sinusoidal_yes_piecewise,False,10,piecewise_lags_3_sinusoidal_yes,0.561,0.006,462.141,470.549,True,True,False,0.322,0.024,0,1.227,1.945,0.003,730.9328747683636,,,,,1.709,0.586,,,,,1.0,1.009,0.757,0.062
PRPHA-Cluster_2_yearly_False_window_10_lags_4_sinusoidal_yes_piecewise,False,10,piecewise_lags_4_sinusoidal_yes,0.532,0.045,447.28,455.484,True,True,False,0.31,-0.208,0,1.268,2.204,0.005,730.3971426217373,,,,,,,1.912,0.57,,,1.021,1.002,0.344,0.056
PRPHA-Cluster_2_yearly_False_window_10_lags_5_sinusoidal_yes_piecewise,False,10,piecewise_lags_5_sinusoidal_yes,0.569,0.139,427.165,435.159,True,True,False,0.434,-0.338,0,1.28,2.285,0.002,731.1837467637171,,,,,,,,,1.916,0.282,1.071,1.018,0.103,0.064
PRPHA-Cluster_2_yearly_True_window_10_lags_none_sinusoidal_no_piecewise,True,10,piecewise_lags_none_sinusoidal_no,0.513,0.0,439.281,443.382,True,True,False,0.196,0.175,0,1.377,1.377,0.035,721.467165389091,,,,,,,,,,,,,,
PRPHA-Cluster_2_yearly_True_window_10_lags_1_sinusoidal_no_piecewise,True,10,piecewise_lags_1_sinusoidal_no,0.659,0.0,419.49,424.819,True,True,False,0.595,0.486,0,1.489,1.657,0.003,719.5335976064646,1.168,0.049,,,,,,,,,,,,
PRPHA-Cluster_2_yearly_True_window_10_lags_2_sinusoidal_no_piecewise,True,10,piecewise_lags_2_sinusoidal_no,0.772,0.0,393.24,398.423,True,True,False,0.557,0.725,0,1.824,2.049,0.0,704.1421320118518,,,1.225,0.03,,,,,,,,,,
PRPHA-Cluster_2_yearly_True_window_10_lags_3_sinusoidal_no_piecewise,True,10,piecewise_lags_3_sinusoidal_no,0.548,0.001,398.101,403.133,True,True,False,0.264,-0.362,0,1.55,1.774,0.027,720.0360097848484,,,,,1.224,0.251,,,,,,,,
PRPHA-Cluster_2_yearly_True_window_10_lags_4_sinusoidal_no_piecewise,True,10,piecewise_lags_4_sinusoidal_no,0.464,0.007,385.608,390.483,True,True,False,0.219,0.181,0,1.589,1.872,0.064,720.826067510303,,,,,,,1.284,0.38,,,,,,
PRPHA-Cluster_2_yearly_True_window_10_lags_5_sinusoidal_no_piecewise,True,10,piecewise_lags_5_sinusoidal_no,0.508,0.041,365.374,370.086,False,True,False,0.341,-0.004,0,1.529,1.62,0.142,720.6451407835084,,,,,,,,,1.092,0.107,,,,
PRPHA-Cluster_2_yearly_True_window_10_lags_none_sinusoidal_yes_piecewise,True,10,piecewise_lags_none_sinusoidal_yes,0.585,0.0,438.636,445.472,True,False,False,0.197,-0.022,0,1.398,1.455,0.037,721.467165389091,,,,,,,,,,,1.048,1.009,0.783,0.055
PRPHA-Cluster_2_yearly_True_window_10_lags_1_sinusoidal_yes_piecewise,True,10,piecewise_lags_1_sinusoidal_yes,0.739,0.0,416.029,424.022,True,True,False,0.814,0.529,0,1.563,1.908,0.001,719.5335976064646,1.194,0.022,,,,,,,,,1.142,1.009,0.344,0.025
PRPHA-Cluster_2_yearly_True_window_10_lags_2_sinusoidal_yes_piecewise,True,10,piecewise_lags_2_sinusoidal_yes,0.867,0.0,382.611,390.386,True,True,False,0.963,0.473,0,1.964,2.395,0.0,704.1421320118518,,,1.263,0.004,,,,,,,1.156,1.013,0.02,0.007
PRPHA-Cluster_2_yearly_True_window_10_lags_3_sinusoidal_yes_piecewise,True,10,piecewise_lags_3_sinusoidal_yes,0.689,0.001,392.379,399.928,True,True,False,0.516,-0.275,0,1.678,2.185,0.007,720.0360097848484,,,,,1.275,0.086,,,,,1.203,1.029,0.249,0.011
PRPHA-Cluster_2_yearly_True_window_10_lags_4_sinusoidal_yes_piecewise,True,10,piecewise_lags_4_sinusoidal_yes,0.684,0.002,376.426,383.74,False,True,False,0.562,-1.561,0,1.835,2.655,0.004,720.826067510303,,,,,,,1.402,0.068,,,1.379,1.039,0.037,0.007
PRPHA-Cluster_2_yearly_True_window_10_lags_5_sinusoidal_yes_piecewise,True,10,piecewise_lags_5_sinusoidal_yes,0.73,0.008,355.015,362.083,False,True,False,0.717,0.458,0,1.692,2.122,0.008,720.6451407835084,,,,,,,,,1.12,0.024,1.307,1.003,0.007,0.03
