analysis_name,yearly_aggregate,window_size,config_type,r_squared,p_value,aic,bic,is_normal,is_homoscedastic,no_autocorrelation,durbin_watson,cv_r2_score,cv_r2_std,vif_PPT,vif_quadratic,p_value_quadratic,vif_ortho_PPT_lag1,p_value_lag1,vif_ortho_PPT_lag2,p_value_lag2,vif_ortho_PPT_lag3,p_value_lag3,vif_ortho_PPT_lag4,p_value_lag4,vif_ortho_PPT_lag5,p_value_lag5,vif_ortho_sin_cycle,vif_ortho_cos_cycle,p_value_sin,p_value_cos
PRPHA-Cluster_0_yearly_False_window_1_lags_none_sinusoidal_no_quadratic,False,1,quadratic_lags_none_sinusoidal_no,0.036,0.372,453.462,457.236,False,False,True,2.113,-1.254,0,2.106,2.106,0.958,,,,,,,,,,,,,,
PRPHA-Cluster_0_yearly_False_window_1_lags_1_sinusoidal_no_quadratic,False,1,quadratic_lags_1_sinusoidal_no,0.073,0.221,435.009,439.885,True,False,True,2.336,-1.712,0,2.21,2.213,0.646,1.004,0.585,,,,,,,,,,,,
PRPHA-Cluster_0_yearly_False_window_1_lags_2_sinusoidal_no_quadratic,False,1,quadratic_lags_2_sinusoidal_no,0.102,0.161,418.131,422.844,True,False,True,2.38,-1.087,0,2.448,2.539,0.405,,,1.091,0.353,,,,,,,,,,
PRPHA-Cluster_0_yearly_False_window_1_lags_3_sinusoidal_no_quadratic,False,1,quadratic_lags_3_sinusoidal_no,0.092,0.186,401.972,406.514,True,True,True,2.228,-1.114,0,2.221,2.229,0.628,,,,,1.008,0.384,,,,,,,,
PRPHA-Cluster_0_yearly_False_window_1_lags_4_sinusoidal_no_quadratic,False,1,quadratic_lags_4_sinusoidal_no,0.143,0.743,383.858,388.222,True,True,True,1.97,-1.264,0,2.143,2.165,0.344,,,,,,,1.023,0.19,,,,,,
PRPHA-Cluster_0_yearly_False_window_1_lags_5_sinusoidal_no_quadratic,False,1,quadratic_lags_5_sinusoidal_no,0.139,0.137,367.475,371.653,True,True,True,2.191,-2.022,0,2.119,2.138,0.311,,,,,,,,,1.018,0.224,,,,
PRPHA-Cluster_0_yearly_False_window_1_lags_none_sinusoidal_yes_quadratic,False,1,quadratic_lags_none_sinusoidal_yes,0.05,0.603,457.069,463.36,True,True,True,2.185,-1.587,0,2.182,2.25,0.92,,,,,,,,,,,1.0,1.069,0.987,0.578
PRPHA-Cluster_0_yearly_False_window_1_lags_1_sinusoidal_yes_quadratic,False,1,quadratic_lags_1_sinusoidal_yes,0.075,0.271,438.965,446.278,True,True,True,2.358,-2.182,0,2.337,2.446,0.666,1.004,0.591,,,,,,,,,1.0,1.105,0.858,0.964
PRPHA-Cluster_0_yearly_False_window_1_lags_2_sinusoidal_yes_quadratic,False,1,quadratic_lags_2_sinusoidal_yes,0.109,0.181,421.958,429.026,True,True,True,2.422,-1.471,0,2.584,2.778,0.398,,,1.1,0.346,,,,,,,1.005,1.089,0.768,0.817
PRPHA-Cluster_0_yearly_False_window_1_lags_3_sinusoidal_yes_quadratic,False,1,quadratic_lags_3_sinusoidal_yes,0.094,0.251,405.932,412.745,True,True,True,2.223,-1.851,0,2.459,2.663,0.727,,,,,1.01,0.431,,,,,1.004,1.191,0.98,0.866
PRPHA-Cluster_0_yearly_False_window_1_lags_4_sinusoidal_yes_quadratic,False,1,quadratic_lags_4_sinusoidal_yes,0.144,0.73,387.824,394.37,True,True,True,1.984,-1.938,0,2.18,2.235,0.396,,,,,,,1.023,0.229,,,1.004,1.028,0.991,0.878
PRPHA-Cluster_0_yearly_False_window_1_lags_5_sinusoidal_yes_quadratic,False,1,quadratic_lags_5_sinusoidal_yes,0.157,0.276,371.039,377.306,True,True,True,2.158,-2.29,0,2.132,2.161,0.342,,,,,,,,,1.018,0.341,1.008,1.003,0.606,0.871
PRPHA-Cluster_0_yearly_True_window_1_lags_none_sinusoidal_no_quadratic,True,1,quadratic_lags_none_sinusoidal_no,0.038,0.362,433.567,437.224,False,True,True,2.133,-1.073,0,2.028,2.028,0.957,,,,,,,,,,,,,,
PRPHA-Cluster_0_yearly_True_window_1_lags_1_sinusoidal_no_quadratic,True,1,quadratic_lags_1_sinusoidal_no,0.092,0.177,414.382,419.094,True,False,True,2.431,-1.716,0,2.14,2.151,0.613,1.011,0.451,,,,,,,,,,,,
PRPHA-Cluster_0_yearly_True_window_1_lags_2_sinusoidal_no_quadratic,True,1,quadratic_lags_2_sinusoidal_no,0.104,0.182,398.117,402.659,True,True,False,2.507,-0.599,0,2.431,2.582,0.401,,,1.151,0.394,,,,,,,,,,
PRPHA-Cluster_0_yearly_True_window_1_lags_3_sinusoidal_no_quadratic,True,1,quadratic_lags_3_sinusoidal_no,0.094,0.204,382.051,386.415,True,True,True,2.4,-1.326,0,2.159,2.163,0.635,,,,,1.004,0.424,,,,,,,,
PRPHA-Cluster_0_yearly_True_window_1_lags_4_sinusoidal_no_quadratic,True,1,quadratic_lags_4_sinusoidal_no,0.068,0.763,365.835,370.013,True,True,True,2.374,-0.613,0,2.076,2.079,0.399,,,,,,,1.003,0.745,,,,,,
PRPHA-Cluster_0_yearly_True_window_1_lags_5_sinusoidal_no_quadratic,True,1,quadratic_lags_5_sinusoidal_no,0.069,0.671,349.368,353.35,True,True,True,2.455,-1.214,0,2.072,2.108,0.476,,,,,,,,,1.037,0.876,,,,
PRPHA-Cluster_0_yearly_True_window_1_lags_none_sinusoidal_yes_quadratic,True,1,quadratic_lags_none_sinusoidal_yes,0.054,0.57,437.142,443.236,False,True,True,2.215,-1.527,0,2.118,2.205,0.916,,,,,,,,,,,1.0,1.087,0.975,0.565
PRPHA-Cluster_0_yearly_True_window_1_lags_1_sinusoidal_yes_quadratic,True,1,quadratic_lags_1_sinusoidal_yes,0.095,0.212,418.297,425.365,True,True,True,2.455,-2.112,0,2.285,2.424,0.638,1.012,0.458,,,,,,,,,1.002,1.125,0.804,0.972
PRPHA-Cluster_0_yearly_True_window_1_lags_2_sinusoidal_yes_quadratic,True,1,quadratic_lags_2_sinusoidal_yes,0.11,0.197,401.957,408.77,True,True,False,2.541,-1.556,0,2.594,2.875,0.395,,,1.168,0.383,,,,,,,1.006,1.107,0.79,0.814
PRPHA-Cluster_0_yearly_True_window_1_lags_3_sinusoidal_yes_quadratic,True,1,quadratic_lags_3_sinusoidal_yes,0.095,0.258,386.025,392.571,True,True,True,2.402,-2.072,0,2.453,2.713,0.731,,,,,1.005,0.464,,,,,1.002,1.252,0.97,0.896
PRPHA-Cluster_0_yearly_True_window_1_lags_4_sinusoidal_yes_quadratic,True,1,quadratic_lags_4_sinusoidal_yes,0.073,0.88,369.737,376.004,True,True,True,2.386,-0.893,0,2.12,2.163,0.458,,,,,,,1.003,0.712,,,1.005,1.035,0.905,0.817
PRPHA-Cluster_0_yearly_True_window_1_lags_5_sinusoidal_yes_quadratic,True,1,quadratic_lags_5_sinusoidal_yes,0.083,0.89,353.056,359.03,True,True,True,2.488,-1.568,0,2.098,2.16,0.55,,,,,,,,,1.038,0.78,1.012,1.012,0.812,0.715
PRPHA-Cluster_0_yearly_False_window_2_lags_none_sinusoidal_no_quadratic,False,2,quadratic_lags_none_sinusoidal_no,0.09,0.175,435.387,439.162,True,True,False,1.17,-1.069,0,1.932,1.932,0.591,,,,,,,,,,,,,,
PRPHA-Cluster_0_yearly_False_window_2_lags_1_sinusoidal_no_quadratic,False,2,quadratic_lags_1_sinusoidal_no,0.163,0.064,411.694,416.57,True,True,True,1.511,-1.473,0,2.014,2.018,0.915,1.004,0.672,,,,,,,,,,,,
PRPHA-Cluster_0_yearly_False_window_2_lags_2_sinusoidal_no_quadratic,False,2,quadratic_lags_2_sinusoidal_no,0.229,0.033,395.146,399.858,True,True,False,1.47,-1.367,0,2.143,2.159,0.755,,,1.017,0.263,,,,,,,,,,
PRPHA-Cluster_0_yearly_False_window_2_lags_3_sinusoidal_no_quadratic,False,2,quadratic_lags_3_sinusoidal_no,0.183,0.097,381.079,385.621,True,True,True,1.525,-0.132,0,2.04,2.04,0.979,,,,,1.0,0.516,,,,,,,,
PRPHA-Cluster_0_yearly_False_window_2_lags_4_sinusoidal_no_quadratic,False,2,quadratic_lags_4_sinusoidal_no,0.074,0.519,366.536,370.9,True,True,False,1.356,-1.27,0,2.596,2.605,0.66,,,,,,,1.009,0.907,,,,,,
PRPHA-Cluster_0_yearly_False_window_2_lags_5_sinusoidal_no_quadratic,False,2,quadratic_lags_5_sinusoidal_no,0.168,0.084,348.717,352.895,True,True,False,1.451,-0.501,0,2.561,2.592,0.621,,,,,,,,,1.031,0.196,,,,
PRPHA-Cluster_0_yearly_False_window_2_lags_none_sinusoidal_yes_quadratic,False,2,quadratic_lags_none_sinusoidal_yes,0.167,0.411,437.109,443.399,True,True,False,1.408,-1.058,0,2.078,2.236,0.353,,,,,,,,,,,1.037,1.12,0.809,0.181
PRPHA-Cluster_0_yearly_False_window_2_lags_1_sinusoidal_yes_quadratic,False,2,quadratic_lags_1_sinusoidal_yes,0.176,0.087,415.305,422.619,True,True,True,1.604,-1.099,0,2.227,2.442,0.994,1.005,0.665,,,,,,,,,1.037,1.173,0.726,0.712
PRPHA-Cluster_0_yearly_False_window_2_lags_2_sinusoidal_yes_quadratic,False,2,quadratic_lags_2_sinusoidal_yes,0.252,0.04,398.392,405.46,True,True,True,1.572,-2.187,0,2.654,3.127,0.762,,,1.024,0.247,,,,,,,1.158,1.29,0.559,0.735
PRPHA-Cluster_0_yearly_False_window_2_lags_3_sinusoidal_yes_quadratic,False,2,quadratic_lags_3_sinusoidal_yes,0.192,0.117,384.815,391.628,True,True,True,1.587,-0.746,0,2.437,2.819,0.986,,,,,1.0,0.509,,,,,1.048,1.334,0.723,0.836
PRPHA-Cluster_0_yearly_False_window_2_lags_4_sinusoidal_yes_quadratic,False,2,quadratic_lags_4_sinusoidal_yes,0.089,0.706,370.187,376.734,True,True,False,1.422,-1.449,0,2.755,2.865,0.713,,,,,,,1.01,0.84,,,1.047,1.053,0.805,0.708
PRPHA-Cluster_0_yearly_False_window_2_lags_5_sinusoidal_yes_quadratic,False,2,quadratic_lags_5_sinusoidal_yes,0.175,0.297,352.548,358.815,True,True,True,1.506,-1.502,0,2.645,2.731,0.736,,,,,,,,,1.033,0.417,1.031,1.022,0.929,0.733
PRPHA-Cluster_0_yearly_True_window_2_lags_none_sinusoidal_no_quadratic,True,2,quadratic_lags_none_sinusoidal_no,0.103,0.131,416.309,419.966,True,True,False,0.909,-1.229,0,1.829,1.829,0.735,,,,,,,,,,,,,,
PRPHA-Cluster_0_yearly_True_window_2_lags_1_sinusoidal_no_quadratic,True,2,quadratic_lags_1_sinusoidal_no,0.215,0.037,390.479,395.191,True,True,False,1.216,-0.784,0,1.916,1.928,0.684,1.013,0.593,,,,,,,,,,,,
PRPHA-Cluster_0_yearly_True_window_2_lags_2_sinusoidal_no_quadratic,True,2,quadratic_lags_2_sinusoidal_no,0.289,0.018,373.868,378.41,True,True,False,1.222,-0.43,0,2.068,2.106,0.52,,,1.038,0.214,,,,,,,,,,
PRPHA-Cluster_0_yearly_True_window_2_lags_3_sinusoidal_no_quadratic,True,2,quadratic_lags_3_sinusoidal_no,0.272,0.028,359.228,363.592,True,True,False,1.266,-0.042,0,1.958,1.962,0.74,,,,,1.004,0.238,,,,,,,,
PRPHA-Cluster_0_yearly_True_window_2_lags_4_sinusoidal_no_quadratic,True,2,quadratic_lags_4_sinusoidal_no,0.123,0.335,345.869,350.047,True,True,False,1.076,-0.474,0,2.457,2.457,0.447,,,,,,,1.0,0.842,,,,,,
PRPHA-Cluster_0_yearly_True_window_2_lags_5_sinusoidal_no_quadratic,True,2,quadratic_lags_5_sinusoidal_no,0.132,0.28,330.275,334.258,True,True,False,1.144,-0.166,0,2.442,2.512,0.522,,,,,,,,,1.07,0.702,,,,
PRPHA-Cluster_0_yearly_True_window_2_lags_none_sinusoidal_yes_quadratic,True,2,quadratic_lags_none_sinusoidal_yes,0.183,0.29,417.991,424.085,True,True,False,1.123,-1.254,0,1.968,2.136,0.456,,,,,,,,,,,1.053,1.115,0.723,0.183
PRPHA-Cluster_0_yearly_True_window_2_lags_1_sinusoidal_yes_quadratic,True,2,quadratic_lags_1_sinusoidal_yes,0.223,0.052,394.216,401.284,True,True,False,1.283,-1.621,0,2.106,2.329,0.77,1.015,0.586,,,,,,,,,1.054,1.153,0.778,0.755
PRPHA-Cluster_0_yearly_True_window_2_lags_2_sinusoidal_yes_quadratic,True,2,quadratic_lags_2_sinusoidal_yes,0.312,0.02,377.12,383.933,True,True,False,1.319,-2.038,0,2.562,3.079,0.531,,,1.055,0.188,,,,,,,1.188,1.274,0.532,0.781
PRPHA-Cluster_0_yearly_True_window_2_lags_3_sinusoidal_yes_quadratic,True,2,quadratic_lags_3_sinusoidal_yes,0.281,0.038,362.938,369.484,True,True,False,1.321,-0.571,0,2.332,2.728,0.854,,,,,1.006,0.245,,,,,1.062,1.328,0.759,0.766
PRPHA-Cluster_0_yearly_True_window_2_lags_4_sinusoidal_yes_quadratic,True,2,quadratic_lags_4_sinusoidal_yes,0.131,0.498,349.67,355.937,True,True,False,1.11,-1.323,0,2.632,2.751,0.516,,,,,,,1.0,0.935,,,1.06,1.06,0.885,0.754
PRPHA-Cluster_0_yearly_True_window_2_lags_5_sinusoidal_yes_quadratic,True,2,quadratic_lags_5_sinusoidal_yes,0.149,0.671,333.873,339.847,True,True,False,1.197,-0.659,0,2.549,2.698,0.69,,,,,,,,,1.075,0.98,1.038,1.036,0.856,0.607
PRPHA-Cluster_0_yearly_False_window_3_lags_none_sinusoidal_no_quadratic,False,3,quadratic_lags_none_sinusoidal_no,0.035,0.697,414.783,418.558,True,True,False,0.74,-0.636,0,2.138,2.138,0.405,,,,,,,,,,,,,,
PRPHA-Cluster_0_yearly_False_window_3_lags_1_sinusoidal_no_quadratic,False,3,quadratic_lags_1_sinusoidal_no,0.04,0.43,395.162,400.037,True,False,False,0.827,-0.019,0,2.287,2.288,0.627,1.001,0.678,,,,,,,,,,,,
PRPHA-Cluster_0_yearly_False_window_3_lags_2_sinusoidal_no_quadratic,False,3,quadratic_lags_2_sinusoidal_no,0.06,0.519,380.671,385.383,True,False,False,0.839,-0.177,0,1.858,1.887,0.506,,,1.029,0.843,,,,,,,,,,
PRPHA-Cluster_0_yearly_False_window_3_lags_3_sinusoidal_no_quadratic,False,3,quadratic_lags_3_sinusoidal_no,0.023,0.513,366.491,371.033,True,True,False,0.804,-0.687,0,2.28,2.283,0.844,,,,,1.002,0.617,,,,,,,,
PRPHA-Cluster_0_yearly_False_window_3_lags_4_sinusoidal_no_quadratic,False,3,quadratic_lags_4_sinusoidal_no,0.043,0.669,349.664,354.028,True,True,False,0.79,-0.105,0,2.668,2.704,0.445,,,,,,,1.037,0.512,,,,,,
PRPHA-Cluster_0_yearly_False_window_3_lags_5_sinusoidal_no_quadratic,False,3,quadratic_lags_5_sinusoidal_no,0.08,0.288,333.279,337.457,True,True,False,0.889,-0.425,0,2.379,2.379,0.571,,,,,,,,,1.001,0.271,,,,
PRPHA-Cluster_0_yearly_False_window_3_lags_none_sinusoidal_yes_quadratic,False,3,quadratic_lags_none_sinusoidal_yes,0.151,0.912,415.451,421.741,True,True,False,0.888,-0.966,0,2.426,2.678,0.285,,,,,,,,,,,1.027,1.225,0.295,0.234
PRPHA-Cluster_0_yearly_False_window_3_lags_1_sinusoidal_yes_quadratic,False,3,quadratic_lags_1_sinusoidal_yes,0.203,0.387,394.502,401.815,True,True,False,1.107,0.071,0,2.965,3.494,0.562,1.002,0.625,,,,,,,,,1.044,1.483,0.101,0.51
PRPHA-Cluster_0_yearly_False_window_3_lags_2_sinusoidal_yes_quadratic,False,3,quadratic_lags_2_sinusoidal_yes,0.17,0.387,381.688,388.756,True,True,False,1.066,-0.332,0,2.346,2.961,0.698,,,1.046,0.725,,,,,,,1.07,1.499,0.163,0.823
PRPHA-Cluster_0_yearly_False_window_3_lags_3_sinusoidal_yes_quadratic,False,3,quadratic_lags_3_sinusoidal_yes,0.127,0.36,367.911,374.724,True,True,False,0.966,-1.316,0,2.507,2.686,0.771,,,,,1.003,0.464,,,,,1.001,1.176,0.174,0.921
PRPHA-Cluster_0_yearly_False_window_3_lags_4_sinusoidal_yes_quadratic,False,3,quadratic_lags_4_sinusoidal_yes,0.144,0.989,351.214,357.76,True,True,False,0.979,-0.705,0,3.025,3.284,0.389,,,,,,,1.044,0.769,,,1.012,1.203,0.291,0.476
PRPHA-Cluster_0_yearly_False_window_3_lags_5_sinusoidal_yes_quadratic,False,3,quadratic_lags_5_sinusoidal_yes,0.129,0.616,336.142,342.409,False,True,False,0.999,-0.944,0,2.61,2.778,0.558,,,,,,,,,1.001,0.522,1.0,1.167,0.4,0.745
PRPHA-Cluster_0_yearly_True_window_3_lags_none_sinusoidal_no_quadratic,True,3,quadratic_lags_none_sinusoidal_no,0.106,0.131,395.021,398.677,True,True,False,0.622,-0.352,0,2.057,2.057,0.855,,,,,,,,,,,,,,
PRPHA-Cluster_0_yearly_True_window_3_lags_1_sinusoidal_no_quadratic,True,3,quadratic_lags_1_sinusoidal_no,0.232,0.035,372.557,377.269,True,False,False,0.741,-0.079,0,2.202,2.202,0.475,1.0,0.499,,,,,,,,,,,,
PRPHA-Cluster_0_yearly_True_window_3_lags_2_sinusoidal_no_quadratic,True,3,quadratic_lags_2_sinusoidal_no,0.269,0.02,357.858,362.4,True,False,False,0.725,-0.118,0,1.809,1.824,0.712,,,1.016,0.3,,,,,,,,,,
PRPHA-Cluster_0_yearly_True_window_3_lags_3_sinusoidal_no_quadratic,True,3,quadratic_lags_3_sinusoidal_no,0.319,0.025,341.207,345.571,True,True,False,0.788,0.288,0,2.188,2.189,0.446,,,,,1.001,0.118,,,,,,,,
PRPHA-Cluster_0_yearly_True_window_3_lags_4_sinusoidal_no_quadratic,True,3,quadratic_lags_4_sinusoidal_no,0.156,0.101,329.023,333.201,True,True,False,0.596,-0.772,0,2.565,2.577,0.964,,,,,,,1.012,0.205,,,,,,
PRPHA-Cluster_0_yearly_True_window_3_lags_5_sinusoidal_no_quadratic,True,3,quadratic_lags_5_sinusoidal_no,0.319,0.027,308.779,312.762,True,True,False,1.067,0.193,0,2.282,2.282,0.657,,,,,,,,,1.0,0.116,,,,
PRPHA-Cluster_0_yearly_True_window_3_lags_none_sinusoidal_yes_quadratic,True,3,quadratic_lags_none_sinusoidal_yes,0.272,0.292,393.9,399.994,True,True,False,0.66,-0.694,0,2.335,2.598,0.888,,,,,,,,,,,1.045,1.219,0.204,0.138
PRPHA-Cluster_0_yearly_True_window_3_lags_1_sinusoidal_yes_quadratic,True,3,quadratic_lags_1_sinusoidal_yes,0.496,0.01,366.464,373.533,True,True,False,1.094,0.192,0,2.861,3.411,0.66,1.0,0.354,,,,,,,,,1.077,1.472,0.02,0.238
PRPHA-Cluster_0_yearly_True_window_3_lags_2_sinusoidal_yes_quadratic,True,3,quadratic_lags_2_sinusoidal_yes,0.513,0.004,352.534,359.347,True,True,False,1.076,0.266,0,2.264,2.852,0.8,,,1.024,0.127,,,,,,,1.099,1.465,0.029,0.249
PRPHA-Cluster_0_yearly_True_window_3_lags_3_sinusoidal_yes_quadratic,True,3,quadratic_lags_3_sinusoidal_yes,0.483,0.009,339.138,345.684,True,True,False,0.894,0.146,0,2.362,2.508,0.656,,,,,1.001,0.053,,,,,1.0,1.145,0.049,0.507
PRPHA-Cluster_0_yearly_True_window_3_lags_4_sinusoidal_yes_quadratic,True,3,quadratic_lags_4_sinusoidal_yes,0.32,0.347,328.504,334.772,False,True,False,0.714,-0.784,0,2.944,3.201,0.82,,,,,,,1.014,0.452,,,1.026,1.216,0.176,0.28
PRPHA-Cluster_0_yearly_True_window_3_lags_5_sinusoidal_yes_quadratic,True,3,quadratic_lags_5_sinusoidal_yes,0.374,0.21,311.096,317.07,True,True,False,1.063,-0.104,0,2.553,2.765,0.699,,,,,,,,,1.0,0.38,1.005,1.207,0.324,0.619
PRPHA-Cluster_0_yearly_False_window_4_lags_none_sinusoidal_no_quadratic,False,4,quadratic_lags_none_sinusoidal_no,0.034,0.405,407.868,411.642,True,True,False,0.888,-0.106,0,2.311,2.311,0.851,,,,,,,,,,,,,,
PRPHA-Cluster_0_yearly_False_window_4_lags_1_sinusoidal_no_quadratic,False,4,quadratic_lags_1_sinusoidal_no,0.134,0.093,386.017,390.893,True,True,False,1.053,0.073,0,2.274,2.295,0.843,1.021,0.781,,,,,,,,,,,,
PRPHA-Cluster_0_yearly_False_window_4_lags_2_sinusoidal_no_quadratic,False,4,quadratic_lags_2_sinusoidal_no,0.187,0.07,371.123,375.836,True,True,False,1.04,-0.905,0,1.758,1.858,0.829,,,1.1,0.471,,,,,,,,,,
PRPHA-Cluster_0_yearly_False_window_4_lags_3_sinusoidal_no_quadratic,False,4,quadratic_lags_3_sinusoidal_no,0.155,0.124,357.905,362.447,True,True,False,1.039,-0.137,0,2.451,2.512,0.626,,,,,1.061,0.344,,,,,,,,
PRPHA-Cluster_0_yearly_False_window_4_lags_4_sinusoidal_no_quadratic,False,4,quadratic_lags_4_sinusoidal_no,0.081,0.287,342.391,346.755,True,True,False,1.108,-0.684,0,2.864,3.13,0.554,,,,,,,1.267,0.225,,,,,,
PRPHA-Cluster_0_yearly_False_window_4_lags_5_sinusoidal_no_quadratic,False,4,quadratic_lags_5_sinusoidal_no,0.307,0.017,321.167,325.345,True,True,False,1.367,0.094,0,2.633,2.774,0.637,,,,,,,,,1.141,0.027,,,,
PRPHA-Cluster_0_yearly_False_window_4_lags_none_sinusoidal_yes_quadratic,False,4,quadratic_lags_none_sinusoidal_yes,0.231,0.627,405.928,412.219,True,True,False,1.014,-0.38,0,2.737,3.062,0.549,,,,,,,,,,,1.023,1.302,0.341,0.057
PRPHA-Cluster_0_yearly_False_window_4_lags_1_sinusoidal_yes_quadratic,False,4,quadratic_lags_1_sinusoidal_yes,0.38,0.054,381.644,388.957,True,True,True,1.505,-0.526,0,3.277,4.102,0.452,1.038,0.555,,,,,,,,,1.055,1.732,0.095,0.084
PRPHA-Cluster_0_yearly_False_window_4_lags_2_sinusoidal_yes_quadratic,False,4,quadratic_lags_2_sinusoidal_yes,0.437,0.037,366.32,373.388,True,True,False,1.345,-0.102,0,2.387,3.4,0.303,,,1.183,0.219,,,,,,,1.104,1.726,0.134,0.064
PRPHA-Cluster_0_yearly_False_window_4_lags_3_sinusoidal_yes_quadratic,False,4,quadratic_lags_3_sinusoidal_yes,0.317,0.059,357.026,363.839,True,True,False,1.114,-0.588,0,3.169,3.756,0.634,,,,,1.091,0.149,,,,,1.023,1.473,0.097,0.278
PRPHA-Cluster_0_yearly_False_window_4_lags_4_sinusoidal_yes_quadratic,False,4,quadratic_lags_4_sinusoidal_yes,0.412,0.722,336.571,343.117,True,True,True,1.714,-1.268,0,3.597,4.363,0.081,,,,,,,1.372,0.247,,,1.001,1.392,0.228,0.022
PRPHA-Cluster_0_yearly_False_window_4_lags_5_sinusoidal_yes_quadratic,False,4,quadratic_lags_5_sinusoidal_yes,0.49,0.112,318.725,324.992,True,True,True,1.635,-0.188,0,3.254,3.829,0.192,,,,,,,,,1.195,0.053,1.005,1.375,0.228,0.084
PRPHA-Cluster_0_yearly_True_window_4_lags_none_sinusoidal_no_quadratic,True,4,quadratic_lags_none_sinusoidal_no,0.069,0.262,390.502,394.159,True,True,False,0.623,-0.284,0,2.212,2.212,0.694,,,,,,,,,,,,,,
PRPHA-Cluster_0_yearly_True_window_4_lags_1_sinusoidal_no_quadratic,True,4,quadratic_lags_1_sinusoidal_no,0.235,0.024,366.857,371.569,True,False,False,0.664,-0.285,0,2.18,2.188,0.67,1.007,0.386,,,,,,,,,,,,
PRPHA-Cluster_0_yearly_True_window_4_lags_2_sinusoidal_no_quadratic,True,4,quadratic_lags_2_sinusoidal_no,0.28,0.02,352.319,356.861,True,False,False,0.664,-1.407,0,1.701,1.775,0.955,,,1.074,0.302,,,,,,,,,,
PRPHA-Cluster_0_yearly_True_window_4_lags_3_sinusoidal_no_quadratic,True,4,quadratic_lags_3_sinusoidal_no,0.264,0.044,338.78,343.144,True,True,False,0.827,-0.389,0,2.314,2.343,0.48,,,,,1.029,0.183,,,,,,,,
PRPHA-Cluster_0_yearly_True_window_4_lags_4_sinusoidal_no_quadratic,True,4,quadratic_lags_4_sinusoidal_no,0.217,0.058,322.575,326.753,True,True,False,0.606,0.051,0,2.706,2.906,0.285,,,,,,,1.2,0.047,,,,,,
PRPHA-Cluster_0_yearly_True_window_4_lags_5_sinusoidal_no_quadratic,True,4,quadratic_lags_5_sinusoidal_no,0.465,0.002,299.651,303.634,True,True,False,1.346,-0.049,0,2.491,2.587,0.701,,,,,,,,,1.097,0.006,,,,
PRPHA-Cluster_0_yearly_True_window_4_lags_none_sinusoidal_yes_quadratic,True,4,quadratic_lags_none_sinusoidal_yes,0.228,0.331,389.826,395.921,True,True,False,0.667,-0.751,0,2.536,2.805,0.778,,,,,,,,,,,1.032,1.236,0.517,0.078
PRPHA-Cluster_0_yearly_True_window_4_lags_1_sinusoidal_yes_quadratic,True,4,quadratic_lags_1_sinusoidal_yes,0.474,0.005,361.852,368.921,True,True,False,0.915,0.093,0,2.851,3.431,0.691,1.011,0.203,,,,,,,,,1.076,1.492,0.09,0.064
PRPHA-Cluster_0_yearly_True_window_4_lags_2_sinusoidal_yes_quadratic,True,4,quadratic_lags_2_sinusoidal_yes,0.514,0.004,347.281,354.094,True,True,False,0.899,-0.513,0,2.188,3.006,0.428,,,1.125,0.088,,,,,,,1.114,1.579,0.174,0.041
PRPHA-Cluster_0_yearly_True_window_4_lags_3_sinusoidal_yes_quadratic,True,4,quadratic_lags_3_sinusoidal_yes,0.375,0.022,339.195,345.742,True,True,False,0.832,-0.876,0,2.736,3.096,0.908,,,,,1.039,0.09,,,,,1.013,1.308,0.192,0.288
PRPHA-Cluster_0_yearly_True_window_4_lags_4_sinusoidal_yes_quadratic,True,4,quadratic_lags_4_sinusoidal_yes,0.476,0.18,318.126,324.393,True,True,False,1.08,-0.304,0,3.25,3.832,0.051,,,,,,,1.264,0.061,,,1.009,1.31,0.41,0.028
PRPHA-Cluster_0_yearly_True_window_4_lags_5_sinusoidal_yes_quadratic,True,4,quadratic_lags_5_sinusoidal_yes,0.562,0.022,299.656,305.631,True,True,False,1.376,0.09,0,2.93,3.349,0.353,,,,,,,,,1.125,0.019,1.001,1.293,0.423,0.166
PRPHA-Cluster_0_yearly_False_window_5_lags_none_sinusoidal_no_quadratic,False,5,quadratic_lags_none_sinusoidal_no,0.088,0.155,396.646,400.421,False,True,False,1.089,-0.566,0,2.039,2.039,0.895,,,,,,,,,,,,,,
PRPHA-Cluster_0_yearly_False_window_5_lags_1_sinusoidal_no_quadratic,False,5,quadratic_lags_1_sinusoidal_no,0.221,0.033,381.173,386.048,True,True,False,1.111,-0.714,0,1.843,1.85,0.581,1.006,0.327,,,,,,,,,,,,
PRPHA-Cluster_0_yearly_False_window_5_lags_2_sinusoidal_no_quadratic,False,5,quadratic_lags_2_sinusoidal_no,0.244,0.023,366.368,371.08,True,True,False,1.035,-0.049,0,2.076,2.079,0.53,,,1.004,0.162,,,,,,,,,,
PRPHA-Cluster_0_yearly_False_window_5_lags_3_sinusoidal_no_quadratic,False,5,quadratic_lags_3_sinusoidal_no,0.157,0.079,355.377,359.919,False,False,False,1.023,-0.275,0,2.005,2.083,0.675,,,,,1.079,0.168,,,,,,,,
PRPHA-Cluster_0_yearly_False_window_5_lags_4_sinusoidal_no_quadratic,False,5,quadratic_lags_4_sinusoidal_no,0.077,0.248,338.886,343.251,True,True,False,1.221,-0.349,0,2.234,2.499,0.523,,,,,,,1.265,0.276,,,,,,
PRPHA-Cluster_0_yearly_False_window_5_lags_5_sinusoidal_no_quadratic,False,5,quadratic_lags_5_sinusoidal_no,0.45,0.002,312.422,316.6,True,True,True,1.596,0.135,0,2.056,2.126,0.108,,,,,,,,,1.07,0.002,,,,
PRPHA-Cluster_0_yearly_False_window_5_lags_none_sinusoidal_yes_quadratic,False,5,quadratic_lags_none_sinusoidal_yes,0.264,0.285,395.068,401.359,False,True,False,1.128,-0.835,0,2.442,2.83,0.579,,,,,,,,,,,1.011,1.377,0.058,0.271
PRPHA-Cluster_0_yearly_False_window_5_lags_1_sinusoidal_yes_quadratic,False,5,quadratic_lags_1_sinusoidal_yes,0.511,0.061,373.528,380.841,False,True,True,1.736,-0.265,0,2.166,2.559,0.134,1.009,0.26,,,,,,,,,1.003,1.381,0.008,0.113
PRPHA-Cluster_0_yearly_False_window_5_lags_2_sinusoidal_yes_quadratic,False,5,quadratic_lags_2_sinusoidal_yes,0.547,0.015,358.054,365.123,True,False,False,1.433,-0.097,0,2.359,2.627,0.084,,,1.005,0.119,,,,,,,1.009,1.254,0.01,0.056
PRPHA-Cluster_0_yearly_False_window_5_lags_3_sinusoidal_yes_quadratic,False,5,quadratic_lags_3_sinusoidal_yes,0.403,0.033,351.444,358.257,True,True,False,1.251,-0.629,0,2.413,2.93,0.101,,,,,1.11,0.047,,,,,1.166,1.24,0.023,0.255
PRPHA-Cluster_0_yearly_False_window_5_lags_4_sinusoidal_yes_quadratic,False,5,quadratic_lags_4_sinusoidal_yes,0.429,0.284,332.309,338.855,True,True,True,1.788,-0.128,0,2.766,3.575,0.042,,,,,,,1.379,0.115,,,1.163,1.268,0.016,0.07
PRPHA-Cluster_0_yearly_False_window_5_lags_5_sinusoidal_yes_quadratic,False,5,quadratic_lags_5_sinusoidal_yes,0.668,0.012,305.856,312.123,True,False,True,2.184,0.363,0,2.384,2.786,0.007,,,,,,,,,1.091,0.003,1.128,1.183,0.022,0.055
PRPHA-Cluster_0_yearly_True_window_5_lags_none_sinusoidal_no_quadratic,True,5,quadratic_lags_none_sinusoidal_no,0.319,0.014,376.97,380.627,True,True,False,0.671,-0.123,0,2.089,2.089,0.108,,,,,,,,,,,,,,
PRPHA-Cluster_0_yearly_True_window_5_lags_1_sinusoidal_no_quadratic,True,5,quadratic_lags_1_sinusoidal_no,0.405,0.001,362.662,367.374,True,True,False,0.644,-0.605,0,1.843,1.849,0.412,1.006,0.343,,,,,,,,,,,,
PRPHA-Cluster_0_yearly_True_window_5_lags_2_sinusoidal_no_quadratic,True,5,quadratic_lags_2_sinusoidal_no,0.455,0.001,346.564,351.106,True,True,False,0.53,0.323,0,2.141,2.151,0.323,,,1.01,0.078,,,,,,,,,,
PRPHA-Cluster_0_yearly_True_window_5_lags_3_sinusoidal_no_quadratic,True,5,quadratic_lags_3_sinusoidal_no,0.396,0.009,335.389,339.753,True,True,False,0.685,0.071,0,2.066,2.16,0.384,,,,,1.094,0.121,,,,,,,,
PRPHA-Cluster_0_yearly_True_window_5_lags_4_sinusoidal_no_quadratic,True,5,quadratic_lags_4_sinusoidal_no,0.301,0.024,320.117,324.295,True,True,False,0.877,-0.036,0,2.352,2.654,0.798,,,,,,,1.302,0.106,,,,,,
PRPHA-Cluster_0_yearly_True_window_5_lags_5_sinusoidal_no_quadratic,True,5,quadratic_lags_5_sinusoidal_no,0.714,0.0,286.604,290.587,True,True,False,1.466,0.534,0,2.115,2.195,0.989,,,,,,,,,1.08,0.0,,,,
PRPHA-Cluster_0_yearly_True_window_5_lags_none_sinusoidal_yes_quadratic,True,5,quadratic_lags_none_sinusoidal_yes,0.418,0.024,377.045,383.14,True,True,False,0.687,-0.52,0,2.45,2.781,0.346,,,,,,,,,,,1.014,1.318,0.109,0.393
PRPHA-Cluster_0_yearly_True_window_5_lags_1_sinusoidal_yes_quadratic,True,5,quadratic_lags_1_sinusoidal_yes,0.593,0.001,357.54,364.608,True,True,False,1.266,0.236,0,2.118,2.454,0.957,1.008,0.279,,,,,,,,,1.003,1.324,0.018,0.208
PRPHA-Cluster_0_yearly_True_window_5_lags_2_sinusoidal_yes_quadratic,True,5,quadratic_lags_2_sinusoidal_yes,0.673,0.0,338.806,345.619,True,True,False,0.748,0.104,0,2.353,2.551,0.935,,,1.012,0.04,,,,,,,1.011,1.175,0.015,0.05
PRPHA-Cluster_0_yearly_True_window_5_lags_3_sinusoidal_yes_quadratic,True,5,quadratic_lags_3_sinusoidal_yes,0.515,0.005,334.58,341.126,True,True,False,0.913,-0.544,0,2.464,2.966,0.798,,,,,1.129,0.048,,,,,1.2,1.173,0.094,0.287
PRPHA-Cluster_0_yearly_True_window_5_lags_4_sinusoidal_yes_quadratic,True,5,quadratic_lags_4_sinusoidal_yes,0.5,0.033,317.088,323.355,True,True,False,1.391,-0.368,0,2.836,3.604,0.392,,,,,,,1.41,0.061,,,1.173,1.185,0.066,0.124
PRPHA-Cluster_0_yearly_True_window_5_lags_5_sinusoidal_yes_quadratic,True,5,quadratic_lags_5_sinusoidal_yes,0.784,0.0,285.005,290.98,True,True,True,1.878,0.184,0,2.446,2.847,0.416,,,,,,,,,1.104,0.0,1.16,1.137,0.112,0.164
PRPHA-Cluster_0_yearly_False_window_6_lags_none_sinusoidal_no_quadratic,False,6,quadratic_lags_none_sinusoidal_no,0.094,0.163,387.049,390.823,True,True,False,0.485,-0.124,0,1.809,1.809,0.574,,,,,,,,,,,,,,
PRPHA-Cluster_0_yearly_False_window_6_lags_1_sinusoidal_no_quadratic,False,6,quadratic_lags_1_sinusoidal_no,0.297,0.014,369.504,374.379,True,True,False,0.548,-0.638,0,1.633,1.679,0.563,1.046,0.119,,,,,,,,,,,,
PRPHA-Cluster_0_yearly_False_window_6_lags_2_sinusoidal_no_quadratic,False,6,quadratic_lags_2_sinusoidal_no,0.293,0.012,356.899,361.611,True,True,False,0.5,0.141,0,1.803,1.805,0.629,,,1.002,0.104,,,,,,,,,,
PRPHA-Cluster_0_yearly_False_window_6_lags_3_sinusoidal_no_quadratic,False,6,quadratic_lags_3_sinusoidal_no,0.255,0.054,346.071,350.613,False,True,False,0.518,0.128,0,1.704,1.749,0.999,,,,,1.045,0.055,,,,,,,,
PRPHA-Cluster_0_yearly_False_window_6_lags_4_sinusoidal_no_quadratic,False,6,quadratic_lags_4_sinusoidal_no,0.227,0.127,326.839,331.203,True,True,False,0.745,0.125,0,1.878,2.068,0.833,,,,,,,1.191,0.051,,,,,,
PRPHA-Cluster_0_yearly_False_window_6_lags_5_sinusoidal_no_quadratic,False,6,quadratic_lags_5_sinusoidal_no,0.58,0.001,298.537,302.715,True,True,False,0.954,0.334,0,1.75,1.798,0.397,,,,,,,,,1.048,0.0,,,,
PRPHA-Cluster_0_yearly_False_window_6_lags_none_sinusoidal_yes_quadratic,False,6,quadratic_lags_none_sinusoidal_yes,0.221,0.246,387.125,393.416,True,True,False,0.487,-0.884,0,2.11,2.482,0.846,,,,,,,,,,,1.002,1.369,0.275,0.162
PRPHA-Cluster_0_yearly_False_window_6_lags_1_sinusoidal_yes_quadratic,False,6,quadratic_lags_1_sinusoidal_yes,0.505,0.023,364.713,372.026,True,True,False,0.958,-0.585,0,1.865,2.293,0.115,1.063,0.063,,,,,,,,,1.003,1.362,0.101,0.04
PRPHA-Cluster_0_yearly_False_window_6_lags_2_sinusoidal_yes_quadratic,False,6,quadratic_lags_2_sinusoidal_yes,0.488,0.014,353.182,360.25,True,False,False,0.75,-0.046,0,1.996,2.238,0.193,,,1.002,0.095,,,,,,,1.004,1.236,0.183,0.043
PRPHA-Cluster_0_yearly_False_window_6_lags_3_sinusoidal_yes_quadratic,False,6,quadratic_lags_3_sinusoidal_yes,0.439,0.028,343.562,350.375,True,True,False,0.841,-0.788,0,1.971,2.412,0.234,,,,,1.061,0.019,,,,,1.127,1.252,0.145,0.062
PRPHA-Cluster_0_yearly_False_window_6_lags_4_sinusoidal_yes_quadratic,False,6,quadratic_lags_4_sinusoidal_yes,0.588,0.075,317.023,323.569,True,True,False,1.464,0.405,0,2.238,2.919,0.061,,,,,,,1.269,0.007,,,1.202,1.209,0.095,0.003
PRPHA-Cluster_0_yearly_False_window_6_lags_5_sinusoidal_yes_quadratic,False,6,quadratic_lags_5_sinusoidal_yes,0.79,0.001,287.952,294.219,True,True,True,1.759,0.253,0,1.987,2.366,0.033,,,,,,,,,1.063,0.0,1.152,1.164,0.191,0.002
PRPHA-Cluster_0_yearly_True_window_6_lags_none_sinusoidal_no_quadratic,True,6,quadratic_lags_none_sinusoidal_no,0.193,0.045,375.322,378.979,True,True,False,0.476,-0.134,0,1.851,1.851,0.286,,,,,,,,,,,,,,
PRPHA-Cluster_0_yearly_True_window_6_lags_1_sinusoidal_no_quadratic,True,6,quadratic_lags_1_sinusoidal_no,0.407,0.002,356.91,361.622,True,True,False,0.532,0.314,0,1.625,1.685,0.987,1.06,0.061,,,,,,,,,,,,
PRPHA-Cluster_0_yearly_True_window_6_lags_2_sinusoidal_no_quadratic,True,6,quadratic_lags_2_sinusoidal_no,0.414,0.002,343.584,348.126,True,True,False,0.483,0.232,0,1.841,1.842,0.869,,,1.001,0.043,,,,,,,,,,
PRPHA-Cluster_0_yearly_True_window_6_lags_3_sinusoidal_no_quadratic,True,6,quadratic_lags_3_sinusoidal_no,0.415,0.007,331.035,335.399,True,True,False,0.564,0.277,0,1.756,1.83,0.8,,,,,1.074,0.015,,,,,,,,
PRPHA-Cluster_0_yearly_True_window_6_lags_4_sinusoidal_no_quadratic,True,6,quadratic_lags_4_sinusoidal_no,0.385,0.013,312.801,316.979,True,True,False,0.828,0.085,0,1.971,2.23,0.753,,,,,,,1.259,0.007,,,,,,
PRPHA-Cluster_0_yearly_True_window_6_lags_5_sinusoidal_no_quadratic,True,6,quadratic_lags_5_sinusoidal_no,0.684,0.0,283.978,287.961,True,True,True,1.645,0.374,0,1.789,1.858,0.95,,,,,,,,,1.069,0.0,,,,
PRPHA-Cluster_0_yearly_True_window_6_lags_none_sinusoidal_yes_quadratic,True,6,quadratic_lags_none_sinusoidal_yes,0.263,0.062,377.046,383.14,True,True,False,0.471,-1.072,0,2.134,2.467,0.665,,,,,,,,,,,1.006,1.327,0.449,0.279
PRPHA-Cluster_0_yearly_True_window_6_lags_1_sinusoidal_yes_quadratic,True,6,quadratic_lags_1_sinusoidal_yes,0.564,0.002,353.5,360.568,True,True,False,0.833,0.312,0,1.839,2.262,0.334,1.081,0.029,,,,,,,,,1.006,1.336,0.184,0.051
PRPHA-Cluster_0_yearly_True_window_6_lags_2_sinusoidal_yes_quadratic,True,6,quadratic_lags_2_sinusoidal_yes,0.553,0.002,341.319,348.132,True,False,False,0.659,-0.395,0,2.013,2.219,0.57,,,1.001,0.035,,,,,,,1.01,1.195,0.345,0.056
PRPHA-Cluster_0_yearly_True_window_6_lags_3_sinusoidal_yes_quadratic,True,6,quadratic_lags_3_sinusoidal_yes,0.541,0.004,329.733,336.279,True,False,False,0.876,0.118,0,2.008,2.441,0.436,,,,,1.099,0.006,,,,,1.126,1.208,0.307,0.071
PRPHA-Cluster_0_yearly_True_window_6_lags_4_sinusoidal_yes_quadratic,True,6,quadratic_lags_4_sinusoidal_yes,0.68,0.003,303.091,309.358,False,True,False,1.485,-0.038,0,2.306,2.999,0.066,,,,,,,1.348,0.001,,,1.19,1.155,0.155,0.003
PRPHA-Cluster_0_yearly_True_window_6_lags_5_sinusoidal_yes_quadratic,True,6,quadratic_lags_5_sinusoidal_yes,0.789,0.0,279.973,285.947,True,True,True,2.198,-0.182,0,2.01,2.379,0.425,,,,,,,,,1.088,0.0,1.152,1.129,0.689,0.02
PRPHA-Cluster_0_yearly_False_window_7_lags_none_sinusoidal_no_quadratic,False,7,quadratic_lags_none_sinusoidal_no,0.09,0.145,390.706,394.48,False,True,False,0.613,-0.165,0,1.62,1.62,0.894,,,,,,,,,,,,,,
PRPHA-Cluster_0_yearly_False_window_7_lags_1_sinusoidal_no_quadratic,False,7,quadratic_lags_1_sinusoidal_no,0.245,0.056,374.858,379.733,True,True,False,0.83,0.004,0,1.781,1.818,0.699,1.037,0.098,,,,,,,,,,,,
PRPHA-Cluster_0_yearly_False_window_7_lags_2_sinusoidal_no_quadratic,False,7,quadratic_lags_2_sinusoidal_no,0.305,0.016,360.429,365.141,True,True,False,0.827,-0.279,0,1.812,1.817,0.336,,,1.005,0.042,,,,,,,,,,
PRPHA-Cluster_0_yearly_False_window_7_lags_3_sinusoidal_no_quadratic,False,7,quadratic_lags_3_sinusoidal_no,0.365,0.02,344.45,348.992,False,True,False,0.755,0.115,0,1.661,1.676,0.49,,,,,1.016,0.006,,,,,,,,
PRPHA-Cluster_0_yearly_False_window_7_lags_4_sinusoidal_no_quadratic,False,7,quadratic_lags_4_sinusoidal_no,0.389,0.03,325.485,329.849,False,True,False,1.063,-5.176,0,1.815,1.886,0.513,,,,,,,1.071,0.004,,,,,,
PRPHA-Cluster_0_yearly_False_window_7_lags_5_sinusoidal_no_quadratic,False,7,quadratic_lags_5_sinusoidal_no,0.557,0.002,302.068,306.247,True,True,True,1.743,-0.229,0,1.726,1.734,0.734,,,,,,,,,1.008,0.0,,,,
PRPHA-Cluster_0_yearly_False_window_7_lags_none_sinusoidal_yes_quadratic,False,7,quadratic_lags_none_sinusoidal_yes,0.149,0.219,392.974,399.265,True,True,False,0.651,-0.942,0,1.873,2.282,0.598,,,,,,,,,,,1.048,1.36,0.566,0.279
PRPHA-Cluster_0_yearly_False_window_7_lags_1_sinusoidal_yes_quadratic,False,7,quadratic_lags_1_sinusoidal_yes,0.318,0.094,376.307,383.62,True,True,False,0.979,-0.101,0,2.061,2.471,0.313,1.05,0.137,,,,,,,,,1.04,1.32,0.506,0.202
PRPHA-Cluster_0_yearly_False_window_7_lags_2_sinusoidal_yes_quadratic,False,7,quadratic_lags_2_sinusoidal_yes,0.427,0.02,359.806,366.874,True,True,False,1.098,-0.592,0,2.114,2.493,0.08,,,1.007,0.046,,,,,,,1.085,1.287,0.328,0.089
PRPHA-Cluster_0_yearly_False_window_7_lags_3_sinusoidal_yes_quadratic,False,7,quadratic_lags_3_sinusoidal_yes,0.575,0.005,339.186,345.999,True,True,False,1.286,-0.48,0,1.984,2.498,0.038,,,,,1.024,0.001,,,,,1.267,1.223,0.093,0.018
PRPHA-Cluster_0_yearly_False_window_7_lags_4_sinusoidal_yes_quadratic,False,7,quadratic_lags_4_sinusoidal_yes,0.68,0.013,315.238,321.785,True,True,True,1.721,-2.059,0,2.138,2.635,0.051,,,,,,,1.1,0.0,,,1.29,1.107,0.243,0.002
PRPHA-Cluster_0_yearly_False_window_7_lags_5_sinusoidal_yes_quadratic,False,7,quadratic_lags_5_sinusoidal_yes,0.675,0.005,299.558,305.825,True,True,True,2.21,-0.572,0,1.977,2.335,0.337,,,,,,,,,1.011,0.0,1.245,1.101,0.696,0.034
PRPHA-Cluster_0_yearly_True_window_7_lags_none_sinusoidal_no_quadratic,True,7,quadratic_lags_none_sinusoidal_no,0.156,0.057,378.09,381.747,False,True,False,0.6,-0.003,0,1.619,1.619,0.788,,,,,,,,,,,,,,
PRPHA-Cluster_0_yearly_True_window_7_lags_1_sinusoidal_no_quadratic,True,7,quadratic_lags_1_sinusoidal_no,0.37,0.012,359.731,364.443,True,True,False,0.79,-0.012,0,1.869,1.921,0.747,1.052,0.039,,,,,,,,,,,,
PRPHA-Cluster_0_yearly_True_window_7_lags_2_sinusoidal_no_quadratic,True,7,quadratic_lags_2_sinusoidal_no,0.456,0.002,343.734,348.276,True,True,False,0.687,0.209,0,1.933,1.936,0.215,,,1.003,0.011,,,,,,,,,,
PRPHA-Cluster_0_yearly_True_window_7_lags_3_sinusoidal_no_quadratic,True,7,quadratic_lags_3_sinusoidal_no,0.439,0.004,330.416,334.78,True,True,False,0.831,-0.287,0,1.738,1.773,0.305,,,,,1.035,0.003,,,,,,,,
PRPHA-Cluster_0_yearly_True_window_7_lags_4_sinusoidal_no_quadratic,True,7,quadratic_lags_4_sinusoidal_no,0.417,0.013,313.191,317.369,True,True,False,0.903,0.075,0,1.923,2.007,0.349,,,,,,,1.084,0.003,,,,,,
PRPHA-Cluster_0_yearly_True_window_7_lags_5_sinusoidal_no_quadratic,True,7,quadratic_lags_5_sinusoidal_no,0.509,0.002,292.596,296.579,True,True,True,1.942,-0.224,0,1.817,1.83,0.975,,,,,,,,,1.013,0.001,,,,
PRPHA-Cluster_0_yearly_True_window_7_lags_none_sinusoidal_yes_quadratic,True,7,quadratic_lags_none_sinusoidal_yes,0.249,0.084,379.168,385.262,True,True,False,0.623,-0.138,0,1.812,2.123,0.603,,,,,,,,,,,1.046,1.266,0.409,0.177
PRPHA-Cluster_0_yearly_True_window_7_lags_1_sinusoidal_yes_quadratic,True,7,quadratic_lags_1_sinusoidal_yes,0.487,0.017,358.807,365.875,True,True,False,0.94,0.114,0,2.093,2.417,0.243,1.065,0.053,,,,,,,,,1.042,1.216,0.329,0.083
PRPHA-Cluster_0_yearly_True_window_7_lags_2_sinusoidal_yes_quadratic,True,7,quadratic_lags_2_sinusoidal_yes,0.644,0.001,337.983,344.796,True,True,False,0.867,0.076,0,2.206,2.502,0.015,,,1.004,0.005,,,,,,,1.103,1.188,0.13,0.015
PRPHA-Cluster_0_yearly_True_window_7_lags_3_sinusoidal_yes_quadratic,True,7,quadratic_lags_3_sinusoidal_yes,0.736,0.0,317.873,324.42,True,True,True,1.641,0.036,0,2.068,2.566,0.003,,,,,1.05,0.0,,,,,1.333,1.114,0.01,0.003
PRPHA-Cluster_0_yearly_True_window_7_lags_4_sinusoidal_yes_quadratic,True,7,quadratic_lags_4_sinusoidal_yes,0.79,0.001,295.747,302.014,True,True,False,1.448,-1.094,0,2.238,2.692,0.009,,,,,,,1.113,0.0,,,1.317,1.024,0.035,0.0
PRPHA-Cluster_0_yearly_True_window_7_lags_5_sinusoidal_yes_quadratic,True,7,quadratic_lags_5_sinusoidal_yes,0.681,0.003,287.985,293.959,True,True,True,2.495,0.114,0,2.079,2.418,0.451,,,,,,,,,1.018,0.001,1.286,1.035,0.422,0.018
PRPHA-Cluster_0_yearly_False_window_8_lags_none_sinusoidal_no_quadratic,False,8,quadratic_lags_none_sinusoidal_no,0.088,0.183,388.414,392.188,False,True,False,0.351,-1.754,0,1.503,1.503,0.784,,,,,,,,,,,,,,
PRPHA-Cluster_0_yearly_False_window_8_lags_1_sinusoidal_no_quadratic,False,8,quadratic_lags_1_sinusoidal_no,0.334,0.048,369.521,374.396,True,True,False,0.604,-0.127,0,1.711,1.796,0.291,1.086,0.067,,,,,,,,,,,,
PRPHA-Cluster_0_yearly_False_window_8_lags_2_sinusoidal_no_quadratic,False,8,quadratic_lags_2_sinusoidal_no,0.489,0.006,351.041,355.754,True,True,False,0.537,-0.316,0,1.864,2.001,0.109,,,1.137,0.013,,,,,,,,,,
PRPHA-Cluster_0_yearly_False_window_8_lags_3_sinusoidal_no_quadratic,False,8,quadratic_lags_3_sinusoidal_no,0.567,0.032,333.699,338.241,True,True,False,0.475,0.384,0,1.775,1.852,0.623,,,,,1.077,0.0,,,,,,,,
PRPHA-Cluster_0_yearly_False_window_8_lags_4_sinusoidal_no_quadratic,False,8,quadratic_lags_4_sinusoidal_no,0.517,0.072,318.145,322.509,True,False,False,0.69,-0.434,0,2.46,2.46,0.601,,,,,,,1.001,0.001,,,,,,
PRPHA-Cluster_0_yearly_False_window_8_lags_5_sinusoidal_no_quadratic,False,8,quadratic_lags_5_sinusoidal_no,0.639,0.006,295.42,299.598,True,False,False,1.143,0.37,0,2.289,2.343,0.825,,,,,,,,,1.054,0.0,,,,
PRPHA-Cluster_0_yearly_False_window_8_lags_none_sinusoidal_yes_quadratic,False,8,quadratic_lags_none_sinusoidal_yes,0.124,0.208,391.366,397.657,False,True,False,0.39,-3.844,0,1.695,2.077,0.496,,,,,,,,,,,1.005,1.377,0.913,0.369
PRPHA-Cluster_0_yearly_False_window_8_lags_1_sinusoidal_yes_quadratic,False,8,quadratic_lags_1_sinusoidal_yes,0.393,0.041,371.182,378.496,True,False,False,0.664,-0.645,0,2.091,2.757,0.117,1.132,0.122,,,,,,,,,1.0,1.535,0.602,0.219
PRPHA-Cluster_0_yearly_False_window_8_lags_2_sinusoidal_yes_quadratic,False,8,quadratic_lags_2_sinusoidal_yes,0.601,0.003,349.13,356.198,True,False,False,0.783,-0.012,0,2.291,2.988,0.013,,,1.205,0.032,,,,,,,1.0,1.493,0.743,0.039
PRPHA-Cluster_0_yearly_False_window_8_lags_3_sinusoidal_yes_quadratic,False,8,quadratic_lags_3_sinusoidal_yes,0.767,0.001,323.45,330.263,True,False,False,1.009,0.164,0,2.204,2.878,0.008,,,,,1.12,0.0,,,,,1.081,1.473,0.294,0.001
PRPHA-Cluster_0_yearly_False_window_8_lags_4_sinusoidal_yes_quadratic,False,8,quadratic_lags_4_sinusoidal_yes,0.754,0.005,307.328,313.874,True,True,False,1.286,0.512,0,3.79,4.702,0.022,,,,,,,1.001,0.0,,,1.427,1.484,0.576,0.001
PRPHA-Cluster_0_yearly_False_window_8_lags_5_sinusoidal_yes_quadratic,False,8,quadratic_lags_5_sinusoidal_yes,0.75,0.002,291.68,297.947,True,True,True,1.593,0.418,0,3.607,4.737,0.349,,,,,,,,,1.109,0.0,1.327,1.694,0.774,0.034
PRPHA-Cluster_0_yearly_True_window_8_lags_none_sinusoidal_no_quadratic,True,8,quadratic_lags_none_sinusoidal_no,0.151,0.079,374.273,377.93,False,True,False,0.347,-1.026,0,1.446,1.446,0.943,,,,,,,,,,,,,,
PRPHA-Cluster_0_yearly_True_window_8_lags_1_sinusoidal_no_quadratic,True,8,quadratic_lags_1_sinusoidal_no,0.466,0.012,352.037,356.749,True,True,False,0.516,0.037,0,1.667,1.79,0.368,1.123,0.022,,,,,,,,,,,,
PRPHA-Cluster_0_yearly_True_window_8_lags_2_sinusoidal_no_quadratic,True,8,quadratic_lags_2_sinusoidal_no,0.588,0.001,333.957,338.499,True,True,False,0.395,-0.151,0,1.857,2.074,0.088,,,1.217,0.013,,,,,,,,,,
PRPHA-Cluster_0_yearly_True_window_8_lags_3_sinusoidal_no_quadratic,True,8,quadratic_lags_3_sinusoidal_no,0.59,0.007,320.308,324.673,True,True,False,0.462,0.327,0,1.736,1.898,0.466,,,,,1.162,0.0,,,,,,,,
PRPHA-Cluster_0_yearly_True_window_8_lags_4_sinusoidal_no_quadratic,True,8,quadratic_lags_4_sinusoidal_no,0.518,0.04,305.44,309.618,True,True,False,0.554,0.143,0,2.509,2.549,0.248,,,,,,,1.04,0.001,,,,,,
PRPHA-Cluster_0_yearly_True_window_8_lags_5_sinusoidal_no_quadratic,True,8,quadratic_lags_5_sinusoidal_no,0.633,0.002,282.596,286.579,True,True,False,1.314,-0.044,0,2.481,2.586,0.85,,,,,,,,,1.104,0.0,,,,
PRPHA-Cluster_0_yearly_True_window_8_lags_none_sinusoidal_yes_quadratic,True,8,quadratic_lags_none_sinusoidal_yes,0.198,0.082,376.828,382.923,True,False,False,0.361,-2.222,0,1.554,1.797,0.627,,,,,,,,,,,1.009,1.234,1.0,0.288
PRPHA-Cluster_0_yearly_True_window_8_lags_1_sinusoidal_yes_quadratic,True,8,quadratic_lags_1_sinusoidal_yes,0.514,0.01,353.782,360.85,True,False,False,0.507,0.109,0,1.889,2.386,0.185,1.165,0.041,,,,,,,,,1.003,1.329,0.576,0.241
PRPHA-Cluster_0_yearly_True_window_8_lags_2_sinusoidal_yes_quadratic,True,8,quadratic_lags_2_sinusoidal_yes,0.68,0.0,332.14,338.953,True,False,False,0.513,-0.28,0,2.101,2.665,0.014,,,1.279,0.027,,,,,,,1.007,1.278,0.839,0.042
PRPHA-Cluster_0_yearly_True_window_8_lags_3_sinusoidal_yes_quadratic,True,8,quadratic_lags_3_sinusoidal_yes,0.775,0.0,311.131,317.678,True,False,False,0.738,0.277,0,1.954,2.458,0.016,,,,,1.209,0.0,,,,,1.133,1.162,0.182,0.003
PRPHA-Cluster_0_yearly_True_window_8_lags_4_sinusoidal_yes_quadratic,True,8,quadratic_lags_4_sinusoidal_yes,0.792,0.001,291.755,298.022,True,False,False,0.83,0.071,0,3.653,4.481,0.012,,,,,,,1.07,0.0,,,1.681,1.077,0.259,0.0
PRPHA-Cluster_0_yearly_True_window_8_lags_5_sinusoidal_yes_quadratic,True,8,quadratic_lags_5_sinusoidal_yes,0.824,0.0,271.928,277.903,True,True,True,2.055,0.251,0,3.928,5.11,0.235,,,,,,,,,1.206,0.0,1.713,1.263,0.945,0.002
PRPHA-Cluster_0_yearly_False_window_9_lags_none_sinusoidal_no_quadratic,False,9,quadratic_lags_none_sinusoidal_no,0.264,0.054,382.14,385.914,True,True,False,0.479,0.245,0,1.686,1.686,0.041,,,,,,,,,,,,,,
PRPHA-Cluster_0_yearly_False_window_9_lags_1_sinusoidal_no_quadratic,False,9,quadratic_lags_1_sinusoidal_no,0.453,0.012,362.839,367.715,True,True,False,0.875,0.124,0,1.756,1.764,0.012,1.008,0.026,,,,,,,,,,,,
PRPHA-Cluster_0_yearly_False_window_9_lags_2_sinusoidal_no_quadratic,False,9,quadratic_lags_2_sinusoidal_no,0.524,0.006,346.638,351.35,True,True,False,0.659,-0.372,0,1.76,1.846,0.031,,,1.086,0.008,,,,,,,,,,
PRPHA-Cluster_0_yearly_False_window_9_lags_3_sinusoidal_no_quadratic,False,9,quadratic_lags_3_sinusoidal_no,0.578,0.013,329.541,334.083,True,True,False,0.596,0.383,0,1.736,1.805,0.301,,,,,1.07,0.0,,,,,,,,
PRPHA-Cluster_0_yearly_False_window_9_lags_4_sinusoidal_no_quadratic,False,9,quadratic_lags_4_sinusoidal_no,0.524,0.201,315.12,319.484,True,True,False,0.766,-0.042,0,2.412,2.444,0.236,,,,,,,1.032,0.005,,,,,,
PRPHA-Cluster_0_yearly_False_window_9_lags_5_sinusoidal_no_quadratic,False,9,quadratic_lags_5_sinusoidal_no,0.524,0.059,299.256,303.434,True,True,False,1.22,0.328,0,2.359,2.502,0.648,,,,,,,,,1.143,0.003,,,,
PRPHA-Cluster_0_yearly_False_window_9_lags_none_sinusoidal_yes_quadratic,False,9,quadratic_lags_none_sinusoidal_yes,0.427,0.022,379.645,385.935,True,True,False,0.79,-0.606,0,2.031,2.535,0.003,,,,,,,,,,,1.091,1.412,0.647,0.024
PRPHA-Cluster_0_yearly_False_window_9_lags_1_sinusoidal_yes_quadratic,False,9,quadratic_lags_1_sinusoidal_yes,0.609,0.003,358.45,365.763,True,True,False,1.162,-0.67,0,2.228,2.866,0.001,1.013,0.018,,,,,,,,,1.101,1.524,0.889,0.013
PRPHA-Cluster_0_yearly_False_window_9_lags_2_sinusoidal_yes_quadratic,False,9,quadratic_lags_2_sinusoidal_yes,0.628,0.007,344.764,351.832,True,True,False,0.955,-0.831,0,2.304,3.169,0.004,,,1.148,0.017,,,,,,,1.08,1.637,0.781,0.038
PRPHA-Cluster_0_yearly_False_window_9_lags_3_sinusoidal_yes_quadratic,False,9,quadratic_lags_3_sinusoidal_yes,0.693,0.003,326.238,333.051,True,True,False,1.153,-0.066,0,2.589,3.899,0.017,,,,,1.151,0.0,,,,,1.447,1.713,0.137,0.027
PRPHA-Cluster_0_yearly_False_window_9_lags_4_sinusoidal_yes_quadratic,False,9,quadratic_lags_4_sinusoidal_yes,0.717,0.473,307.707,314.253,True,True,False,1.425,0.283,0,3.493,4.314,0.006,,,,,,,1.056,0.011,,,1.413,1.352,0.104,0.006
PRPHA-Cluster_0_yearly_False_window_9_lags_5_sinusoidal_yes_quadratic,False,9,quadratic_lags_5_sinusoidal_yes,0.664,0.133,295.923,302.19,True,True,True,1.979,0.378,0,3.787,5.132,0.081,,,,,,,,,1.294,0.016,1.472,1.579,0.4,0.024
PRPHA-Cluster_0_yearly_True_window_9_lags_none_sinusoidal_no_quadratic,True,9,quadratic_lags_none_sinusoidal_no,0.295,0.039,371.822,375.478,True,True,False,0.469,0.218,0,1.602,1.602,0.051,,,,,,,,,,,,,,
PRPHA-Cluster_0_yearly_True_window_9_lags_1_sinusoidal_no_quadratic,True,9,quadratic_lags_1_sinusoidal_no,0.59,0.002,346.622,351.335,True,True,False,0.566,0.085,0,1.662,1.684,0.009,1.022,0.003,,,,,,,,,,,,
PRPHA-Cluster_0_yearly_True_window_9_lags_2_sinusoidal_no_quadratic,True,9,quadratic_lags_2_sinusoidal_no,0.576,0.002,334.439,338.981,True,True,False,0.496,-0.174,0,1.666,1.794,0.06,,,1.128,0.005,,,,,,,,,,
PRPHA-Cluster_0_yearly_True_window_9_lags_3_sinusoidal_no_quadratic,True,9,quadratic_lags_3_sinusoidal_no,0.552,0.011,321.166,325.53,True,True,False,0.728,0.312,0,1.605,1.702,0.334,,,,,1.097,0.0,,,,,,,,
PRPHA-Cluster_0_yearly_True_window_9_lags_4_sinusoidal_no_quadratic,True,9,quadratic_lags_4_sinusoidal_no,0.534,0.273,304.746,308.924,True,True,False,0.708,0.159,0,2.201,2.301,0.073,,,,,,,1.1,0.03,,,,,,
PRPHA-Cluster_0_yearly_True_window_9_lags_5_sinusoidal_no_quadratic,True,9,quadratic_lags_5_sinusoidal_no,0.523,0.01,284.886,288.869,True,True,True,1.542,-0.618,0,2.107,2.289,0.718,,,,,,,,,1.182,0.003,,,,
PRPHA-Cluster_0_yearly_True_window_9_lags_none_sinusoidal_yes_quadratic,True,9,quadratic_lags_none_sinusoidal_yes,0.42,0.015,370.954,377.048,True,True,False,0.57,-0.219,0,1.753,2.002,0.011,,,,,,,,,,,1.076,1.174,0.766,0.054
PRPHA-Cluster_0_yearly_True_window_9_lags_1_sinusoidal_yes_quadratic,True,9,quadratic_lags_1_sinusoidal_yes,0.678,0.0,344.859,351.927,True,False,False,0.512,-0.072,0,1.878,2.232,0.002,1.029,0.002,,,,,,,,,1.098,1.227,0.531,0.049
PRPHA-Cluster_0_yearly_True_window_9_lags_2_sinusoidal_yes_quadratic,True,9,quadratic_lags_2_sinusoidal_yes,0.631,0.002,335.275,342.088,True,False,False,0.543,-0.944,0,1.965,2.598,0.03,,,1.186,0.009,,,,,,,1.082,1.366,0.796,0.145
PRPHA-Cluster_0_yearly_True_window_9_lags_3_sinusoidal_yes_quadratic,True,9,quadratic_lags_3_sinusoidal_yes,0.631,0.005,320.86,327.406,True,True,False,0.919,0.388,0,1.957,2.691,0.072,,,,,1.153,0.0,,,,,1.33,1.252,0.308,0.103
PRPHA-Cluster_0_yearly_True_window_9_lags_4_sinusoidal_yes_quadratic,True,9,quadratic_lags_4_sinusoidal_yes,0.702,0.133,299.341,305.609,True,False,False,1.052,0.239,0,2.572,3.011,0.009,,,,,,,1.131,0.013,,,1.238,1.071,0.174,0.019
PRPHA-Cluster_0_yearly_True_window_9_lags_5_sinusoidal_yes_quadratic,True,9,quadratic_lags_5_sinusoidal_yes,0.735,0.001,277.175,283.149,True,True,False,2.625,0.237,0,2.553,3.213,0.202,,,,,,,,,1.256,0.0,1.303,1.1,0.423,0.005
PRPHA-Cluster_0_yearly_False_window_10_lags_none_sinusoidal_no_quadratic,False,10,quadratic_lags_none_sinusoidal_no,0.26,0.12,381.669,385.443,False,True,False,0.351,0.259,0,1.667,1.667,0.04,,,,,,,,,,,,,,
PRPHA-Cluster_0_yearly_False_window_10_lags_1_sinusoidal_no_quadratic,False,10,quadratic_lags_1_sinusoidal_no,0.594,0.02,354.779,359.655,True,True,False,0.881,0.397,0,1.729,1.737,0.007,1.008,0.001,,,,,,,,,,,,
PRPHA-Cluster_0_yearly_False_window_10_lags_2_sinusoidal_no_quadratic,False,10,quadratic_lags_2_sinusoidal_no,0.771,0.001,328.477,333.189,True,True,False,1.063,0.752,0,1.694,1.784,0.033,,,1.09,0.0,,,,,,,,,,
PRPHA-Cluster_0_yearly_False_window_10_lags_3_sinusoidal_no_quadratic,False,10,quadratic_lags_3_sinusoidal_no,0.767,0.008,315.232,319.774,True,True,False,1.045,0.567,0,1.634,1.671,0.466,,,,,1.037,0.0,,,,,,,,
PRPHA-Cluster_0_yearly_False_window_10_lags_4_sinusoidal_no_quadratic,False,10,quadratic_lags_4_sinusoidal_no,0.781,0.163,296.303,300.668,True,True,False,1.147,0.713,0,2.024,2.039,0.194,,,,,,,1.015,0.0,,,,,,
PRPHA-Cluster_0_yearly_False_window_10_lags_5_sinusoidal_no_quadratic,False,10,quadratic_lags_5_sinusoidal_no,0.701,0.127,287.168,291.347,True,True,False,1.403,0.64,0,1.944,1.975,0.227,,,,,,,,,1.031,0.0,,,,
PRPHA-Cluster_0_yearly_False_window_10_lags_none_sinusoidal_yes_quadratic,False,10,quadratic_lags_none_sinusoidal_yes,0.348,0.059,382.353,388.644,True,True,False,0.526,0.127,0,1.979,2.446,0.015,,,,,,,,,,,1.011,1.456,0.496,0.133
PRPHA-Cluster_0_yearly_False_window_10_lags_1_sinusoidal_yes_quadratic,False,10,quadratic_lags_1_sinusoidal_yes,0.662,0.005,354.165,361.478,True,True,False,1.0,0.174,0,2.181,2.812,0.004,1.012,0.001,,,,,,,,,1.001,1.618,0.129,0.214
PRPHA-Cluster_0_yearly_False_window_10_lags_2_sinusoidal_yes_quadratic,False,10,quadratic_lags_2_sinusoidal_yes,0.788,0.001,330.698,337.766,True,True,False,0.961,0.736,0,2.29,3.317,0.094,,,1.167,0.0,,,,,,,1.004,1.854,0.256,0.89
PRPHA-Cluster_0_yearly_False_window_10_lags_3_sinusoidal_yes_quadratic,False,10,quadratic_lags_3_sinusoidal_yes,0.768,0.016,319.177,325.99,True,True,False,1.034,0.251,0,2.135,2.992,0.701,,,,,1.066,0.0,,,,,1.009,1.781,0.956,0.848
PRPHA-Cluster_0_yearly_False_window_10_lags_4_sinusoidal_yes_quadratic,False,10,quadratic_lags_4_sinusoidal_yes,0.816,0.24,296.472,303.018,False,True,False,1.307,0.708,0,2.258,2.505,0.061,,,,,,,1.018,0.0,,,1.004,1.225,0.649,0.108
PRPHA-Cluster_0_yearly_False_window_10_lags_5_sinusoidal_yes_quadratic,False,10,quadratic_lags_5_sinusoidal_yes,0.757,0.097,286.829,293.096,True,True,True,1.891,0.471,0,2.25,2.615,0.072,,,,,,,,,1.041,0.0,1.002,1.322,0.666,0.092
PRPHA-Cluster_0_yearly_True_window_10_lags_none_sinusoidal_no_quadratic,True,10,quadratic_lags_none_sinusoidal_no,0.275,0.041,369.109,372.765,False,True,False,0.356,0.204,0,1.606,1.606,0.183,,,,,,,,,,,,,,
PRPHA-Cluster_0_yearly_True_window_10_lags_1_sinusoidal_no_quadratic,True,10,quadratic_lags_1_sinusoidal_no,0.535,0.007,346.342,351.054,True,True,False,0.84,-0.044,0,1.672,1.685,0.093,1.013,0.004,,,,,,,,,,,,
PRPHA-Cluster_0_yearly_True_window_10_lags_2_sinusoidal_no_quadratic,True,10,quadratic_lags_2_sinusoidal_no,0.694,0.0,323.82,328.362,True,True,False,0.928,0.485,0,1.599,1.676,0.353,,,1.076,0.0,,,,,,,,,,
PRPHA-Cluster_0_yearly_True_window_10_lags_3_sinusoidal_no_quadratic,True,10,quadratic_lags_3_sinusoidal_no,0.678,0.005,310.76,315.124,True,True,False,0.976,0.385,0,1.56,1.588,0.938,,,,,1.028,0.0,,,,,,,,
PRPHA-Cluster_0_yearly_True_window_10_lags_4_sinusoidal_no_quadratic,True,10,quadratic_lags_4_sinusoidal_no,0.714,0.082,290.821,294.999,True,True,False,1.071,0.657,0,1.963,2.027,0.284,,,,,,,1.063,0.001,,,,,,
PRPHA-Cluster_0_yearly_True_window_10_lags_5_sinusoidal_no_quadratic,True,10,quadratic_lags_5_sinusoidal_no,0.637,0.002,273.675,277.658,True,True,True,1.723,0.293,0,1.839,1.909,0.634,,,,,,,,,1.07,0.0,,,,
PRPHA-Cluster_0_yearly_True_window_10_lags_none_sinusoidal_yes_quadratic,True,10,quadratic_lags_none_sinusoidal_yes,0.332,0.026,371.036,377.13,True,True,False,0.452,0.203,0,1.818,2.167,0.138,,,,,,,,,,,1.033,1.316,0.499,0.259
PRPHA-Cluster_0_yearly_True_window_10_lags_1_sinusoidal_yes_quadratic,True,10,quadratic_lags_1_sinusoidal_yes,0.584,0.004,347.665,354.734,True,True,False,0.886,-0.138,0,2.015,2.547,0.149,1.02,0.003,,,,,,,,,1.018,1.494,0.17,0.701
PRPHA-Cluster_0_yearly_True_window_10_lags_2_sinusoidal_yes_quadratic,True,10,quadratic_lags_2_sinusoidal_yes,0.72,0.0,325.803,332.616,True,True,False,0.874,0.341,0,1.999,2.794,0.791,,,1.127,0.0,,,,,,,1.001,1.667,0.279,0.588
PRPHA-Cluster_0_yearly_True_window_10_lags_3_sinusoidal_yes_quadratic,True,10,quadratic_lags_3_sinusoidal_yes,0.68,0.017,314.622,321.168,True,True,False,0.969,-0.049,0,1.868,2.461,0.902,,,,,1.043,0.0,,,,,1.05,1.5,0.968,0.757
PRPHA-Cluster_0_yearly_True_window_10_lags_4_sinusoidal_yes_quadratic,True,10,quadratic_lags_4_sinusoidal_yes,0.752,0.07,291.818,298.085,False,True,False,1.285,0.382,0,2.094,2.301,0.166,,,,,,,1.072,0.002,,,1.008,1.127,0.86,0.156
PRPHA-Cluster_0_yearly_True_window_10_lags_5_sinusoidal_yes_quadratic,True,10,quadratic_lags_5_sinusoidal_yes,0.76,0.0,269.342,275.316,True,True,False,2.818,0.024,0,1.979,2.227,0.94,,,,,,,,,1.081,0.0,1.015,1.152,0.392,0.02
