analysis_name,yearly_aggregate,window_size,config_type,r_squared,p_value,aic,bic,is_normal,is_homoscedastic,no_autocorrelation,durbin_watson,cv_r2_score,cv_r2_std,vif_PPT,vif_segment,p_value_segment,breakpoint,vif_ortho_PPT_lag1,p_value_lag1,vif_ortho_PPT_lag2,p_value_lag2,vif_ortho_PPT_lag3,p_value_lag3,vif_ortho_PPT_lag4,p_value_lag4,vif_ortho_PPT_lag5,p_value_lag5,vif_ortho_sin_cycle,vif_ortho_cos_cycle,p_value_sin,p_value_cos
PRPHA-Cluster_0_yearly_False_window_1_lags_none_sinusoidal_no_piecewise,False,1,piecewise_lags_none_sinusoidal_no,0.169,0.052,449.578,453.353,False,True,True,1.994,-1.261,0,5.151,5.151,0.067,539.2045,,,,,,,,,,,,,,
PRPHA-Cluster_0_yearly_False_window_1_lags_1_sinusoidal_no_piecewise,False,1,piecewise_lags_1_sinusoidal_no,0.238,0.027,430.099,434.974,True,True,True,2.315,-23.096,0,7.056,7.537,0.039,535.8034,1.482,0.486,,,,,,,,,,,,
PRPHA-Cluster_0_yearly_False_window_1_lags_2_sinusoidal_no_piecewise,False,1,piecewise_lags_2_sinusoidal_no,0.306,0.011,411.942,416.654,True,True,True,2.345,-0.788,0,9.008,9.983,0.017,532.4023,,,1.975,0.155,,,,,,,,,,
PRPHA-Cluster_0_yearly_False_window_1_lags_3_sinusoidal_no_piecewise,False,1,piecewise_lags_3_sinusoidal_no,0.253,0.03,397.481,402.023,False,True,True,2.213,-1.342,0,9.833,11.11,0.05,529.0011999999999,,,,,2.277,0.524,,,,,,,,
PRPHA-Cluster_0_yearly_False_window_1_lags_4_sinusoidal_no_piecewise,False,1,piecewise_lags_4_sinusoidal_no,0.28,0.062,380.016,384.38,False,True,True,1.989,-0.302,0,8.44,9.427,0.047,525.6001,,,,,,,1.987,0.406,,,,,,
PRPHA-Cluster_0_yearly_False_window_1_lags_5_sinusoidal_no_piecewise,False,1,piecewise_lags_5_sinusoidal_no,0.352,0.01,361.526,365.704,False,True,True,2.091,-1.145,0,9.567,10.668,0.017,522.199,,,,,,,,,2.101,0.131,,,,
PRPHA-Cluster_0_yearly_False_window_1_lags_none_sinusoidal_yes_piecewise,False,1,piecewise_lags_none_sinusoidal_yes,0.178,0.073,453.305,459.596,False,True,True,2.017,-1.142,0,5.931,6.119,0.084,539.2045,,,,,,,,,,,1.01,1.178,0.921,0.648
PRPHA-Cluster_0_yearly_False_window_1_lags_1_sinusoidal_yes_piecewise,False,1,piecewise_lags_1_sinusoidal_yes,0.239,0.036,434.074,441.388,True,True,True,2.335,-28.933,0,8.029,8.749,0.051,535.8034,1.559,0.502,,,,,,,,,1.082,1.078,0.898,0.96
PRPHA-Cluster_0_yearly_False_window_1_lags_2_sinusoidal_yes_piecewise,False,1,piecewise_lags_2_sinusoidal_yes,0.309,0.016,415.867,422.935,True,True,True,2.391,-0.985,0,9.581,10.698,0.023,532.4023,,,2.045,0.177,,,,,,,1.041,1.031,0.815,0.99
PRPHA-Cluster_0_yearly_False_window_1_lags_3_sinusoidal_yes_piecewise,False,1,piecewise_lags_3_sinusoidal_yes,0.255,0.044,401.424,408.237,False,True,True,2.189,-1.506,0,10.272,11.662,0.067,529.0011999999999,,,,,2.34,0.575,,,,,1.032,1.018,0.877,0.893
PRPHA-Cluster_0_yearly_False_window_1_lags_4_sinusoidal_yes_piecewise,False,1,piecewise_lags_4_sinusoidal_yes,0.29,0.081,383.722,390.269,False,True,True,1.998,-2.025,0,10.625,12.195,0.057,525.6001,,,,,,,2.277,0.374,,,1.006,1.287,0.885,0.663
PRPHA-Cluster_0_yearly_False_window_1_lags_5_sinusoidal_yes_piecewise,False,1,piecewise_lags_5_sinusoidal_yes,0.375,0.016,364.749,371.016,False,True,True,2.032,-1.391,0,13.109,15.078,0.022,522.199,,,,,,,,,2.556,0.255,1.001,1.412,0.545,0.691
PRPHA-Cluster_0_yearly_True_window_1_lags_none_sinusoidal_no_piecewise,True,1,piecewise_lags_none_sinusoidal_no,0.208,0.032,428.704,432.361,False,True,True,1.993,-2.205,0,5.634,5.634,0.041,535.8034,,,,,,,,,,,,,,
PRPHA-Cluster_0_yearly_True_window_1_lags_1_sinusoidal_no_piecewise,True,1,piecewise_lags_1_sinusoidal_no,0.306,0.012,407.931,412.644,True,True,True,2.405,-1.148,0,7.93,8.451,0.019,532.4023,1.521,0.36,,,,,,,,,,,,
PRPHA-Cluster_0_yearly_True_window_1_lags_2_sinusoidal_no_piecewise,True,1,piecewise_lags_2_sinusoidal_no,0.358,0.006,390.442,394.984,True,True,True,2.423,-1.059,0,10.401,11.484,0.009,529.0011999999999,,,2.082,0.167,,,,,,,,,,
PRPHA-Cluster_0_yearly_True_window_1_lags_3_sinusoidal_no_piecewise,True,1,piecewise_lags_3_sinusoidal_no,0.309,0.016,376.1,380.464,False,True,True,2.291,-1.267,0,11.082,12.42,0.026,525.6001,,,,,2.338,0.61,,,,,,,,
PRPHA-Cluster_0_yearly_True_window_1_lags_4_sinusoidal_no_piecewise,True,1,piecewise_lags_4_sinusoidal_no,0.323,0.015,359.133,363.312,False,True,True,2.186,-0.946,0,9.894,11.034,0.014,522.199,,,,,,,2.14,0.808,,,,,,
PRPHA-Cluster_0_yearly_True_window_1_lags_5_sinusoidal_no_piecewise,True,1,piecewise_lags_5_sinusoidal_no,0.306,0.024,343.478,347.461,False,True,True,2.243,-0.651,0,10.051,11.14,0.024,524.6782171717172,,,,,,,,,2.089,0.998,,,,
PRPHA-Cluster_0_yearly_True_window_1_lags_none_sinusoidal_yes_piecewise,True,1,piecewise_lags_none_sinusoidal_yes,0.216,0.048,432.469,438.563,False,True,True,2.018,-2.22,0,6.337,6.489,0.056,535.8034,,,,,,,,,,,1.015,1.137,0.881,0.684
PRPHA-Cluster_0_yearly_True_window_1_lags_1_sinusoidal_yes_piecewise,True,1,piecewise_lags_1_sinusoidal_yes,0.308,0.018,411.877,418.945,True,True,True,2.42,-1.874,0,8.939,9.681,0.027,532.4023,1.597,0.374,,,,,,,,,1.106,1.04,0.874,0.895
PRPHA-Cluster_0_yearly_True_window_1_lags_2_sinusoidal_yes_piecewise,True,1,piecewise_lags_2_sinusoidal_yes,0.359,0.009,394.394,401.207,False,True,True,2.447,-3.098,0,10.922,12.119,0.013,529.0011999999999,,,2.142,0.189,,,,,,,1.048,1.007,0.867,0.931
PRPHA-Cluster_0_yearly_True_window_1_lags_3_sinusoidal_yes_piecewise,True,1,piecewise_lags_3_sinusoidal_yes,0.311,0.024,380.024,386.57,False,True,True,2.263,-4.899,0,11.553,13.001,0.037,525.6001,,,,,2.401,0.658,,,,,1.042,1.004,0.819,0.971
PRPHA-Cluster_0_yearly_True_window_1_lags_4_sinusoidal_yes_piecewise,True,1,piecewise_lags_4_sinusoidal_yes,0.339,0.022,362.638,368.905,False,True,True,2.174,-0.973,0,11.653,13.216,0.019,522.199,,,,,,,2.365,0.954,,,1.007,1.191,0.729,0.63
PRPHA-Cluster_0_yearly_True_window_1_lags_5_sinusoidal_yes_piecewise,True,1,piecewise_lags_5_sinusoidal_yes,0.327,0.04,346.883,352.857,False,True,True,2.25,-0.966,0,13.485,15.367,0.033,524.6782171717172,,,,,,,,,2.502,0.859,1.01,1.37,0.693,0.642
PRPHA-Cluster_0_yearly_False_window_2_lags_none_sinusoidal_no_piecewise,False,2,piecewise_lags_none_sinusoidal_no,0.112,0.856,434.757,438.531,True,True,False,1.259,-0.86,0,1.614,1.614,0.361,789.3184759825757,,,,,,,,,,,,,,
PRPHA-Cluster_0_yearly_False_window_2_lags_1_sinusoidal_no_piecewise,False,2,piecewise_lags_1_sinusoidal_no,0.192,0.304,410.821,415.697,True,True,True,1.548,-12.055,0,6.165,6.423,0.394,555.5897,1.258,0.669,,,,,,,,,,,,
PRPHA-Cluster_0_yearly_False_window_2_lags_2_sinusoidal_no_piecewise,False,2,piecewise_lags_2_sinusoidal_no,0.274,0.173,393.675,398.387,True,True,True,1.514,-1.544,0,8.798,9.777,0.256,553.2046499999999,,,1.979,0.188,,,,,,,,,,
PRPHA-Cluster_0_yearly_False_window_2_lags_3_sinusoidal_no_piecewise,False,2,piecewise_lags_3_sinusoidal_no,0.222,0.248,379.935,384.477,True,True,True,1.575,-1.03,0,9.835,11.156,0.337,550.8195999999999,,,,,2.322,0.425,,,,,,,,
PRPHA-Cluster_0_yearly_False_window_2_lags_4_sinusoidal_no_piecewise,False,2,piecewise_lags_4_sinusoidal_no,0.126,0.242,365.267,369.631,True,True,False,1.463,-2.915,0,9.511,11.096,0.273,548.43455,,,,,,,2.585,0.939,,,,,,
PRPHA-Cluster_0_yearly_False_window_2_lags_5_sinusoidal_no_piecewise,False,2,piecewise_lags_5_sinusoidal_no,0.245,0.117,346.679,350.857,True,True,True,1.562,-0.228,0,10.628,12.354,0.174,546.0495,,,,,,,,,2.727,0.127,,,,
PRPHA-Cluster_0_yearly_False_window_2_lags_none_sinusoidal_yes_piecewise,False,2,piecewise_lags_none_sinusoidal_yes,0.181,0.802,436.645,442.935,True,True,False,1.472,-1.0,0,1.627,1.648,0.268,789.3184759825757,,,,,,,,,,,1.012,1.009,0.824,0.198
PRPHA-Cluster_0_yearly_False_window_2_lags_1_sinusoidal_yes_piecewise,False,2,piecewise_lags_1_sinusoidal_yes,0.206,0.319,414.377,421.69,True,True,True,1.653,-13.751,0,6.76,7.162,0.407,555.5897,1.287,0.64,,,,,,,,,1.106,1.009,0.622,0.793
PRPHA-Cluster_0_yearly_False_window_2_lags_2_sinusoidal_yes_piecewise,False,2,piecewise_lags_2_sinusoidal_yes,0.306,0.16,396.598,403.667,True,True,True,1.665,-1.714,0,9.146,10.214,0.237,553.2046499999999,,,2.023,0.16,,,,,,,1.042,1.003,0.436,0.678
PRPHA-Cluster_0_yearly_False_window_2_lags_3_sinusoidal_yes_piecewise,False,2,piecewise_lags_3_sinusoidal_yes,0.236,0.25,383.527,390.34,True,True,True,1.667,-2.216,0,10.21,11.631,0.336,550.8195999999999,,,,,2.378,0.399,,,,,1.042,1.0,0.597,0.923
PRPHA-Cluster_0_yearly_False_window_2_lags_4_sinusoidal_yes_piecewise,False,2,piecewise_lags_4_sinusoidal_yes,0.141,0.29,368.896,375.442,True,True,True,1.529,-3.128,0,12.745,15.312,0.306,548.43455,,,,,,,3.187,0.971,,,1.077,1.302,0.781,0.702
PRPHA-Cluster_0_yearly_False_window_2_lags_5_sinusoidal_yes_piecewise,False,2,piecewise_lags_5_sinusoidal_yes,0.249,0.176,350.578,356.845,True,True,True,1.588,-1.002,0,15.428,18.515,0.225,546.0495,,,,,,,,,3.588,0.281,1.042,1.456,0.994,0.793
PRPHA-Cluster_0_yearly_True_window_2_lags_none_sinusoidal_no_piecewise,True,2,piecewise_lags_none_sinusoidal_no,0.127,0.724,415.646,419.303,True,True,False,1.007,-0.856,0,1.622,1.622,0.408,790.6970898769697,,,,,,,,,,,,,,
PRPHA-Cluster_0_yearly_True_window_2_lags_1_sinusoidal_no_piecewise,True,2,piecewise_lags_1_sinusoidal_no,0.259,0.165,389.085,393.797,True,True,False,1.279,-0.832,0,6.166,6.436,0.254,568.3483167109091,1.27,0.568,,,,,,,,,,,,
PRPHA-Cluster_0_yearly_True_window_2_lags_2_sinusoidal_no_piecewise,True,2,piecewise_lags_2_sinusoidal_no,0.337,0.1,372.27,376.812,True,True,False,1.324,-0.146,0,8.716,9.779,0.192,570.5885393939392,,,2.064,0.18,,,,,,,,,,
PRPHA-Cluster_0_yearly_True_window_2_lags_3_sinusoidal_no_piecewise,True,2,piecewise_lags_3_sinusoidal_no,0.324,0.119,357.602,361.966,True,True,False,1.383,-0.852,0,9.65,11.1,0.236,570.3239136363636,,,,,2.45,0.191,,,,,,,,
PRPHA-Cluster_0_yearly_True_window_2_lags_4_sinusoidal_no_piecewise,True,2,piecewise_lags_4_sinusoidal_no,0.199,0.108,343.946,348.124,True,True,False,1.287,-1.355,0,8.526,10.174,0.148,572.0902272727272,,,,,,,2.648,0.599,,,,,,
PRPHA-Cluster_0_yearly_True_window_2_lags_5_sinusoidal_no_piecewise,True,2,piecewise_lags_5_sinusoidal_no,0.189,0.178,328.919,332.901,True,True,False,1.252,-1.118,0,11.286,13.112,0.227,553.9294136363636,,,,,,,,,2.826,0.636,,,,
PRPHA-Cluster_0_yearly_True_window_2_lags_none_sinusoidal_yes_piecewise,True,2,piecewise_lags_none_sinusoidal_yes,0.203,0.936,417.35,423.444,True,True,False,1.208,-1.003,0,1.633,1.651,0.304,790.6970898769697,,,,,,,,,,,1.014,1.004,0.711,0.188
PRPHA-Cluster_0_yearly_True_window_2_lags_1_sinusoidal_yes_piecewise,True,2,piecewise_lags_1_sinusoidal_yes,0.267,0.201,392.837,399.905,True,True,False,1.342,-1.465,0,6.827,7.26,0.296,568.3483167109091,1.305,0.548,,,,,,,,,1.128,1.0,0.703,0.864
PRPHA-Cluster_0_yearly_True_window_2_lags_2_sinusoidal_yes_piecewise,True,2,piecewise_lags_2_sinusoidal_yes,0.357,0.12,375.58,382.393,True,True,False,1.434,-0.755,0,9.399,10.646,0.221,570.5885393939392,,,2.158,0.161,,,,,,,1.052,1.036,0.52,0.782
PRPHA-Cluster_0_yearly_True_window_2_lags_3_sinusoidal_yes_piecewise,True,2,piecewise_lags_3_sinusoidal_yes,0.332,0.152,361.331,367.877,True,True,False,1.445,-1.075,0,10.263,11.887,0.28,570.3239136363636,,,,,2.553,0.195,,,,,1.053,1.018,0.676,0.904
PRPHA-Cluster_0_yearly_True_window_2_lags_4_sinusoidal_yes_piecewise,True,2,piecewise_lags_4_sinusoidal_yes,0.201,0.168,347.894,354.161,True,True,False,1.293,-3.846,0,10.25,12.506,0.199,572.0902272727272,,,,,,,3.026,0.706,,,1.061,1.169,0.962,0.86
PRPHA-Cluster_0_yearly_True_window_2_lags_5_sinusoidal_yes_piecewise,True,2,piecewise_lags_5_sinusoidal_yes,0.199,0.305,332.666,338.64,True,True,False,1.255,-1.539,0,16.213,19.392,0.324,553.9294136363636,,,,,,,,,3.7,0.905,1.027,1.452,0.855,0.694
PRPHA-Cluster_0_yearly_False_window_3_lags_none_sinusoidal_no_piecewise,False,3,piecewise_lags_none_sinusoidal_no,0.056,0.295,414.204,417.978,True,True,False,0.666,-0.352,0,4.153,4.153,0.274,607.4310759848485,,,,,,,,,,,,,,
PRPHA-Cluster_0_yearly_False_window_3_lags_1_sinusoidal_no_piecewise,False,3,piecewise_lags_1_sinusoidal_no,0.082,0.329,394.038,398.913,True,False,False,0.717,-0.195,0,4.362,4.482,0.282,606.8270848484848,1.119,0.794,,,,,,,,,,,,
PRPHA-Cluster_0_yearly_False_window_3_lags_2_sinusoidal_no_piecewise,False,3,piecewise_lags_2_sinusoidal_no,0.105,0.291,379.512,384.224,True,False,False,0.708,-0.064,0,5.602,6.323,0.239,605.8282698333334,,,1.721,0.84,,,,,,,,,,
PRPHA-Cluster_0_yearly_False_window_3_lags_3_sinusoidal_no_piecewise,False,3,piecewise_lags_3_sinusoidal_no,0.073,0.39,365.276,369.818,True,False,False,0.663,-0.288,0,7.831,9.346,0.314,606.5974829629629,,,,,2.515,0.567,,,,,,,,
PRPHA-Cluster_0_yearly_False_window_3_lags_4_sinusoidal_no_piecewise,False,3,piecewise_lags_4_sinusoidal_no,0.107,0.219,348.146,352.51,True,True,False,0.68,-0.568,0,8.063,10.345,0.181,608.296964848485,,,,,,,3.282,0.527,,,,,,
PRPHA-Cluster_0_yearly_False_window_3_lags_5_sinusoidal_no_piecewise,False,3,piecewise_lags_5_sinusoidal_no,0.148,0.319,331.681,335.859,True,True,False,0.777,-0.748,0,8.519,10.533,0.209,607.7030606060606,,,,,,,,,3.015,0.27,,,,
PRPHA-Cluster_0_yearly_False_window_3_lags_none_sinusoidal_yes_piecewise,False,3,piecewise_lags_none_sinusoidal_yes,0.189,0.152,414.273,420.564,True,True,False,0.781,-1.244,0,4.65,4.807,0.15,607.4310759848485,,,,,,,,,,,1.002,1.156,0.209,0.207
PRPHA-Cluster_0_yearly_False_window_3_lags_1_sinusoidal_yes_piecewise,False,3,piecewise_lags_1_sinusoidal_yes,0.251,0.272,392.935,400.248,True,True,False,0.981,-0.187,0,4.718,4.956,0.221,606.8270848484848,1.132,0.772,,,,,,,,,1.04,1.066,0.083,0.426
PRPHA-Cluster_0_yearly_False_window_3_lags_2_sinusoidal_yes_piecewise,False,3,piecewise_lags_2_sinusoidal_yes,0.241,0.246,379.534,386.602,True,True,False,0.89,-0.358,0,5.795,6.589,0.189,605.8282698333334,,,1.751,0.701,,,,,,,1.039,1.003,0.108,0.581
PRPHA-Cluster_0_yearly_False_window_3_lags_3_sinusoidal_yes_piecewise,False,3,piecewise_lags_3_sinusoidal_yes,0.191,0.341,366.158,372.971,True,True,False,0.783,-1.178,0,8.621,10.426,0.246,606.5974829629629,,,,,2.69,0.445,,,,,1.048,1.068,0.136,0.928
PRPHA-Cluster_0_yearly_False_window_3_lags_4_sinusoidal_yes_piecewise,False,3,piecewise_lags_4_sinusoidal_yes,0.226,0.147,349.006,355.553,True,True,False,0.887,-0.641,0,10.704,14.214,0.129,608.296964848485,,,,,,,4.136,0.85,,,1.009,1.365,0.227,0.402
PRPHA-Cluster_0_yearly_False_window_3_lags_5_sinusoidal_yes_piecewise,False,3,piecewise_lags_5_sinusoidal_yes,0.211,0.261,334.068,340.336,True,True,False,0.894,-1.132,0,12.97,16.77,0.183,607.7030606060606,,,,,,,,,4.207,0.608,1.004,1.588,0.332,0.62
PRPHA-Cluster_0_yearly_True_window_3_lags_none_sinusoidal_no_piecewise,True,3,piecewise_lags_none_sinusoidal_no,0.117,0.239,394.722,398.378,True,True,False,0.67,-0.42,0,2.157,2.157,0.59,724.8539282222223,,,,,,,,,,,,,,
PRPHA-Cluster_0_yearly_True_window_3_lags_1_sinusoidal_no_piecewise,True,3,piecewise_lags_1_sinusoidal_no,0.256,0.047,371.814,376.527,True,False,False,0.801,-0.008,0,2.153,2.277,0.291,737.9126333333334,1.124,0.481,,,,,,,,,,,,
PRPHA-Cluster_0_yearly_True_window_3_lags_2_sinusoidal_no_piecewise,True,3,piecewise_lags_2_sinusoidal_no,0.289,0.049,357.221,361.763,True,False,False,0.782,0.04,0,2.416,3.001,0.42,727.9087843232323,,,1.585,0.31,,,,,,,,,,
PRPHA-Cluster_0_yearly_True_window_3_lags_3_sinusoidal_no_piecewise,True,3,piecewise_lags_3_sinusoidal_no,0.349,0.007,340.226,344.59,True,True,False,0.859,0.203,0,1.581,2.233,0.243,810.8964207407408,,,,,1.653,0.132,,,,,,,,
PRPHA-Cluster_0_yearly_True_window_3_lags_4_sinusoidal_no_piecewise,True,3,piecewise_lags_4_sinusoidal_no,0.18,0.073,328.424,332.602,True,True,False,0.649,-0.986,0,1.604,2.139,0.492,810.0703333333335,,,,,,,1.535,0.196,,,,,,
PRPHA-Cluster_0_yearly_True_window_3_lags_5_sinusoidal_no_piecewise,True,3,piecewise_lags_5_sinusoidal_no,0.375,0.008,307.073,311.056,True,True,False,1.226,0.133,0,1.614,2.108,0.218,809.3558777777779,,,,,,,,,1.494,0.076,,,,
PRPHA-Cluster_0_yearly_True_window_3_lags_none_sinusoidal_yes_piecewise,True,3,piecewise_lags_none_sinusoidal_yes,0.271,0.577,393.907,400.001,True,True,False,0.681,-0.862,0,2.183,2.204,0.905,724.8539282222223,,,,,,,,,,,1.0,1.021,0.185,0.162
PRPHA-Cluster_0_yearly_True_window_3_lags_1_sinusoidal_yes_piecewise,True,3,piecewise_lags_1_sinusoidal_yes,0.505,0.076,366.023,373.092,True,True,False,1.139,0.266,0,2.188,2.347,0.473,737.9126333333334,1.128,0.339,,,,,,,,,1.021,1.009,0.017,0.268
PRPHA-Cluster_0_yearly_True_window_3_lags_2_sinusoidal_yes_piecewise,True,3,piecewise_lags_2_sinusoidal_yes,0.516,0.063,352.394,359.207,True,True,False,1.092,0.273,0,2.608,3.408,0.685,727.9087843232323,,,1.665,0.13,,,,,,,1.013,1.122,0.024,0.277
PRPHA-Cluster_0_yearly_True_window_3_lags_3_sinusoidal_yes_piecewise,True,3,piecewise_lags_3_sinusoidal_yes,0.537,0.002,336.728,343.274,True,True,False,1.087,0.275,0,1.581,2.235,0.168,810.8964207407408,,,,,1.653,0.067,,,,,1.0,1.001,0.032,0.4
PRPHA-Cluster_0_yearly_True_window_3_lags_4_sinusoidal_yes_piecewise,True,3,piecewise_lags_4_sinusoidal_yes,0.346,0.224,327.668,333.935,True,True,False,0.824,-1.026,0,1.618,2.191,0.428,810.0703333333335,,,,,,,1.548,0.424,,,1.02,1.004,0.124,0.366
PRPHA-Cluster_0_yearly_True_window_3_lags_5_sinusoidal_yes_piecewise,True,3,piecewise_lags_5_sinusoidal_yes,0.436,0.088,309.022,314.996,True,True,False,1.275,-1.554,0,1.646,2.218,0.213,809.3558777777779,,,,,,,,,1.52,0.291,1.03,1.022,0.253,0.701
PRPHA-Cluster_0_yearly_False_window_4_lags_none_sinusoidal_no_piecewise,False,4,piecewise_lags_none_sinusoidal_no,0.042,0.325,407.635,411.409,True,True,False,0.891,-0.24,0,1.181,1.181,0.627,838.9320787856061,,,,,,,,,,,,,,
PRPHA-Cluster_0_yearly_False_window_4_lags_1_sinusoidal_no_piecewise,False,4,piecewise_lags_1_sinusoidal_no,0.147,0.17,385.637,390.513,True,True,False,1.082,0.11,0,2.018,2.194,0.554,756.9816794727274,1.177,0.824,,,,,,,,,,,,
PRPHA-Cluster_0_yearly_False_window_4_lags_2_sinusoidal_no_piecewise,False,4,piecewise_lags_2_sinusoidal_no,0.192,0.632,370.988,375.7,True,False,False,0.969,0.018,0,6.319,6.976,0.692,591.847725,,,1.657,0.533,,,,,,,,,,
PRPHA-Cluster_0_yearly_False_window_4_lags_3_sinusoidal_no_piecewise,False,4,piecewise_lags_3_sinusoidal_no,0.191,0.052,356.906,361.448,False,True,False,1.135,-0.164,0,2.621,4.025,0.307,756.6769095959596,,,,,2.404,0.486,,,,,,,,
PRPHA-Cluster_0_yearly_False_window_4_lags_4_sinusoidal_no_piecewise,False,4,piecewise_lags_4_sinusoidal_no,0.073,0.308,342.592,346.956,True,True,False,1.086,-2.141,0,1.139,1.372,0.663,826.3300300000001,,,,,,,1.233,0.312,,,,,,
PRPHA-Cluster_0_yearly_False_window_4_lags_5_sinusoidal_no_piecewise,False,4,piecewise_lags_5_sinusoidal_no,0.297,0.051,321.449,325.627,True,True,False,1.374,-0.096,0,3.648,6.462,0.97,739.4640454545455,,,,,,,,,3.814,0.045,,,,
PRPHA-Cluster_0_yearly_False_window_4_lags_none_sinusoidal_yes_piecewise,False,4,piecewise_lags_none_sinusoidal_yes,0.221,0.553,406.253,412.544,True,True,False,1.006,-0.734,0,1.185,1.205,0.748,838.9320787856061,,,,,,,,,,,1.016,1.004,0.282,0.085
PRPHA-Cluster_0_yearly_False_window_4_lags_1_sinusoidal_yes_piecewise,False,4,piecewise_lags_1_sinusoidal_yes,0.369,0.682,382.106,389.419,True,False,False,1.445,-0.306,0,2.148,2.476,0.637,756.9816794727274,1.199,0.598,,,,,,,,,1.02,1.108,0.075,0.127
PRPHA-Cluster_0_yearly_False_window_4_lags_2_sinusoidal_yes_piecewise,False,4,piecewise_lags_2_sinusoidal_yes,0.41,0.688,367.435,374.503,True,True,False,1.413,0.042,0,6.49,7.2,0.62,591.847725,,,1.678,0.277,,,,,,,1.023,1.009,0.06,0.109
PRPHA-Cluster_0_yearly_False_window_4_lags_3_sinusoidal_yes_piecewise,False,4,piecewise_lags_3_sinusoidal_yes,0.307,0.217,357.341,364.153,True,True,False,1.122,-1.168,0,3.123,5.271,0.98,756.6769095959596,,,,,2.838,0.229,,,,,1.191,1.119,0.134,0.399
PRPHA-Cluster_0_yearly_False_window_4_lags_4_sinusoidal_yes_piecewise,False,4,piecewise_lags_4_sinusoidal_yes,0.286,0.748,340.849,347.395,True,True,False,1.326,-4.496,0,1.148,1.457,0.893,826.3300300000001,,,,,,,1.247,0.573,,,1.046,1.016,0.26,0.108
PRPHA-Cluster_0_yearly_False_window_4_lags_5_sinusoidal_yes_piecewise,False,4,piecewise_lags_5_sinusoidal_yes,0.456,0.608,320.064,326.331,True,True,True,1.526,-0.327,0,3.727,6.656,0.378,739.4640454545455,,,,,,,,,3.899,0.078,1.028,1.002,0.276,0.118
PRPHA-Cluster_0_yearly_True_window_4_lags_none_sinusoidal_no_piecewise,True,4,piecewise_lags_none_sinusoidal_no,0.08,0.183,390.226,393.882,True,True,False,0.596,-1.074,0,1.193,1.193,0.531,837.4437934736363,,,,,,,,,,,,,,
PRPHA-Cluster_0_yearly_True_window_4_lags_1_sinusoidal_no_piecewise,True,4,piecewise_lags_1_sinusoidal_no,0.259,0.057,366.062,370.774,True,True,False,0.714,-0.142,0,2.092,2.269,0.363,754.8657860940151,1.176,0.408,,,,,,,,,,,,
PRPHA-Cluster_0_yearly_True_window_4_lags_2_sinusoidal_no_piecewise,True,4,piecewise_lags_2_sinusoidal_no,0.293,0.701,351.878,356.42,True,False,False,0.548,-860.206,0,6.211,6.916,0.55,604.6943,,,1.705,0.313,,,,,,,,,,
PRPHA-Cluster_0_yearly_True_window_4_lags_3_sinusoidal_no_piecewise,True,4,piecewise_lags_3_sinusoidal_no,0.313,0.012,337.277,341.641,True,True,False,0.929,-0.228,0,2.757,4.249,0.193,756.9156269191919,,,,,2.492,0.289,,,,,,,,
PRPHA-Cluster_0_yearly_True_window_4_lags_4_sinusoidal_no_piecewise,True,4,piecewise_lags_4_sinusoidal_no,0.393,0.05,317.233,321.411,True,True,False,0.599,0.088,0,13.127,17.156,0.021,602.6915,,,,,,,5.029,0.011,,,,,,
PRPHA-Cluster_0_yearly_True_window_4_lags_5_sinusoidal_no_piecewise,True,4,piecewise_lags_5_sinusoidal_no,0.461,0.007,299.81,303.793,True,True,False,1.399,-0.147,0,4.01,7.13,0.877,739.903867929293,,,,,,,,,4.12,0.013,,,,
PRPHA-Cluster_0_yearly_True_window_4_lags_none_sinusoidal_yes_piecewise,True,4,piecewise_lags_none_sinusoidal_yes,0.232,0.303,389.686,395.78,True,True,False,0.681,-3.304,0,1.197,1.218,0.664,837.4437934736363,,,,,,,,,,,1.014,1.007,0.436,0.092
PRPHA-Cluster_0_yearly_True_window_4_lags_1_sinusoidal_yes_piecewise,True,4,piecewise_lags_1_sinusoidal_yes,0.469,0.233,362.063,369.132,True,True,False,0.902,0.134,0,2.274,2.647,0.947,754.8657860940151,1.206,0.22,,,,,,,,,1.025,1.142,0.073,0.107
PRPHA-Cluster_0_yearly_True_window_4_lags_2_sinusoidal_yes_piecewise,True,4,piecewise_lags_2_sinusoidal_yes,0.56,0.223,344.996,351.809,True,True,False,0.818,-2833.64,0,6.68,7.538,0.132,604.6943,,,1.768,0.1,,,,,,,1.036,1.054,0.054,0.019
PRPHA-Cluster_0_yearly_True_window_4_lags_3_sinusoidal_yes_piecewise,True,4,piecewise_lags_3_sinusoidal_yes,0.381,0.048,338.987,345.533,True,True,False,0.9,-1.045,0,3.352,5.688,0.689,756.9156269191919,,,,,2.997,0.16,,,,,1.171,1.167,0.263,0.428
PRPHA-Cluster_0_yearly_True_window_4_lags_4_sinusoidal_yes_piecewise,True,4,piecewise_lags_4_sinusoidal_yes,0.603,0.011,312.285,318.552,False,True,False,1.115,0.031,0,17.704,23.632,0.005,602.6915,,,,,,,6.55,0.023,,,1.12,1.257,0.149,0.048
PRPHA-Cluster_0_yearly_True_window_4_lags_5_sinusoidal_yes_piecewise,True,4,piecewise_lags_5_sinusoidal_yes,0.539,0.141,300.671,306.645,True,True,False,1.381,-0.601,0,4.081,7.297,0.674,739.903867929293,,,,,,,,,4.193,0.03,1.023,1.001,0.474,0.229
PRPHA-Cluster_0_yearly_False_window_5_lags_none_sinusoidal_no_piecewise,False,5,piecewise_lags_none_sinusoidal_no,0.16,0.22,394.526,398.301,True,True,False,0.764,-0.162,0,4.725,4.725,0.173,612.7015000000001,,,,,,,,,,,,,,
PRPHA-Cluster_0_yearly_False_window_5_lags_1_sinusoidal_no_piecewise,False,5,piecewise_lags_1_sinusoidal_no,0.312,0.136,378.061,382.937,True,True,False,0.772,-0.692,0,4.796,4.872,0.091,609.7627200000001,1.076,0.341,,,,,,,,,,,,
PRPHA-Cluster_0_yearly_False_window_5_lags_2_sinusoidal_no_piecewise,False,5,piecewise_lags_2_sinusoidal_no,0.345,0.119,362.94,367.652,True,True,False,0.679,0.102,0,5.76,6.057,0.074,606.8239399999999,,,1.296,0.144,,,,,,,,,,
PRPHA-Cluster_0_yearly_False_window_5_lags_3_sinusoidal_no_piecewise,False,5,piecewise_lags_3_sinusoidal_no,0.279,0.122,351.792,356.334,True,False,False,0.707,-0.451,0,7.726,8.561,0.08,603.8851599999999,,,,,1.835,0.082,,,,,,,,
PRPHA-Cluster_0_yearly_False_window_5_lags_4_sinusoidal_no_piecewise,False,5,piecewise_lags_4_sinusoidal_no,0.224,0.085,335.061,339.425,True,True,False,0.831,-10.298,0,11.421,13.667,0.063,600.9463800000001,,,,,,,3.246,0.096,,,,,,
PRPHA-Cluster_0_yearly_False_window_5_lags_5_sinusoidal_no_piecewise,False,5,piecewise_lags_5_sinusoidal_no,0.552,0.037,308.12,312.298,True,True,False,1.035,0.141,0,11.778,13.807,0.015,598.0075999999999,,,,,,,,,3.029,0.002,,,,
PRPHA-Cluster_0_yearly_False_window_5_lags_none_sinusoidal_yes_piecewise,False,5,piecewise_lags_none_sinusoidal_yes,0.379,0.065,390.672,396.963,True,True,False,0.807,-0.229,0,4.922,4.975,0.052,612.7015000000001,,,,,,,,,,,1.007,1.046,0.037,0.117
PRPHA-Cluster_0_yearly_False_window_5_lags_1_sinusoidal_yes_piecewise,False,5,piecewise_lags_1_sinusoidal_yes,0.604,0.022,368.265,375.578,True,True,False,1.4,0.192,0,4.967,5.092,0.013,609.7627200000001,1.08,0.301,,,,,,,,,1.0,1.045,0.004,0.082
PRPHA-Cluster_0_yearly_False_window_5_lags_2_sinusoidal_yes_piecewise,False,5,piecewise_lags_2_sinusoidal_yes,0.65,0.012,351.901,358.97,True,True,False,0.967,-0.034,0,5.941,6.286,0.006,606.8239399999999,,,1.307,0.089,,,,,,,1.004,1.034,0.005,0.035
PRPHA-Cluster_0_yearly_False_window_5_lags_3_sinusoidal_yes_piecewise,False,5,piecewise_lags_3_sinusoidal_yes,0.494,0.033,347.643,354.456,True,True,False,0.978,-0.352,0,8.373,9.385,0.02,603.8851599999999,,,,,1.916,0.057,,,,,1.01,1.086,0.025,0.287
PRPHA-Cluster_0_yearly_False_window_5_lags_4_sinusoidal_yes_piecewise,False,5,piecewise_lags_4_sinusoidal_yes,0.507,0.014,329.07,335.617,False,True,False,1.246,-2.007,0,13.809,16.798,0.011,600.9463800000001,,,,,,,3.761,0.113,,,1.003,1.226,0.022,0.119
PRPHA-Cluster_0_yearly_False_window_5_lags_5_sinusoidal_yes_piecewise,False,5,piecewise_lags_5_sinusoidal_yes,0.689,0.009,304.425,310.692,True,True,False,1.377,-1.596,0,15.988,19.2,0.004,598.0075999999999,,,,,,,,,3.821,0.01,1.002,1.388,0.05,0.143
PRPHA-Cluster_0_yearly_True_window_5_lags_none_sinusoidal_no_piecewise,True,5,piecewise_lags_none_sinusoidal_no,0.36,0.002,375.412,379.068,True,True,False,0.726,-0.262,0,1.462,1.462,0.048,796.0795616878115,,,,,,,,,,,,,,
PRPHA-Cluster_0_yearly_True_window_5_lags_1_sinusoidal_no_piecewise,True,5,piecewise_lags_1_sinusoidal_no,0.415,0.005,362.261,366.974,True,True,False,0.644,-0.823,0,1.454,1.527,0.318,782.7478007407408,1.074,0.349,,,,,,,,,,,,
PRPHA-Cluster_0_yearly_True_window_5_lags_2_sinusoidal_no_piecewise,True,5,piecewise_lags_2_sinusoidal_no,0.475,0.001,345.733,350.275,True,True,False,0.555,0.204,0,1.395,1.517,0.2,797.4680072727273,,,1.122,0.077,,,,,,,,,,
PRPHA-Cluster_0_yearly_True_window_5_lags_3_sinusoidal_no_piecewise,True,5,piecewise_lags_3_sinusoidal_no,0.424,0.002,334.361,338.725,True,True,False,0.749,0.144,0,1.578,2.433,0.209,775.310494949495,,,,,1.855,0.113,,,,,,,,
PRPHA-Cluster_0_yearly_True_window_5_lags_4_sinusoidal_no_piecewise,True,5,piecewise_lags_4_sinusoidal_no,0.303,0.138,320.059,324.237,True,True,False,0.868,-0.072,0,8.345,13.741,0.738,665.1557818181818,,,,,,,6.396,0.194,,,,,,
PRPHA-Cluster_0_yearly_True_window_5_lags_5_sinusoidal_no_piecewise,True,5,piecewise_lags_5_sinusoidal_no,0.715,0.0,286.556,290.539,True,True,False,1.469,0.524,0,4.673,7.928,0.847,707.5642084848486,,,,,,,,,4.254,0.0,,,,
PRPHA-Cluster_0_yearly_True_window_5_lags_none_sinusoidal_yes_piecewise,True,5,piecewise_lags_none_sinusoidal_yes,0.451,0.015,375.588,381.683,True,True,False,0.72,-0.785,0,1.475,1.504,0.155,796.0795616878115,,,,,,,,,,,1.0,1.029,0.109,0.436
PRPHA-Cluster_0_yearly_True_window_5_lags_1_sinusoidal_yes_piecewise,True,5,piecewise_lags_1_sinusoidal_yes,0.594,0.025,357.47,364.538,True,True,False,1.242,0.166,0,1.476,1.601,0.816,782.7478007407408,1.077,0.283,,,,,,,,,1.006,1.043,0.019,0.224
PRPHA-Cluster_0_yearly_True_window_5_lags_2_sinusoidal_yes_piecewise,True,5,piecewise_lags_2_sinusoidal_yes,0.685,0.001,337.962,344.775,True,True,False,0.644,0.043,0,1.409,1.571,0.434,797.4680072727273,,,1.126,0.036,,,,,,,1.016,1.02,0.016,0.052
PRPHA-Cluster_0_yearly_True_window_5_lags_3_sinusoidal_yes_piecewise,True,5,piecewise_lags_3_sinusoidal_yes,0.513,0.013,334.672,341.218,True,True,False,0.885,-0.392,0,1.838,3.527,0.984,775.310494949495,,,,,2.24,0.056,,,,,1.416,1.033,0.148,0.324
PRPHA-Cluster_0_yearly_True_window_5_lags_4_sinusoidal_yes_piecewise,True,5,piecewise_lags_4_sinusoidal_yes,0.482,0.587,317.826,324.093,True,True,False,1.281,-0.292,0,8.975,14.92,0.636,665.1557818181818,,,,,,,6.86,0.118,,,1.029,1.057,0.089,0.158
PRPHA-Cluster_0_yearly_True_window_5_lags_5_sinusoidal_yes_piecewise,True,5,piecewise_lags_5_sinusoidal_yes,0.788,0.012,284.692,290.666,True,True,True,1.87,0.229,0,5.012,8.658,0.35,707.5642084848486,,,,,,,,,4.554,0.0,1.04,1.052,0.105,0.158
PRPHA-Cluster_0_yearly_False_window_6_lags_none_sinusoidal_no_piecewise,False,6,piecewise_lags_none_sinusoidal_no,0.115,0.097,386.418,390.192,True,True,False,0.52,0.056,0,1.128,1.128,0.353,824.9274988188552,,,,,,,,,,,,,,
PRPHA-Cluster_0_yearly_False_window_6_lags_1_sinusoidal_no_piecewise,False,6,piecewise_lags_1_sinusoidal_no,0.293,0.834,369.617,374.492,True,True,False,0.501,-0.051,0,4.616,4.711,0.623,622.8946333333333,1.095,0.14,,,,,,,,,,,,
PRPHA-Cluster_0_yearly_False_window_6_lags_2_sinusoidal_no_piecewise,False,6,piecewise_lags_2_sinusoidal_no,0.301,0.244,356.65,361.362,True,False,False,0.531,0.05,0,1.559,1.665,0.509,759.0389938058922,,,1.106,0.103,,,,,,,,,,
PRPHA-Cluster_0_yearly_False_window_6_lags_3_sinusoidal_no_piecewise,False,6,piecewise_lags_3_sinusoidal_no,0.268,0.033,345.66,350.202,True,True,False,0.512,-0.002,0,1.377,2.168,0.565,767.844389063973,,,,,1.791,0.109,,,,,,,,
PRPHA-Cluster_0_yearly_False_window_6_lags_4_sinusoidal_no_piecewise,False,6,piecewise_lags_4_sinusoidal_no,0.228,0.343,326.827,331.191,True,True,False,0.714,0.058,0,5.112,7.812,0.816,665.374248969697,,,,,,,3.7,0.128,,,,,,
PRPHA-Cluster_0_yearly_False_window_6_lags_5_sinusoidal_no_piecewise,False,6,piecewise_lags_5_sinusoidal_no,0.576,0.079,298.725,302.903,True,True,False,0.974,0.322,0,4.364,6.546,0.45,679.7060134680135,,,,,,,,,3.182,0.0,,,,
PRPHA-Cluster_0_yearly_False_window_6_lags_none_sinusoidal_yes_piecewise,False,6,piecewise_lags_none_sinusoidal_yes,0.233,0.191,386.709,392.999,True,True,False,0.498,0.059,0,1.144,1.271,0.545,824.9274988188552,,,,,,,,,,,1.041,1.086,0.232,0.231
PRPHA-Cluster_0_yearly_False_window_6_lags_1_sinusoidal_yes_piecewise,False,6,piecewise_lags_1_sinusoidal_yes,0.476,0.352,366.159,373.473,True,False,False,0.76,0.196,0,4.632,4.732,0.234,622.8946333333333,1.095,0.125,,,,,,,,,1.002,1.002,0.088,0.078
PRPHA-Cluster_0_yearly_False_window_6_lags_2_sinusoidal_yes_piecewise,False,6,piecewise_lags_2_sinusoidal_yes,0.495,0.663,352.824,359.893,True,False,False,0.778,0.046,0,1.582,1.731,0.162,759.0389938058922,,,1.11,0.093,,,,,,,1.007,1.033,0.2,0.04
PRPHA-Cluster_0_yearly_False_window_6_lags_3_sinusoidal_yes_piecewise,False,6,piecewise_lags_3_sinusoidal_yes,0.403,0.181,344.963,351.776,True,True,False,0.7,-0.9,0,1.559,3.218,0.52,767.844389063973,,,,,2.175,0.043,,,,,1.412,1.073,0.22,0.103
PRPHA-Cluster_0_yearly_False_window_6_lags_4_sinusoidal_yes_piecewise,False,6,piecewise_lags_4_sinusoidal_yes,0.544,0.446,319.24,325.787,True,True,False,1.318,0.256,0,5.261,8.094,0.162,665.374248969697,,,,,,,3.797,0.016,,,1.034,1.002,0.241,0.006
PRPHA-Cluster_0_yearly_False_window_6_lags_5_sinusoidal_yes_piecewise,False,6,piecewise_lags_5_sinusoidal_yes,0.778,0.705,289.169,295.436,True,True,True,1.785,0.283,0,4.544,6.897,0.054,679.7060134680135,,,,,,,,,3.299,0.0,1.031,1.022,0.377,0.003
PRPHA-Cluster_0_yearly_True_window_6_lags_none_sinusoidal_no_piecewise,True,6,piecewise_lags_none_sinusoidal_no,0.204,0.033,374.976,378.633,True,True,False,0.494,-0.104,0,1.336,1.336,0.231,790.3208670987206,,,,,,,,,,,,,,
PRPHA-Cluster_0_yearly_True_window_6_lags_1_sinusoidal_no_piecewise,True,6,piecewise_lags_1_sinusoidal_no,0.419,0.197,356.398,361.11,True,True,False,0.531,0.305,0,3.089,3.201,0.519,664.9202855597642,1.112,0.058,,,,,,,,,,,,
PRPHA-Cluster_0_yearly_True_window_6_lags_2_sinusoidal_no_piecewise,True,6,piecewise_lags_2_sinusoidal_no,0.418,0.242,343.4,347.942,True,True,False,0.49,0.206,0,3.392,3.613,0.675,664.3533428922559,,,1.222,0.046,,,,,,,,,,
PRPHA-Cluster_0_yearly_True_window_6_lags_3_sinusoidal_no_piecewise,True,6,piecewise_lags_3_sinusoidal_no,0.423,0.005,330.742,335.106,True,True,False,0.567,0.113,0,1.397,2.237,0.585,768.0627112592592,,,,,1.839,0.025,,,,,,,,
PRPHA-Cluster_0_yearly_True_window_6_lags_4_sinusoidal_no_piecewise,True,6,piecewise_lags_4_sinusoidal_no,0.385,0.167,312.799,316.977,True,True,False,0.797,-3.825,0,5.9,9.026,0.751,665.2943535353535,,,,,,,4.126,0.027,,,,,,
PRPHA-Cluster_0_yearly_True_window_6_lags_5_sinusoidal_no_piecewise,True,6,piecewise_lags_5_sinusoidal_no,0.686,0.004,283.851,287.834,True,True,True,1.602,0.355,0,4.771,7.153,0.749,680.226503030303,,,,,,,,,3.382,0.0,,,,
PRPHA-Cluster_0_yearly_True_window_6_lags_none_sinusoidal_yes_piecewise,True,6,piecewise_lags_none_sinusoidal_yes,0.277,0.079,376.552,382.646,True,True,False,0.479,-0.486,0,1.375,1.49,0.449,790.3208670987206,,,,,,,,,,,1.025,1.09,0.405,0.287
PRPHA-Cluster_0_yearly_True_window_6_lags_1_sinusoidal_yes_piecewise,True,6,piecewise_lags_1_sinusoidal_yes,0.54,0.504,354.781,361.849,True,True,False,0.764,0.248,0,3.12,3.248,0.979,664.9202855597642,1.113,0.045,,,,,,,,,1.002,1.012,0.173,0.129
PRPHA-Cluster_0_yearly_True_window_6_lags_2_sinusoidal_yes_piecewise,True,6,piecewise_lags_2_sinusoidal_yes,0.549,0.726,341.547,348.36,True,False,False,0.609,-0.597,0,3.423,3.66,0.691,664.3533428922559,,,1.225,0.032,,,,,,,1.002,1.011,0.336,0.068
PRPHA-Cluster_0_yearly_True_window_6_lags_3_sinusoidal_yes_piecewise,True,6,piecewise_lags_3_sinusoidal_yes,0.529,0.022,330.282,336.828,True,False,False,0.808,0.1,0,1.578,3.256,0.639,768.0627112592592,,,,,2.222,0.012,,,,,1.378,1.078,0.366,0.091
PRPHA-Cluster_0_yearly_True_window_6_lags_4_sinusoidal_yes_piecewise,True,6,piecewise_lags_4_sinusoidal_yes,0.637,0.9,305.728,311.995,True,True,False,1.331,-2.156,0,6.122,9.435,0.213,665.2943535353535,,,,,,,4.268,0.002,,,1.038,1.008,0.383,0.006
PRPHA-Cluster_0_yearly_True_window_6_lags_5_sinusoidal_yes_piecewise,True,6,piecewise_lags_5_sinusoidal_yes,0.781,0.039,280.674,286.648,True,True,True,2.154,-0.86,0,4.965,7.52,0.687,680.226503030303,,,,,,,,,3.504,0.0,1.034,1.017,0.855,0.028
PRPHA-Cluster_0_yearly_False_window_7_lags_none_sinusoidal_no_piecewise,False,7,piecewise_lags_none_sinusoidal_no,0.128,0.233,389.609,393.383,False,True,False,0.657,-0.065,0,3.669,3.669,0.325,648.0087938113996,,,,,,,,,,,,,,
PRPHA-Cluster_0_yearly_False_window_7_lags_1_sinusoidal_no_piecewise,False,7,piecewise_lags_1_sinusoidal_no,0.283,0.702,373.565,378.441,True,True,False,0.942,0.089,0,1.487,1.49,0.271,750.631718625647,1.002,0.116,,,,,,,,,,,,
PRPHA-Cluster_0_yearly_False_window_7_lags_2_sinusoidal_no_piecewise,False,7,piecewise_lags_2_sinusoidal_no,0.395,0.714,357.119,361.831,True,True,False,1.032,0.062,0,1.514,1.614,0.057,751.3458007214285,,,1.1,0.027,,,,,,,,,,
PRPHA-Cluster_0_yearly_False_window_7_lags_3_sinusoidal_no_piecewise,False,7,piecewise_lags_3_sinusoidal_no,0.359,0.276,344.659,349.201,True,True,False,0.694,-0.06,0,4.792,5.244,0.579,649.4104469559596,,,,,1.452,0.012,,,,,,,,
PRPHA-Cluster_0_yearly_False_window_7_lags_4_sinusoidal_no_piecewise,False,7,piecewise_lags_4_sinusoidal_no,0.397,0.146,325.196,329.561,False,True,False,1.03,0.251,0,5.861,7.668,0.417,651.8546879826839,,,,,,,2.807,0.021,,,,,,
PRPHA-Cluster_0_yearly_False_window_7_lags_5_sinusoidal_no_piecewise,False,7,piecewise_lags_5_sinusoidal_no,0.57,0.056,301.46,305.638,True,True,True,1.745,-0.425,0,6.817,8.719,0.441,649.2153603463203,,,,,,,,,2.902,0.001,,,,
PRPHA-Cluster_0_yearly_False_window_7_lags_none_sinusoidal_yes_piecewise,False,7,piecewise_lags_none_sinusoidal_yes,0.152,0.441,392.882,399.173,False,False,False,0.625,-0.189,0,3.757,3.79,0.554,648.0087938113996,,,,,,,,,,,1.03,1.003,0.662,0.528
PRPHA-Cluster_0_yearly_False_window_7_lags_1_sinusoidal_yes_piecewise,False,7,piecewise_lags_1_sinusoidal_yes,0.387,0.644,373.671,380.984,True,True,False,1.143,0.174,0,1.51,1.559,0.085,750.631718625647,1.002,0.153,,,,,,,,,1.013,1.034,0.478,0.109
PRPHA-Cluster_0_yearly_False_window_7_lags_2_sinusoidal_yes_piecewise,False,7,piecewise_lags_2_sinusoidal_yes,0.555,0.45,353.738,360.806,True,True,False,1.418,0.188,0,1.528,1.659,0.006,751.3458007214285,,,1.103,0.023,,,,,,,1.0,1.028,0.257,0.03
PRPHA-Cluster_0_yearly_False_window_7_lags_3_sinusoidal_yes_piecewise,False,7,piecewise_lags_3_sinusoidal_yes,0.449,0.737,345.163,351.976,True,False,False,0.757,-1.121,0,4.813,5.274,0.898,649.4104469559596,,,,,1.455,0.01,,,,,1.001,1.005,0.512,0.135
PRPHA-Cluster_0_yearly_False_window_7_lags_4_sinusoidal_yes_piecewise,False,7,piecewise_lags_4_sinusoidal_yes,0.597,0.87,320.348,326.895,True,False,False,1.213,-13.947,0,5.882,7.702,0.659,651.8546879826839,,,,,,,2.815,0.005,,,1.004,1.0,0.766,0.012
PRPHA-Cluster_0_yearly_False_window_7_lags_5_sinusoidal_yes_piecewise,False,7,piecewise_lags_5_sinusoidal_yes,0.655,0.221,300.808,307.076,True,True,True,1.969,-0.626,0,6.996,8.987,0.813,649.2153603463203,,,,,,,,,2.961,0.001,1.0,1.031,0.935,0.075
PRPHA-Cluster_0_yearly_True_window_7_lags_none_sinusoidal_no_piecewise,True,7,piecewise_lags_none_sinusoidal_no,0.193,0.265,376.953,380.61,True,False,False,0.755,0.119,0,4.145,4.145,0.305,645.9720571428571,,,,,,,,,,,,,,
PRPHA-Cluster_0_yearly_True_window_7_lags_1_sinusoidal_no_piecewise,True,7,piecewise_lags_1_sinusoidal_no,0.383,0.32,359.225,363.938,True,True,False,0.841,0.016,0,1.502,1.504,0.473,750.9081737300937,1.002,0.045,,,,,,,,,,,,
PRPHA-Cluster_0_yearly_True_window_7_lags_2_sinusoidal_no_piecewise,True,7,piecewise_lags_2_sinusoidal_no,0.5,0.372,341.782,346.324,True,True,False,0.766,0.169,0,1.553,1.662,0.078,750.2754431215728,,,1.109,0.008,,,,,,,,,,
PRPHA-Cluster_0_yearly_True_window_7_lags_3_sinusoidal_no_piecewise,True,7,piecewise_lags_3_sinusoidal_no,0.411,0.554,331.508,335.872,True,True,False,0.783,0.052,0,6.091,6.585,0.67,643.0633,,,,,1.494,0.012,,,,,,,,
PRPHA-Cluster_0_yearly_True_window_7_lags_4_sinusoidal_no_piecewise,True,7,piecewise_lags_4_sinusoidal_no,0.421,0.24,313.055,317.233,True,True,False,0.943,0.022,0,8.459,10.536,0.321,642.0937142857143,,,,,,,3.077,0.025,,,,,,
PRPHA-Cluster_0_yearly_True_window_7_lags_5_sinusoidal_no_piecewise,True,7,piecewise_lags_5_sinusoidal_no,0.542,0.178,291.224,295.207,True,True,True,2.13,-0.342,0,10.054,12.475,0.302,642.7506646637808,,,,,,,,,3.42,0.002,,,,
PRPHA-Cluster_0_yearly_True_window_7_lags_none_sinusoidal_yes_piecewise,True,7,piecewise_lags_none_sinusoidal_yes,0.248,0.569,379.208,385.302,True,True,False,0.693,0.079,0,4.279,4.321,0.625,645.9720571428571,,,,,,,,,,,1.029,1.014,0.463,0.365
PRPHA-Cluster_0_yearly_True_window_7_lags_1_sinusoidal_yes_piecewise,True,7,piecewise_lags_1_sinusoidal_yes,0.512,0.861,357.62,364.688,True,True,False,1.039,0.157,0,1.532,1.594,0.135,750.9081737300937,1.003,0.057,,,,,,,,,1.01,1.049,0.337,0.063
PRPHA-Cluster_0_yearly_True_window_7_lags_2_sinusoidal_yes_piecewise,True,7,piecewise_lags_2_sinusoidal_yes,0.688,0.88,334.935,341.748,True,True,False,0.983,0.176,0,1.575,1.727,0.004,750.2754431215728,,,1.113,0.003,,,,,,,1.0,1.039,0.153,0.009
PRPHA-Cluster_0_yearly_True_window_7_lags_3_sinusoidal_yes_piecewise,True,7,piecewise_lags_3_sinusoidal_yes,0.545,0.698,329.799,336.345,True,False,False,0.881,-0.428,0,6.096,6.592,0.591,643.0633,,,,,1.495,0.005,,,,,1.0,1.001,0.344,0.068
PRPHA-Cluster_0_yearly_True_window_7_lags_4_sinusoidal_yes_piecewise,True,7,piecewise_lags_4_sinusoidal_yes,0.678,0.592,304.715,310.982,True,True,False,1.119,0.354,0,8.465,10.545,0.462,642.0937142857143,,,,,,,3.079,0.001,,,1.0,1.001,0.421,0.004
PRPHA-Cluster_0_yearly_True_window_7_lags_5_sinusoidal_yes_piecewise,True,7,piecewise_lags_5_sinusoidal_yes,0.668,0.65,288.789,294.764,True,True,False,2.525,-0.067,0,10.272,12.775,0.876,642.7506646637808,,,,,,,,,3.479,0.002,1.003,1.021,0.622,0.04
PRPHA-Cluster_0_yearly_False_window_8_lags_none_sinusoidal_no_piecewise,False,8,piecewise_lags_none_sinusoidal_no,0.14,0.868,386.874,390.649,False,True,False,0.399,-0.743,0,1.455,1.455,0.235,735.7140196428571,,,,,,,,,,,,,,
PRPHA-Cluster_0_yearly_False_window_8_lags_1_sinusoidal_no_piecewise,False,8,piecewise_lags_1_sinusoidal_no,0.404,0.814,366.718,371.593,True,True,False,0.664,0.039,0,1.468,1.503,0.065,736.5783153142222,1.035,0.086,,,,,,,,,,,,
PRPHA-Cluster_0_yearly_False_window_8_lags_2_sinusoidal_no_piecewise,False,8,piecewise_lags_2_sinusoidal_no,0.579,0.939,346.406,351.118,True,True,False,0.541,-0.645,0,1.407,1.415,0.012,738.4646205833333,,,1.008,0.012,,,,,,,,,,
PRPHA-Cluster_0_yearly_False_window_8_lags_3_sinusoidal_no_piecewise,False,8,piecewise_lags_3_sinusoidal_no,0.685,0.255,326.389,330.93,True,True,False,0.89,0.505,0,1.177,1.18,0.013,746.966246450505,,,,,1.002,0.0,,,,,,,,
PRPHA-Cluster_0_yearly_False_window_8_lags_4_sinusoidal_no_piecewise,False,8,piecewise_lags_4_sinusoidal_no,0.58,0.078,315.051,319.415,True,True,False,0.909,0.148,0,6.871,8.008,0.098,633.9178875,,,,,,,2.136,0.005,,,,,,
PRPHA-Cluster_0_yearly_False_window_8_lags_5_sinusoidal_no_piecewise,False,8,piecewise_lags_5_sinusoidal_no,0.728,0.017,289.452,293.63,True,True,False,1.369,0.311,0,8.474,9.886,0.029,633.0695,,,,,,,,,2.412,0.0,,,,
PRPHA-Cluster_0_yearly_False_window_8_lags_none_sinusoidal_yes_piecewise,False,8,piecewise_lags_none_sinusoidal_yes,0.228,0.468,388.076,394.366,True,False,False,0.465,-0.699,0,1.546,1.747,0.08,735.7140196428571,,,,,,,,,,,1.041,1.16,0.855,0.139
PRPHA-Cluster_0_yearly_False_window_8_lags_1_sinusoidal_yes_piecewise,False,8,piecewise_lags_1_sinusoidal_yes,0.497,0.37,366.493,373.806,True,True,False,0.754,-0.141,0,1.568,1.825,0.015,736.5783153142222,1.042,0.146,,,,,,,,,1.105,1.11,0.426,0.1
PRPHA-Cluster_0_yearly_False_window_8_lags_2_sinusoidal_yes_piecewise,False,8,piecewise_lags_2_sinusoidal_yes,0.689,0.329,343.11,350.179,True,True,False,0.724,-0.147,0,1.461,1.6,0.001,738.4646205833333,,,1.009,0.018,,,,,,,1.078,1.053,0.495,0.025
PRPHA-Cluster_0_yearly_False_window_8_lags_3_sinusoidal_yes_piecewise,False,8,piecewise_lags_3_sinusoidal_yes,0.854,0.654,312.7,319.513,True,True,True,1.74,0.543,0,1.186,1.236,0.0,746.966246450505,,,,,1.002,0.0,,,,,1.005,1.043,0.343,0.0
PRPHA-Cluster_0_yearly_False_window_8_lags_4_sinusoidal_yes_piecewise,False,8,piecewise_lags_4_sinusoidal_yes,0.662,0.476,314.281,320.828,False,True,False,1.016,-0.087,0,6.961,8.13,0.548,633.9178875,,,,,,,2.154,0.002,,,1.015,1.0,0.42,0.089
PRPHA-Cluster_0_yearly_False_window_8_lags_5_sinusoidal_yes_piecewise,False,8,piecewise_lags_5_sinusoidal_yes,0.773,0.089,289.687,295.954,True,True,False,1.489,-0.03,0,8.592,10.042,0.133,633.0695,,,,,,,,,2.434,0.0,1.006,1.01,0.415,0.152
PRPHA-Cluster_0_yearly_True_window_8_lags_none_sinusoidal_no_piecewise,True,8,piecewise_lags_none_sinusoidal_no,0.305,0.055,369.254,372.911,True,True,False,0.465,0.081,0,3.815,3.815,0.038,657.851775,,,,,,,,,,,,,,
PRPHA-Cluster_0_yearly_True_window_8_lags_1_sinusoidal_no_piecewise,True,8,piecewise_lags_1_sinusoidal_no,0.546,0.079,348.179,352.892,True,True,False,0.504,0.492,0,4.152,4.155,0.047,657.7753,1.003,0.037,,,,,,,,,,,,
PRPHA-Cluster_0_yearly_True_window_8_lags_2_sinusoidal_no_piecewise,True,8,piecewise_lags_2_sinusoidal_no,0.637,0.676,331.03,335.572,True,True,False,0.369,-0.409,0,1.433,1.442,0.022,738.0102364545454,,,1.008,0.009,,,,,,,,,,
PRPHA-Cluster_0_yearly_True_window_8_lags_3_sinusoidal_no_piecewise,True,8,piecewise_lags_3_sinusoidal_no,0.686,0.127,314.405,318.769,True,True,False,0.832,0.442,0,1.195,1.198,0.022,745.2243508,,,,,1.003,0.0,,,,,,,,
PRPHA-Cluster_0_yearly_True_window_8_lags_4_sinusoidal_no_piecewise,True,8,piecewise_lags_4_sinusoidal_no,0.679,0.096,296.891,301.069,True,True,False,0.932,0.528,0,1.11,1.291,0.005,743.9151926406927,,,,,,,1.181,0.0,,,,,,
PRPHA-Cluster_0_yearly_True_window_8_lags_5_sinusoidal_no_piecewise,True,8,piecewise_lags_5_sinusoidal_no,0.672,0.01,280.336,284.319,True,True,True,1.514,0.186,0,1.096,1.143,0.181,744.4800738275613,,,,,,,,,1.046,0.0,,,,
PRPHA-Cluster_0_yearly_True_window_8_lags_none_sinusoidal_yes_piecewise,True,8,piecewise_lags_none_sinusoidal_yes,0.396,0.025,369.733,375.828,True,False,False,0.57,-0.562,0,4.113,4.219,0.016,657.851775,,,,,,,,,,,1.047,1.059,0.433,0.137
PRPHA-Cluster_0_yearly_True_window_8_lags_1_sinusoidal_yes_piecewise,True,8,piecewise_lags_1_sinusoidal_yes,0.572,0.076,350.741,357.81,True,False,False,0.557,0.496,0,4.444,4.54,0.046,657.7753,1.003,0.054,,,,,,,,,1.077,1.016,0.871,0.309
PRPHA-Cluster_0_yearly_True_window_8_lags_2_sinusoidal_yes_piecewise,True,8,piecewise_lags_2_sinusoidal_yes,0.728,0.858,328.387,335.2,True,False,False,0.398,0.043,0,1.499,1.658,0.003,738.0102364545454,,,1.01,0.011,,,,,,,1.073,1.077,0.541,0.033
PRPHA-Cluster_0_yearly_True_window_8_lags_3_sinusoidal_yes_piecewise,True,8,piecewise_lags_3_sinusoidal_yes,0.85,0.116,302.131,308.677,True,True,False,1.361,0.155,0,1.207,1.27,0.0,745.2243508,,,,,1.003,0.0,,,,,1.007,1.053,0.228,0.001
PRPHA-Cluster_0_yearly_True_window_8_lags_4_sinusoidal_yes_piecewise,True,8,piecewise_lags_4_sinusoidal_yes,0.907,0.002,274.857,281.124,True,True,False,1.174,-0.125,0,1.125,1.461,0.0,743.9151926406927,,,,,,,1.205,0.0,,,1.119,1.013,0.307,0.0
PRPHA-Cluster_0_yearly_True_window_8_lags_5_sinusoidal_yes_piecewise,True,8,piecewise_lags_5_sinusoidal_yes,0.836,0.002,270.527,276.501,True,True,True,2.141,0.36,0,1.108,1.279,0.125,744.4800738275613,,,,,,,,,1.052,0.0,1.115,1.004,0.722,0.002
PRPHA-Cluster_0_yearly_False_window_9_lags_none_sinusoidal_no_piecewise,False,9,piecewise_lags_none_sinusoidal_no,0.418,0.003,376.071,379.846,True,True,False,0.603,0.197,0,4.403,4.403,0.002,648.1473333333333,,,,,,,,,,,,,,
PRPHA-Cluster_0_yearly_False_window_9_lags_1_sinusoidal_no_piecewise,False,9,piecewise_lags_1_sinusoidal_no,0.477,0.011,361.707,366.582,True,True,False,0.774,0.279,0,4.552,4.563,0.007,648.0793555555556,1.011,0.091,,,,,,,,,,,,
PRPHA-Cluster_0_yearly_False_window_9_lags_2_sinusoidal_no_piecewise,False,9,piecewise_lags_2_sinusoidal_no,0.511,0.069,347.315,352.027,True,True,False,0.625,-389.455,0,4.577,4.658,0.043,648.0113777777777,,,1.082,0.045,,,,,,,,,,
PRPHA-Cluster_0_yearly_False_window_9_lags_3_sinusoidal_no_piecewise,False,9,piecewise_lags_3_sinusoidal_no,0.586,0.357,329.119,333.661,True,True,False,0.538,0.414,0,5.239,5.476,0.235,647.9434,,,,,1.238,0.0,,,,,,,,
PRPHA-Cluster_0_yearly_False_window_9_lags_4_sinusoidal_no_piecewise,False,9,piecewise_lags_4_sinusoidal_no,0.528,0.654,314.936,319.3,True,True,False,0.799,-0.059,0,1.393,1.659,0.213,725.8360776122336,,,,,,,1.266,0.005,,,,,,
PRPHA-Cluster_0_yearly_False_window_9_lags_5_sinusoidal_no_piecewise,False,9,piecewise_lags_5_sinusoidal_no,0.652,0.045,292.64,296.818,True,True,False,1.316,0.479,0,6.67,8.204,0.02,647.8074444444444,,,,,,,,,2.534,0.001,,,,
PRPHA-Cluster_0_yearly_False_window_9_lags_none_sinusoidal_yes_piecewise,False,9,piecewise_lags_none_sinusoidal_yes,0.467,0.002,377.777,384.067,True,False,False,0.706,-0.093,0,4.876,5.015,0.002,648.1473333333333,,,,,,,,,,,1.101,1.038,0.465,0.259
PRPHA-Cluster_0_yearly_False_window_9_lags_1_sinusoidal_yes_piecewise,False,9,piecewise_lags_1_sinusoidal_yes,0.497,0.012,364.733,372.046,True,False,False,0.777,-0.266,0,5.069,5.227,0.008,648.0793555555556,1.013,0.123,,,,,,,,,1.141,1.004,0.668,0.452
PRPHA-Cluster_0_yearly_False_window_9_lags_2_sinusoidal_yes_piecewise,False,9,piecewise_lags_2_sinusoidal_yes,0.524,0.072,350.663,357.731,True,False,False,0.684,-402.916,0,4.956,5.152,0.047,648.0113777777777,,,1.09,0.087,,,,,,,1.106,1.0,0.743,0.527
PRPHA-Cluster_0_yearly_False_window_9_lags_3_sinusoidal_yes_piecewise,False,9,piecewise_lags_3_sinusoidal_yes,0.611,0.27,331.681,338.494,True,True,False,0.617,-0.136,0,5.288,5.541,0.181,647.9434,,,,,1.241,0.001,,,,,1.011,1.0,0.543,0.402
PRPHA-Cluster_0_yearly_False_window_9_lags_4_sinusoidal_yes_piecewise,False,9,piecewise_lags_4_sinusoidal_yes,0.728,0.318,306.794,313.341,True,True,True,1.673,0.286,0,1.5,2.11,0.005,725.8360776122336,,,,,,,1.338,0.007,,,1.044,1.228,0.272,0.004
PRPHA-Cluster_0_yearly_False_window_9_lags_5_sinusoidal_yes_piecewise,False,9,piecewise_lags_5_sinusoidal_yes,0.749,0.017,289.825,296.092,True,True,True,1.952,0.286,0,6.713,8.267,0.007,647.8074444444444,,,,,,,,,2.546,0.0,1.0,1.008,0.454,0.036
PRPHA-Cluster_0_yearly_True_window_9_lags_none_sinusoidal_no_piecewise,True,9,piecewise_lags_none_sinusoidal_no,0.348,0.083,369.869,373.526,True,True,False,0.538,0.02,0,2.689,2.689,0.019,693.073141250986,,,,,,,,,,,,,,
PRPHA-Cluster_0_yearly_True_window_9_lags_1_sinusoidal_no_piecewise,True,9,piecewise_lags_1_sinusoidal_no,0.602,0.298,345.917,350.63,True,True,False,0.644,0.233,0,1.82,1.834,0.007,721.7380013350394,1.014,0.002,,,,,,,,,,,,
PRPHA-Cluster_0_yearly_True_window_9_lags_2_sinusoidal_no_piecewise,True,9,piecewise_lags_2_sinusoidal_no,0.604,0.856,332.863,337.405,True,True,False,0.502,0.138,0,1.715,1.751,0.028,721.9809861818181,,,1.036,0.003,,,,,,,,,,
PRPHA-Cluster_0_yearly_True_window_9_lags_3_sinusoidal_no_piecewise,True,9,piecewise_lags_3_sinusoidal_no,0.607,0.223,318.275,322.639,True,True,False,0.988,0.444,0,1.215,1.301,0.072,754.3653892826039,,,,,1.086,0.0,,,,,,,,
PRPHA-Cluster_0_yearly_True_window_9_lags_4_sinusoidal_no_piecewise,True,9,piecewise_lags_4_sinusoidal_no,0.512,0.546,305.709,309.887,True,True,False,0.687,0.118,0,3.222,4.318,0.117,692.0246509539844,,,,,,,2.095,0.046,,,,,,
PRPHA-Cluster_0_yearly_True_window_9_lags_5_sinusoidal_no_piecewise,True,9,piecewise_lags_5_sinusoidal_no,0.52,0.057,285.043,289.026,True,True,True,1.588,-0.466,0,1.313,1.439,0.925,730.387781962482,,,,,,,,,1.126,0.004,,,,
PRPHA-Cluster_0_yearly_True_window_9_lags_none_sinusoidal_yes_piecewise,True,9,piecewise_lags_none_sinusoidal_yes,0.49,0.018,367.755,373.849,True,True,False,0.736,-1.885,0,3.209,3.517,0.003,693.073141250986,,,,,,,,,,,1.068,1.24,0.603,0.033
PRPHA-Cluster_0_yearly_True_window_9_lags_1_sinusoidal_yes_piecewise,True,9,piecewise_lags_1_sinusoidal_yes,0.738,0.065,339.879,346.947,True,False,False,0.625,0.211,0,2.147,2.566,0.0,721.7380013350394,1.02,0.001,,,,,,,,,1.116,1.283,0.335,0.009
PRPHA-Cluster_0_yearly_True_window_9_lags_2_sinusoidal_yes_piecewise,True,9,piecewise_lags_2_sinusoidal_yes,0.699,0.306,330.604,337.416,True,False,False,0.598,-0.059,0,1.912,2.232,0.004,721.9809861818181,,,1.046,0.003,,,,,,,1.066,1.209,0.702,0.039
PRPHA-Cluster_0_yearly_True_window_9_lags_3_sinusoidal_yes_piecewise,True,9,piecewise_lags_3_sinusoidal_yes,0.695,0.42,316.702,323.248,True,True,False,1.447,0.486,0,1.269,1.632,0.013,754.3653892826039,,,,,1.108,0.0,,,,,1.062,1.192,0.248,0.075
PRPHA-Cluster_0_yearly_True_window_9_lags_4_sinusoidal_yes_piecewise,True,9,piecewise_lags_4_sinusoidal_yes,0.635,0.385,303.628,309.895,True,True,False,0.904,0.153,0,3.481,4.82,0.047,692.0246509539844,,,,,,,2.223,0.036,,,1.04,1.076,0.303,0.066
PRPHA-Cluster_0_yearly_True_window_9_lags_5_sinusoidal_yes_piecewise,True,9,piecewise_lags_5_sinusoidal_yes,0.72,0.054,278.244,284.218,True,True,False,2.661,-0.316,0,1.409,1.88,0.341,730.387781962482,,,,,,,,,1.164,0.001,1.047,1.26,0.593,0.007
PRPHA-Cluster_0_yearly_False_window_10_lags_none_sinusoidal_no_piecewise,False,10,piecewise_lags_none_sinusoidal_no,0.338,0.03,378.765,382.54,True,True,False,0.414,0.267,0,2.755,2.755,0.009,682.1326433280424,,,,,,,,,,,,,,
PRPHA-Cluster_0_yearly_False_window_10_lags_1_sinusoidal_no_piecewise,False,10,piecewise_lags_1_sinusoidal_no,0.606,0.025,354.008,358.883,True,True,False,0.86,0.301,0,2.766,2.768,0.005,683.4535468447273,1.002,0.001,,,,,,,,,,,,
PRPHA-Cluster_0_yearly_False_window_10_lags_2_sinusoidal_no_piecewise,False,10,piecewise_lags_2_sinusoidal_no,0.754,0.49,330.284,334.996,True,True,False,1.05,0.698,0,2.629,2.652,0.081,684.0557312229437,,,1.023,0.0,,,,,,,,,,
PRPHA-Cluster_0_yearly_False_window_10_lags_3_sinusoidal_no_piecewise,False,10,piecewise_lags_3_sinusoidal_no,0.761,0.601,315.844,320.385,True,True,False,1.072,-12253.367,0,3.484,3.659,0.845,667.9955600000001,,,,,1.175,0.0,,,,,,,,
PRPHA-Cluster_0_yearly_False_window_10_lags_4_sinusoidal_no_piecewise,False,10,piecewise_lags_4_sinusoidal_no,0.789,0.618,295.483,299.847,True,True,False,1.159,0.733,0,2.817,3.75,0.126,681.308340429293,,,,,,,1.933,0.0,,,,,,
PRPHA-Cluster_0_yearly_False_window_10_lags_5_sinusoidal_no_piecewise,False,10,piecewise_lags_5_sinusoidal_no,0.784,0.085,280.335,284.513,True,False,True,1.542,0.652,0,4.403,5.807,0.009,667.0924797979798,,,,,,,,,2.404,0.0,,,,
PRPHA-Cluster_0_yearly_False_window_10_lags_none_sinusoidal_yes_piecewise,False,10,piecewise_lags_none_sinusoidal_yes,0.465,0.006,377.204,383.495,True,True,False,0.715,0.142,0,3.352,3.692,0.002,682.1326433280424,,,,,,,,,,,1.208,1.132,0.258,0.056
PRPHA-Cluster_0_yearly_False_window_10_lags_1_sinusoidal_yes_piecewise,False,10,piecewise_lags_1_sinusoidal_yes,0.672,0.017,353.382,360.695,True,True,False,0.944,-0.262,0,3.409,3.775,0.003,683.4535468447273,1.002,0.001,,,,,,,,,1.289,1.075,0.103,0.274
PRPHA-Cluster_0_yearly_False_window_10_lags_2_sinusoidal_yes_piecewise,False,10,piecewise_lags_2_sinusoidal_yes,0.773,0.679,332.315,339.384,True,True,False,0.929,0.719,0,3.079,3.384,0.203,684.0557312229437,,,1.03,0.0,,,,,,,1.223,1.053,0.237,0.926
PRPHA-Cluster_0_yearly_False_window_10_lags_3_sinusoidal_yes_piecewise,False,10,piecewise_lags_3_sinusoidal_yes,0.766,0.482,319.368,326.181,True,True,False,1.049,-30894.135,0,3.765,4.072,0.918,667.9955600000001,,,,,1.194,0.0,,,,,1.08,1.033,0.938,0.563
PRPHA-Cluster_0_yearly_False_window_10_lags_4_sinusoidal_yes_piecewise,False,10,piecewise_lags_4_sinusoidal_yes,0.817,0.356,296.328,302.874,False,True,False,1.302,0.666,0,2.911,3.944,0.058,681.308340429293,,,,,,,1.981,0.0,,,1.007,1.045,0.523,0.165
PRPHA-Cluster_0_yearly_False_window_10_lags_5_sinusoidal_yes_piecewise,False,10,piecewise_lags_5_sinusoidal_yes,0.834,0.038,278.818,285.085,True,True,True,2.066,0.635,0,4.716,6.341,0.003,667.0924797979798,,,,,,,,,2.533,0.0,1.013,1.078,0.736,0.052
PRPHA-Cluster_0_yearly_True_window_10_lags_none_sinusoidal_no_piecewise,True,10,piecewise_lags_none_sinusoidal_no,0.322,0.27,367.432,371.088,True,True,False,0.421,-0.115,0,2.347,2.347,0.073,696.9872441619241,,,,,,,,,,,,,,
PRPHA-Cluster_0_yearly_True_window_10_lags_1_sinusoidal_no_piecewise,True,10,piecewise_lags_1_sinusoidal_no,0.548,0.367,345.658,350.37,True,True,False,0.861,-0.067,0,2.363,2.367,0.066,697.5478755409292,1.005,0.003,,,,,,,,,,,,
PRPHA-Cluster_0_yearly_True_window_10_lags_2_sinusoidal_no_piecewise,True,10,piecewise_lags_2_sinusoidal_no,0.691,0.589,324.045,328.587,True,False,False,0.941,0.543,0,2.271,2.301,0.409,697.1637430825398,,,1.03,0.0,,,,,,,,,,
PRPHA-Cluster_0_yearly_True_window_10_lags_3_sinusoidal_no_piecewise,True,10,piecewise_lags_3_sinusoidal_no,0.678,0.177,310.76,315.125,True,True,False,0.978,0.342,0,2.148,2.328,0.94,697.7918016678789,,,,,1.18,0.0,,,,,,,,
PRPHA-Cluster_0_yearly_True_window_10_lags_4_sinusoidal_no_piecewise,True,10,piecewise_lags_4_sinusoidal_no,0.715,0.739,290.753,294.932,True,True,False,1.059,0.644,0,2.683,3.631,0.273,692.6449363636364,,,,,,,1.948,0.002,,,,,,
PRPHA-Cluster_0_yearly_True_window_10_lags_5_sinusoidal_no_piecewise,True,10,piecewise_lags_5_sinusoidal_no,0.657,0.445,272.546,276.529,True,False,True,1.672,0.15,0,13.23,16.274,0.294,647.5275983030303,,,,,,,,,4.044,0.0,,,,
PRPHA-Cluster_0_yearly_True_window_10_lags_none_sinusoidal_yes_piecewise,True,10,piecewise_lags_none_sinusoidal_yes,0.443,0.105,366.497,372.592,True,True,False,0.7,0.306,0,3.17,3.781,0.017,696.9872441619241,,,,,,,,,,,1.261,1.35,0.287,0.07
PRPHA-Cluster_0_yearly_True_window_10_lags_1_sinusoidal_yes_piecewise,True,10,piecewise_lags_1_sinusoidal_yes,0.614,0.391,345.848,352.917,True,True,False,0.925,-0.176,0,3.242,3.895,0.065,697.5478755409292,1.008,0.003,,,,,,,,,1.388,1.257,0.11,0.466
PRPHA-Cluster_0_yearly_True_window_10_lags_2_sinusoidal_yes_piecewise,True,10,piecewise_lags_2_sinusoidal_yes,0.719,0.384,325.855,332.668,True,False,False,0.873,0.293,0,2.895,3.431,0.855,697.1637430825398,,,1.045,0.0,,,,,,,1.28,1.211,0.262,0.629
PRPHA-Cluster_0_yearly_True_window_10_lags_3_sinusoidal_yes_piecewise,True,10,piecewise_lags_3_sinusoidal_yes,0.682,0.196,314.485,321.031,True,True,False,0.964,0.129,0,2.645,3.336,0.738,697.7918016678789,,,,,1.258,0.0,,,,,1.093,1.34,0.96,0.662
PRPHA-Cluster_0_yearly_True_window_10_lags_4_sinusoidal_yes_piecewise,True,10,piecewise_lags_4_sinusoidal_yes,0.751,0.8,291.866,298.133,True,True,False,1.251,0.346,0,3.041,4.404,0.17,692.6449363636364,,,,,,,2.15,0.003,,,1.024,1.189,0.853,0.165
PRPHA-Cluster_0_yearly_True_window_10_lags_5_sinusoidal_yes_piecewise,True,10,piecewise_lags_5_sinusoidal_yes,0.773,0.679,268.276,274.251,True,True,False,2.824,0.123,0,18.607,23.428,0.394,647.5275983030303,,,,,,,,,5.382,0.0,1.189,1.251,0.542,0.018
