analysis_name,yearly_aggregate,window_size,config_type,r_squared,p_value,aic,bic,is_normal,is_homoscedastic,no_autocorrelation,durbin_watson,cv_r2_score,cv_r2_std,vif_PPT,vif_spline_0,vif_spline_1,vif_spline_2,p_value_spline_0,p_value_spline_1,p_value_spline_2,knots,vif_ortho_PPT_lag1,p_value_lag1,vif_ortho_PPT_lag2,p_value_lag2,vif_ortho_PPT_lag3,p_value_lag3,vif_ortho_PPT_lag4,p_value_lag4,vif_ortho_PPT_lag5,p_value_lag5,vif_ortho_sin_cycle,vif_ortho_cos_cycle,p_value_sin,p_value_cos
PRPHA-Cluster_0_yearly_False_window_1_lags_none_sinusoidal_no_spline,False,1,spline_lags_none_sinusoidal_no,0.224,0.101,451.812,458.103,False,True,True,2.008,-2.184,0,1.0,1.0,1.0,1.0,0.937,0.036,0.986,"[np.float64(409.957), np.float64(612.611), np.float64(682.65625), np.float64(795.833501), np.float64(1031.934004)]",,,,,,,,,,,,,,
PRPHA-Cluster_0_yearly_False_window_1_lags_1_sinusoidal_no_spline,False,1,spline_lags_1_sinusoidal_no,0.26,0.148,433.38,440.693,False,True,True,2.226,-2.471,0,1.0,1.066,1.141,1.007,0.714,0.073,0.32,"[np.float64(409.957), np.float64(599.0864), np.float64(678.0218), np.float64(796.3002), np.float64(1031.934004)]",1.214,0.851,,,,,,,,,,,,
PRPHA-Cluster_0_yearly_False_window_1_lags_2_sinusoidal_no_spline,False,1,spline_lags_2_sinusoidal_no,0.236,0.127,418.249,425.317,True,True,True,2.201,-1.574,0,1.0,1.464,1.157,1.012,0.668,0.086,0.882,"[np.float64(409.957), np.float64(588.6854), np.float64(682.9425), np.float64(843.6638), np.float64(1031.934004)]",,,1.633,0.523,,,,,,,,,,
PRPHA-Cluster_0_yearly_False_window_1_lags_3_sinusoidal_no_spline,False,1,spline_lags_3_sinusoidal_no,0.225,0.187,402.34,409.153,True,True,True,2.224,-22.457,0,1.0,1.061,1.282,1.0,0.825,0.118,0.634,"[np.float64(409.957), np.float64(621.6274), np.float64(682.37), np.float64(824.8702), np.float64(1031.934004)]",,,,,1.343,0.662,,,,,,,,
PRPHA-Cluster_0_yearly_False_window_1_lags_4_sinusoidal_no_spline,False,1,spline_lags_4_sinusoidal_no,0.217,0.941,385.875,392.421,True,True,True,2.09,-4.233,0,1.0,1.022,1.0,1.002,0.502,0.306,0.549,"[np.float64(409.957), np.float64(605.8487), np.float64(671.4995), np.float64(800.4124), np.float64(982.625)]",,,,,,,1.023,0.534,,,,,,
PRPHA-Cluster_0_yearly_False_window_1_lags_5_sinusoidal_no_spline,False,1,spline_lags_5_sinusoidal_no,0.332,0.048,366.147,372.414,True,True,True,2.086,-1.956,0,1.0,1.123,1.016,1.01,0.458,0.05,0.722,"[np.float64(409.957), np.float64(569.9), np.float64(682.37), np.float64(812.749), np.float64(982.625)]",,,,,,,,,1.149,0.097,,,,
PRPHA-Cluster_0_yearly_False_window_1_lags_none_sinusoidal_yes_spline,False,1,spline_lags_none_sinusoidal_yes,0.303,0.181,453.016,461.822,False,True,True,2.188,-1.913,0,1.0,1.166,1.254,1.377,0.608,0.017,0.785,"[np.float64(409.957), np.float64(612.611), np.float64(682.65625), np.float64(795.833501), np.float64(1031.934004)]",,,,,,,,,,,1.353,1.444,0.836,0.158
PRPHA-Cluster_0_yearly_False_window_1_lags_1_sinusoidal_yes_spline,False,1,spline_lags_1_sinusoidal_yes,0.275,0.189,436.854,446.605,False,True,True,2.255,-2.95,0,1.0,1.338,1.554,1.15,0.911,0.084,0.433,"[np.float64(409.957), np.float64(599.0864), np.float64(678.0218), np.float64(796.3002), np.float64(1031.934004)]",1.312,0.963,,,,,,,,,1.099,1.63,0.878,0.598
PRPHA-Cluster_0_yearly_False_window_1_lags_2_sinusoidal_yes_spline,False,1,spline_lags_2_sinusoidal_yes,0.267,0.206,421.278,430.702,True,True,True,2.245,-2.28,0,1.0,2.071,1.679,1.068,0.939,0.077,0.992,"[np.float64(409.957), np.float64(588.6854), np.float64(682.9425), np.float64(843.6638), np.float64(1031.934004)]",,,2.024,0.835,,,,,,,1.061,1.734,0.998,0.434
PRPHA-Cluster_0_yearly_False_window_1_lags_3_sinusoidal_yes_spline,False,1,spline_lags_3_sinusoidal_yes,0.293,0.23,404.225,413.309,True,True,True,2.284,-44.828,0,1.0,1.484,1.632,1.207,0.684,0.066,0.455,"[np.float64(409.957), np.float64(621.6274), np.float64(682.37), np.float64(824.8702), np.float64(1031.934004)]",,,,,1.509,0.945,,,,,1.15,1.665,0.796,0.252
PRPHA-Cluster_0_yearly_False_window_1_lags_4_sinusoidal_yes_spline,False,1,spline_lags_4_sinusoidal_yes,0.239,0.997,389.23,397.958,True,True,True,2.147,-27.238,0,1.0,1.178,1.549,1.105,0.675,0.26,0.614,"[np.float64(409.957), np.float64(605.8487), np.float64(671.4995), np.float64(800.4124), np.float64(982.625)]",,,,,,,1.026,0.512,,,1.091,1.714,0.918,0.538
PRPHA-Cluster_0_yearly_False_window_1_lags_5_sinusoidal_yes_spline,False,1,spline_lags_5_sinusoidal_yes,0.364,0.152,369.109,377.465,True,True,True,2.092,-2.823,0,1.0,1.216,1.308,1.039,0.595,0.053,0.807,"[np.float64(409.957), np.float64(569.9), np.float64(682.37), np.float64(812.749), np.float64(982.625)]",,,,,,,,,1.174,0.243,1.041,1.348,0.773,0.477
PRPHA-Cluster_0_yearly_True_window_1_lags_none_sinusoidal_no_spline,True,1,spline_lags_none_sinusoidal_no,0.289,0.069,430.028,436.122,True,True,True,1.884,-1.267,0,1.0,1.0,1.0,1.0,0.841,0.02,0.438,"[np.float64(409.957), np.float64(636.68624), np.float64(692.887), np.float64(803.7274), np.float64(1031.934004)]",,,,,,,,,,,,,,
PRPHA-Cluster_0_yearly_True_window_1_lags_1_sinusoidal_no_spline,True,1,spline_lags_1_sinusoidal_no,0.288,0.106,412.554,419.622,True,True,True,2.099,-1.981,0,1.0,1.071,1.16,1.006,0.757,0.05,0.496,"[np.float64(409.957), np.float64(630.6438), np.float64(682.77075), np.float64(810.6929), np.float64(1031.934004)]",1.237,0.721,,,,,,,,,,,,
PRPHA-Cluster_0_yearly_True_window_1_lags_2_sinusoidal_no_spline,True,1,spline_lags_2_sinusoidal_no,0.274,0.143,397.28,404.093,True,True,True,2.28,-2.774,0,1.0,1.5,1.221,1.001,0.636,0.066,0.822,"[np.float64(409.957), np.float64(617.1192), np.float64(680.1959), np.float64(821.8399), np.float64(1031.934004)]",,,1.722,0.634,,,,,,,,,,
PRPHA-Cluster_0_yearly_True_window_1_lags_3_sinusoidal_no_spline,True,1,spline_lags_3_sinusoidal_no,0.259,0.214,381.612,388.158,False,True,True,2.248,-1.713,0,1.0,1.051,1.337,1.004,0.856,0.081,0.701,"[np.float64(409.957), np.float64(603.5946), np.float64(682.9425), np.float64(833.9611), np.float64(1031.934004)]",,,,,1.393,0.817,,,,,,,,
PRPHA-Cluster_0_yearly_True_window_1_lags_4_sinusoidal_no_spline,True,1,spline_lags_4_sinusoidal_no,0.273,0.3,364.612,370.879,True,True,True,2.306,-1.658,0,1.0,1.062,1.001,1.01,0.607,0.081,0.512,"[np.float64(409.957), np.float64(569.9), np.float64(660.629), np.float64(812.749), np.float64(982.625)]",,,,,,,1.072,0.548,,,,,,
PRPHA-Cluster_0_yearly_True_window_1_lags_5_sinusoidal_no_spline,True,1,spline_lags_5_sinusoidal_no,0.277,0.456,348.318,354.292,True,True,True,2.492,-1.951,0,1.0,1.1,1.013,1.054,0.726,0.116,0.318,"[np.float64(409.957), np.float64(617.4736), np.float64(687.7324), np.float64(821.8399), np.float64(982.625)]",,,,,,,,,1.167,0.959,,,,
PRPHA-Cluster_0_yearly_True_window_1_lags_none_sinusoidal_yes_spline,True,1,spline_lags_none_sinusoidal_yes,0.364,0.12,431.244,439.776,False,True,True,2.146,-1.084,0,1.0,1.153,1.194,1.053,0.531,0.01,0.517,"[np.float64(409.957), np.float64(636.68624), np.float64(692.887), np.float64(803.7274), np.float64(1031.934004)]",,,,,,,,,,,1.046,1.354,0.777,0.168
PRPHA-Cluster_0_yearly_True_window_1_lags_1_sinusoidal_yes_spline,True,1,spline_lags_1_sinusoidal_yes,0.318,0.148,415.53,424.955,False,True,True,2.147,-2.569,0,1.0,1.329,1.468,1.006,0.954,0.045,0.513,"[np.float64(409.957), np.float64(630.6438), np.float64(682.77075), np.float64(810.6929), np.float64(1031.934004)]",1.34,0.911,,,,,,,,,1.053,1.411,0.958,0.417
PRPHA-Cluster_0_yearly_True_window_1_lags_2_sinusoidal_yes_spline,True,1,spline_lags_2_sinusoidal_yes,0.307,0.227,400.198,409.282,False,True,True,2.278,-12.056,0,1.0,2.055,1.751,1.072,0.956,0.059,0.888,"[np.float64(409.957), np.float64(617.1192), np.float64(680.1959), np.float64(821.8399), np.float64(1031.934004)]",,,2.159,0.964,,,,,,,1.115,1.604,0.889,0.409
PRPHA-Cluster_0_yearly_True_window_1_lags_3_sinusoidal_yes_spline,True,1,spline_lags_3_sinusoidal_yes,0.3,0.241,384.359,393.087,False,True,True,2.317,-3.435,0,1.0,1.546,1.648,1.165,0.732,0.065,0.987,"[np.float64(409.957), np.float64(603.5946), np.float64(682.9425), np.float64(833.9611), np.float64(1031.934004)]",,,,,1.579,0.987,,,,,1.001,1.779,0.962,0.381
PRPHA-Cluster_0_yearly_True_window_1_lags_4_sinusoidal_yes_spline,True,1,spline_lags_4_sinusoidal_yes,0.343,0.318,366.506,374.862,True,True,True,2.261,-1.277,0,1.0,1.201,1.509,1.266,0.885,0.054,0.704,"[np.float64(409.957), np.float64(569.9), np.float64(660.629), np.float64(812.749), np.float64(982.625)]",,,,,,,1.074,0.581,,,1.166,1.736,0.813,0.287
PRPHA-Cluster_0_yearly_True_window_1_lags_5_sinusoidal_yes_spline,True,1,spline_lags_5_sinusoidal_yes,0.308,0.657,351.431,359.397,True,True,True,2.472,-6.292,0,1.0,1.208,1.276,1.311,0.822,0.127,0.392,"[np.float64(409.957), np.float64(617.4736), np.float64(687.7324), np.float64(821.8399), np.float64(982.625)]",,,,,,,,,1.17,0.817,1.145,1.48,0.701,0.603
PRPHA-Cluster_0_yearly_False_window_2_lags_none_sinusoidal_no_spline,False,2,spline_lags_none_sinusoidal_no,0.158,0.121,437.375,443.665,True,True,False,1.264,-5.02,0,1.0,1.0,1.0,1.0,0.502,0.561,0.265,"[np.float64(493.0905), np.float64(641.76925), np.float64(719.009875), np.float64(809.2061), np.float64(1022.0535075)]",,,,,,,,,,,,,,
PRPHA-Cluster_0_yearly_False_window_2_lags_1_sinusoidal_no_spline,False,2,spline_lags_1_sinusoidal_no,0.207,0.058,414.329,421.642,True,True,True,1.511,-13.205,0,1.0,1.002,1.005,1.006,0.83,0.537,0.422,"[np.float64(493.0905), np.float64(632.7322), np.float64(761.876996), np.float64(829.093), np.float64(1022.0535075)]",1.013,0.564,,,,,,,,,,,,
PRPHA-Cluster_0_yearly_False_window_2_lags_2_sinusoidal_no_spline,False,2,spline_lags_2_sinusoidal_no,0.253,0.036,398.369,405.438,True,True,True,1.5,-6.312,0,1.0,1.166,1.021,1.009,0.904,0.452,0.848,"[np.float64(493.0904999999999), np.float64(623.25815), np.float64(735.32975), np.float64(831.08915), np.float64(1022.0535075)]",,,1.196,0.255,,,,,,,,,,
PRPHA-Cluster_0_yearly_False_window_2_lags_3_sinusoidal_no_spline,False,2,spline_lags_3_sinusoidal_no,0.198,0.164,384.65,391.463,True,True,True,1.557,-0.24,0,1.0,1.371,1.169,1.166,0.989,0.593,0.957,"[np.float64(493.0905), np.float64(585.44475), np.float64(662.5818), np.float64(809.56528), np.float64(1031.934004)]",,,,,1.706,0.631,,,,,,,,
PRPHA-Cluster_0_yearly_False_window_2_lags_4_sinusoidal_no_spline,False,2,spline_lags_4_sinusoidal_no,0.106,0.596,369.785,376.331,True,True,True,1.501,-1.511,0,1.0,1.093,1.036,1.0,0.688,0.712,0.57,"[np.float64(493.0905), np.float64(590.7132), np.float64(660.065825), np.float64(741.8577), np.float64(934.4285)]",,,,,,,1.129,0.995,,,,,,
PRPHA-Cluster_0_yearly_False_window_2_lags_5_sinusoidal_no_spline,False,2,spline_lags_5_sinusoidal_no,0.17,0.138,352.663,358.93,True,True,False,1.476,-3.862,0,1.0,1.298,1.085,1.015,0.695,0.813,0.958,"[np.float64(493.0905), np.float64(592.214), np.float64(673.9255), np.float64(809.2061), np.float64(934.4285)]",,,,,,,,,1.398,0.237,,,,
PRPHA-Cluster_0_yearly_False_window_2_lags_none_sinusoidal_yes_spline,False,2,spline_lags_none_sinusoidal_yes,0.23,0.173,439.051,447.858,True,True,False,1.464,-5.38,0,1.0,1.249,1.003,1.03,0.32,0.564,0.29,"[np.float64(493.0905), np.float64(641.76925), np.float64(719.009875), np.float64(809.2061), np.float64(1022.0535075)]",,,,,,,,,,,1.102,1.181,0.997,0.202
PRPHA-Cluster_0_yearly_False_window_2_lags_1_sinusoidal_yes_spline,False,2,spline_lags_1_sinusoidal_yes,0.229,0.08,417.629,427.38,True,True,True,1.655,-5.652,0,1.0,1.241,1.005,1.093,0.686,0.556,0.414,"[np.float64(493.0905), np.float64(632.7322), np.float64(761.876996), np.float64(829.093), np.float64(1022.0535075)]",1.013,0.57,,,,,,,,,1.071,1.255,0.816,0.546
PRPHA-Cluster_0_yearly_False_window_2_lags_2_sinusoidal_yes_spline,False,2,spline_lags_2_sinusoidal_yes,0.283,0.037,401.382,410.807,True,True,True,1.594,-9.691,0,1.0,1.925,1.028,1.2,0.995,0.454,0.704,"[np.float64(493.0904999999999), np.float64(623.25815), np.float64(735.32975), np.float64(831.08915), np.float64(1022.0535075)]",,,1.33,0.268,,,,,,,1.265,1.558,0.633,0.598
PRPHA-Cluster_0_yearly_False_window_2_lags_3_sinusoidal_yes_spline,False,2,spline_lags_3_sinusoidal_yes,0.209,0.185,388.334,397.418,True,True,True,1.606,-1.77,0,1.0,1.85,1.187,1.29,0.962,0.602,0.893,"[np.float64(493.0905), np.float64(585.44475), np.float64(662.5818), np.float64(809.56528), np.float64(1031.934004)]",,,,,1.808,0.644,,,,,1.228,1.291,0.72,0.836
PRPHA-Cluster_0_yearly_False_window_2_lags_4_sinusoidal_yes_spline,False,2,spline_lags_4_sinusoidal_yes,0.109,0.7,373.689,382.417,True,True,True,1.516,-1.566,0,1.0,1.36,1.118,1.084,0.714,0.786,0.649,"[np.float64(493.0905), np.float64(590.7132), np.float64(660.065825), np.float64(741.8577), np.float64(934.4285)]",,,,,,,1.164,0.976,,,1.146,1.252,0.854,0.896
PRPHA-Cluster_0_yearly_False_window_2_lags_5_sinusoidal_yes_spline,False,2,spline_lags_5_sinusoidal_yes,0.175,0.356,356.528,364.885,True,True,True,1.514,-4.651,0,1.0,1.47,1.099,1.124,0.779,0.894,0.973,"[np.float64(493.0905), np.float64(592.214), np.float64(673.9255), np.float64(809.2061), np.float64(934.4285)]",,,,,,,,,1.423,0.448,1.086,1.184,0.929,0.778
PRPHA-Cluster_0_yearly_True_window_2_lags_none_sinusoidal_no_spline,True,2,spline_lags_none_sinusoidal_no,0.144,0.091,419.152,425.246,True,True,False,0.924,-1.538,0,1.0,1.0,1.0,1.0,0.521,0.458,0.7,"[np.float64(493.0905), np.float64(626.7075), np.float64(754.9136), np.float64(809.924461), np.float64(1022.0535075)]",,,,,,,,,,,,,,
PRPHA-Cluster_0_yearly_True_window_2_lags_1_sinusoidal_no_spline,True,2,spline_lags_1_sinusoidal_no,0.263,0.04,392.958,400.026,True,True,False,1.311,-0.75,0,1.0,1.047,1.003,1.02,0.909,0.303,0.73,"[np.float64(493.0905), np.float64(618.084125), np.float64(723.405449), np.float64(810.642822), np.float64(1022.0535075)]",1.071,0.468,,,,,,,,,,,,
PRPHA-Cluster_0_yearly_True_window_2_lags_2_sinusoidal_no_spline,True,2,spline_lags_2_sinusoidal_no,0.341,0.024,376.129,382.942,True,True,False,1.32,-2.884,0,1.0,1.361,1.035,1.003,0.602,0.296,0.867,"[np.float64(493.0904999999999), np.float64(609.46075), np.float64(699.81355), np.float64(824.42675), np.float64(1022.0535075)]",,,1.399,0.177,,,,,,,,,,
PRPHA-Cluster_0_yearly_True_window_2_lags_3_sinusoidal_no_spline,True,2,spline_lags_3_sinusoidal_no,0.307,0.051,362.14,368.686,True,True,False,1.378,-2.71,0,1.0,1.31,1.181,1.002,0.839,0.416,0.926,"[np.float64(493.0905), np.float64(600.837375), np.float64(686.869525), np.float64(810.283641), np.float64(1031.934004)]",,,,,1.493,0.291,,,,,,,,
PRPHA-Cluster_0_yearly_True_window_2_lags_4_sinusoidal_no_spline,True,2,spline_lags_4_sinusoidal_no,0.17,0.348,348.699,354.967,True,True,False,1.284,-2.906,0,1.0,1.1,1.018,1.003,0.663,0.368,0.753,"[np.float64(493.0905), np.float64(590.07), np.float64(673.9255), np.float64(809.2061), np.float64(934.4285)]",,,,,,,1.121,0.677,,,,,,
PRPHA-Cluster_0_yearly_True_window_2_lags_5_sinusoidal_no_spline,True,2,spline_lags_5_sinusoidal_no,0.184,0.407,333.026,339.001,True,True,False,1.259,-0.524,0,1.0,1.35,1.177,1.004,0.605,0.698,0.405,"[np.float64(493.0905), np.float64(588.829375), np.float64(661.1441), np.float64(784.46414), np.float64(934.4285)]",,,,,,,,,1.531,0.823,,,,
PRPHA-Cluster_0_yearly_True_window_2_lags_none_sinusoidal_yes_spline,True,2,spline_lags_none_sinusoidal_yes,0.234,0.216,420.383,428.915,True,True,False,1.139,-3.62,0,1.0,1.155,1.001,1.086,0.305,0.569,0.522,"[np.float64(493.0905), np.float64(626.7075), np.float64(754.9136), np.float64(809.924461), np.float64(1022.0535075)]",,,,,,,,,,,1.118,1.124,0.645,0.17
PRPHA-Cluster_0_yearly_True_window_2_lags_1_sinusoidal_yes_spline,True,2,spline_lags_1_sinusoidal_yes,0.277,0.048,396.493,405.918,True,True,False,1.402,-1.58,0,1.0,1.314,1.006,1.108,0.979,0.3,0.771,"[np.float64(493.0905), np.float64(618.084125), np.float64(723.405449), np.float64(810.642822), np.float64(1022.0535075)]",1.077,0.466,,,,,,,,,1.183,1.169,0.782,0.656
PRPHA-Cluster_0_yearly_True_window_2_lags_2_sinusoidal_yes_spline,True,2,spline_lags_2_sinusoidal_yes,0.362,0.028,379.387,388.471,True,True,False,1.42,-4.927,0,1.0,2.062,1.071,1.059,0.657,0.331,0.999,"[np.float64(493.0904999999999), np.float64(609.46075), np.float64(699.81355), np.float64(824.42675), np.float64(1022.0535075)]",,,1.602,0.171,,,,,,,1.364,1.227,0.61,0.705
PRPHA-Cluster_0_yearly_True_window_2_lags_3_sinusoidal_yes_spline,True,2,spline_lags_3_sinusoidal_yes,0.316,0.063,365.834,374.562,True,True,False,1.427,-6.156,0,1.0,1.936,1.198,1.494,0.951,0.436,0.988,"[np.float64(493.0905), np.float64(600.837375), np.float64(686.869525), np.float64(810.283641), np.float64(1031.934004)]",,,,,1.638,0.303,,,,,1.611,1.379,0.821,0.764
PRPHA-Cluster_0_yearly_True_window_2_lags_4_sinusoidal_yes_spline,True,2,spline_lags_4_sinusoidal_yes,0.174,0.52,352.607,360.963,True,True,False,1.289,-8.698,0,1.0,1.388,1.08,1.127,0.735,0.461,0.722,"[np.float64(493.0905), np.float64(590.07), np.float64(673.9255), np.float64(809.2061), np.float64(934.4285)]",,,,,,,1.16,0.827,,,1.233,1.201,0.933,0.817
PRPHA-Cluster_0_yearly_True_window_2_lags_5_sinusoidal_yes_spline,True,2,spline_lags_5_sinusoidal_yes,0.187,0.633,336.965,344.931,True,True,False,1.266,-3.757,0,1.0,1.569,1.2,1.102,0.696,0.753,0.502,"[np.float64(493.0905), np.float64(588.829375), np.float64(661.1441), np.float64(784.46414), np.float64(934.4285)]",,,,,,,,,1.575,0.954,1.068,1.228,0.911,0.866
PRPHA-Cluster_0_yearly_False_window_3_lags_none_sinusoidal_no_spline,False,3,spline_lags_none_sinusoidal_no,0.043,0.841,418.552,424.842,True,True,False,0.712,-1.362,0,1.0,1.0,1.0,1.0,0.502,0.684,0.669,"[np.float64(548.9366666666666), np.float64(679.734167), np.float64(745.123833), np.float64(822.530383), np.float64(935.3280037666667)]",,,,,,,,,,,,,,
PRPHA-Cluster_0_yearly_False_window_3_lags_1_sinusoidal_no_spline,False,3,spline_lags_1_sinusoidal_no,0.05,0.601,398.886,406.199,True,False,False,0.793,-4.862,0,1.0,1.019,1.0,1.071,0.833,0.585,0.813,"[np.float64(548.9366666666666), np.float64(673.196867), np.float64(740.909), np.float64(830.524953), np.float64(935.3280037666667)]",1.09,0.714,,,,,,,,,,,,
PRPHA-Cluster_0_yearly_False_window_3_lags_2_sinusoidal_no_spline,False,3,spline_lags_2_sinusoidal_no,0.106,0.409,383.472,390.54,True,False,False,0.916,-13.452,0,1.0,1.054,1.131,1.001,0.578,0.763,0.362,"[np.float64(548.9366666666666), np.float64(691.711733), np.float64(745.507), np.float64(836.197683), np.float64(1022.0535075)]",,,1.186,0.801,,,,,,,,,,
PRPHA-Cluster_0_yearly_False_window_3_lags_3_sinusoidal_no_spline,False,3,spline_lags_3_sinusoidal_no,0.428,0.842,358.159,364.972,True,True,False,1.225,-1.491,0,1.0,1.036,1.12,1.019,0.457,0.157,0.007,"[np.float64(548.9366666666666), np.float64(645.7884), np.float64(727.401835), np.float64(788.80724), np.float64(882.3789999999999)]",,,,,1.174,0.839,,,,,,,,
PRPHA-Cluster_0_yearly_False_window_3_lags_4_sinusoidal_no_spline,False,3,spline_lags_4_sinusoidal_no,0.328,0.628,345.898,352.445,True,True,False,1.218,-1.281,0,1.0,1.017,1.176,1.001,0.651,0.13,0.041,"[np.float64(548.9366666666666), np.float64(665.380267), np.float64(722.45815), np.float64(766.7575), np.float64(882.3789999999999)]",,,,,,,1.194,0.336,,,,,,
PRPHA-Cluster_0_yearly_False_window_3_lags_5_sinusoidal_no_spline,False,3,spline_lags_5_sinusoidal_no,0.332,0.184,330.549,336.816,True,True,False,1.19,-3.589,0,1.0,1.004,1.155,1.032,0.853,0.087,0.102,"[np.float64(548.9366666666667), np.float64(665.725667), np.float64(720.944), np.float64(775.208), np.float64(882.379)]",,,,,,,,,1.19,0.084,,,,
PRPHA-Cluster_0_yearly_False_window_3_lags_none_sinusoidal_yes_spline,False,3,spline_lags_none_sinusoidal_yes,0.166,0.674,418.986,427.792,False,True,False,0.811,-1.407,0,1.0,1.207,1.026,1.046,0.462,0.407,0.643,"[np.float64(548.9366666666666), np.float64(679.734167), np.float64(745.123833), np.float64(822.530383), np.float64(935.3280037666667)]",,,,,,,,,,,1.133,1.146,0.332,0.228
PRPHA-Cluster_0_yearly_False_window_3_lags_1_sinusoidal_yes_spline,False,3,spline_lags_1_sinusoidal_yes,0.265,0.59,396.491,406.242,True,True,False,1.123,-16.196,0,1.0,1.646,1.052,1.262,0.827,0.317,0.389,"[np.float64(548.9366666666666), np.float64(673.196867), np.float64(740.909), np.float64(830.524953), np.float64(935.3280037666667)]",1.13,0.572,,,,,,,,,1.17,1.66,0.067,0.444
PRPHA-Cluster_0_yearly_False_window_3_lags_2_sinusoidal_yes_spline,False,3,spline_lags_2_sinusoidal_yes,0.31,0.338,381.244,390.669,True,True,False,1.24,-6.123,0,1.0,1.78,1.336,1.155,0.713,0.302,0.126,"[np.float64(548.9366666666666), np.float64(691.711733), np.float64(745.507), np.float64(836.197683), np.float64(1022.0535075)]",,,1.23,0.563,,,,,,,1.292,1.749,0.068,0.442
PRPHA-Cluster_0_yearly_False_window_3_lags_3_sinusoidal_yes_spline,False,3,spline_lags_3_sinusoidal_yes,0.441,0.864,361.64,370.724,True,True,False,1.246,-1.451,0,1.0,1.13,1.231,1.274,0.561,0.152,0.033,"[np.float64(548.9366666666666), np.float64(645.7884), np.float64(727.401835), np.float64(788.80724), np.float64(882.3789999999999)]",,,,,1.211,0.905,,,,,1.289,1.136,0.666,0.725
PRPHA-Cluster_0_yearly_False_window_3_lags_4_sinusoidal_yes_spline,False,3,spline_lags_4_sinusoidal_yes,0.357,0.834,348.911,357.639,True,True,False,1.245,-3.956,0,1.0,1.217,1.199,1.193,0.674,0.129,0.136,"[np.float64(548.9366666666666), np.float64(665.380267), np.float64(722.45815), np.float64(766.7575), np.float64(882.3789999999999)]",,,,,,,1.202,0.493,,,1.166,1.24,0.474,0.749
PRPHA-Cluster_0_yearly_False_window_3_lags_5_sinusoidal_yes_spline,False,3,spline_lags_5_sinusoidal_yes,0.391,0.317,332.638,340.995,False,True,False,1.294,-5.76,0,1.0,1.128,1.159,1.036,0.95,0.09,0.115,"[np.float64(548.9366666666667), np.float64(665.725667), np.float64(720.944), np.float64(775.208), np.float64(882.379)]",,,,,,,,,1.191,0.162,1.006,1.125,0.297,0.849
PRPHA-Cluster_0_yearly_True_window_3_lags_none_sinusoidal_no_spline,True,3,spline_lags_none_sinusoidal_no,0.151,0.098,397.723,403.818,True,True,False,0.8,-1.934,0,1.0,1.0,1.0,1.0,0.788,0.491,0.469,"[np.float64(548.9366666666667), np.float64(699.0198), np.float64(752.673333), np.float64(830.524953), np.float64(935.3280037666667)]",,,,,,,,,,,,,,
PRPHA-Cluster_0_yearly_True_window_3_lags_1_sinusoidal_no_spline,True,3,spline_lags_1_sinusoidal_no,0.274,0.046,375.206,382.274,True,False,False,0.8,-0.55,0,1.0,1.006,1.0,1.01,0.609,0.546,0.374,"[np.float64(548.9366666666667), np.float64(665.6681), np.float64(732.723834), np.float64(807.506195), np.float64(935.3280037666667)]",1.015,0.527,,,,,,,,,,,,
PRPHA-Cluster_0_yearly_True_window_3_lags_2_sinusoidal_no_spline,True,3,spline_lags_2_sinusoidal_no,0.299,0.057,360.895,367.708,True,False,False,0.891,-12.188,0,1.0,1.097,1.136,1.074,0.826,0.514,0.589,"[np.float64(548.9366666666666), np.float64(678.800267), np.float64(740.142667), np.float64(819.865527), np.float64(1022.0535075)]",,,1.306,0.469,,,,,,,,,,
PRPHA-Cluster_0_yearly_True_window_3_lags_3_sinusoidal_no_spline,True,3,spline_lags_3_sinusoidal_no,0.332,0.052,344.794,351.34,True,True,False,0.795,-0.562,0,1.0,1.032,1.11,1.029,0.372,0.964,0.859,"[np.float64(548.9366666666667), np.float64(665.3227), np.float64(733.389084), np.float64(799.00667), np.float64(882.379)]",,,,,1.171,0.198,,,,,,,,
PRPHA-Cluster_0_yearly_True_window_3_lags_4_sinusoidal_no_spline,True,3,spline_lags_4_sinusoidal_no,0.194,0.129,332.067,338.334,True,True,False,0.579,-2.716,0,1.0,1.003,1.18,1.015,0.859,0.439,0.849,"[np.float64(548.9366666666667), np.float64(616.746), np.float64(720.944), np.float64(775.208), np.float64(882.379)]",,,,,,,1.199,0.189,,,,,,
PRPHA-Cluster_0_yearly_True_window_3_lags_5_sinusoidal_no_spline,True,3,spline_lags_5_sinusoidal_no,0.399,0.026,310.277,316.251,True,True,False,1.15,-0.694,0,1.0,1.003,1.189,1.023,0.482,0.352,0.45,"[np.float64(548.9366666666666), np.float64(651.031767), np.float64(722.3205), np.float64(785.40743), np.float64(882.3789999999999)]",,,,,,,,,1.215,0.072,,,,
PRPHA-Cluster_0_yearly_True_window_3_lags_none_sinusoidal_yes_spline,True,3,spline_lags_none_sinusoidal_yes,0.281,0.309,397.582,406.114,True,True,False,0.757,-2.418,0,1.0,1.196,1.019,1.104,0.784,0.816,0.75,"[np.float64(548.9366666666667), np.float64(699.0198), np.float64(752.673333), np.float64(830.524953), np.float64(935.3280037666667)]",,,,,,,,,,,1.112,1.207,0.265,0.222
PRPHA-Cluster_0_yearly_True_window_3_lags_1_sinusoidal_yes_spline,True,3,spline_lags_1_sinusoidal_yes,0.506,0.021,369.97,379.394,True,True,False,1.109,-1.29,0,1.0,1.664,1.056,1.116,0.654,0.839,0.575,"[np.float64(548.9366666666667), np.float64(665.6681), np.float64(732.723834), np.float64(807.506195), np.float64(935.3280037666667)]",1.023,0.414,,,,,,,,,1.175,1.638,0.032,0.363
PRPHA-Cluster_0_yearly_True_window_3_lags_2_sinusoidal_yes_spline,True,3,spline_lags_2_sinusoidal_yes,0.554,0.019,354.52,363.604,True,True,False,1.117,-14.169,0,1.0,2.107,1.283,1.561,0.883,0.889,0.262,"[np.float64(548.9366666666666), np.float64(678.800267), np.float64(740.142667), np.float64(819.865527), np.float64(1022.0535075)]",,,1.499,0.333,,,,,,,1.335,2.117,0.068,0.126
PRPHA-Cluster_0_yearly_True_window_3_lags_3_sinusoidal_yes_spline,True,3,spline_lags_3_sinusoidal_yes,0.508,0.028,342.068,350.796,True,True,False,0.931,-1.072,0,1.0,1.1,1.216,1.038,0.449,0.643,0.944,"[np.float64(548.9366666666667), np.float64(665.3227), np.float64(733.389084), np.float64(799.00667), np.float64(882.379)]",,,,,1.192,0.098,,,,,1.03,1.131,0.056,0.45
PRPHA-Cluster_0_yearly_True_window_3_lags_4_sinusoidal_yes_spline,True,3,spline_lags_4_sinusoidal_yes,0.37,0.409,330.884,339.24,True,True,False,0.745,-2.817,0,1.0,1.208,1.209,1.023,0.96,0.319,0.995,"[np.float64(548.9366666666667), np.float64(616.746), np.float64(720.944), np.float64(775.208), np.float64(882.379)]",,,,,,,1.207,0.425,,,1.037,1.195,0.176,0.276
PRPHA-Cluster_0_yearly_True_window_3_lags_5_sinusoidal_yes_spline,True,3,spline_lags_5_sinusoidal_yes,0.486,0.192,311.143,319.109,True,True,False,1.147,-1.603,0,1.0,1.145,1.199,1.157,0.52,0.326,0.276,"[np.float64(548.9366666666666), np.float64(651.031767), np.float64(722.3205), np.float64(785.40743), np.float64(882.3789999999999)]",,,,,,,,,1.223,0.248,1.097,1.182,0.205,0.545
PRPHA-Cluster_0_yearly_False_window_4_lags_none_sinusoidal_no_spline,False,4,spline_lags_none_sinusoidal_no,0.068,0.467,410.928,417.219,True,True,False,1.017,-0.821,0,1.0,1.0,1.0,1.0,0.756,0.956,0.412,"[np.float64(574.28775), np.float64(678.151), np.float64(771.238499), np.float64(816.66435), np.float64(899.044753)]",,,,,,,,,,,,,,
PRPHA-Cluster_0_yearly_False_window_4_lags_1_sinusoidal_no_spline,False,4,spline_lags_1_sinusoidal_no,0.137,0.142,389.905,397.218,True,True,False,1.063,-1.923,0,1.0,1.014,1.052,1.014,0.856,0.954,0.779,"[np.float64(574.28775), np.float64(675.8977), np.float64(763.138451), np.float64(820.8268), np.float64(935.3280037666667)]",1.081,0.768,,,,,,,,,,,,
PRPHA-Cluster_0_yearly_False_window_4_lags_2_sinusoidal_no_spline,False,4,spline_lags_2_sinusoidal_no,0.192,0.08,374.989,382.057,True,True,False,1.112,-14.62,0,1.0,1.003,1.173,1.016,0.818,0.931,0.775,"[np.float64(574.28775), np.float64(690.249325), np.float64(782.0158), np.float64(823.27268), np.float64(1022.0535075)]",,,1.192,0.543,,,,,,,,,,
PRPHA-Cluster_0_yearly_False_window_4_lags_3_sinusoidal_no_spline,False,4,spline_lags_3_sinusoidal_no,0.271,0.247,358.516,365.329,True,True,False,1.261,-4.389,0,1.0,1.01,1.255,1.003,0.301,0.302,0.438,"[np.float64(574.28775), np.float64(660.6049), np.float64(713.035208), np.float64(802.144875), np.float64(872.5472500000001)]",,,,,1.268,0.291,,,,,,,,
PRPHA-Cluster_0_yearly_False_window_4_lags_4_sinusoidal_no_spline,False,4,spline_lags_4_sinusoidal_no,0.222,0.288,342.734,349.28,True,True,False,1.353,-30.056,0,1.0,1.001,1.232,1.004,0.73,0.246,0.228,"[np.float64(573.1400000000001), np.float64(659.252338), np.float64(694.78795), np.float64(797.161625), np.float64(872.5472500000001)]",,,,,,,1.238,0.19,,,,,,
PRPHA-Cluster_0_yearly_False_window_4_lags_5_sinusoidal_no_spline,False,4,spline_lags_5_sinusoidal_no,0.371,0.033,323.106,329.373,True,True,True,1.517,-0.912,0,1.0,1.008,1.256,1.005,0.983,0.205,0.874,"[np.float64(574.28775), np.float64(673.3225), np.float64(711.58675), np.float64(800.11275), np.float64(872.5472500000001)]",,,,,,,,,1.269,0.024,,,,
PRPHA-Cluster_0_yearly_False_window_4_lags_none_sinusoidal_yes_spline,False,4,spline_lags_none_sinusoidal_yes,0.27,0.965,408.572,417.378,True,True,False,1.102,-3.081,0,1.0,1.046,1.072,1.038,0.812,0.501,0.389,"[np.float64(574.28775), np.float64(678.151), np.float64(771.238499), np.float64(816.66435), np.float64(899.044753)]",,,,,,,,,,,1.047,1.11,0.275,0.076
PRPHA-Cluster_0_yearly_False_window_4_lags_1_sinusoidal_yes_spline,False,4,spline_lags_1_sinusoidal_yes,0.442,0.171,382.996,392.747,True,False,True,1.558,-0.931,0,1.0,1.569,1.455,1.236,0.539,0.219,0.244,"[np.float64(574.28775), np.float64(675.8977), np.float64(763.138451), np.float64(820.8268), np.float64(935.3280037666667)]",1.155,0.441,,,,,,,,,1.098,2.006,0.104,0.04
PRPHA-Cluster_0_yearly_False_window_4_lags_2_sinusoidal_yes_spline,False,4,spline_lags_2_sinusoidal_yes,0.522,0.021,366.365,375.79,True,True,True,1.595,-2.055,0,1.0,1.731,1.996,1.135,0.335,0.112,0.45,"[np.float64(574.28775), np.float64(690.249325), np.float64(782.0158), np.float64(823.27268), np.float64(1022.0535075)]",,,1.293,0.147,,,,,,,1.306,2.263,0.067,0.029
PRPHA-Cluster_0_yearly_False_window_4_lags_3_sinusoidal_yes_spline,False,4,spline_lags_3_sinusoidal_yes,0.465,0.136,355.395,364.479,True,True,False,1.395,-6.94,0,1.0,1.487,1.501,1.242,0.769,0.114,0.153,"[np.float64(574.28775), np.float64(660.6049), np.float64(713.035208), np.float64(802.144875), np.float64(872.5472500000001)]",,,,,1.332,0.116,,,,,1.049,1.849,0.169,0.08
PRPHA-Cluster_0_yearly_False_window_4_lags_4_sinusoidal_yes_spline,False,4,spline_lags_4_sinusoidal_yes,0.489,0.428,337.466,346.195,True,True,True,1.735,-6.996,0,1.0,1.57,1.261,1.046,0.135,0.221,0.253,"[np.float64(573.1400000000001), np.float64(659.252338), np.float64(694.78795), np.float64(797.161625), np.float64(872.5472500000001)]",,,,,,,1.241,0.27,,,1.07,1.566,0.41,0.028
PRPHA-Cluster_0_yearly_False_window_4_lags_5_sinusoidal_yes_spline,False,4,spline_lags_5_sinusoidal_yes,0.542,0.114,320.445,328.801,True,True,False,1.491,-0.99,0,1.0,1.624,1.265,1.216,0.315,0.172,0.418,"[np.float64(574.28775), np.float64(673.3225), np.float64(711.58675), np.float64(800.11275), np.float64(872.5472500000001)]",,,,,,,,,1.284,0.052,1.017,1.803,0.31,0.09
PRPHA-Cluster_0_yearly_True_window_4_lags_none_sinusoidal_no_spline,True,4,spline_lags_none_sinusoidal_no,0.218,0.306,390.149,396.244,True,True,False,0.975,-0.458,0,1.0,1.0,1.0,1.0,0.548,0.982,0.072,"[np.float64(569.13175), np.float64(674.6101), np.float64(756.846001), np.float64(820.8268), np.float64(899.044753)]",,,,,,,,,,,,,,
PRPHA-Cluster_0_yearly_True_window_4_lags_1_sinusoidal_no_spline,True,4,spline_lags_1_sinusoidal_no,0.237,0.083,370.79,377.858,True,True,False,0.671,-1.812,0,1.0,1.0,1.012,1.03,0.695,0.976,0.833,"[np.float64(569.13175), np.float64(672.26715), np.float64(734.216376), np.float64(822.355475), np.float64(935.3280037666667)]",1.042,0.404,,,,,,,,,,,,
PRPHA-Cluster_0_yearly_True_window_4_lags_2_sinusoidal_no_spline,True,4,spline_lags_2_sinusoidal_no,0.298,0.044,355.718,362.531,True,False,False,0.684,-34.989,0,1.0,1.047,1.13,1.007,0.981,0.836,0.532,"[np.float64(569.1317499999999), np.float64(677.8291), np.float64(759.992226), np.float64(812.5019), np.float64(1022.0535075)]",,,1.183,0.366,,,,,,,,,,
PRPHA-Cluster_0_yearly_True_window_4_lags_3_sinusoidal_no_spline,True,4,spline_lags_3_sinusoidal_no,0.397,0.108,338.388,344.934,True,True,False,0.905,-3.781,0,1.0,1.004,1.273,1.004,0.136,0.24,0.675,"[np.float64(569.13175), np.float64(665.93505), np.float64(719.553272), np.float64(803.160938), np.float64(872.5472500000001)]",,,,,1.281,0.144,,,,,,,,
PRPHA-Cluster_0_yearly_True_window_4_lags_4_sinusoidal_no_spline,True,4,spline_lags_4_sinusoidal_no,0.417,0.062,320.369,326.636,True,True,False,0.875,-4.307,0,1.0,1.001,1.316,1.033,0.568,0.041,0.472,"[np.float64(569.13175), np.float64(665.15), np.float64(702.04975), np.float64(800.11275), np.float64(872.5472500000001)]",,,,,,,1.35,0.035,,,,,,
PRPHA-Cluster_0_yearly_True_window_4_lags_5_sinusoidal_no_spline,True,4,spline_lags_5_sinusoidal_no,0.601,0.008,297.771,303.746,True,True,True,1.688,-2.52,0,1.0,1.0,1.212,1.012,0.777,0.089,0.259,"[np.float64(569.13175), np.float64(661.145925), np.float64(706.693538), np.float64(801.128812), np.float64(872.5472500000001)]",,,,,,,,,1.223,0.006,,,,
PRPHA-Cluster_0_yearly_True_window_4_lags_none_sinusoidal_yes_spline,True,4,spline_lags_none_sinusoidal_yes,0.311,0.518,390.977,399.509,True,True,False,0.878,-1.681,0,1.0,1.112,1.059,1.117,0.698,0.678,0.195,"[np.float64(569.13175), np.float64(674.6101), np.float64(756.846001), np.float64(820.8268), np.float64(899.044753)]",,,,,,,,,,,1.031,1.257,0.471,0.207
PRPHA-Cluster_0_yearly_True_window_4_lags_1_sinusoidal_yes_spline,True,4,spline_lags_1_sinusoidal_yes,0.496,0.02,364.843,374.268,True,True,False,0.89,-0.854,0,1.0,1.596,1.138,1.209,0.72,0.538,0.522,"[np.float64(569.13175), np.float64(672.26715), np.float64(734.216376), np.float64(822.355475), np.float64(935.3280037666667)]",1.05,0.201,,,,,,,,,1.21,1.683,0.13,0.059
PRPHA-Cluster_0_yearly_True_window_4_lags_2_sinusoidal_yes_spline,True,4,spline_lags_2_sinusoidal_yes,0.568,0.005,348.53,357.614,True,True,False,0.735,-12.706,0,1.0,1.522,1.528,1.008,0.402,0.288,0.441,"[np.float64(569.1317499999999), np.float64(677.8291), np.float64(759.992226), np.float64(812.5019), np.float64(1022.0535075)]",,,1.215,0.075,,,,,,,1.192,1.65,0.135,0.026
PRPHA-Cluster_0_yearly_True_window_4_lags_3_sinusoidal_yes_spline,True,4,spline_lags_3_sinusoidal_yes,0.482,0.068,339.075,347.803,True,True,False,0.935,-7.885,0,1.0,1.266,1.418,1.016,0.515,0.164,0.814,"[np.float64(569.13175), np.float64(665.93505), np.float64(719.553272), np.float64(803.160938), np.float64(872.5472500000001)]",,,,,1.323,0.081,,,,,1.042,1.335,0.324,0.254
PRPHA-Cluster_0_yearly_True_window_4_lags_4_sinusoidal_yes_spline,True,4,spline_lags_4_sinusoidal_yes,0.579,0.101,317.525,325.881,False,True,False,1.212,-1.563,0,1.0,1.443,1.334,1.316,0.141,0.034,0.923,"[np.float64(569.13175), np.float64(665.15), np.float64(702.04975), np.float64(800.11275), np.float64(872.5472500000001)]",,,,,,,1.351,0.053,,,1.244,1.498,0.572,0.054
PRPHA-Cluster_0_yearly_True_window_4_lags_5_sinusoidal_yes_spline,True,4,spline_lags_5_sinusoidal_yes,0.655,0.027,298.866,306.832,True,True,True,1.669,-5.855,0,1.0,1.47,1.225,1.035,0.804,0.122,0.308,"[np.float64(569.13175), np.float64(661.145925), np.float64(706.693538), np.float64(801.128812), np.float64(872.5472500000001)]",,,,,,,,,1.225,0.019,1.003,1.503,0.458,0.307
PRPHA-Cluster_0_yearly_False_window_5_lags_none_sinusoidal_no_spline,False,5,spline_lags_none_sinusoidal_no,0.271,0.457,394.833,401.123,True,True,False,0.999,-0.277,0,1.0,1.0,1.0,1.0,0.164,0.327,0.143,"[np.float64(569.2854), np.float64(671.2867), np.float64(761.2266), np.float64(799.182103), np.float64(899.044753)]",,,,,,,,,,,,,,
PRPHA-Cluster_0_yearly_False_window_5_lags_1_sinusoidal_no_spline,False,5,spline_lags_1_sinusoidal_no,0.254,0.157,384.084,391.397,True,True,False,1.076,-239.442,0,1.0,1.005,1.0,1.038,0.959,0.342,0.684,"[np.float64(569.2854), np.float64(680.332), np.float64(748.2598), np.float64(807.911403), np.float64(935.3280037666667)]",1.043,0.49,,,,,,,,,,,,
PRPHA-Cluster_0_yearly_False_window_5_lags_2_sinusoidal_no_spline,False,5,spline_lags_2_sinusoidal_no,0.38,0.154,365.627,372.695,True,False,False,0.958,-3.307,0,1.0,1.02,1.128,1.11,0.532,0.146,0.226,"[np.float64(569.2854), np.float64(680.22735), np.float64(740.58423), np.float64(800.175416), np.float64(878.059005)]",,,1.259,0.247,,,,,,,,,,
PRPHA-Cluster_0_yearly_False_window_5_lags_3_sinusoidal_no_spline,False,5,spline_lags_3_sinusoidal_no,0.326,0.298,354.247,361.06,True,True,False,1.068,-1.992,0,1.0,1.181,1.258,1.033,0.609,0.084,0.477,"[np.float64(569.2854), np.float64(662.0817), np.float64(725.333), np.float64(760.955841), np.float64(837.2267333333334)]",,,,,1.472,0.245,,,,,,,,
PRPHA-Cluster_0_yearly_False_window_5_lags_4_sinusoidal_no_spline,False,5,spline_lags_4_sinusoidal_no,0.178,0.295,340.328,346.874,True,True,False,1.265,-8.117,0,1.0,1.04,1.317,1.031,0.516,0.319,0.438,"[np.float64(569.2854), np.float64(661.95205), np.float64(693.589592), np.float64(741.00714), np.float64(837.2267333333334)]",,,,,,,1.389,0.28,,,,,,
PRPHA-Cluster_0_yearly_False_window_5_lags_5_sinusoidal_no_spline,False,5,spline_lags_5_sinusoidal_no,0.65,0.001,306.957,313.225,True,True,False,1.354,0.109,0,1.0,1.002,1.138,1.008,0.046,0.027,0.496,"[np.float64(569.2854), np.float64(652.638), np.float64(679.7605), np.float64(735.0864), np.float64(837.2267333333334)]",,,,,,,,,1.148,0.001,,,,
PRPHA-Cluster_0_yearly_False_window_5_lags_none_sinusoidal_yes_spline,False,5,spline_lags_none_sinusoidal_yes,0.392,0.858,394.128,402.935,True,True,False,0.977,-8.135,0,1.0,1.189,1.035,1.135,0.3,0.167,0.44,"[np.float64(569.2854), np.float64(671.2867), np.float64(761.2266), np.float64(799.182103), np.float64(899.044753)]",,,,,,,,,,,1.099,1.26,0.08,0.425
PRPHA-Cluster_0_yearly_False_window_5_lags_1_sinusoidal_yes_spline,False,5,spline_lags_1_sinusoidal_yes,0.563,0.155,374.739,384.49,False,True,True,1.552,-24.144,0,1.0,1.46,1.012,1.361,0.398,0.119,0.379,"[np.float64(569.2854), np.float64(680.332), np.float64(748.2598), np.float64(807.911403), np.float64(935.3280037666667)]",1.056,0.28,,,,,,,,,1.308,1.47,0.007,0.159
PRPHA-Cluster_0_yearly_False_window_5_lags_2_sinusoidal_yes_spline,False,5,spline_lags_2_sinusoidal_yes,0.713,0.334,351.156,360.58,False,True,False,0.906,-2.593,0,1.0,1.103,1.226,1.173,0.887,0.004,0.166,"[np.float64(569.2854), np.float64(680.22735), np.float64(740.58423), np.float64(800.175416), np.float64(878.059005)]",,,1.275,0.131,,,,,,,1.07,1.158,0.005,0.013
PRPHA-Cluster_0_yearly_False_window_5_lags_3_sinusoidal_yes_spline,False,5,spline_lags_3_sinusoidal_yes,0.456,0.234,353.315,362.399,True,True,False,1.146,-1.678,0,1.0,1.899,1.289,1.114,0.469,0.067,0.85,"[np.float64(569.2854), np.float64(662.0817), np.float64(725.333), np.float64(760.955841), np.float64(837.2267333333334)]",,,,,1.623,0.101,,,,,1.461,1.218,0.111,0.288
PRPHA-Cluster_0_yearly_False_window_5_lags_4_sinusoidal_yes_spline,False,5,spline_lags_4_sinusoidal_yes,0.461,0.16,335.042,343.77,False,True,True,1.691,-16.312,0,1.0,1.533,1.368,1.071,0.065,0.463,0.733,"[np.float64(569.2854), np.float64(661.95205), np.float64(693.589592), np.float64(741.00714), np.float64(837.2267333333334)]",,,,,,,1.402,0.141,,,1.188,1.383,0.037,0.103
PRPHA-Cluster_0_yearly_False_window_5_lags_5_sinusoidal_yes_spline,False,5,spline_lags_5_sinusoidal_yes,0.756,0.002,303.391,311.748,True,True,True,1.707,-37.413,0,1.0,1.438,1.377,1.102,0.007,0.14,0.904,"[np.float64(569.2854), np.float64(652.638), np.float64(679.7605), np.float64(735.0864), np.float64(837.2267333333334)]",,,,,,,,,1.177,0.001,1.294,1.447,0.084,0.095
PRPHA-Cluster_0_yearly_True_window_5_lags_none_sinusoidal_no_spline,True,5,spline_lags_none_sinusoidal_no,0.338,0.041,380.29,386.384,True,True,False,0.697,-1.588,0,1.0,1.0,1.0,1.0,0.126,0.742,0.55,"[np.float64(582.3358000000001), np.float64(680.2722), np.float64(743.5446), np.float64(804.419683), np.float64(899.044753)]",,,,,,,,,,,,,,
PRPHA-Cluster_0_yearly_True_window_5_lags_1_sinusoidal_no_spline,True,5,spline_lags_1_sinusoidal_no,0.417,0.006,366.18,373.249,True,True,False,0.685,-16.609,0,1.0,1.004,1.0,1.046,0.658,0.471,0.701,"[np.float64(582.3358000000001), np.float64(691.66612), np.float64(758.869), np.float64(811.140252), np.float64(935.3280037666667)]",1.049,0.299,,,,,,,,,,,,
PRPHA-Cluster_0_yearly_True_window_5_lags_2_sinusoidal_no_spline,True,5,spline_lags_2_sinusoidal_no,0.458,0.003,350.433,357.246,True,True,False,0.516,-1.56,0,1.0,1.031,1.091,1.016,0.391,0.679,0.935,"[np.float64(582.3358), np.float64(673.07184), np.float64(745.9022), np.float64(802.754078), np.float64(878.059005)]",,,1.138,0.093,,,,,,,,,,
PRPHA-Cluster_0_yearly_True_window_5_lags_3_sinusoidal_no_spline,True,5,spline_lags_3_sinusoidal_no,0.505,0.032,335.007,341.553,True,True,False,1.143,-1.17,0,1.0,1.155,1.252,1.06,0.191,0.651,0.123,"[np.float64(582.3358000000001), np.float64(667.71642), np.float64(725.702167), np.float64(752.190511), np.float64(837.2267333333333)]",,,,,1.468,0.287,,,,,,,,
PRPHA-Cluster_0_yearly_True_window_5_lags_4_sinusoidal_no_spline,True,5,spline_lags_4_sinusoidal_no,0.379,0.029,321.647,327.914,True,True,False,1.037,-2.112,0,1.0,1.042,1.396,1.029,0.871,0.561,0.206,"[np.float64(582.3358000000001), np.float64(661.8224), np.float64(702.04975), np.float64(735.0864), np.float64(837.2267333333334)]",,,,,,,1.467,0.061,,,,,,
PRPHA-Cluster_0_yearly_True_window_5_lags_5_sinusoidal_no_spline,True,5,spline_lags_5_sinusoidal_no,0.745,0.0,288.338,294.312,True,True,True,1.734,-6.41,0,1.0,1.003,1.16,1.02,0.865,0.419,0.346,"[np.float64(582.3358000000001), np.float64(660.4004), np.float64(704.2912), np.float64(750.6174), np.float64(837.2267333333334)]",,,,,,,,,1.183,0.001,,,,
PRPHA-Cluster_0_yearly_True_window_5_lags_none_sinusoidal_yes_spline,True,5,spline_lags_none_sinusoidal_yes,0.436,0.078,380.254,388.786,True,True,False,0.734,-2.813,0,1.0,1.29,1.024,1.015,0.276,0.971,0.631,"[np.float64(582.3358000000001), np.float64(680.2722), np.float64(743.5446), np.float64(804.419683), np.float64(899.044753)]",,,,,,,,,,,1.014,1.317,0.115,0.468
PRPHA-Cluster_0_yearly_True_window_5_lags_1_sinusoidal_yes_spline,True,5,spline_lags_1_sinusoidal_yes,0.629,0.003,359.315,368.739,True,True,False,1.242,-1.181,0,1.0,1.366,1.033,1.12,0.821,0.757,0.247,"[np.float64(582.3358000000001), np.float64(691.66612), np.float64(758.869), np.float64(811.140252), np.float64(935.3280037666667)]",1.056,0.183,,,,,,,,,1.06,1.403,0.015,0.16
PRPHA-Cluster_0_yearly_True_window_5_lags_2_sinusoidal_yes_spline,True,5,spline_lags_2_sinusoidal_yes,0.718,0.002,339.458,348.542,True,True,False,0.703,-1.046,0,1.0,1.093,1.227,1.147,0.518,0.417,0.268,"[np.float64(582.3358), np.float64(673.07184), np.float64(745.9022), np.float64(802.754078), np.float64(878.059005)]",,,1.14,0.049,,,,,,,1.088,1.24,0.009,0.026
PRPHA-Cluster_0_yearly_True_window_5_lags_3_sinusoidal_yes_spline,True,5,spline_lags_3_sinusoidal_yes,0.562,0.03,336.311,345.039,True,True,False,1.103,-1.893,0,1.0,1.751,1.277,1.144,0.789,0.629,0.272,"[np.float64(582.3358000000001), np.float64(667.71642), np.float64(725.702167), np.float64(752.190511), np.float64(837.2267333333333)]",,,,,1.582,0.174,,,,,1.414,1.176,0.307,0.339
PRPHA-Cluster_0_yearly_True_window_5_lags_4_sinusoidal_yes_spline,True,5,spline_lags_4_sinusoidal_yes,0.626,0.01,315.0,323.356,True,True,True,1.952,-2.154,0,1.0,1.423,1.445,1.061,0.158,0.779,0.057,"[np.float64(582.3358000000001), np.float64(661.8224), np.float64(702.04975), np.float64(735.0864), np.float64(837.2267333333334)]",,,,,,,1.475,0.022,,,1.181,1.273,0.03,0.075
PRPHA-Cluster_0_yearly_True_window_5_lags_5_sinusoidal_yes_spline,True,5,spline_lags_5_sinusoidal_yes,0.794,0.001,288.028,295.994,True,True,True,1.998,-14.915,0,1.0,1.419,1.27,1.235,0.559,0.733,0.495,"[np.float64(582.3358000000001), np.float64(660.4004), np.float64(704.2912), np.float64(750.6174), np.float64(837.2267333333334)]",,,,,,,,,1.192,0.001,1.245,1.487,0.161,0.34
PRPHA-Cluster_0_yearly_False_window_6_lags_none_sinusoidal_no_spline,False,6,spline_lags_none_sinusoidal_no,0.117,0.283,390.374,396.665,True,True,False,0.479,-6.213,0,1.0,1.0,1.0,1.0,0.426,0.954,0.662,"[np.float64(580.2631666666666), np.float64(694.063667), np.float64(760.129167), np.float64(802.33825), np.float64(899.044753)]",,,,,,,,,,,,,,
PRPHA-Cluster_0_yearly_False_window_6_lags_1_sinusoidal_no_spline,False,6,spline_lags_1_sinusoidal_no,0.3,0.035,373.378,380.691,True,False,False,0.611,-20.291,0,1.0,1.006,1.002,1.133,0.614,0.965,0.763,"[np.float64(580.2631666666666), np.float64(685.968667), np.float64(739.831867), np.float64(800.239002), np.float64(935.3280037666667)]",1.141,0.205,,,,,,,,,,,,
PRPHA-Cluster_0_yearly_False_window_6_lags_2_sinusoidal_no_spline,False,6,spline_lags_2_sinusoidal_no,0.381,0.043,357.702,364.77,True,False,False,0.706,-0.257,0,1.0,1.025,1.087,1.301,0.643,0.912,0.128,"[np.float64(580.2631666666666), np.float64(663.445167), np.float64(714.937092), np.float64(774.475291), np.float64(878.059005)]",,,1.413,0.502,,,,,,,,,,
PRPHA-Cluster_0_yearly_False_window_6_lags_3_sinusoidal_no_spline,False,6,spline_lags_3_sinusoidal_no,0.329,0.09,347.676,354.489,True,True,False,0.484,-2.275,0,1.0,1.195,1.123,1.041,0.785,0.538,0.267,"[np.float64(580.2631666666666), np.float64(674.518333), np.float64(715.657833), np.float64(758.487584), np.float64(820.8267999999999)]",,,,,1.359,0.055,,,,,,,,
PRPHA-Cluster_0_yearly_False_window_6_lags_4_sinusoidal_no_spline,False,6,spline_lags_4_sinusoidal_no,0.306,0.29,328.478,335.024,True,True,False,1.125,-0.678,0,1.0,1.166,1.511,1.081,0.934,0.653,0.205,"[np.float64(580.2631666666666), np.float64(661.873153), np.float64(704.802542), np.float64(723.655667), np.float64(820.8267999999999)]",,,,,,,1.759,0.262,,,,,,
PRPHA-Cluster_0_yearly_False_window_6_lags_5_sinusoidal_no_spline,False,6,spline_lags_5_sinusoidal_no,0.639,0.004,299.321,305.588,True,True,False,0.994,0.013,0,1.0,1.139,1.329,1.083,0.659,0.5,0.16,"[np.float64(580.2631666666667), np.float64(662.076167), np.float64(714.549), np.float64(739.376333), np.float64(820.8267999999999)]",,,,,,,,,1.551,0.002,,,,
PRPHA-Cluster_0_yearly_False_window_6_lags_none_sinusoidal_yes_spline,False,6,spline_lags_none_sinusoidal_yes,0.254,0.593,389.972,398.779,True,True,False,0.469,-12.37,0,1.0,1.191,1.104,1.021,0.673,0.495,0.696,"[np.float64(580.2631666666666), np.float64(694.063667), np.float64(760.129167), np.float64(802.33825), np.float64(899.044753)]",,,,,,,,,,,1.028,1.288,0.233,0.184
PRPHA-Cluster_0_yearly_False_window_6_lags_1_sinusoidal_yes_spline,False,6,spline_lags_1_sinusoidal_yes,0.508,0.022,368.589,378.34,True,True,False,0.951,-22.196,0,1.0,1.371,1.044,1.2,0.165,0.633,0.912,"[np.float64(580.2631666666666), np.float64(685.968667), np.float64(739.831867), np.float64(800.239002), np.float64(935.3280037666667)]",1.153,0.105,,,,,,,,,1.061,1.4,0.12,0.05
PRPHA-Cluster_0_yearly_False_window_6_lags_2_sinusoidal_yes_spline,False,6,spline_lags_2_sinusoidal_yes,0.579,0.05,352.465,361.89,True,True,False,0.808,-1.075,0,1.0,1.275,1.177,1.443,0.203,0.414,0.112,"[np.float64(580.2631666666666), np.float64(663.445167), np.float64(714.937092), np.float64(774.475291), np.float64(878.059005)]",,,1.479,0.481,,,,,,,1.151,1.266,0.312,0.023
PRPHA-Cluster_0_yearly_False_window_6_lags_3_sinusoidal_yes_spline,False,6,spline_lags_3_sinusoidal_yes,0.665,0.021,335.67,344.754,True,True,False,1.463,-1.91,0,1.0,2.124,1.17,1.341,0.044,0.185,0.006,"[np.float64(580.2631666666666), np.float64(674.518333), np.float64(715.657833), np.float64(758.487584), np.float64(820.8267999999999)]",,,,,1.628,0.001,,,,,1.554,1.453,0.014,0.004
PRPHA-Cluster_0_yearly_False_window_6_lags_4_sinusoidal_yes_spline,False,6,spline_lags_4_sinusoidal_yes,0.601,0.139,320.303,329.031,True,True,True,1.59,-1.51,0,1.0,1.713,1.625,1.16,0.137,0.851,0.506,"[np.float64(580.2631666666666), np.float64(661.873153), np.float64(704.802542), np.float64(723.655667), np.float64(820.8267999999999)]",,,,,,,1.942,0.045,,,1.242,1.314,0.163,0.008
PRPHA-Cluster_0_yearly_False_window_6_lags_5_sinusoidal_yes_spline,False,6,spline_lags_5_sinusoidal_yes,0.803,0.006,290.61,298.967,True,True,True,1.716,0.189,0,1.0,1.547,1.368,1.381,0.094,0.241,0.433,"[np.float64(580.2631666666667), np.float64(662.076167), np.float64(714.549), np.float64(739.376333), np.float64(820.8267999999999)]",,,,,,,,,1.65,0.0,1.301,1.346,0.234,0.009
PRPHA-Cluster_0_yearly_True_window_6_lags_none_sinusoidal_no_spline,True,6,spline_lags_none_sinusoidal_no,0.261,0.207,377.103,383.197,True,True,False,0.484,-3.374,0,1.0,1.0,1.0,1.0,0.283,0.938,0.194,"[np.float64(600.761), np.float64(708.36054), np.float64(733.0661), np.float64(798.273169), np.float64(899.044753)]",,,,,,,,,,,,,,
PRPHA-Cluster_0_yearly_True_window_6_lags_1_sinusoidal_no_spline,True,6,spline_lags_1_sinusoidal_no,0.419,0.007,360.399,367.467,True,True,False,0.498,-0.803,0,1.0,1.007,1.003,1.172,0.844,0.633,0.683,"[np.float64(600.761), np.float64(704.857), np.float64(753.3634), np.float64(800.938751), np.float64(935.3280037666667)]",1.182,0.067,,,,,,,,,,,,
PRPHA-Cluster_0_yearly_True_window_6_lags_2_sinusoidal_no_spline,True,6,spline_lags_2_sinusoidal_no,0.452,0.005,346.006,352.819,True,True,False,0.53,-1.025,0,1.0,1.046,1.106,1.198,0.86,0.985,0.288,"[np.float64(600.761), np.float64(673.004917), np.float64(723.786934), np.float64(782.182446), np.float64(878.059005)]",,,1.351,0.03,,,,,,,,,,
PRPHA-Cluster_0_yearly_True_window_6_lags_3_sinusoidal_no_spline,True,6,spline_lags_3_sinusoidal_no,0.428,0.024,334.547,341.093,True,True,False,0.669,-0.806,0,1.0,1.159,1.134,1.077,0.671,0.876,0.617,"[np.float64(600.7610000000001), np.float64(688.667), np.float64(720.003967), np.float64(759.308375), np.float64(820.8268)]",,,,,1.371,0.045,,,,,,,,
PRPHA-Cluster_0_yearly_True_window_6_lags_4_sinusoidal_no_spline,True,6,spline_lags_4_sinusoidal_no,0.394,0.044,316.497,322.764,True,True,False,0.952,-4.721,0,1.0,1.072,1.517,1.066,0.87,0.675,0.791,"[np.float64(600.761), np.float64(680.572), np.float64(707.555333), np.float64(726.300333), np.float64(820.8267999999999)]",,,,,,,1.655,0.055,,,,,,
PRPHA-Cluster_0_yearly_True_window_6_lags_5_sinusoidal_no_spline,True,6,spline_lags_5_sinusoidal_no,0.776,0.0,281.091,287.065,True,True,True,1.64,0.252,0,1.0,1.018,1.235,1.07,0.79,0.774,0.031,"[np.float64(600.761), np.float64(675.339417), np.float64(709.769652), np.float64(744.564542), np.float64(820.8267999999999)]",,,,,,,,,1.323,0.001,,,,
PRPHA-Cluster_0_yearly_True_window_6_lags_none_sinusoidal_yes_spline,True,6,spline_lags_none_sinusoidal_yes,0.309,0.24,379.432,387.965,True,True,False,0.475,-8.166,0,1.0,1.304,1.063,1.103,0.521,0.772,0.324,"[np.float64(600.761), np.float64(708.36054), np.float64(733.0661), np.float64(798.273169), np.float64(899.044753)]",,,,,,,,,,,1.005,1.465,0.437,0.456
PRPHA-Cluster_0_yearly_True_window_6_lags_1_sinusoidal_yes_spline,True,6,spline_lags_1_sinusoidal_yes,0.594,0.002,355.799,365.223,True,True,False,0.691,-7.704,0,1.0,1.291,1.078,1.323,0.297,0.911,0.302,"[np.float64(600.761), np.float64(704.857), np.float64(753.3634), np.float64(800.938751), np.float64(935.3280037666667)]",1.207,0.021,,,,,,,,,1.133,1.353,0.126,0.058
PRPHA-Cluster_0_yearly_True_window_6_lags_2_sinusoidal_yes_spline,True,6,spline_lags_2_sinusoidal_yes,0.584,0.006,343.666,352.75,True,False,False,0.721,-1.923,0,1.0,1.265,1.212,1.361,0.789,0.524,0.384,"[np.float64(600.761), np.float64(673.004917), np.float64(723.786934), np.float64(782.182446), np.float64(878.059005)]",,,1.4,0.027,,,,,,,1.094,1.344,0.246,0.101
PRPHA-Cluster_0_yearly_True_window_6_lags_3_sinusoidal_yes_spline,True,6,spline_lags_3_sinusoidal_yes,0.541,0.023,333.731,342.459,True,False,False,0.885,-1.74,0,1.0,1.82,1.19,1.189,0.567,0.717,0.973,"[np.float64(600.7610000000001), np.float64(688.667), np.float64(720.003967), np.float64(759.308375), np.float64(820.8268)]",,,,,1.517,0.022,,,,,1.441,1.242,0.426,0.096
PRPHA-Cluster_0_yearly_True_window_6_lags_4_sinusoidal_yes_spline,True,6,spline_lags_4_sinusoidal_yes,0.691,0.004,306.349,314.705,True,True,False,1.494,-4.142,0,1.0,1.421,1.698,1.124,0.07,0.888,0.506,"[np.float64(600.761), np.float64(680.572), np.float64(707.555333), np.float64(726.300333), np.float64(820.8267999999999)]",,,,,,,1.757,0.003,,,1.229,1.257,0.151,0.005
PRPHA-Cluster_0_yearly_True_window_6_lags_5_sinusoidal_yes_spline,True,6,spline_lags_5_sinusoidal_yes,0.89,0.001,270.936,278.901,True,True,False,2.583,0.02,0,1.0,1.355,1.344,1.075,0.67,0.989,0.006,"[np.float64(600.761), np.float64(675.339417), np.float64(709.769652), np.float64(744.564542), np.float64(820.8267999999999)]",,,,,,,,,1.336,0.0,1.291,1.147,0.956,0.004
PRPHA-Cluster_0_yearly_False_window_7_lags_none_sinusoidal_no_spline,False,7,spline_lags_none_sinusoidal_no,0.125,0.249,393.704,399.994,True,True,False,0.484,-7.983,0,1.0,1.0,1.0,1.0,0.853,0.893,0.383,"[np.float64(596.3522857142858), np.float64(704.129943), np.float64(746.356607), np.float64(779.996953), np.float64(899.044753)]",,,,,,,,,,,,,,
PRPHA-Cluster_0_yearly_False_window_7_lags_1_sinusoidal_no_spline,False,7,spline_lags_1_sinusoidal_no,0.284,0.068,377.524,384.838,True,True,False,0.957,-0.352,0,1.0,1.07,1.007,1.103,0.448,0.661,0.573,"[np.float64(596.3522857142858), np.float64(704.026434), np.float64(737.190229), np.float64(771.90624), np.float64(849.013502825)]",1.18,0.122,,,,,,,,,,,,
PRPHA-Cluster_0_yearly_False_window_7_lags_2_sinusoidal_no_spline,False,7,spline_lags_2_sinusoidal_no,0.475,0.009,357.713,364.782,True,True,False,1.429,-0.093,0,1.0,1.012,1.021,1.007,0.032,0.323,0.471,"[np.float64(596.3522857142856), np.float64(702.350714), np.float64(730.28575), np.float64(763.100886), np.float64(820.8268)]",,,1.041,0.017,,,,,,,,,,
PRPHA-Cluster_0_yearly_False_window_7_lags_3_sinusoidal_no_spline,False,7,spline_lags_3_sinusoidal_no,0.479,0.009,343.89,350.703,True,True,False,1.305,-1.773,0,1.0,1.123,1.106,1.128,0.14,0.284,0.549,"[np.float64(596.3522857142858), np.float64(697.530571), np.float64(717.794429), np.float64(751.452114), np.float64(820.8268000000002)]",,,,,1.357,0.008,,,,,,,,
PRPHA-Cluster_0_yearly_False_window_7_lags_4_sinusoidal_no_spline,False,7,spline_lags_4_sinusoidal_no,0.497,0.019,325.203,331.749,True,True,True,1.697,-14.711,0,1.0,1.001,1.586,1.004,0.255,0.154,0.615,"[np.float64(596.3522857142858), np.float64(662.90703), np.float64(707.962534), np.float64(746.356607), np.float64(820.8268)]",,,,,,,1.591,0.019,,,,,,
PRPHA-Cluster_0_yearly_False_window_7_lags_5_sinusoidal_no_spline,False,7,spline_lags_5_sinusoidal_no,0.703,0.0,297.661,303.928,True,True,True,1.847,-0.731,0,1.0,1.007,1.48,1.01,0.293,0.212,0.05,"[np.float64(596.3522857142858), np.float64(679.7605), np.float64(710.957143), np.float64(750.523143), np.float64(820.8267999999999)]",,,,,,,,,1.497,0.0,,,,
PRPHA-Cluster_0_yearly_False_window_7_lags_none_sinusoidal_yes_spline,False,7,spline_lags_none_sinusoidal_yes,0.215,0.356,394.887,403.694,True,True,False,0.459,-6.919,0,1.0,1.36,1.091,1.072,0.58,0.56,0.241,"[np.float64(596.3522857142858), np.float64(704.129943), np.float64(746.356607), np.float64(779.996953), np.float64(899.044753)]",,,,,,,,,,,1.052,1.472,0.564,0.174
PRPHA-Cluster_0_yearly_False_window_7_lags_1_sinusoidal_yes_spline,False,7,spline_lags_1_sinusoidal_yes,0.368,0.21,378.401,388.152,True,True,False,1.073,-1.657,0,1.0,1.264,1.043,1.13,0.209,0.946,0.431,"[np.float64(596.3522857142858), np.float64(704.026434), np.float64(737.190229), np.float64(771.90624), np.float64(849.013502825)]",1.182,0.144,,,,,,,,,1.008,1.248,0.523,0.174
PRPHA-Cluster_0_yearly_False_window_7_lags_2_sinusoidal_yes_spline,False,7,spline_lags_2_sinusoidal_yes,0.623,0.046,353.757,363.181,True,True,True,1.967,-0.302,0,1.0,1.267,1.039,1.082,0.003,0.688,0.897,"[np.float64(596.3522857142856), np.float64(702.350714), np.float64(730.28575), np.float64(763.100886), np.float64(820.8268)]",,,1.043,0.014,,,,,,,1.115,1.229,0.183,0.035
PRPHA-Cluster_0_yearly_False_window_7_lags_3_sinusoidal_yes_spline,False,7,spline_lags_3_sinusoidal_yes,0.727,0.002,332.986,342.07,True,True,True,2.14,-0.89,0,1.0,1.888,1.216,1.254,0.002,0.722,0.81,"[np.float64(596.3522857142858), np.float64(697.530571), np.float64(717.794429), np.float64(751.452114), np.float64(820.8268000000002)]",,,,,1.57,0.0,,,,,1.561,1.227,0.018,0.007
PRPHA-Cluster_0_yearly_False_window_7_lags_4_sinusoidal_yes_spline,False,7,spline_lags_4_sinusoidal_yes,0.728,0.008,315.693,324.422,True,True,True,2.168,-27.106,0,1.0,1.365,1.775,1.087,0.033,0.479,0.855,"[np.float64(596.3522857142858), np.float64(662.90703), np.float64(707.962534), np.float64(746.356607), np.float64(820.8268)]",,,,,,,1.676,0.003,,,1.393,1.158,0.283,0.004
PRPHA-Cluster_0_yearly_False_window_7_lags_5_sinusoidal_yes_spline,False,7,spline_lags_5_sinusoidal_yes,0.865,0.0,285.071,293.427,True,True,True,2.446,0.161,0,1.0,1.338,1.525,1.248,0.123,0.293,0.003,"[np.float64(596.3522857142858), np.float64(679.7605), np.float64(710.957143), np.float64(750.523143), np.float64(820.8267999999999)]",,,,,,,,,1.511,0.0,1.461,1.139,0.51,0.002
PRPHA-Cluster_0_yearly_True_window_7_lags_none_sinusoidal_no_spline,True,7,spline_lags_none_sinusoidal_no,0.218,0.19,380.178,386.272,True,True,False,0.64,-21.761,0,1.0,1.0,1.0,1.0,0.614,0.447,0.366,"[np.float64(631.045), np.float64(722.481629), np.float64(756.8746), np.float64(782.693857), np.float64(899.044753)]",,,,,,,,,,,,,,
PRPHA-Cluster_0_yearly_True_window_7_lags_1_sinusoidal_no_spline,True,7,spline_lags_1_sinusoidal_no,0.373,0.046,363.615,370.684,True,True,False,0.78,-0.337,0,1.0,1.121,1.01,1.018,0.976,0.68,0.936,"[np.float64(631.045), np.float64(719.845079), np.float64(752.381086), np.float64(785.797435), np.float64(849.013502825)]",1.149,0.053,,,,,,,,,,,,
PRPHA-Cluster_0_yearly_True_window_7_lags_2_sinusoidal_no_spline,True,7,spline_lags_2_sinusoidal_no,0.537,0.003,343.999,350.812,True,True,False,0.992,-2.125,0,1.0,1.011,1.006,1.02,0.085,0.468,0.41,"[np.float64(631.045), np.float64(708.960737), np.float64(735.523614), np.float64(763.649115), np.float64(820.8268)]",,,1.037,0.011,,,,,,,,,,
PRPHA-Cluster_0_yearly_True_window_7_lags_3_sinusoidal_no_spline,True,7,spline_lags_3_sinusoidal_no,0.494,0.004,332.148,338.694,True,True,False,1.181,-24.005,0,1.0,1.116,1.063,1.004,0.137,0.585,0.769,"[np.float64(631.045), np.float64(703.998321), np.float64(729.775571), np.float64(761.703714), np.float64(820.8268)]",,,,,1.183,0.003,,,,,,,,
PRPHA-Cluster_0_yearly_True_window_7_lags_4_sinusoidal_no_spline,True,7,spline_lags_4_sinusoidal_no,0.491,0.023,314.345,320.612,True,True,False,1.237,-0.508,0,1.0,1.003,1.445,1.038,0.225,0.338,0.424,"[np.float64(631.045), np.float64(702.04975), np.float64(723.653429), np.float64(750.523143), np.float64(820.8268)]",,,,,,,1.486,0.029,,,,,,
PRPHA-Cluster_0_yearly_True_window_7_lags_5_sinusoidal_no_spline,True,7,spline_lags_5_sinusoidal_no,0.555,0.003,294.664,300.638,True,True,True,2.28,-9.98,0,1.0,1.104,1.372,1.0,0.869,0.253,0.99,"[np.float64(631.045), np.float64(680.28613), np.float64(711.238044), np.float64(738.856843), np.float64(820.8268000000002)]",,,,,,,,,1.477,0.005,,,,
PRPHA-Cluster_0_yearly_True_window_7_lags_none_sinusoidal_yes_spline,True,7,spline_lags_none_sinusoidal_yes,0.331,0.222,380.263,388.795,True,True,False,0.628,-23.687,0,1.0,1.255,1.113,1.029,0.774,0.211,0.407,"[np.float64(631.045), np.float64(722.481629), np.float64(756.8746), np.float64(782.693857), np.float64(899.044753)]",,,,,,,,,,,1.095,1.302,0.406,0.125
PRPHA-Cluster_0_yearly_True_window_7_lags_1_sinusoidal_yes_spline,True,7,spline_lags_1_sinusoidal_yes,0.504,0.139,362.016,371.441,True,True,False,0.93,-0.917,0,1.0,1.243,1.11,1.293,0.54,0.244,0.591,"[np.float64(631.045), np.float64(719.845079), np.float64(752.381086), np.float64(785.797435), np.float64(849.013502825)]",1.15,0.053,,,,,,,,,1.051,1.445,0.37,0.086
PRPHA-Cluster_0_yearly_True_window_7_lags_2_sinusoidal_yes_spline,True,7,spline_lags_2_sinusoidal_yes,0.751,0.003,333.779,342.863,True,True,False,1.136,0.17,0,1.0,1.249,1.014,1.021,0.002,0.713,0.241,"[np.float64(631.045), np.float64(708.960737), np.float64(735.523614), np.float64(763.649115), np.float64(820.8268)]",,,1.04,0.003,,,,,,,1.061,1.182,0.091,0.005
PRPHA-Cluster_0_yearly_True_window_7_lags_3_sinusoidal_yes_spline,True,7,spline_lags_3_sinusoidal_yes,0.808,0.0,314.826,323.554,True,True,True,2.236,-34.66,0,1.0,1.697,1.25,1.247,0.001,0.409,0.275,"[np.float64(631.045), np.float64(703.998321), np.float64(729.775571), np.float64(761.703714), np.float64(820.8268)]",,,,,1.315,0.0,,,,,1.748,1.131,0.004,0.002
PRPHA-Cluster_0_yearly_True_window_7_lags_4_sinusoidal_yes_spline,True,7,spline_lags_4_sinusoidal_yes,0.806,0.001,298.04,306.396,True,True,True,1.842,-3.039,0,1.0,1.234,1.718,1.231,0.01,0.832,0.548,"[np.float64(631.045), np.float64(702.04975), np.float64(723.653429), np.float64(750.523143), np.float64(820.8268)]",,,,,,,1.579,0.0,,,1.372,1.233,0.066,0.001
PRPHA-Cluster_0_yearly_True_window_7_lags_5_sinusoidal_yes_spline,True,7,spline_lags_5_sinusoidal_yes,0.723,0.002,289.16,297.125,True,True,False,2.664,-0.546,0,1.0,1.504,1.395,1.113,0.349,0.308,0.461,"[np.float64(631.045), np.float64(680.28613), np.float64(711.238044), np.float64(738.856843), np.float64(820.8268000000002)]",,,,,,,,,1.488,0.004,1.376,1.148,0.388,0.021
PRPHA-Cluster_0_yearly_False_window_8_lags_none_sinusoidal_no_spline,False,8,spline_lags_none_sinusoidal_no,0.186,0.491,389.458,395.749,True,True,False,0.406,-11.907,0,1.0,1.0,1.0,1.0,0.979,0.129,0.776,"[np.float64(623.401875), np.float64(709.761639), np.float64(744.036125), np.float64(771.90624), np.float64(899.044753)]",,,,,,,,,,,,,,
PRPHA-Cluster_0_yearly_False_window_8_lags_1_sinusoidal_no_spline,False,8,spline_lags_1_sinusoidal_no,0.386,0.177,371.495,378.808,True,True,False,0.759,-3.808,0,1.0,1.13,1.001,1.041,0.482,0.309,0.287,"[np.float64(623.401875), np.float64(707.214021), np.float64(741.070115), np.float64(765.890849), np.float64(849.013502825)]",1.173,0.098,,,,,,,,,,,,
PRPHA-Cluster_0_yearly_False_window_8_lags_2_sinusoidal_no_spline,False,8,spline_lags_2_sinusoidal_no,0.548,0.026,352.117,359.185,True,True,False,0.63,-9.443,0,1.0,1.086,1.0,1.017,0.045,0.664,0.724,"[np.float64(623.4018749999999), np.float64(698.1112), np.float64(731.31385), np.float64(751.246938), np.float64(808.7176691666667)]",,,1.103,0.016,,,,,,,,,,
PRPHA-Cluster_0_yearly_False_window_8_lags_3_sinusoidal_no_spline,False,8,spline_lags_3_sinusoidal_no,0.728,0.006,326.983,333.796,True,True,False,1.378,0.564,0,1.0,1.008,1.016,1.003,0.018,0.176,0.247,"[np.float64(623.4018749999999), np.float64(694.521925), np.float64(717.173123), np.float64(736.59705), np.float64(771.90624)]",,,,,1.027,0.0,,,,,,,,
PRPHA-Cluster_0_yearly_False_window_8_lags_4_sinusoidal_no_spline,False,8,spline_lags_4_sinusoidal_no,0.732,0.013,309.139,315.685,True,True,True,1.664,-0.919,0,1.0,1.0,1.364,1.001,0.013,0.034,0.53,"[np.float64(623.401875), np.float64(673.054679), np.float64(703.176104), np.float64(733.52365), np.float64(771.90624)]",,,,,,,1.366,0.001,,,,,,
PRPHA-Cluster_0_yearly_False_window_8_lags_5_sinusoidal_no_spline,False,8,spline_lags_5_sinusoidal_no,0.773,0.001,289.607,295.874,True,True,True,1.502,-0.358,0,1.0,1.061,1.377,1.0,0.127,0.065,0.101,"[np.float64(623.401875), np.float64(662.076167), np.float64(704.302457), np.float64(736.10175), np.float64(771.90624)]",,,,,,,,,1.439,0.0,,,,
PRPHA-Cluster_0_yearly_False_window_8_lags_none_sinusoidal_yes_spline,False,8,spline_lags_none_sinusoidal_yes,0.326,0.43,388.528,397.334,True,False,False,0.573,-0.241,0,1.0,1.373,1.414,1.01,0.373,0.026,0.742,"[np.float64(623.401875), np.float64(709.761639), np.float64(744.036125), np.float64(771.90624), np.float64(899.044753)]",,,,,,,,,,,1.058,1.74,0.771,0.064
PRPHA-Cluster_0_yearly_False_window_8_lags_1_sinusoidal_yes_spline,False,8,spline_lags_1_sinusoidal_yes,0.459,0.37,372.321,382.072,True,True,False,0.961,-2.108,0,1.0,1.435,1.33,1.118,0.196,0.108,0.343,"[np.float64(623.401875), np.float64(707.214021), np.float64(741.070115), np.float64(765.890849), np.float64(849.013502825)]",1.196,0.146,,,,,,,,,1.09,1.596,0.894,0.149
PRPHA-Cluster_0_yearly_False_window_8_lags_2_sinusoidal_yes_spline,False,8,spline_lags_2_sinusoidal_yes,0.633,0.101,351.109,360.534,True,True,False,0.744,-6.412,0,1.0,1.362,1.176,1.055,0.01,0.685,0.899,"[np.float64(623.4018749999999), np.float64(698.1112), np.float64(731.31385), np.float64(751.246938), np.float64(808.7176691666667)]",,,1.131,0.037,,,,,,,1.057,1.405,0.567,0.091
PRPHA-Cluster_0_yearly_False_window_8_lags_3_sinusoidal_yes_spline,False,8,spline_lags_3_sinusoidal_yes,0.854,0.074,316.708,325.792,True,True,True,1.91,0.467,0,1.0,1.123,1.452,1.129,0.0,0.335,0.262,"[np.float64(623.4018749999999), np.float64(694.521925), np.float64(717.173123), np.float64(736.59705), np.float64(771.90624)]",,,,,1.029,0.0,,,,,1.136,1.54,0.181,0.003
PRPHA-Cluster_0_yearly_False_window_8_lags_4_sinusoidal_yes_spline,False,8,spline_lags_4_sinusoidal_yes,0.835,0.009,302.509,311.237,True,True,True,1.709,-1.237,0,1.0,1.513,2.77,1.301,0.002,0.932,0.378,"[np.float64(623.401875), np.float64(673.054679), np.float64(703.176104), np.float64(733.52365), np.float64(771.90624)]",,,,,,,1.721,0.0,,,1.887,1.976,0.382,0.011
PRPHA-Cluster_0_yearly_False_window_8_lags_5_sinusoidal_yes_spline,False,8,spline_lags_5_sinusoidal_yes,0.815,0.005,289.313,297.669,False,True,True,1.655,-0.938,0,1.0,1.405,2.289,1.192,0.075,0.674,0.166,"[np.float64(623.401875), np.float64(662.076167), np.float64(704.302457), np.float64(736.10175), np.float64(771.90624)]",,,,,,,,,1.618,0.0,1.491,1.777,0.69,0.11
PRPHA-Cluster_0_yearly_True_window_8_lags_none_sinusoidal_no_spline,True,8,spline_lags_none_sinusoidal_no,0.376,0.465,370.56,376.654,True,True,False,0.503,-8.247,0,1.0,1.0,1.0,1.0,0.836,0.015,0.738,"[np.float64(635.59075), np.float64(718.44312), np.float64(744.363775), np.float64(775.606959), np.float64(899.044753)]",,,,,,,,,,,,,,
PRPHA-Cluster_0_yearly_True_window_8_lags_1_sinusoidal_no_spline,True,8,spline_lags_1_sinusoidal_no,0.577,0.105,350.44,357.508,True,True,False,0.695,-3.498,0,1.0,1.128,1.0,1.009,0.706,0.033,0.974,"[np.float64(635.59075), np.float64(700.8785), np.float64(736.968525), np.float64(757.040564), np.float64(849.013502825)]",1.137,0.011,,,,,,,,,,,,
PRPHA-Cluster_0_yearly_True_window_8_lags_2_sinusoidal_no_spline,True,8,spline_lags_2_sinusoidal_no,0.588,0.021,337.953,344.766,True,True,False,0.39,-19.582,0,1.0,1.085,1.042,1.0,0.123,0.474,0.96,"[np.float64(635.5907500000001), np.float64(700.354875), np.float64(735.36515), np.float64(752.361876), np.float64(808.7176691666667)]",,,1.127,0.02,,,,,,,,,,
PRPHA-Cluster_0_yearly_True_window_8_lags_3_sinusoidal_no_spline,True,8,spline_lags_3_sinusoidal_no,0.648,0.009,320.961,327.507,True,True,False,0.777,-1.419,0,1.0,1.002,1.011,1.067,0.125,0.598,0.554,"[np.float64(635.5907500000001), np.float64(699.83125), np.float64(720.365386), np.float64(737.58765), np.float64(771.90624)]",,,,,1.08,0.0,,,,,,,,
PRPHA-Cluster_0_yearly_True_window_8_lags_4_sinusoidal_no_spline,True,8,spline_lags_4_sinusoidal_no,0.615,0.015,304.75,311.017,True,True,False,0.909,-8.745,0,1.0,1.015,1.068,1.008,0.06,0.371,0.413,"[np.float64(635.59075), np.float64(665.437833), np.float64(704.302457), np.float64(736.10175), np.float64(771.90624)]",,,,,,,1.092,0.001,,,,,,
PRPHA-Cluster_0_yearly_True_window_8_lags_5_sinusoidal_no_spline,True,8,spline_lags_5_sinusoidal_no,0.636,0.004,286.417,292.391,True,True,False,1.38,-5.724,0,1.0,1.133,1.241,1.002,0.73,0.863,0.903,"[np.float64(641.226), np.float64(679.44835), np.float64(707.941912), np.float64(736.968525), np.float64(771.90624)]",,,,,,,,,1.377,0.001,,,,
PRPHA-Cluster_0_yearly_True_window_8_lags_none_sinusoidal_yes_spline,True,8,spline_lags_none_sinusoidal_yes,0.524,0.215,367.789,376.321,True,False,False,0.603,-9.156,0,1.0,1.188,1.196,1.006,0.483,0.003,0.835,"[np.float64(635.59075), np.float64(718.44312), np.float64(744.363775), np.float64(775.606959), np.float64(899.044753)]",,,,,,,,,,,1.065,1.326,0.909,0.029
PRPHA-Cluster_0_yearly_True_window_8_lags_1_sinusoidal_yes_spline,True,8,spline_lags_1_sinusoidal_yes,0.645,0.108,350.225,359.649,True,True,False,0.824,-2.873,0,1.0,1.444,1.133,1.223,0.261,0.017,0.823,"[np.float64(635.59075), np.float64(700.8785), np.float64(736.968525), np.float64(757.040564), np.float64(849.013502825)]",1.168,0.021,,,,,,,,,1.212,1.42,0.951,0.099
PRPHA-Cluster_0_yearly_True_window_8_lags_2_sinusoidal_yes_spline,True,8,spline_lags_2_sinusoidal_yes,0.683,0.048,335.931,345.015,True,False,False,0.492,-1.448,0,1.0,1.37,1.149,1.136,0.024,0.246,0.717,"[np.float64(635.5907500000001), np.float64(700.354875), np.float64(735.36515), np.float64(752.361876), np.float64(808.7176691666667)]",,,1.161,0.044,,,,,,,1.191,1.303,0.966,0.052
PRPHA-Cluster_0_yearly_True_window_8_lags_3_sinusoidal_yes_spline,True,8,spline_lags_3_sinusoidal_yes,0.858,0.005,304.898,313.626,True,True,False,1.111,-0.328,0,1.0,1.194,1.229,1.192,0.001,0.321,0.099,"[np.float64(635.5907500000001), np.float64(699.83125), np.float64(720.365386), np.float64(737.58765), np.float64(771.90624)]",,,,,1.083,0.0,,,,,1.215,1.318,0.175,0.0
PRPHA-Cluster_0_yearly_True_window_8_lags_4_sinusoidal_yes_spline,True,8,spline_lags_4_sinusoidal_yes,0.869,0.0,286.131,294.487,True,True,False,1.284,-3.075,0,1.0,1.411,1.608,1.056,0.001,0.89,0.195,"[np.float64(635.59075), np.float64(665.437833), np.float64(704.302457), np.float64(736.10175), np.float64(771.90624)]",,,,,,,1.108,0.0,,,1.838,1.13,0.434,0.0
PRPHA-Cluster_0_yearly_True_window_8_lags_5_sinusoidal_yes_spline,True,8,spline_lags_5_sinusoidal_yes,0.832,0.001,275.021,282.987,True,True,True,2.158,-0.647,0,1.0,1.496,1.878,1.121,0.403,0.482,0.477,"[np.float64(641.226), np.float64(679.44835), np.float64(707.941912), np.float64(736.968525), np.float64(771.90624)]",,,,,,,,,1.399,0.0,1.781,1.315,0.783,0.005
PRPHA-Cluster_0_yearly_False_window_9_lags_none_sinusoidal_no_spline,False,9,spline_lags_none_sinusoidal_no,0.335,0.346,383.497,389.788,True,True,False,0.602,-9.728,0,1.0,1.0,1.0,1.0,0.168,0.046,0.806,"[np.float64(628.2917777777777), np.float64(707.941912), np.float64(731.448233), np.float64(764.382418), np.float64(837.2498024)]",,,,,,,,,,,,,,
PRPHA-Cluster_0_yearly_False_window_9_lags_1_sinusoidal_no_spline,False,9,spline_lags_1_sinusoidal_no,0.461,0.152,366.447,373.76,True,True,False,0.899,-0.491,0,1.0,1.001,1.001,1.16,0.038,0.169,0.925,"[np.float64(628.2917777777778), np.float64(686.790778), np.float64(719.687689), np.float64(755.766), np.float64(802.0261444714286)]",1.162,0.047,,,,,,,,,,,,
PRPHA-Cluster_0_yearly_False_window_9_lags_2_sinusoidal_no_spline,False,9,spline_lags_2_sinusoidal_no,0.527,0.031,350.497,357.565,True,True,False,0.676,-11.558,0,1.0,1.061,1.001,1.005,0.051,0.475,0.974,"[np.float64(628.2917777777777), np.float64(686.325333), np.float64(718.928239), np.float64(740.642673), np.float64(808.7176691666667)]",,,1.067,0.013,,,,,,,,,,
PRPHA-Cluster_0_yearly_False_window_9_lags_3_sinusoidal_no_spline,False,9,spline_lags_3_sinusoidal_no,0.64,0.03,329.902,336.715,True,True,False,0.723,0.385,0,1.0,1.002,1.002,1.019,0.196,0.657,0.177,"[np.float64(628.2917777777778), np.float64(685.859889), np.float64(710.125585), np.float64(725.487234), np.float64(771.9062399999999)]",,,,,1.023,0.0,,,,,,,,
PRPHA-Cluster_0_yearly_False_window_9_lags_4_sinusoidal_no_spline,False,9,spline_lags_4_sinusoidal_no,0.583,0.732,316.197,322.744,True,True,False,0.748,-4.914,0,1.0,1.019,1.073,1.131,0.147,0.668,0.175,"[np.float64(628.2917777777778), np.float64(665.854703), np.float64(711.995743), np.float64(727.081922), np.float64(771.90624)]",,,,,,,1.223,0.093,,,,,,
PRPHA-Cluster_0_yearly_False_window_9_lags_5_sinusoidal_no_spline,False,9,spline_lags_5_sinusoidal_no,0.613,0.146,298.874,305.141,True,True,False,1.262,-0.025,0,1.0,1.101,1.082,1.017,0.979,0.294,0.129,"[np.float64(633.0695), np.float64(680.5114), np.float64(711.581367), np.float64(733.501444), np.float64(771.90624)]",,,,,,,,,1.2,0.005,,,,
PRPHA-Cluster_0_yearly_False_window_9_lags_none_sinusoidal_yes_spline,False,9,spline_lags_none_sinusoidal_yes,0.573,0.342,375.997,384.804,True,True,False,1.323,-2.058,0,1.0,1.38,1.307,1.042,0.006,0.001,0.732,"[np.float64(628.2917777777777), np.float64(707.941912), np.float64(731.448233), np.float64(764.382418), np.float64(837.2498024)]",,,,,,,,,,,1.068,1.661,0.427,0.004
PRPHA-Cluster_0_yearly_False_window_9_lags_1_sinusoidal_yes_spline,False,9,spline_lags_1_sinusoidal_yes,0.626,0.227,361.34,371.091,True,True,False,1.312,-0.879,0,1.0,1.519,1.141,1.203,0.002,0.028,0.803,"[np.float64(628.2917777777778), np.float64(686.790778), np.float64(719.687689), np.float64(755.766), np.float64(802.0261444714286)]",1.174,0.05,,,,,,,,,1.05,1.639,0.711,0.014
PRPHA-Cluster_0_yearly_False_window_9_lags_2_sinusoidal_yes_spline,False,9,spline_lags_2_sinusoidal_yes,0.646,0.087,347.555,356.979,True,True,False,1.161,-7.298,0,1.0,1.728,1.108,1.067,0.006,0.143,0.723,"[np.float64(628.2917777777777), np.float64(686.325333), np.float64(718.928239), np.float64(740.642673), np.float64(808.7176691666667)]",,,1.104,0.035,,,,,,,1.1,1.7,0.587,0.034
PRPHA-Cluster_0_yearly_False_window_9_lags_3_sinusoidal_yes_spline,False,9,spline_lags_3_sinusoidal_yes,0.844,0.035,314.672,323.756,True,True,True,1.968,0.159,0,1.0,2.3,1.019,1.121,0.0,0.84,0.006,"[np.float64(628.2917777777778), np.float64(685.859889), np.float64(710.125585), np.float64(725.487234), np.float64(771.9062399999999)]",,,,,1.024,0.0,,,,,1.341,2.075,0.039,0.001
PRPHA-Cluster_0_yearly_False_window_9_lags_4_sinusoidal_yes_spline,False,9,spline_lags_4_sinusoidal_yes,0.756,0.934,308.431,317.159,True,True,False,1.461,-79.912,0,1.0,1.483,1.538,1.3,0.006,0.231,0.229,"[np.float64(628.2917777777778), np.float64(665.854703), np.float64(711.995743), np.float64(727.081922), np.float64(771.90624)]",,,,,,,1.284,0.089,,,1.613,1.424,0.284,0.007
PRPHA-Cluster_0_yearly_False_window_9_lags_5_sinusoidal_yes_spline,False,9,spline_lags_5_sinusoidal_yes,0.79,0.721,290.099,298.455,True,True,True,2.135,-7.804,0,1.0,1.643,1.423,1.029,0.049,0.021,0.022,"[np.float64(633.0695), np.float64(680.5114), np.float64(711.581367), np.float64(733.501444), np.float64(771.90624)]",,,,,,,,,1.218,0.032,1.39,1.487,0.117,0.006
PRPHA-Cluster_0_yearly_True_window_9_lags_none_sinusoidal_no_spline,True,9,spline_lags_none_sinusoidal_no,0.38,0.212,372.63,378.725,True,True,False,0.533,0.175,0,1.0,1.0,1.0,1.0,0.156,0.059,0.656,"[np.float64(635.542), np.float64(704.302457), np.float64(732.140533), np.float64(767.254557), np.float64(837.2498024)]",,,,,,,,,,,,,,
PRPHA-Cluster_0_yearly_True_window_9_lags_1_sinusoidal_no_spline,True,9,spline_lags_1_sinusoidal_no,0.608,0.151,349.574,356.643,False,True,False,0.58,-2.541,0,1.0,1.012,1.003,1.234,0.092,0.033,0.687,"[np.float64(635.5419999999999), np.float64(701.629871), np.float64(730.996233), np.float64(766.829134), np.float64(802.0261444714286)]",1.25,0.011,,,,,,,,,,,,
PRPHA-Cluster_0_yearly_True_window_9_lags_2_sinusoidal_no_spline,True,9,spline_lags_2_sinusoidal_no,0.581,0.029,338.157,344.97,True,True,False,0.525,-4.465,0,1.0,1.078,1.0,1.011,0.117,0.293,0.906,"[np.float64(635.542), np.float64(698.957284), np.float64(728.929356), np.float64(755.178876), np.float64(808.7176691666667)]",,,1.09,0.009,,,,,,,,,,
PRPHA-Cluster_0_yearly_True_window_9_lags_3_sinusoidal_no_spline,True,9,spline_lags_3_sinusoidal_no,0.625,0.03,321.237,327.784,True,True,False,0.89,-5.252,0,1.0,1.0,1.004,1.056,0.189,0.499,0.228,"[np.float64(635.542), np.float64(700.806075), np.float64(714.791621), np.float64(727.4668), np.float64(771.90624)]",,,,,1.06,0.001,,,,,,,,
PRPHA-Cluster_0_yearly_True_window_9_lags_4_sinusoidal_no_spline,True,9,spline_lags_4_sinusoidal_no,0.545,0.402,308.263,314.53,True,True,False,0.765,0.119,0,1.0,1.031,1.088,1.032,0.09,0.617,0.849,"[np.float64(635.5419999999999), np.float64(678.837444), np.float64(711.581367), np.float64(733.501444), np.float64(771.90624)]",,,,,,,1.151,0.046,,,,,,
PRPHA-Cluster_0_yearly_True_window_9_lags_5_sinusoidal_no_spline,True,9,spline_lags_5_sinusoidal_no,0.615,0.011,284.614,290.588,True,False,True,1.824,-3.316,0,1.0,1.118,1.214,1.001,0.937,0.451,0.111,"[np.float64(641.226), np.float64(689.026862), np.float64(711.958072), np.float64(730.996233), np.float64(771.9062399999999)]",,,,,,,,,1.333,0.002,,,,
PRPHA-Cluster_0_yearly_True_window_9_lags_none_sinusoidal_yes_spline,True,9,spline_lags_none_sinusoidal_yes,0.54,0.081,369.155,377.687,True,True,False,0.856,-1.258,0,1.0,1.201,1.205,1.094,0.024,0.012,0.79,"[np.float64(635.542), np.float64(704.302457), np.float64(732.140533), np.float64(767.254557), np.float64(837.2498024)]",,,,,,,,,,,1.089,1.411,0.656,0.024
PRPHA-Cluster_0_yearly_True_window_9_lags_1_sinusoidal_yes_spline,True,9,spline_lags_1_sinusoidal_yes,0.691,0.114,347.854,357.278,True,True,False,0.52,-4.447,0,1.0,1.209,1.159,1.249,0.023,0.014,0.745,"[np.float64(635.5419999999999), np.float64(701.629871), np.float64(730.996233), np.float64(766.829134), np.float64(802.0261444714286)]",1.254,0.008,,,,,,,,,1.017,1.346,0.683,0.059
PRPHA-Cluster_0_yearly_True_window_9_lags_2_sinusoidal_yes_spline,True,9,spline_lags_2_sinusoidal_yes,0.641,0.052,338.588,347.672,True,False,False,0.626,-0.498,0,1.0,1.411,1.118,1.065,0.049,0.172,0.733,"[np.float64(635.542), np.float64(698.957284), np.float64(728.929356), np.float64(755.178876), np.float64(808.7176691666667)]",,,1.107,0.016,,,,,,,1.057,1.43,0.953,0.14
PRPHA-Cluster_0_yearly_True_window_9_lags_3_sinusoidal_yes_spline,True,9,spline_lags_3_sinusoidal_yes,0.755,0.018,315.861,324.59,True,True,False,1.451,-3.404,0,1.0,1.691,1.017,1.216,0.014,0.595,0.081,"[np.float64(635.542), np.float64(700.806075), np.float64(714.791621), np.float64(727.4668), np.float64(771.90624)]",,,,,1.068,0.0,,,,,1.331,1.525,0.368,0.018
PRPHA-Cluster_0_yearly_True_window_9_lags_4_sinusoidal_yes_spline,True,9,spline_lags_4_sinusoidal_yes,0.762,0.107,298.672,307.028,True,True,True,1.635,-2.068,0,1.0,1.282,1.373,1.174,0.004,0.627,0.284,"[np.float64(635.5419999999999), np.float64(678.837444), np.float64(711.581367), np.float64(733.501444), np.float64(771.90624)]",,,,,,,1.187,0.006,,,1.43,1.212,0.246,0.007
PRPHA-Cluster_0_yearly_True_window_9_lags_5_sinusoidal_yes_spline,True,9,spline_lags_5_sinusoidal_yes,0.767,0.006,278.568,286.534,True,True,False,2.587,-4.338,0,1.0,1.452,1.417,1.187,0.316,0.335,0.226,"[np.float64(641.226), np.float64(689.026862), np.float64(711.958072), np.float64(730.996233), np.float64(771.9062399999999)]",,,,,,,,,1.38,0.001,1.338,1.338,0.288,0.027
PRPHA-Cluster_0_yearly_False_window_10_lags_none_sinusoidal_no_spline,False,10,spline_lags_none_sinusoidal_no,0.33,0.589,383.085,389.376,True,True,False,0.379,-0.459,0,1.0,1.0,1.0,1.0,0.16,0.041,0.94,"[np.float64(628.9778), np.float64(709.761639), np.float64(736.851101), np.float64(758.591806), np.float64(837.2498024)]",,,,,,,,,,,,,,
PRPHA-Cluster_0_yearly_False_window_10_lags_1_sinusoidal_no_spline,False,10,spline_lags_1_sinusoidal_no,0.607,0.266,357.949,365.262,True,True,False,0.837,-2.352,0,1.0,1.0,1.012,1.004,0.021,0.156,0.504,"[np.float64(628.9778), np.float64(707.214021), np.float64(725.491249), np.float64(747.401035), np.float64(802.0261444714286)]",1.016,0.001,,,,,,,,,,,,
PRPHA-Cluster_0_yearly_False_window_10_lags_2_sinusoidal_no_spline,False,10,spline_lags_2_sinusoidal_no,0.794,0.001,329.954,337.022,True,True,False,1.131,0.233,0,1.0,1.068,1.027,1.019,0.033,0.956,0.212,"[np.float64(628.9778), np.float64(698.66046), np.float64(721.561916), np.float64(750.756513), np.float64(808.7176691666667)]",,,1.113,0.0,,,,,,,,,,
PRPHA-Cluster_0_yearly_False_window_10_lags_3_sinusoidal_no_spline,False,10,spline_lags_3_sinusoidal_no,0.781,0.029,317.807,324.62,False,True,False,1.05,-1.153,0,1.0,1.0,1.001,1.04,0.373,0.831,0.415,"[np.float64(628.9778), np.float64(692.82638), np.float64(711.581367), np.float64(728.228372), np.float64(777.7483)]",,,,,1.041,0.0,,,,,,,,
PRPHA-Cluster_0_yearly_False_window_10_lags_4_sinusoidal_no_spline,False,10,spline_lags_4_sinusoidal_no,0.804,0.294,297.855,304.401,True,True,False,1.151,0.291,0,1.0,1.098,1.107,1.022,0.298,0.243,0.278,"[np.float64(628.2917777777778), np.float64(673.41816), np.float64(701.792016), np.float64(721.843425), np.float64(777.7483)]",,,,,,,1.227,0.0,,,,,,
PRPHA-Cluster_0_yearly_False_window_10_lags_5_sinusoidal_no_spline,False,10,spline_lags_5_sinusoidal_no,0.795,0.318,283.263,289.531,True,True,True,1.67,-2.66,0,1.0,1.05,1.117,1.046,0.826,0.011,0.519,"[np.float64(633.0695), np.float64(680.5114), np.float64(711.581367), np.float64(732.790244), np.float64(777.7483)]",,,,,,,,,1.214,0.0,,,,
PRPHA-Cluster_0_yearly_False_window_10_lags_none_sinusoidal_yes_spline,False,10,spline_lags_none_sinusoidal_yes,0.516,0.353,378.62,387.427,True,True,False,0.752,-0.013,0,1.0,1.333,1.547,1.065,0.03,0.003,0.46,"[np.float64(628.9778), np.float64(709.761639), np.float64(736.851101), np.float64(758.591806), np.float64(837.2498024)]",,,,,,,,,,,1.216,1.728,0.161,0.025
PRPHA-Cluster_0_yearly_False_window_10_lags_1_sinusoidal_yes_spline,False,10,spline_lags_1_sinusoidal_yes,0.683,0.125,356.531,366.282,True,True,False,0.927,-1.955,0,1.0,1.568,1.342,1.141,0.013,0.057,0.474,"[np.float64(628.9778), np.float64(707.214021), np.float64(725.491249), np.float64(747.401035), np.float64(802.0261444714286)]",1.023,0.001,,,,,,,,,1.169,1.859,0.098,0.296
PRPHA-Cluster_0_yearly_False_window_10_lags_2_sinusoidal_yes_spline,False,10,spline_lags_2_sinusoidal_yes,0.804,0.002,332.805,342.229,True,True,False,1.092,-0.162,0,1.0,1.89,1.525,1.106,0.088,0.845,0.291,"[np.float64(628.9778), np.float64(698.66046), np.float64(721.561916), np.float64(750.756513), np.float64(808.7176691666667)]",,,1.203,0.0,,,,,,,1.188,2.13,0.399,0.818
PRPHA-Cluster_0_yearly_False_window_10_lags_3_sinusoidal_yes_spline,False,10,spline_lags_3_sinusoidal_yes,0.782,0.045,321.717,330.801,True,True,False,1.053,-0.388,0,1.0,1.77,1.155,1.264,0.493,0.899,0.431,"[np.float64(628.9778), np.float64(692.82638), np.float64(711.581367), np.float64(728.228372), np.float64(777.7483)]",,,,,1.047,0.0,,,,,1.176,1.966,0.83,0.906
PRPHA-Cluster_0_yearly_False_window_10_lags_4_sinusoidal_yes_spline,False,10,spline_lags_4_sinusoidal_yes,0.827,0.346,299.086,307.814,False,True,False,1.223,0.726,0,1.0,1.43,1.231,1.153,0.145,0.253,0.48,"[np.float64(628.2917777777778), np.float64(673.41816), np.float64(701.792016), np.float64(721.843425), np.float64(777.7483)]",,,,,,,1.279,0.0,,,1.194,1.342,0.66,0.217
PRPHA-Cluster_0_yearly_False_window_10_lags_5_sinusoidal_yes_spline,False,10,spline_lags_5_sinusoidal_yes,0.827,0.312,283.745,292.101,True,True,True,1.989,-2.144,0,1.0,1.369,1.212,1.106,0.645,0.008,0.775,"[np.float64(633.0695), np.float64(680.5114), np.float64(711.581367), np.float64(732.790244), np.float64(777.7483)]",,,,,,,,,1.221,0.001,1.041,1.425,0.934,0.149
PRPHA-Cluster_0_yearly_True_window_10_lags_none_sinusoidal_no_spline,True,10,spline_lags_none_sinusoidal_no,0.316,0.108,371.637,377.731,True,True,False,0.402,-2.895,0,1.0,1.0,1.0,1.0,0.254,0.266,0.814,"[np.float64(641.2765), np.float64(709.22942), np.float64(733.602416), np.float64(756.075956), np.float64(837.2498024)]",,,,,,,,,,,,,,
PRPHA-Cluster_0_yearly_True_window_10_lags_1_sinusoidal_no_spline,True,10,spline_lags_1_sinusoidal_no,0.536,0.02,350.248,357.316,True,True,False,0.897,-5.645,0,1.0,1.011,1.008,1.147,0.117,0.818,0.795,"[np.float64(641.2765), np.float64(702.907768), np.float64(724.5568), np.float64(750.070412), np.float64(802.0261444714286)]",1.166,0.008,,,,,,,,,,,,
PRPHA-Cluster_0_yearly_True_window_10_lags_2_sinusoidal_no_spline,True,10,spline_lags_2_sinusoidal_no,0.704,0.001,327.09,333.903,True,True,False,0.922,0.519,0,1.0,1.064,1.002,1.023,0.347,0.926,0.546,"[np.float64(641.2765), np.float64(707.221723), np.float64(733.046285), np.float64(756.471953), np.float64(808.7176691666667)]",,,1.089,0.0,,,,,,,,,,
PRPHA-Cluster_0_yearly_True_window_10_lags_3_sinusoidal_no_spline,True,10,spline_lags_3_sinusoidal_no,0.689,0.01,313.958,320.504,True,True,False,1.02,-6.104,0,1.0,1.009,1.033,1.141,0.825,0.541,0.695,"[np.float64(641.2765), np.float64(698.2494), np.float64(714.998551), np.float64(730.954458), np.float64(777.7483)]",,,,,1.183,0.0,,,,,,,,
PRPHA-Cluster_0_yearly_True_window_10_lags_4_sinusoidal_no_spline,True,10,spline_lags_4_sinusoidal_no,0.735,0.104,293.237,299.504,True,True,False,1.002,-1.238,0,1.0,1.146,1.122,1.0,0.516,0.269,0.481,"[np.float64(635.5419999999999), np.float64(665.437833), np.float64(704.302457), np.float64(732.790244), np.float64(777.7483)]",,,,,,,1.268,0.002,,,,,,
PRPHA-Cluster_0_yearly_True_window_10_lags_5_sinusoidal_no_spline,True,10,spline_lags_5_sinusoidal_no,0.699,0.002,273.926,279.901,True,True,True,1.79,-7.406,0,1.0,1.078,1.175,1.005,0.279,0.187,0.847,"[np.float64(641.226), np.float64(688.89495), np.float64(710.317847), np.float64(727.282886), np.float64(777.7483)]",,,,,,,,,1.258,0.0,,,,
PRPHA-Cluster_0_yearly_True_window_10_lags_none_sinusoidal_yes_spline,True,10,spline_lags_none_sinusoidal_yes,0.441,0.03,370.611,379.143,True,True,False,0.685,-0.932,0,1.0,1.312,1.506,1.034,0.14,0.072,0.638,"[np.float64(641.2765), np.float64(709.22942), np.float64(733.602416), np.float64(756.075956), np.float64(837.2498024)]",,,,,,,,,,,1.318,1.535,0.272,0.091
PRPHA-Cluster_0_yearly_True_window_10_lags_1_sinusoidal_yes_spline,True,10,spline_lags_1_sinusoidal_yes,0.587,0.01,351.444,360.868,True,True,False,0.952,-6.959,0,1.0,1.49,1.407,1.149,0.177,0.598,0.803,"[np.float64(641.2765), np.float64(702.907768), np.float64(724.5568), np.float64(750.070412), np.float64(802.0261444714286)]",1.18,0.008,,,,,,,,,1.174,1.692,0.186,0.675
PRPHA-Cluster_0_yearly_True_window_10_lags_2_sinusoidal_yes_spline,True,10,spline_lags_2_sinusoidal_yes,0.726,0.002,329.297,338.381,True,True,False,0.944,-2.428,0,1.0,1.533,1.711,1.085,0.789,0.731,0.745,"[np.float64(641.2765), np.float64(707.221723), np.float64(733.046285), np.float64(756.471953), np.float64(808.7176691666667)]",,,1.123,0.0,,,,,,,1.246,1.959,0.404,0.533
PRPHA-Cluster_0_yearly_True_window_10_lags_3_sinusoidal_yes_spline,True,10,spline_lags_3_sinusoidal_yes,0.693,0.02,317.701,326.429,True,True,False,1.019,-7.264,0,1.0,1.526,1.265,1.159,0.968,0.506,0.69,"[np.float64(641.2765), np.float64(698.2494), np.float64(714.998551), np.float64(730.954458), np.float64(777.7483)]",,,,,1.192,0.0,,,,,1.129,1.629,0.98,0.692
PRPHA-Cluster_0_yearly_True_window_10_lags_4_sinusoidal_yes_spline,True,10,spline_lags_4_sinusoidal_yes,0.766,0.102,294.595,302.952,True,True,False,1.142,-1.059,0,1.0,1.36,1.208,1.074,0.314,0.366,0.5,"[np.float64(635.5419999999999), np.float64(665.437833), np.float64(704.302457), np.float64(732.790244), np.float64(777.7483)]",,,,,,,1.314,0.003,,,1.14,1.188,0.903,0.223
PRPHA-Cluster_0_yearly_True_window_10_lags_5_sinusoidal_yes_spline,True,10,spline_lags_5_sinusoidal_yes,0.803,0.001,269.381,277.347,True,True,False,2.742,-0.558,0,1.0,1.286,1.202,1.076,0.527,0.193,0.59,"[np.float64(641.226), np.float64(688.89495), np.float64(710.317847), np.float64(727.282886), np.float64(777.7483)]",,,,,,,,,1.268,0.0,1.027,1.269,0.51,0.027
