analysis_name,yearly_aggregate,window_size,config_type,r_squared,p_value,aic,bic,is_normal,is_homoscedastic,no_autocorrelation,durbin_watson,cv_r2_score,cv_r2_std,vif_PPT,vif_segment,p_value_segment,breakpoint,vif_ortho_PPT_lag1,p_value_lag1,vif_ortho_PPT_lag2,p_value_lag2,vif_ortho_PPT_lag3,p_value_lag3,vif_ortho_PPT_lag4,p_value_lag4,vif_ortho_PPT_lag5,p_value_lag5,vif_ortho_sin_cycle,vif_ortho_cos_cycle,p_value_sin,p_value_cos
PRPHA-Cluster_1_yearly_False_window_1_lags_none_sinusoidal_no_piecewise,False,1,piecewise_lags_none_sinusoidal_no,0.294,0.008,551.697,555.999,True,True,True,2.259,0.15,0,3.456,3.456,0.024,618.451292929293,,,,,,,,,,,,,,
PRPHA-Cluster_1_yearly_False_window_1_lags_1_sinusoidal_no_piecewise,False,1,piecewise_lags_1_sinusoidal_no,0.421,0.002,530.315,535.92,True,True,True,2.118,0.181,0,4.653,5.156,0.011,616.7323686868688,1.503,0.022,,,,,,,,,,,,
PRPHA-Cluster_1_yearly_False_window_1_lags_2_sinusoidal_no_piecewise,False,1,piecewise_lags_2_sinusoidal_no,0.291,0.04,519.509,524.978,True,True,True,2.265,-0.126,0,5.007,5.783,0.054,618.5210727272727,,,1.776,0.633,,,,,,,,,,
PRPHA-Cluster_1_yearly_False_window_1_lags_3_sinusoidal_no_piecewise,False,1,piecewise_lags_3_sinusoidal_no,0.461,0.018,495.205,500.534,True,True,True,2.195,0.027,0,6.427,7.922,0.009,616.9340636363637,,,,,2.495,0.01,,,,,,,,
PRPHA-Cluster_1_yearly_False_window_1_lags_4_sinusoidal_no_piecewise,False,1,piecewise_lags_4_sinusoidal_no,0.24,0.032,486.169,491.353,True,False,True,2.236,0.1,0,6.455,7.867,0.059,618.0037474747476,,,,,,,2.411,0.864,,,,,,
PRPHA-Cluster_1_yearly_False_window_1_lags_5_sinusoidal_no_piecewise,False,1,piecewise_lags_5_sinusoidal_no,0.175,0.073,467.81,472.842,True,True,True,2.233,-2.657,0,5.745,6.712,0.134,618.2465451909092,,,,,,,,,1.967,0.677,,,,
PRPHA-Cluster_1_yearly_False_window_1_lags_none_sinusoidal_yes_piecewise,False,1,piecewise_lags_none_sinusoidal_yes,0.45,0.003,547.95,555.12,True,True,True,2.234,0.328,0,3.99,4.208,0.007,618.451292929293,,,,,,,,,,,1.199,1.018,0.019,0.264
PRPHA-Cluster_1_yearly_False_window_1_lags_1_sinusoidal_yes_piecewise,False,1,piecewise_lags_1_sinusoidal_yes,0.539,0.001,527.482,535.89,True,False,True,2.24,0.012,0,5.907,6.927,0.004,616.7323686868688,1.676,0.087,,,,,,,,,1.191,1.152,0.021,0.536
PRPHA-Cluster_1_yearly_False_window_1_lags_2_sinusoidal_yes_piecewise,False,1,piecewise_lags_2_sinusoidal_yes,0.466,0.013,515.327,523.531,True,True,True,2.239,-0.368,0,5.474,6.457,0.013,618.5210727272727,,,1.867,0.41,,,,,,,1.025,1.092,0.024,0.173
PRPHA-Cluster_1_yearly_False_window_1_lags_3_sinusoidal_yes_piecewise,False,1,piecewise_lags_3_sinusoidal_yes,0.617,0.004,489.624,497.617,True,True,True,2.233,0.047,0,6.647,8.243,0.001,616.9340636363637,,,,,2.555,0.002,,,,,1.012,1.028,0.024,0.087
PRPHA-Cluster_1_yearly_False_window_1_lags_4_sinusoidal_yes_piecewise,False,1,piecewise_lags_4_sinusoidal_yes,0.456,0.022,481.157,488.932,True,True,True,2.302,0.159,0,7.075,8.76,0.024,618.0037474747476,,,,,,,2.571,0.41,,,1.113,1.0,0.021,0.163
PRPHA-Cluster_1_yearly_False_window_1_lags_5_sinusoidal_yes_piecewise,False,1,piecewise_lags_5_sinusoidal_yes,0.403,0.048,463.413,470.961,True,True,True,2.22,-2.048,0,6.677,8.031,0.054,618.2465451909092,,,,,,,,,2.157,0.729,1.169,1.027,0.032,0.114
PRPHA-Cluster_1_yearly_True_window_1_lags_none_sinusoidal_no_piecewise,True,1,piecewise_lags_none_sinusoidal_no,0.294,0.008,551.697,555.999,True,True,True,2.259,0.15,0,3.456,3.456,0.024,618.451292929293,,,,,,,,,,,,,,
PRPHA-Cluster_1_yearly_True_window_1_lags_1_sinusoidal_no_piecewise,True,1,piecewise_lags_1_sinusoidal_no,0.421,0.002,530.315,535.92,True,True,True,2.118,0.181,0,4.653,5.156,0.011,616.7323686868688,1.503,0.022,,,,,,,,,,,,
PRPHA-Cluster_1_yearly_True_window_1_lags_2_sinusoidal_no_piecewise,True,1,piecewise_lags_2_sinusoidal_no,0.291,0.04,519.509,524.978,True,True,True,2.265,-0.126,0,5.007,5.783,0.054,618.5210727272727,,,1.776,0.633,,,,,,,,,,
PRPHA-Cluster_1_yearly_True_window_1_lags_3_sinusoidal_no_piecewise,True,1,piecewise_lags_3_sinusoidal_no,0.461,0.018,495.205,500.534,True,True,True,2.195,0.027,0,6.427,7.922,0.009,616.9340636363637,,,,,2.495,0.01,,,,,,,,
PRPHA-Cluster_1_yearly_True_window_1_lags_4_sinusoidal_no_piecewise,True,1,piecewise_lags_4_sinusoidal_no,0.24,0.032,486.169,491.353,True,False,True,2.236,0.1,0,6.455,7.867,0.059,618.0037474747476,,,,,,,2.411,0.864,,,,,,
PRPHA-Cluster_1_yearly_True_window_1_lags_5_sinusoidal_no_piecewise,True,1,piecewise_lags_5_sinusoidal_no,0.175,0.073,467.81,472.842,True,True,True,2.233,-2.657,0,5.745,6.712,0.134,618.2465451909092,,,,,,,,,1.967,0.677,,,,
PRPHA-Cluster_1_yearly_True_window_1_lags_none_sinusoidal_yes_piecewise,True,1,piecewise_lags_none_sinusoidal_yes,0.45,0.003,547.95,555.12,True,True,True,2.234,0.328,0,3.99,4.208,0.007,618.451292929293,,,,,,,,,,,1.199,1.018,0.019,0.264
PRPHA-Cluster_1_yearly_True_window_1_lags_1_sinusoidal_yes_piecewise,True,1,piecewise_lags_1_sinusoidal_yes,0.539,0.001,527.482,535.89,True,False,True,2.24,0.012,0,5.907,6.927,0.004,616.7323686868688,1.676,0.087,,,,,,,,,1.191,1.152,0.021,0.536
PRPHA-Cluster_1_yearly_True_window_1_lags_2_sinusoidal_yes_piecewise,True,1,piecewise_lags_2_sinusoidal_yes,0.466,0.013,515.327,523.531,True,True,True,2.239,-0.368,0,5.474,6.457,0.013,618.5210727272727,,,1.867,0.41,,,,,,,1.025,1.092,0.024,0.173
PRPHA-Cluster_1_yearly_True_window_1_lags_3_sinusoidal_yes_piecewise,True,1,piecewise_lags_3_sinusoidal_yes,0.617,0.004,489.624,497.617,True,True,True,2.233,0.047,0,6.647,8.243,0.001,616.9340636363637,,,,,2.555,0.002,,,,,1.012,1.028,0.024,0.087
PRPHA-Cluster_1_yearly_True_window_1_lags_4_sinusoidal_yes_piecewise,True,1,piecewise_lags_4_sinusoidal_yes,0.456,0.022,481.157,488.932,True,True,True,2.302,0.159,0,7.075,8.76,0.024,618.0037474747476,,,,,,,2.571,0.41,,,1.113,1.0,0.021,0.163
PRPHA-Cluster_1_yearly_True_window_1_lags_5_sinusoidal_yes_piecewise,True,1,piecewise_lags_5_sinusoidal_yes,0.403,0.048,463.413,470.961,True,True,True,2.22,-2.048,0,6.677,8.031,0.054,618.2465451909092,,,,,,,,,2.157,0.729,1.169,1.027,0.032,0.114
PRPHA-Cluster_1_yearly_False_window_2_lags_none_sinusoidal_no_piecewise,False,2,piecewise_lags_none_sinusoidal_no,0.518,0.001,522.445,526.747,True,True,False,1.48,0.243,0,2.806,2.806,0.022,668.1633338181817,,,,,,,,,,,,,,
PRPHA-Cluster_1_yearly_False_window_2_lags_1_sinusoidal_no_piecewise,False,2,piecewise_lags_1_sinusoidal_no,0.519,0.001,506.791,512.396,True,True,False,1.449,0.207,0,3.381,3.808,0.023,669.9646201414141,1.427,0.643,,,,,,,,,,,,
PRPHA-Cluster_1_yearly_False_window_2_lags_2_sinusoidal_no_piecewise,False,2,piecewise_lags_2_sinusoidal_no,0.519,0.008,490.607,496.077,True,True,True,1.522,0.416,0,3.991,4.83,0.047,667.1942526262626,,,1.839,0.417,,,,,,,,,,
PRPHA-Cluster_1_yearly_False_window_2_lags_3_sinusoidal_no_piecewise,False,2,piecewise_lags_3_sinusoidal_no,0.641,0.019,469.178,474.507,True,True,False,1.349,0.441,0,4.531,5.764,0.031,667.1107763747475,,,,,2.233,0.029,,,,,,,,
PRPHA-Cluster_1_yearly_False_window_2_lags_4_sinusoidal_no_piecewise,False,2,piecewise_lags_4_sinusoidal_no,0.525,0.004,459.419,464.602,True,True,True,1.617,0.245,0,5.527,7.136,0.023,660.8591395878788,,,,,,,2.609,0.739,,,,,,
PRPHA-Cluster_1_yearly_False_window_2_lags_5_sinusoidal_no_piecewise,False,2,piecewise_lags_5_sinusoidal_no,0.365,0.006,442.457,447.49,True,True,True,1.605,-0.486,0,1.185,1.334,0.173,903.4697510000001,,,,,,,,,1.149,0.419,,,,
PRPHA-Cluster_1_yearly_False_window_2_lags_none_sinusoidal_yes_piecewise,False,2,piecewise_lags_none_sinusoidal_yes,0.57,0.001,522.908,530.077,True,True,False,1.484,0.276,0,3.415,3.753,0.01,668.1633338181817,,,,,,,,,,,1.193,1.144,0.229,0.164
PRPHA-Cluster_1_yearly_False_window_2_lags_1_sinusoidal_yes_piecewise,False,2,piecewise_lags_1_sinusoidal_yes,0.603,0.001,505.068,513.476,True,True,True,1.532,-0.014,0,3.97,4.751,0.008,669.9646201414141,1.533,0.916,,,,,,,,,1.05,1.198,0.175,0.073
PRPHA-Cluster_1_yearly_False_window_2_lags_2_sinusoidal_yes_piecewise,False,2,piecewise_lags_2_sinusoidal_yes,0.595,0.005,489.66,497.864,True,True,True,1.506,-0.301,0,4.471,5.606,0.018,667.1942526262626,,,1.974,0.205,,,,,,,1.003,1.158,0.439,0.066
PRPHA-Cluster_1_yearly_False_window_2_lags_3_sinusoidal_yes_piecewise,False,2,piecewise_lags_3_sinusoidal_yes,0.742,0.002,463.869,471.863,True,True,True,1.508,0.461,0,4.977,6.493,0.002,667.1107763747475,,,,,2.389,0.011,,,,,1.028,1.098,0.193,0.013
PRPHA-Cluster_1_yearly_False_window_2_lags_4_sinusoidal_yes_piecewise,False,2,piecewise_lags_4_sinusoidal_yes,0.654,0.001,454.826,462.601,True,True,True,1.863,0.07,0,6.603,8.832,0.004,660.8591395878788,,,,,,,2.991,0.234,,,1.166,1.072,0.099,0.028
PRPHA-Cluster_1_yearly_False_window_2_lags_5_sinusoidal_yes_piecewise,False,2,piecewise_lags_5_sinusoidal_yes,0.433,0.106,443.484,451.033,True,True,False,1.491,-1.073,0,1.19,1.371,0.439,903.4697510000001,,,,,,,,,1.153,0.874,1.001,1.027,0.587,0.143
PRPHA-Cluster_1_yearly_True_window_2_lags_none_sinusoidal_no_piecewise,True,2,piecewise_lags_none_sinusoidal_no,0.518,0.001,522.445,526.747,True,True,False,1.48,0.243,0,2.806,2.806,0.022,668.1633338181817,,,,,,,,,,,,,,
PRPHA-Cluster_1_yearly_True_window_2_lags_1_sinusoidal_no_piecewise,True,2,piecewise_lags_1_sinusoidal_no,0.519,0.001,506.791,512.396,True,True,False,1.449,0.207,0,3.381,3.808,0.023,669.9646201414141,1.427,0.643,,,,,,,,,,,,
PRPHA-Cluster_1_yearly_True_window_2_lags_2_sinusoidal_no_piecewise,True,2,piecewise_lags_2_sinusoidal_no,0.519,0.008,490.607,496.077,True,True,True,1.522,0.416,0,3.991,4.83,0.047,667.1942526262626,,,1.839,0.417,,,,,,,,,,
PRPHA-Cluster_1_yearly_True_window_2_lags_3_sinusoidal_no_piecewise,True,2,piecewise_lags_3_sinusoidal_no,0.641,0.019,469.178,474.507,True,True,False,1.349,0.441,0,4.531,5.764,0.031,667.1107763747475,,,,,2.233,0.029,,,,,,,,
PRPHA-Cluster_1_yearly_True_window_2_lags_4_sinusoidal_no_piecewise,True,2,piecewise_lags_4_sinusoidal_no,0.525,0.004,459.419,464.602,True,True,True,1.617,0.245,0,5.527,7.136,0.023,660.8591395878788,,,,,,,2.609,0.739,,,,,,
PRPHA-Cluster_1_yearly_True_window_2_lags_5_sinusoidal_no_piecewise,True,2,piecewise_lags_5_sinusoidal_no,0.365,0.006,442.457,447.49,True,True,True,1.605,-0.486,0,1.185,1.334,0.173,903.4697510000001,,,,,,,,,1.149,0.419,,,,
PRPHA-Cluster_1_yearly_True_window_2_lags_none_sinusoidal_yes_piecewise,True,2,piecewise_lags_none_sinusoidal_yes,0.57,0.001,522.908,530.077,True,True,False,1.484,0.276,0,3.415,3.753,0.01,668.1633338181817,,,,,,,,,,,1.193,1.144,0.229,0.164
PRPHA-Cluster_1_yearly_True_window_2_lags_1_sinusoidal_yes_piecewise,True,2,piecewise_lags_1_sinusoidal_yes,0.603,0.001,505.068,513.476,True,True,True,1.532,-0.014,0,3.97,4.751,0.008,669.9646201414141,1.533,0.916,,,,,,,,,1.05,1.198,0.175,0.073
PRPHA-Cluster_1_yearly_True_window_2_lags_2_sinusoidal_yes_piecewise,True,2,piecewise_lags_2_sinusoidal_yes,0.595,0.005,489.66,497.864,True,True,True,1.506,-0.301,0,4.471,5.606,0.018,667.1942526262626,,,1.974,0.205,,,,,,,1.003,1.158,0.439,0.066
PRPHA-Cluster_1_yearly_True_window_2_lags_3_sinusoidal_yes_piecewise,True,2,piecewise_lags_3_sinusoidal_yes,0.742,0.002,463.869,471.863,True,True,True,1.508,0.461,0,4.977,6.493,0.002,667.1107763747475,,,,,2.389,0.011,,,,,1.028,1.098,0.193,0.013
PRPHA-Cluster_1_yearly_True_window_2_lags_4_sinusoidal_yes_piecewise,True,2,piecewise_lags_4_sinusoidal_yes,0.654,0.001,454.826,462.601,True,True,True,1.863,0.07,0,6.603,8.832,0.004,660.8591395878788,,,,,,,2.991,0.234,,,1.166,1.072,0.099,0.028
PRPHA-Cluster_1_yearly_True_window_2_lags_5_sinusoidal_yes_piecewise,True,2,piecewise_lags_5_sinusoidal_yes,0.433,0.106,443.484,451.033,True,True,False,1.491,-1.073,0,1.19,1.371,0.439,903.4697510000001,,,,,,,,,1.153,0.874,1.001,1.027,0.587,0.143
PRPHA-Cluster_1_yearly_False_window_3_lags_none_sinusoidal_no_piecewise,False,3,piecewise_lags_none_sinusoidal_no,0.542,0.001,506.363,510.665,True,True,False,1.228,0.298,0,2.7,2.7,0.048,680.9793775346801,,,,,,,,,,,,,,
PRPHA-Cluster_1_yearly_False_window_3_lags_1_sinusoidal_no_piecewise,False,3,piecewise_lags_1_sinusoidal_no,0.524,0.0,492.559,498.164,True,True,False,1.415,0.412,0,1.391,1.473,0.024,819.1402910072727,1.081,0.876,,,,,,,,,,,,
PRPHA-Cluster_1_yearly_False_window_3_lags_2_sinusoidal_no_piecewise,False,3,piecewise_lags_2_sinusoidal_no,0.595,0.0,473.702,479.171,True,True,False,1.468,-0.154,0,1.413,1.639,0.018,818.8612687450504,,,1.226,0.271,,,,,,,,,,
PRPHA-Cluster_1_yearly_False_window_3_lags_3_sinusoidal_no_piecewise,False,3,piecewise_lags_3_sinusoidal_no,0.64,0.006,457.732,463.061,True,True,True,1.551,-0.052,0,1.492,1.807,0.015,816.6703986531986,,,,,1.315,0.291,,,,,,,,
PRPHA-Cluster_1_yearly_False_window_3_lags_4_sinusoidal_no_piecewise,False,3,piecewise_lags_4_sinusoidal_no,0.531,0.028,441.761,446.944,True,True,True,1.529,0.33,0,1.508,1.892,0.035,818.2021191919191,,,,,,,1.384,0.364,,,,,,
PRPHA-Cluster_1_yearly_False_window_3_lags_5_sinusoidal_no_piecewise,False,3,piecewise_lags_5_sinusoidal_no,0.416,0.006,426.404,431.437,True,True,False,1.378,-0.017,0,1.445,1.663,0.056,819.1909781144781,,,,,,,,,1.218,0.875,,,,
PRPHA-Cluster_1_yearly_False_window_3_lags_none_sinusoidal_yes_piecewise,False,3,piecewise_lags_none_sinusoidal_yes,0.582,0.002,507.537,514.707,True,True,False,1.167,0.128,0,3.034,3.231,0.04,680.9793775346801,,,,,,,,,,,1.197,1.0,0.134,0.783
PRPHA-Cluster_1_yearly_False_window_3_lags_1_sinusoidal_yes_piecewise,False,3,piecewise_lags_1_sinusoidal_yes,0.569,0.0,493.632,502.039,True,True,False,1.336,0.253,0,1.426,1.605,0.02,819.1402910072727,1.089,0.694,,,,,,,,,1.086,1.004,0.133,0.893
PRPHA-Cluster_1_yearly_False_window_3_lags_2_sinusoidal_yes_piecewise,False,3,piecewise_lags_2_sinusoidal_yes,0.632,0.001,474.928,483.132,True,True,False,1.402,-0.033,0,1.423,1.68,0.015,818.8612687450504,,,1.232,0.204,,,,,,,1.025,1.0,0.145,0.834
PRPHA-Cluster_1_yearly_False_window_3_lags_3_sinusoidal_yes_piecewise,False,3,piecewise_lags_3_sinusoidal_yes,0.687,0.007,457.832,465.826,True,True,True,1.534,0.129,0,1.506,1.858,0.009,816.6703986531986,,,,,1.323,0.215,,,,,1.025,1.003,0.084,0.907
PRPHA-Cluster_1_yearly_False_window_3_lags_4_sinusoidal_yes_piecewise,False,3,piecewise_lags_4_sinusoidal_yes,0.639,0.111,438.669,446.444,False,True,False,1.434,0.365,0,1.542,2.018,0.023,818.2021191919191,,,,,,,1.409,0.099,,,1.048,1.019,0.023,0.611
PRPHA-Cluster_1_yearly_False_window_3_lags_5_sinusoidal_yes_piecewise,False,3,piecewise_lags_5_sinusoidal_yes,0.515,0.021,425.574,433.122,True,True,False,1.291,0.118,0,1.487,1.82,0.046,819.1909781144781,,,,,,,,,1.238,0.708,1.084,1.01,0.068,0.541
PRPHA-Cluster_1_yearly_True_window_3_lags_none_sinusoidal_no_piecewise,True,3,piecewise_lags_none_sinusoidal_no,0.542,0.001,506.363,510.665,True,True,False,1.228,0.298,0,2.7,2.7,0.048,680.9793775346801,,,,,,,,,,,,,,
PRPHA-Cluster_1_yearly_True_window_3_lags_1_sinusoidal_no_piecewise,True,3,piecewise_lags_1_sinusoidal_no,0.524,0.0,492.559,498.164,True,True,False,1.415,0.412,0,1.391,1.473,0.024,819.1402910072727,1.081,0.876,,,,,,,,,,,,
PRPHA-Cluster_1_yearly_True_window_3_lags_2_sinusoidal_no_piecewise,True,3,piecewise_lags_2_sinusoidal_no,0.595,0.0,473.702,479.171,True,True,False,1.468,-0.154,0,1.413,1.639,0.018,818.8612687450504,,,1.226,0.271,,,,,,,,,,
PRPHA-Cluster_1_yearly_True_window_3_lags_3_sinusoidal_no_piecewise,True,3,piecewise_lags_3_sinusoidal_no,0.64,0.006,457.732,463.061,True,True,True,1.551,-0.052,0,1.492,1.807,0.015,816.6703986531986,,,,,1.315,0.291,,,,,,,,
PRPHA-Cluster_1_yearly_True_window_3_lags_4_sinusoidal_no_piecewise,True,3,piecewise_lags_4_sinusoidal_no,0.531,0.028,441.761,446.944,True,True,True,1.529,0.33,0,1.508,1.892,0.035,818.2021191919191,,,,,,,1.384,0.364,,,,,,
PRPHA-Cluster_1_yearly_True_window_3_lags_5_sinusoidal_no_piecewise,True,3,piecewise_lags_5_sinusoidal_no,0.416,0.006,426.404,431.437,True,True,False,1.378,-0.017,0,1.445,1.663,0.056,819.1909781144781,,,,,,,,,1.218,0.875,,,,
PRPHA-Cluster_1_yearly_True_window_3_lags_none_sinusoidal_yes_piecewise,True,3,piecewise_lags_none_sinusoidal_yes,0.582,0.002,507.537,514.707,True,True,False,1.167,0.128,0,3.034,3.231,0.04,680.9793775346801,,,,,,,,,,,1.197,1.0,0.134,0.783
PRPHA-Cluster_1_yearly_True_window_3_lags_1_sinusoidal_yes_piecewise,True,3,piecewise_lags_1_sinusoidal_yes,0.569,0.0,493.632,502.039,True,True,False,1.336,0.253,0,1.426,1.605,0.02,819.1402910072727,1.089,0.694,,,,,,,,,1.086,1.004,0.133,0.893
PRPHA-Cluster_1_yearly_True_window_3_lags_2_sinusoidal_yes_piecewise,True,3,piecewise_lags_2_sinusoidal_yes,0.632,0.001,474.928,483.132,True,True,False,1.402,-0.033,0,1.423,1.68,0.015,818.8612687450504,,,1.232,0.204,,,,,,,1.025,1.0,0.145,0.834
PRPHA-Cluster_1_yearly_True_window_3_lags_3_sinusoidal_yes_piecewise,True,3,piecewise_lags_3_sinusoidal_yes,0.687,0.007,457.832,465.826,True,True,True,1.534,0.129,0,1.506,1.858,0.009,816.6703986531986,,,,,1.323,0.215,,,,,1.025,1.003,0.084,0.907
PRPHA-Cluster_1_yearly_True_window_3_lags_4_sinusoidal_yes_piecewise,True,3,piecewise_lags_4_sinusoidal_yes,0.639,0.111,438.669,446.444,False,True,False,1.434,0.365,0,1.542,2.018,0.023,818.2021191919191,,,,,,,1.409,0.099,,,1.048,1.019,0.023,0.611
PRPHA-Cluster_1_yearly_True_window_3_lags_5_sinusoidal_yes_piecewise,True,3,piecewise_lags_5_sinusoidal_yes,0.515,0.021,425.574,433.122,True,True,False,1.291,0.118,0,1.487,1.82,0.046,819.1909781144781,,,,,,,,,1.238,0.708,1.084,1.01,0.068,0.541
PRPHA-Cluster_1_yearly_False_window_4_lags_none_sinusoidal_no_piecewise,False,4,piecewise_lags_none_sinusoidal_no,0.522,0.0,493.107,497.409,True,True,False,0.958,0.409,0,1.61,1.61,0.128,759.7003636363637,,,,,,,,,,,,,,
PRPHA-Cluster_1_yearly_False_window_4_lags_1_sinusoidal_no_piecewise,False,4,piecewise_lags_1_sinusoidal_no,0.48,0.0,480.429,486.034,True,True,False,1.02,0.309,0,1.213,1.262,0.045,813.1002138931314,1.048,0.636,,,,,,,,,,,,
PRPHA-Cluster_1_yearly_False_window_4_lags_2_sinusoidal_no_piecewise,False,4,piecewise_lags_2_sinusoidal_no,0.66,0.0,457.65,463.119,True,True,False,1.238,0.552,0,1.651,1.981,0.008,762.5759447709763,,,1.33,0.089,,,,,,,,,,
PRPHA-Cluster_1_yearly_False_window_4_lags_3_sinusoidal_no_piecewise,False,4,piecewise_lags_3_sinusoidal_no,0.762,0.002,438.331,443.659,True,True,False,1.261,0.545,0,1.773,2.235,0.003,761.2742246682828,,,,,1.462,0.022,,,,,,,,
PRPHA-Cluster_1_yearly_False_window_4_lags_4_sinusoidal_no_piecewise,False,4,piecewise_lags_4_sinusoidal_no,0.623,0.034,424.399,429.582,True,True,False,1.313,0.316,0,1.841,2.457,0.017,764.0644332266667,,,,,,,1.616,0.053,,,,,,
PRPHA-Cluster_1_yearly_False_window_4_lags_5_sinusoidal_no_piecewise,False,4,piecewise_lags_5_sinusoidal_no,0.347,0.024,417.055,422.088,True,True,False,1.042,-0.279,0,1.25,1.508,0.079,812.5652361111111,,,,,,,,,1.258,0.752,,,,
PRPHA-Cluster_1_yearly_False_window_4_lags_none_sinusoidal_yes_piecewise,False,4,piecewise_lags_none_sinusoidal_yes,0.539,0.0,495.988,503.158,True,True,False,0.924,0.319,0,1.68,1.795,0.133,759.7003636363637,,,,,,,,,,,1.105,1.01,0.385,0.692
PRPHA-Cluster_1_yearly_False_window_4_lags_1_sinusoidal_yes_piecewise,False,4,piecewise_lags_1_sinusoidal_yes,0.5,0.0,483.284,491.691,True,True,False,0.979,0.057,0,1.233,1.377,0.054,813.1002138931314,1.052,0.578,,,,,,,,,1.09,1.002,0.479,0.521
PRPHA-Cluster_1_yearly_False_window_4_lags_2_sinusoidal_yes_piecewise,False,4,piecewise_lags_2_sinusoidal_yes,0.697,0.0,458.334,466.537,True,True,False,1.201,0.338,0,1.705,2.147,0.004,762.5759447709763,,,1.358,0.062,,,,,,,1.058,1.026,0.306,0.196
PRPHA-Cluster_1_yearly_False_window_4_lags_3_sinusoidal_yes_piecewise,False,4,piecewise_lags_3_sinusoidal_yes,0.795,0.001,438.144,446.138,True,True,False,1.272,0.533,0,1.834,2.411,0.001,761.2742246682828,,,,,1.498,0.018,,,,,1.059,1.02,0.218,0.164
PRPHA-Cluster_1_yearly_False_window_4_lags_4_sinusoidal_yes_piecewise,False,4,piecewise_lags_4_sinusoidal_yes,0.722,0.024,420.253,428.028,True,True,False,1.273,0.443,0,1.929,2.714,0.003,764.0644332266667,,,,,,,1.681,0.016,,,1.094,1.01,0.08,0.052
PRPHA-Cluster_1_yearly_False_window_4_lags_5_sinusoidal_yes_piecewise,False,4,piecewise_lags_5_sinusoidal_yes,0.414,0.035,418.216,425.764,True,True,False,0.977,-0.337,0,1.275,1.663,0.055,812.5652361111111,,,,,,,,,1.285,0.589,1.1,1.002,0.347,0.247
PRPHA-Cluster_1_yearly_True_window_4_lags_none_sinusoidal_no_piecewise,True,4,piecewise_lags_none_sinusoidal_no,0.522,0.0,493.107,497.409,True,True,False,0.958,0.409,0,1.61,1.61,0.128,759.7003636363637,,,,,,,,,,,,,,
PRPHA-Cluster_1_yearly_True_window_4_lags_1_sinusoidal_no_piecewise,True,4,piecewise_lags_1_sinusoidal_no,0.48,0.0,480.429,486.034,True,True,False,1.02,0.309,0,1.213,1.262,0.045,813.1002138931314,1.048,0.636,,,,,,,,,,,,
PRPHA-Cluster_1_yearly_True_window_4_lags_2_sinusoidal_no_piecewise,True,4,piecewise_lags_2_sinusoidal_no,0.66,0.0,457.65,463.119,True,True,False,1.238,0.552,0,1.651,1.981,0.008,762.5759447709763,,,1.33,0.089,,,,,,,,,,
PRPHA-Cluster_1_yearly_True_window_4_lags_3_sinusoidal_no_piecewise,True,4,piecewise_lags_3_sinusoidal_no,0.762,0.002,438.331,443.659,True,True,False,1.261,0.545,0,1.773,2.235,0.003,761.2742246682828,,,,,1.462,0.022,,,,,,,,
PRPHA-Cluster_1_yearly_True_window_4_lags_4_sinusoidal_no_piecewise,True,4,piecewise_lags_4_sinusoidal_no,0.623,0.034,424.399,429.582,True,True,False,1.313,0.316,0,1.841,2.457,0.017,764.0644332266667,,,,,,,1.616,0.053,,,,,,
PRPHA-Cluster_1_yearly_True_window_4_lags_5_sinusoidal_no_piecewise,True,4,piecewise_lags_5_sinusoidal_no,0.347,0.024,417.055,422.088,True,True,False,1.042,-0.279,0,1.25,1.508,0.079,812.5652361111111,,,,,,,,,1.258,0.752,,,,
PRPHA-Cluster_1_yearly_True_window_4_lags_none_sinusoidal_yes_piecewise,True,4,piecewise_lags_none_sinusoidal_yes,0.539,0.0,495.988,503.158,True,True,False,0.924,0.319,0,1.68,1.795,0.133,759.7003636363637,,,,,,,,,,,1.105,1.01,0.385,0.692
PRPHA-Cluster_1_yearly_True_window_4_lags_1_sinusoidal_yes_piecewise,True,4,piecewise_lags_1_sinusoidal_yes,0.5,0.0,483.284,491.691,True,True,False,0.979,0.057,0,1.233,1.377,0.054,813.1002138931314,1.052,0.578,,,,,,,,,1.09,1.002,0.479,0.521
PRPHA-Cluster_1_yearly_True_window_4_lags_2_sinusoidal_yes_piecewise,True,4,piecewise_lags_2_sinusoidal_yes,0.697,0.0,458.334,466.537,True,True,False,1.201,0.338,0,1.705,2.147,0.004,762.5759447709763,,,1.358,0.062,,,,,,,1.058,1.026,0.306,0.196
PRPHA-Cluster_1_yearly_True_window_4_lags_3_sinusoidal_yes_piecewise,True,4,piecewise_lags_3_sinusoidal_yes,0.795,0.001,438.144,446.138,True,True,False,1.272,0.533,0,1.834,2.411,0.001,761.2742246682828,,,,,1.498,0.018,,,,,1.059,1.02,0.218,0.164
PRPHA-Cluster_1_yearly_True_window_4_lags_4_sinusoidal_yes_piecewise,True,4,piecewise_lags_4_sinusoidal_yes,0.722,0.024,420.253,428.028,True,True,False,1.273,0.443,0,1.929,2.714,0.003,764.0644332266667,,,,,,,1.681,0.016,,,1.094,1.01,0.08,0.052
PRPHA-Cluster_1_yearly_True_window_4_lags_5_sinusoidal_yes_piecewise,True,4,piecewise_lags_5_sinusoidal_yes,0.414,0.035,418.216,425.764,True,True,False,0.977,-0.337,0,1.275,1.663,0.055,812.5652361111111,,,,,,,,,1.285,0.589,1.1,1.002,0.347,0.247
PRPHA-Cluster_1_yearly_False_window_5_lags_none_sinusoidal_no_piecewise,False,5,piecewise_lags_none_sinusoidal_no,0.451,0.0,484.071,488.373,True,True,False,0.909,0.337,0,1.488,1.488,0.061,759.190256579798,,,,,,,,,,,,,,
PRPHA-Cluster_1_yearly_False_window_5_lags_1_sinusoidal_no_piecewise,False,5,piecewise_lags_1_sinusoidal_no,0.402,0.0,475.817,481.422,True,True,False,0.789,0.076,0,1.218,1.305,0.066,792.7929050534142,1.087,0.675,,,,,,,,,,,,
PRPHA-Cluster_1_yearly_False_window_5_lags_2_sinusoidal_no_piecewise,False,5,piecewise_lags_2_sinusoidal_no,0.642,0.0,451.787,457.256,True,True,False,1.1,0.083,0,1.558,1.698,0.005,759.0544105730639,,,1.14,0.352,,,,,,,,,,
PRPHA-Cluster_1_yearly_False_window_5_lags_3_sinusoidal_no_piecewise,False,5,piecewise_lags_3_sinusoidal_no,0.69,0.001,431.788,437.117,True,True,False,1.049,0.56,0,1.643,1.868,0.004,758.4237764774141,,,,,1.224,0.132,,,,,,,,
PRPHA-Cluster_1_yearly_False_window_5_lags_4_sinusoidal_no_piecewise,False,5,piecewise_lags_4_sinusoidal_no,0.546,0.016,417.376,422.559,True,True,False,1.124,0.447,0,1.761,2.205,0.008,758.9258854770371,,,,,,,1.444,0.075,,,,,,
PRPHA-Cluster_1_yearly_False_window_5_lags_5_sinusoidal_no_piecewise,False,5,piecewise_lags_5_sinusoidal_no,0.356,0.005,411.7,416.732,True,True,False,0.656,-0.758,0,1.772,2.153,0.022,758.9176515151515,,,,,,,,,1.381,0.526,,,,
PRPHA-Cluster_1_yearly_False_window_5_lags_none_sinusoidal_yes_piecewise,False,5,piecewise_lags_none_sinusoidal_yes,0.457,0.0,487.736,494.906,True,True,False,0.934,0.162,0,1.532,1.623,0.061,759.190256579798,,,,,,,,,,,1.016,1.074,0.974,0.601
PRPHA-Cluster_1_yearly_False_window_5_lags_1_sinusoidal_yes_piecewise,False,5,piecewise_lags_1_sinusoidal_yes,0.405,0.001,479.655,488.062,True,True,False,0.801,-0.318,0,1.229,1.368,0.078,792.7929050534142,1.091,0.69,,,,,,,,,1.032,1.016,0.837,0.774
PRPHA-Cluster_1_yearly_False_window_5_lags_2_sinusoidal_yes_piecewise,False,5,piecewise_lags_2_sinusoidal_yes,0.643,0.0,455.712,463.916,True,True,False,1.102,-0.206,0,1.579,1.762,0.007,759.0544105730639,,,1.146,0.372,,,,,,,1.03,1.008,0.855,0.872
PRPHA-Cluster_1_yearly_False_window_5_lags_3_sinusoidal_yes_piecewise,False,5,piecewise_lags_3_sinusoidal_yes,0.692,0.001,435.607,443.6,True,True,False,1.046,0.116,0,1.66,1.914,0.006,758.4237764774141,,,,,1.23,0.148,,,,,1.018,1.007,0.718,0.93
PRPHA-Cluster_1_yearly_False_window_5_lags_4_sinusoidal_yes_piecewise,False,5,piecewise_lags_4_sinusoidal_yes,0.549,0.021,421.183,428.958,True,True,False,1.131,-0.493,0,1.791,2.293,0.011,758.9258854770371,,,,,,,1.462,0.086,,,1.018,1.022,0.706,0.937
PRPHA-Cluster_1_yearly_False_window_5_lags_5_sinusoidal_yes_piecewise,False,5,piecewise_lags_5_sinusoidal_yes,0.359,0.008,415.573,423.122,True,True,False,0.68,-1.226,0,1.822,2.292,0.03,758.9176515151515,,,,,,,,,1.406,0.559,1.042,1.022,0.96,0.76
PRPHA-Cluster_1_yearly_True_window_5_lags_none_sinusoidal_no_piecewise,True,5,piecewise_lags_none_sinusoidal_no,0.451,0.0,484.071,488.373,True,True,False,0.909,0.337,0,1.488,1.488,0.061,759.190256579798,,,,,,,,,,,,,,
PRPHA-Cluster_1_yearly_True_window_5_lags_1_sinusoidal_no_piecewise,True,5,piecewise_lags_1_sinusoidal_no,0.402,0.0,475.817,481.422,True,True,False,0.789,0.076,0,1.218,1.305,0.066,792.7929050534142,1.087,0.675,,,,,,,,,,,,
PRPHA-Cluster_1_yearly_True_window_5_lags_2_sinusoidal_no_piecewise,True,5,piecewise_lags_2_sinusoidal_no,0.642,0.0,451.787,457.256,True,True,False,1.1,0.083,0,1.558,1.698,0.005,759.0544105730639,,,1.14,0.352,,,,,,,,,,
PRPHA-Cluster_1_yearly_True_window_5_lags_3_sinusoidal_no_piecewise,True,5,piecewise_lags_3_sinusoidal_no,0.69,0.001,431.788,437.117,True,True,False,1.049,0.56,0,1.643,1.868,0.004,758.4237764774141,,,,,1.224,0.132,,,,,,,,
PRPHA-Cluster_1_yearly_True_window_5_lags_4_sinusoidal_no_piecewise,True,5,piecewise_lags_4_sinusoidal_no,0.546,0.016,417.376,422.559,True,True,False,1.124,0.447,0,1.761,2.205,0.008,758.9258854770371,,,,,,,1.444,0.075,,,,,,
PRPHA-Cluster_1_yearly_True_window_5_lags_5_sinusoidal_no_piecewise,True,5,piecewise_lags_5_sinusoidal_no,0.356,0.005,411.7,416.732,True,True,False,0.656,-0.758,0,1.772,2.153,0.022,758.9176515151515,,,,,,,,,1.381,0.526,,,,
PRPHA-Cluster_1_yearly_True_window_5_lags_none_sinusoidal_yes_piecewise,True,5,piecewise_lags_none_sinusoidal_yes,0.457,0.0,487.736,494.906,True,True,False,0.934,0.162,0,1.532,1.623,0.061,759.190256579798,,,,,,,,,,,1.016,1.074,0.974,0.601
PRPHA-Cluster_1_yearly_True_window_5_lags_1_sinusoidal_yes_piecewise,True,5,piecewise_lags_1_sinusoidal_yes,0.405,0.001,479.655,488.062,True,True,False,0.801,-0.318,0,1.229,1.368,0.078,792.7929050534142,1.091,0.69,,,,,,,,,1.032,1.016,0.837,0.774
PRPHA-Cluster_1_yearly_True_window_5_lags_2_sinusoidal_yes_piecewise,True,5,piecewise_lags_2_sinusoidal_yes,0.643,0.0,455.712,463.916,True,True,False,1.102,-0.206,0,1.579,1.762,0.007,759.0544105730639,,,1.146,0.372,,,,,,,1.03,1.008,0.855,0.872
PRPHA-Cluster_1_yearly_True_window_5_lags_3_sinusoidal_yes_piecewise,True,5,piecewise_lags_3_sinusoidal_yes,0.692,0.001,435.607,443.6,True,True,False,1.046,0.116,0,1.66,1.914,0.006,758.4237764774141,,,,,1.23,0.148,,,,,1.018,1.007,0.718,0.93
PRPHA-Cluster_1_yearly_True_window_5_lags_4_sinusoidal_yes_piecewise,True,5,piecewise_lags_4_sinusoidal_yes,0.549,0.021,421.183,428.958,True,True,False,1.131,-0.493,0,1.791,2.293,0.011,758.9258854770371,,,,,,,1.462,0.086,,,1.018,1.022,0.706,0.937
PRPHA-Cluster_1_yearly_True_window_5_lags_5_sinusoidal_yes_piecewise,True,5,piecewise_lags_5_sinusoidal_yes,0.359,0.008,415.573,423.122,True,True,False,0.68,-1.226,0,1.822,2.292,0.03,758.9176515151515,,,,,,,,,1.406,0.559,1.042,1.022,0.96,0.76
PRPHA-Cluster_1_yearly_False_window_6_lags_none_sinusoidal_no_piecewise,False,6,piecewise_lags_none_sinusoidal_no,0.38,0.005,478.864,483.166,True,False,False,0.846,0.284,0,1.839,1.839,0.201,739.7238127272727,,,,,,,,,,,,,,
PRPHA-Cluster_1_yearly_False_window_6_lags_1_sinusoidal_no_piecewise,False,6,piecewise_lags_1_sinusoidal_no,0.325,0.015,473.118,478.723,True,False,False,0.72,0.075,0,1.911,1.934,0.222,740.2079118922559,1.023,0.661,,,,,,,,,,,,
PRPHA-Cluster_1_yearly_False_window_6_lags_2_sinusoidal_no_piecewise,False,6,piecewise_lags_2_sinusoidal_no,0.684,0.0,444.599,450.068,True,True,False,1.04,0.292,0,1.969,2.059,0.007,740.1123747100605,,,1.09,0.645,,,,,,,,,,
PRPHA-Cluster_1_yearly_False_window_6_lags_3_sinusoidal_no_piecewise,False,6,piecewise_lags_3_sinusoidal_no,0.684,0.003,428.81,434.139,True,True,False,0.976,0.655,0,2.106,2.276,0.022,740.8930091208081,,,,,1.17,0.484,,,,,,,,
PRPHA-Cluster_1_yearly_False_window_6_lags_4_sinusoidal_no_piecewise,False,6,piecewise_lags_4_sinusoidal_no,0.471,0.013,416.494,421.678,True,True,False,1.132,0.041,0,2.285,2.619,0.031,741.024867140202,,,,,,,1.335,0.687,,,,,,
PRPHA-Cluster_1_yearly_False_window_6_lags_5_sinusoidal_no_piecewise,False,6,piecewise_lags_5_sinusoidal_no,0.393,0.002,409.37,414.403,True,True,False,0.875,-0.309,0,1.981,2.253,0.012,764.3006175757575,,,,,,,,,1.272,0.145,,,,
PRPHA-Cluster_1_yearly_False_window_6_lags_none_sinusoidal_yes_piecewise,False,6,piecewise_lags_none_sinusoidal_yes,0.445,0.002,479.438,486.608,True,True,False,0.814,0.166,0,1.942,2.063,0.081,739.7238127272727,,,,,,,,,,,1.002,1.12,0.839,0.096
PRPHA-Cluster_1_yearly_False_window_6_lags_1_sinusoidal_yes_piecewise,False,6,piecewise_lags_1_sinusoidal_yes,0.389,0.009,474.14,482.548,True,False,False,0.62,-0.005,0,1.965,2.05,0.128,740.2079118922559,1.025,0.654,,,,,,,,,1.009,1.051,0.68,0.142
PRPHA-Cluster_1_yearly_False_window_6_lags_2_sinusoidal_yes_piecewise,False,6,piecewise_lags_2_sinusoidal_yes,0.718,0.0,445.227,453.431,True,True,False,0.982,-0.153,0,1.999,2.122,0.003,740.1123747100605,,,1.093,0.799,,,,,,,1.008,1.022,0.951,0.106
PRPHA-Cluster_1_yearly_False_window_6_lags_3_sinusoidal_yes_piecewise,False,6,piecewise_lags_3_sinusoidal_yes,0.709,0.002,430.431,438.424,True,True,False,0.916,0.189,0,2.12,2.305,0.013,740.8930091208081,,,,,1.172,0.641,,,,,1.001,1.011,0.886,0.18
PRPHA-Cluster_1_yearly_False_window_6_lags_4_sinusoidal_yes_piecewise,False,6,piecewise_lags_4_sinusoidal_yes,0.522,0.01,417.767,425.542,True,True,False,1.024,-0.609,0,2.306,2.662,0.021,741.024867140202,,,,,,,1.34,0.721,,,1.0,1.016,0.914,0.152
PRPHA-Cluster_1_yearly_False_window_6_lags_5_sinusoidal_yes_piecewise,False,6,piecewise_lags_5_sinusoidal_yes,0.457,0.003,410.494,418.043,True,True,False,0.833,-0.403,0,2.001,2.299,0.012,764.3006175757575,,,,,,,,,1.278,0.201,1.003,1.017,0.852,0.145
PRPHA-Cluster_1_yearly_True_window_6_lags_none_sinusoidal_no_piecewise,True,6,piecewise_lags_none_sinusoidal_no,0.38,0.005,478.864,483.166,True,False,False,0.846,0.284,0,1.839,1.839,0.201,739.7238127272727,,,,,,,,,,,,,,
PRPHA-Cluster_1_yearly_True_window_6_lags_1_sinusoidal_no_piecewise,True,6,piecewise_lags_1_sinusoidal_no,0.325,0.015,473.118,478.723,True,False,False,0.72,0.075,0,1.911,1.934,0.222,740.2079118922559,1.023,0.661,,,,,,,,,,,,
PRPHA-Cluster_1_yearly_True_window_6_lags_2_sinusoidal_no_piecewise,True,6,piecewise_lags_2_sinusoidal_no,0.684,0.0,444.599,450.068,True,True,False,1.04,0.292,0,1.969,2.059,0.007,740.1123747100605,,,1.09,0.645,,,,,,,,,,
PRPHA-Cluster_1_yearly_True_window_6_lags_3_sinusoidal_no_piecewise,True,6,piecewise_lags_3_sinusoidal_no,0.684,0.003,428.81,434.139,True,True,False,0.976,0.655,0,2.106,2.276,0.022,740.8930091208081,,,,,1.17,0.484,,,,,,,,
PRPHA-Cluster_1_yearly_True_window_6_lags_4_sinusoidal_no_piecewise,True,6,piecewise_lags_4_sinusoidal_no,0.471,0.013,416.494,421.678,True,True,False,1.132,0.041,0,2.285,2.619,0.031,741.024867140202,,,,,,,1.335,0.687,,,,,,
PRPHA-Cluster_1_yearly_True_window_6_lags_5_sinusoidal_no_piecewise,True,6,piecewise_lags_5_sinusoidal_no,0.393,0.002,409.37,414.403,True,True,False,0.875,-0.309,0,1.981,2.253,0.012,764.3006175757575,,,,,,,,,1.272,0.145,,,,
PRPHA-Cluster_1_yearly_True_window_6_lags_none_sinusoidal_yes_piecewise,True,6,piecewise_lags_none_sinusoidal_yes,0.445,0.002,479.438,486.608,True,True,False,0.814,0.166,0,1.942,2.063,0.081,739.7238127272727,,,,,,,,,,,1.002,1.12,0.839,0.096
PRPHA-Cluster_1_yearly_True_window_6_lags_1_sinusoidal_yes_piecewise,True,6,piecewise_lags_1_sinusoidal_yes,0.389,0.009,474.14,482.548,True,False,False,0.62,-0.005,0,1.965,2.05,0.128,740.2079118922559,1.025,0.654,,,,,,,,,1.009,1.051,0.68,0.142
PRPHA-Cluster_1_yearly_True_window_6_lags_2_sinusoidal_yes_piecewise,True,6,piecewise_lags_2_sinusoidal_yes,0.718,0.0,445.227,453.431,True,True,False,0.982,-0.153,0,1.999,2.122,0.003,740.1123747100605,,,1.093,0.799,,,,,,,1.008,1.022,0.951,0.106
PRPHA-Cluster_1_yearly_True_window_6_lags_3_sinusoidal_yes_piecewise,True,6,piecewise_lags_3_sinusoidal_yes,0.709,0.002,430.431,438.424,True,True,False,0.916,0.189,0,2.12,2.305,0.013,740.8930091208081,,,,,1.172,0.641,,,,,1.001,1.011,0.886,0.18
PRPHA-Cluster_1_yearly_True_window_6_lags_4_sinusoidal_yes_piecewise,True,6,piecewise_lags_4_sinusoidal_yes,0.522,0.01,417.767,425.542,True,True,False,1.024,-0.609,0,2.306,2.662,0.021,741.024867140202,,,,,,,1.34,0.721,,,1.0,1.016,0.914,0.152
PRPHA-Cluster_1_yearly_True_window_6_lags_5_sinusoidal_yes_piecewise,True,6,piecewise_lags_5_sinusoidal_yes,0.457,0.003,410.494,418.043,True,True,False,0.833,-0.403,0,2.001,2.299,0.012,764.3006175757575,,,,,,,,,1.278,0.201,1.003,1.017,0.852,0.145
PRPHA-Cluster_1_yearly_False_window_7_lags_none_sinusoidal_no_piecewise,False,7,piecewise_lags_none_sinusoidal_no,0.346,0.003,471.352,475.654,True,True,False,0.631,0.181,0,1.671,1.671,0.127,754.6733854978354,,,,,,,,,,,,,,
PRPHA-Cluster_1_yearly_False_window_7_lags_1_sinusoidal_no_piecewise,False,7,piecewise_lags_1_sinusoidal_no,0.369,0.006,466.222,471.827,True,True,False,0.566,0.156,0,1.659,1.659,0.157,755.0648373665223,1.0,0.652,,,,,,,,,,,,
PRPHA-Cluster_1_yearly_False_window_7_lags_2_sinusoidal_no_piecewise,False,7,piecewise_lags_2_sinusoidal_no,0.607,0.001,439.783,445.252,True,True,False,1.027,0.42,0,1.972,2.027,0.013,743.2793127396441,,,1.054,0.755,,,,,,,,,,
PRPHA-Cluster_1_yearly_False_window_7_lags_3_sinusoidal_no_piecewise,False,7,piecewise_lags_3_sinusoidal_no,0.544,0.005,426.135,431.464,True,True,False,1.015,0.44,0,1.988,2.08,0.037,748.0775347619048,,,,,1.092,0.637,,,,,,,,
PRPHA-Cluster_1_yearly_False_window_7_lags_4_sinusoidal_no_piecewise,False,7,piecewise_lags_4_sinusoidal_no,0.388,0.005,410.94,416.123,True,True,False,0.887,-0.036,0,2.087,2.269,0.02,748.6265371043771,,,,,,,1.183,0.217,,,,,,
PRPHA-Cluster_1_yearly_False_window_7_lags_5_sinusoidal_no_piecewise,False,7,piecewise_lags_5_sinusoidal_no,0.515,0.0,400.575,405.607,True,True,False,0.931,-0.048,0,2.217,2.386,0.002,752.8594801587301,,,,,,,,,1.169,0.075,,,,
PRPHA-Cluster_1_yearly_False_window_7_lags_none_sinusoidal_yes_piecewise,False,7,piecewise_lags_none_sinusoidal_yes,0.425,0.004,471.379,478.549,True,True,False,0.499,0.114,0,1.7,1.742,0.097,754.6733854978354,,,,,,,,,,,1.035,1.007,0.086,0.536
PRPHA-Cluster_1_yearly_False_window_7_lags_1_sinusoidal_yes_piecewise,False,7,piecewise_lags_1_sinusoidal_yes,0.453,0.006,465.953,474.36,True,True,False,0.466,0.129,0,1.69,1.737,0.11,755.0648373665223,1.0,0.635,,,,,,,,,1.038,1.009,0.093,0.439
PRPHA-Cluster_1_yearly_False_window_7_lags_2_sinusoidal_yes_piecewise,False,7,piecewise_lags_2_sinusoidal_yes,0.681,0.0,437.732,445.936,True,False,False,1.055,0.17,0,1.991,2.065,0.003,743.2793127396441,,,1.055,0.518,,,,,,,1.014,1.005,0.04,0.496
PRPHA-Cluster_1_yearly_False_window_7_lags_3_sinusoidal_yes_piecewise,False,7,piecewise_lags_3_sinusoidal_yes,0.65,0.001,422.748,430.741,True,True,False,1.063,0.29,0,2.008,2.123,0.004,748.0775347619048,,,,,1.094,0.229,,,,,1.02,1.0,0.027,0.275
PRPHA-Cluster_1_yearly_False_window_7_lags_4_sinusoidal_yes_piecewise,False,7,piecewise_lags_4_sinusoidal_yes,0.509,0.003,408.978,416.753,True,True,False,0.868,-0.385,0,2.123,2.347,0.009,748.6265371043771,,,,,,,1.189,0.182,,,1.027,1.007,0.047,0.41
PRPHA-Cluster_1_yearly_False_window_7_lags_5_sinusoidal_yes_piecewise,False,7,piecewise_lags_5_sinusoidal_yes,0.578,0.001,400.935,408.483,True,True,False,0.83,0.087,0,2.266,2.482,0.002,752.8594801587301,,,,,,,,,1.176,0.124,1.04,1.001,0.166,0.334
PRPHA-Cluster_1_yearly_True_window_7_lags_none_sinusoidal_no_piecewise,True,7,piecewise_lags_none_sinusoidal_no,0.346,0.003,471.352,475.654,True,True,False,0.631,0.181,0,1.671,1.671,0.127,754.6733854978354,,,,,,,,,,,,,,
PRPHA-Cluster_1_yearly_True_window_7_lags_1_sinusoidal_no_piecewise,True,7,piecewise_lags_1_sinusoidal_no,0.369,0.006,466.222,471.827,True,True,False,0.566,0.156,0,1.659,1.659,0.157,755.0648373665223,1.0,0.652,,,,,,,,,,,,
PRPHA-Cluster_1_yearly_True_window_7_lags_2_sinusoidal_no_piecewise,True,7,piecewise_lags_2_sinusoidal_no,0.607,0.001,439.783,445.252,True,True,False,1.027,0.42,0,1.972,2.027,0.013,743.2793127396441,,,1.054,0.755,,,,,,,,,,
PRPHA-Cluster_1_yearly_True_window_7_lags_3_sinusoidal_no_piecewise,True,7,piecewise_lags_3_sinusoidal_no,0.544,0.005,426.135,431.464,True,True,False,1.015,0.44,0,1.988,2.08,0.037,748.0775347619048,,,,,1.092,0.637,,,,,,,,
PRPHA-Cluster_1_yearly_True_window_7_lags_4_sinusoidal_no_piecewise,True,7,piecewise_lags_4_sinusoidal_no,0.388,0.005,410.94,416.123,True,True,False,0.887,-0.036,0,2.087,2.269,0.02,748.6265371043771,,,,,,,1.183,0.217,,,,,,
PRPHA-Cluster_1_yearly_True_window_7_lags_5_sinusoidal_no_piecewise,True,7,piecewise_lags_5_sinusoidal_no,0.515,0.0,400.575,405.607,True,True,False,0.931,-0.048,0,2.217,2.386,0.002,752.8594801587301,,,,,,,,,1.169,0.075,,,,
PRPHA-Cluster_1_yearly_True_window_7_lags_none_sinusoidal_yes_piecewise,True,7,piecewise_lags_none_sinusoidal_yes,0.425,0.004,471.379,478.549,True,True,False,0.499,0.114,0,1.7,1.742,0.097,754.6733854978354,,,,,,,,,,,1.035,1.007,0.086,0.536
PRPHA-Cluster_1_yearly_True_window_7_lags_1_sinusoidal_yes_piecewise,True,7,piecewise_lags_1_sinusoidal_yes,0.453,0.006,465.953,474.36,True,True,False,0.466,0.129,0,1.69,1.737,0.11,755.0648373665223,1.0,0.635,,,,,,,,,1.038,1.009,0.093,0.439
PRPHA-Cluster_1_yearly_True_window_7_lags_2_sinusoidal_yes_piecewise,True,7,piecewise_lags_2_sinusoidal_yes,0.681,0.0,437.732,445.936,True,False,False,1.055,0.17,0,1.991,2.065,0.003,743.2793127396441,,,1.055,0.518,,,,,,,1.014,1.005,0.04,0.496
PRPHA-Cluster_1_yearly_True_window_7_lags_3_sinusoidal_yes_piecewise,True,7,piecewise_lags_3_sinusoidal_yes,0.65,0.001,422.748,430.741,True,True,False,1.063,0.29,0,2.008,2.123,0.004,748.0775347619048,,,,,1.094,0.229,,,,,1.02,1.0,0.027,0.275
PRPHA-Cluster_1_yearly_True_window_7_lags_4_sinusoidal_yes_piecewise,True,7,piecewise_lags_4_sinusoidal_yes,0.509,0.003,408.978,416.753,True,True,False,0.868,-0.385,0,2.123,2.347,0.009,748.6265371043771,,,,,,,1.189,0.182,,,1.027,1.007,0.047,0.41
PRPHA-Cluster_1_yearly_True_window_7_lags_5_sinusoidal_yes_piecewise,True,7,piecewise_lags_5_sinusoidal_yes,0.578,0.001,400.935,408.483,True,True,False,0.83,0.087,0,2.266,2.482,0.002,752.8594801587301,,,,,,,,,1.176,0.124,1.04,1.001,0.166,0.334
PRPHA-Cluster_1_yearly_False_window_8_lags_none_sinusoidal_no_piecewise,False,8,piecewise_lags_none_sinusoidal_no,0.255,0.013,464.703,469.005,True,True,False,0.602,0.152,0,1.357,1.357,0.351,762.0610716074075,,,,,,,,,,,,,,
PRPHA-Cluster_1_yearly_False_window_8_lags_1_sinusoidal_no_piecewise,False,8,piecewise_lags_1_sinusoidal_no,0.286,0.018,462.208,467.813,True,True,False,0.495,-0.198,0,1.364,1.37,0.327,763.0966244701011,1.006,0.881,,,,,,,,,,,,
PRPHA-Cluster_1_yearly_False_window_8_lags_2_sinusoidal_no_piecewise,False,8,piecewise_lags_2_sinusoidal_no,0.59,0.002,434.187,439.656,True,True,False,0.932,0.317,0,1.929,2.041,0.02,728.5653099909091,,,1.112,0.897,,,,,,,,,,
PRPHA-Cluster_1_yearly_False_window_8_lags_3_sinusoidal_no_piecewise,False,8,piecewise_lags_3_sinusoidal_no,0.512,0.01,420.692,426.021,True,True,False,0.941,0.498,0,2.001,2.166,0.056,729.8018631734006,,,,,1.165,0.863,,,,,,,,
PRPHA-Cluster_1_yearly_False_window_8_lags_4_sinusoidal_no_piecewise,False,8,piecewise_lags_4_sinusoidal_no,0.363,0.003,403.088,408.271,True,True,False,0.939,0.117,0,2.004,2.199,0.013,732.0559341414141,,,,,,,1.195,0.065,,,,,,
PRPHA-Cluster_1_yearly_False_window_8_lags_5_sinusoidal_no_piecewise,False,8,piecewise_lags_5_sinusoidal_no,0.362,0.003,403.117,408.149,True,True,False,0.57,0.073,0,1.503,1.652,0.019,764.2490214225589,,,,,,,,,1.148,0.239,,,,
PRPHA-Cluster_1_yearly_False_window_8_lags_none_sinusoidal_yes_piecewise,False,8,piecewise_lags_none_sinusoidal_yes,0.314,0.034,466.139,473.308,True,True,False,0.498,0.032,0,1.38,1.446,0.368,762.0610716074075,,,,,,,,,,,1.057,1.009,0.336,0.265
PRPHA-Cluster_1_yearly_False_window_8_lags_1_sinusoidal_yes_piecewise,False,8,piecewise_lags_1_sinusoidal_yes,0.351,0.03,463.37,471.777,True,True,False,0.396,-0.314,0,1.388,1.463,0.278,763.0966244701011,1.007,0.83,,,,,,,,,1.053,1.015,0.303,0.284
PRPHA-Cluster_1_yearly_False_window_8_lags_2_sinusoidal_yes_piecewise,False,8,piecewise_lags_2_sinusoidal_yes,0.644,0.001,434.037,442.241,True,True,False,0.904,0.145,0,1.946,2.079,0.009,728.5653099909091,,,1.114,0.635,,,,,,,1.017,1.002,0.172,0.249
PRPHA-Cluster_1_yearly_False_window_8_lags_3_sinusoidal_yes_piecewise,False,8,piecewise_lags_3_sinusoidal_yes,0.591,0.003,419.706,427.699,True,True,False,1.024,0.502,0,2.051,2.274,0.017,729.8018631734006,,,,,1.173,0.464,,,,,1.045,1.005,0.191,0.119
PRPHA-Cluster_1_yearly_False_window_8_lags_4_sinusoidal_yes_piecewise,False,8,piecewise_lags_4_sinusoidal_yes,0.491,0.002,401.018,408.793,True,True,False,0.898,-0.163,0,2.075,2.353,0.008,732.0559341414141,,,,,,,1.209,0.043,,,1.062,1.009,0.182,0.093
PRPHA-Cluster_1_yearly_False_window_8_lags_5_sinusoidal_yes_piecewise,False,8,piecewise_lags_5_sinusoidal_yes,0.428,0.008,404.278,411.827,True,True,False,0.487,0.17,0,1.547,1.794,0.03,764.2490214225589,,,,,,,,,1.161,0.343,1.086,1.0,0.638,0.167
PRPHA-Cluster_1_yearly_True_window_8_lags_none_sinusoidal_no_piecewise,True,8,piecewise_lags_none_sinusoidal_no,0.255,0.013,464.703,469.005,True,True,False,0.602,0.152,0,1.357,1.357,0.351,762.0610716074075,,,,,,,,,,,,,,
PRPHA-Cluster_1_yearly_True_window_8_lags_1_sinusoidal_no_piecewise,True,8,piecewise_lags_1_sinusoidal_no,0.286,0.018,462.208,467.813,True,True,False,0.495,-0.198,0,1.364,1.37,0.327,763.0966244701011,1.006,0.881,,,,,,,,,,,,
PRPHA-Cluster_1_yearly_True_window_8_lags_2_sinusoidal_no_piecewise,True,8,piecewise_lags_2_sinusoidal_no,0.59,0.002,434.187,439.656,True,True,False,0.932,0.317,0,1.929,2.041,0.02,728.5653099909091,,,1.112,0.897,,,,,,,,,,
PRPHA-Cluster_1_yearly_True_window_8_lags_3_sinusoidal_no_piecewise,True,8,piecewise_lags_3_sinusoidal_no,0.512,0.01,420.692,426.021,True,True,False,0.941,0.498,0,2.001,2.166,0.056,729.8018631734006,,,,,1.165,0.863,,,,,,,,
PRPHA-Cluster_1_yearly_True_window_8_lags_4_sinusoidal_no_piecewise,True,8,piecewise_lags_4_sinusoidal_no,0.363,0.003,403.088,408.271,True,True,False,0.939,0.117,0,2.004,2.199,0.013,732.0559341414141,,,,,,,1.195,0.065,,,,,,
PRPHA-Cluster_1_yearly_True_window_8_lags_5_sinusoidal_no_piecewise,True,8,piecewise_lags_5_sinusoidal_no,0.362,0.003,403.117,408.149,True,True,False,0.57,0.073,0,1.503,1.652,0.019,764.2490214225589,,,,,,,,,1.148,0.239,,,,
PRPHA-Cluster_1_yearly_True_window_8_lags_none_sinusoidal_yes_piecewise,True,8,piecewise_lags_none_sinusoidal_yes,0.314,0.034,466.139,473.308,True,True,False,0.498,0.032,0,1.38,1.446,0.368,762.0610716074075,,,,,,,,,,,1.057,1.009,0.336,0.265
PRPHA-Cluster_1_yearly_True_window_8_lags_1_sinusoidal_yes_piecewise,True,8,piecewise_lags_1_sinusoidal_yes,0.351,0.03,463.37,471.777,True,True,False,0.396,-0.314,0,1.388,1.463,0.278,763.0966244701011,1.007,0.83,,,,,,,,,1.053,1.015,0.303,0.284
PRPHA-Cluster_1_yearly_True_window_8_lags_2_sinusoidal_yes_piecewise,True,8,piecewise_lags_2_sinusoidal_yes,0.644,0.001,434.037,442.241,True,True,False,0.904,0.145,0,1.946,2.079,0.009,728.5653099909091,,,1.114,0.635,,,,,,,1.017,1.002,0.172,0.249
PRPHA-Cluster_1_yearly_True_window_8_lags_3_sinusoidal_yes_piecewise,True,8,piecewise_lags_3_sinusoidal_yes,0.591,0.003,419.706,427.699,True,True,False,1.024,0.502,0,2.051,2.274,0.017,729.8018631734006,,,,,1.173,0.464,,,,,1.045,1.005,0.191,0.119
PRPHA-Cluster_1_yearly_True_window_8_lags_4_sinusoidal_yes_piecewise,True,8,piecewise_lags_4_sinusoidal_yes,0.491,0.002,401.018,408.793,True,True,False,0.898,-0.163,0,2.075,2.353,0.008,732.0559341414141,,,,,,,1.209,0.043,,,1.062,1.009,0.182,0.093
PRPHA-Cluster_1_yearly_True_window_8_lags_5_sinusoidal_yes_piecewise,True,8,piecewise_lags_5_sinusoidal_yes,0.428,0.008,404.278,411.827,True,True,False,0.487,0.17,0,1.547,1.794,0.03,764.2490214225589,,,,,,,,,1.161,0.343,1.086,1.0,0.638,0.167
PRPHA-Cluster_1_yearly_False_window_9_lags_none_sinusoidal_no_piecewise,False,9,piecewise_lags_none_sinusoidal_no,0.244,0.028,459.65,463.952,True,True,False,0.627,0.101,0,1.449,1.449,0.348,743.5105104377104,,,,,,,,,,,,,,
PRPHA-Cluster_1_yearly_False_window_9_lags_1_sinusoidal_no_piecewise,False,9,piecewise_lags_1_sinusoidal_no,0.339,0.005,449.227,454.831,True,True,False,0.541,0.178,0,1.468,1.471,0.117,744.235163847843,1.003,0.207,,,,,,,,,,,,
PRPHA-Cluster_1_yearly_False_window_9_lags_2_sinusoidal_no_piecewise,False,9,piecewise_lags_2_sinusoidal_no,0.462,0.009,428.34,433.809,True,True,False,0.92,0.336,0,5.149,5.517,0.019,660.8755333333332,,,1.368,0.607,,,,,,,,,,
PRPHA-Cluster_1_yearly_False_window_9_lags_3_sinusoidal_no_piecewise,False,9,piecewise_lags_3_sinusoidal_no,0.273,0.043,413.592,418.92,True,False,False,0.791,-0.312,0,1.594,1.721,0.283,744.1750217767003,,,,,1.128,0.669,,,,,,,,
PRPHA-Cluster_1_yearly_False_window_9_lags_4_sinusoidal_no_piecewise,False,9,piecewise_lags_4_sinusoidal_no,0.265,0.013,400.96,406.144,True,False,False,0.809,0.221,0,1.783,1.991,0.055,733.5951929437487,,,,,,,1.207,0.129,,,,,,
PRPHA-Cluster_1_yearly_False_window_9_lags_5_sinusoidal_no_piecewise,False,9,piecewise_lags_5_sinusoidal_no,0.222,0.028,403.088,408.121,True,True,False,0.399,0.149,0,1.445,1.745,0.095,769.195907519641,,,,,,,,,1.299,0.564,,,,
PRPHA-Cluster_1_yearly_False_window_9_lags_none_sinusoidal_yes_piecewise,False,9,piecewise_lags_none_sinusoidal_yes,0.263,0.045,462.857,470.027,True,True,False,0.652,-0.505,0,1.462,1.493,0.361,743.5105104377104,,,,,,,,,,,1.029,1.001,0.451,0.787
PRPHA-Cluster_1_yearly_False_window_9_lags_1_sinusoidal_yes_piecewise,False,9,piecewise_lags_1_sinusoidal_yes,0.376,0.009,451.502,459.909,False,True,False,0.534,-0.05,0,1.482,1.513,0.118,744.235163847843,1.003,0.222,,,,,,,,,1.028,1.0,0.263,0.776
PRPHA-Cluster_1_yearly_False_window_9_lags_2_sinusoidal_yes_piecewise,False,9,piecewise_lags_2_sinusoidal_yes,0.474,0.016,431.708,439.912,True,True,False,0.934,-0.249,0,5.243,5.642,0.031,660.8755333333332,,,1.376,0.647,,,,,,,1.001,1.022,0.493,0.885
PRPHA-Cluster_1_yearly_False_window_9_lags_3_sinusoidal_yes_piecewise,False,9,piecewise_lags_3_sinusoidal_yes,0.293,0.052,416.827,424.82,True,False,False,0.828,-0.703,0,1.606,1.758,0.301,744.1750217767003,,,,,1.13,0.658,,,,,1.009,1.012,0.578,0.611
PRPHA-Cluster_1_yearly_False_window_9_lags_4_sinusoidal_yes_piecewise,False,9,piecewise_lags_4_sinusoidal_yes,0.31,0.02,403.243,411.018,True,True,False,0.834,-0.431,0,1.83,2.109,0.09,733.5951929437487,,,,,,,1.22,0.138,,,1.003,1.056,0.435,0.407
PRPHA-Cluster_1_yearly_False_window_9_lags_5_sinusoidal_yes_piecewise,False,9,piecewise_lags_5_sinusoidal_yes,0.262,0.036,405.729,413.277,True,True,False,0.429,0.007,0,1.51,2.001,0.135,769.195907519641,,,,,,,,,1.343,0.579,1.085,1.062,0.586,0.414
PRPHA-Cluster_1_yearly_True_window_9_lags_none_sinusoidal_no_piecewise,True,9,piecewise_lags_none_sinusoidal_no,0.244,0.028,459.65,463.952,True,True,False,0.627,0.101,0,1.449,1.449,0.348,743.5105104377104,,,,,,,,,,,,,,
PRPHA-Cluster_1_yearly_True_window_9_lags_1_sinusoidal_no_piecewise,True,9,piecewise_lags_1_sinusoidal_no,0.339,0.005,449.227,454.831,True,True,False,0.541,0.178,0,1.468,1.471,0.117,744.235163847843,1.003,0.207,,,,,,,,,,,,
PRPHA-Cluster_1_yearly_True_window_9_lags_2_sinusoidal_no_piecewise,True,9,piecewise_lags_2_sinusoidal_no,0.462,0.009,428.34,433.809,True,True,False,0.92,0.336,0,5.149,5.517,0.019,660.8755333333332,,,1.368,0.607,,,,,,,,,,
PRPHA-Cluster_1_yearly_True_window_9_lags_3_sinusoidal_no_piecewise,True,9,piecewise_lags_3_sinusoidal_no,0.273,0.043,413.592,418.92,True,False,False,0.791,-0.312,0,1.594,1.721,0.283,744.1750217767003,,,,,1.128,0.669,,,,,,,,
PRPHA-Cluster_1_yearly_True_window_9_lags_4_sinusoidal_no_piecewise,True,9,piecewise_lags_4_sinusoidal_no,0.265,0.013,400.96,406.144,True,False,False,0.809,0.221,0,1.783,1.991,0.055,733.5951929437487,,,,,,,1.207,0.129,,,,,,
PRPHA-Cluster_1_yearly_True_window_9_lags_5_sinusoidal_no_piecewise,True,9,piecewise_lags_5_sinusoidal_no,0.222,0.028,403.088,408.121,True,True,False,0.399,0.149,0,1.445,1.745,0.095,769.195907519641,,,,,,,,,1.299,0.564,,,,
PRPHA-Cluster_1_yearly_True_window_9_lags_none_sinusoidal_yes_piecewise,True,9,piecewise_lags_none_sinusoidal_yes,0.263,0.045,462.857,470.027,True,True,False,0.652,-0.505,0,1.462,1.493,0.361,743.5105104377104,,,,,,,,,,,1.029,1.001,0.451,0.787
PRPHA-Cluster_1_yearly_True_window_9_lags_1_sinusoidal_yes_piecewise,True,9,piecewise_lags_1_sinusoidal_yes,0.376,0.009,451.502,459.909,False,True,False,0.534,-0.05,0,1.482,1.513,0.118,744.235163847843,1.003,0.222,,,,,,,,,1.028,1.0,0.263,0.776
PRPHA-Cluster_1_yearly_True_window_9_lags_2_sinusoidal_yes_piecewise,True,9,piecewise_lags_2_sinusoidal_yes,0.474,0.016,431.708,439.912,True,True,False,0.934,-0.249,0,5.243,5.642,0.031,660.8755333333332,,,1.376,0.647,,,,,,,1.001,1.022,0.493,0.885
PRPHA-Cluster_1_yearly_True_window_9_lags_3_sinusoidal_yes_piecewise,True,9,piecewise_lags_3_sinusoidal_yes,0.293,0.052,416.827,424.82,True,False,False,0.828,-0.703,0,1.606,1.758,0.301,744.1750217767003,,,,,1.13,0.658,,,,,1.009,1.012,0.578,0.611
PRPHA-Cluster_1_yearly_True_window_9_lags_4_sinusoidal_yes_piecewise,True,9,piecewise_lags_4_sinusoidal_yes,0.31,0.02,403.243,411.018,True,True,False,0.834,-0.431,0,1.83,2.109,0.09,733.5951929437487,,,,,,,1.22,0.138,,,1.003,1.056,0.435,0.407
PRPHA-Cluster_1_yearly_True_window_9_lags_5_sinusoidal_yes_piecewise,True,9,piecewise_lags_5_sinusoidal_yes,0.262,0.036,405.729,413.277,True,True,False,0.429,0.007,0,1.51,2.001,0.135,769.195907519641,,,,,,,,,1.343,0.579,1.085,1.062,0.586,0.414
PRPHA-Cluster_1_yearly_False_window_10_lags_none_sinusoidal_no_piecewise,False,10,piecewise_lags_none_sinusoidal_no,0.199,0.016,451.816,456.118,True,True,False,0.525,0.163,0,1.141,1.141,0.244,791.9489761023569,,,,,,,,,,,,,,
PRPHA-Cluster_1_yearly_False_window_10_lags_1_sinusoidal_no_piecewise,False,10,piecewise_lags_1_sinusoidal_no,0.273,0.012,443.527,449.132,True,True,False,0.454,0.07,0,1.366,1.397,0.142,751.6554589033334,1.031,0.506,,,,,,,,,,,,
PRPHA-Cluster_1_yearly_False_window_10_lags_2_sinusoidal_no_piecewise,False,10,piecewise_lags_2_sinusoidal_no,0.47,0.001,419.212,424.681,True,True,False,1.153,0.446,0,3.387,3.684,0.007,681.3570694276094,,,1.297,0.519,,,,,,,,,,
PRPHA-Cluster_1_yearly_False_window_10_lags_3_sinusoidal_no_piecewise,False,10,piecewise_lags_3_sinusoidal_no,0.267,0.036,401.882,407.211,True,True,False,0.813,-0.023,0,2.675,3.013,0.146,695.677787071515,,,,,1.338,0.268,,,,,,,,
PRPHA-Cluster_1_yearly_False_window_10_lags_4_sinusoidal_no_piecewise,False,10,piecewise_lags_4_sinusoidal_no,0.198,0.043,393.376,398.559,True,True,False,0.839,-0.043,0,3.212,3.75,0.079,700.759200310303,,,,,,,1.538,0.147,,,,,,
PRPHA-Cluster_1_yearly_False_window_10_lags_5_sinusoidal_no_piecewise,False,10,piecewise_lags_5_sinusoidal_no,0.198,0.045,401.197,406.23,True,False,False,0.264,-0.443,0,1.375,1.888,0.074,769.3884979241751,,,,,,,,,1.513,0.881,,,,
PRPHA-Cluster_1_yearly_False_window_10_lags_none_sinusoidal_yes_piecewise,False,10,piecewise_lags_none_sinusoidal_yes,0.225,0.018,454.813,461.983,True,True,False,0.527,-0.045,0,1.153,1.235,0.222,791.9489761023569,,,,,,,,,,,1.068,1.014,0.489,0.567
PRPHA-Cluster_1_yearly_False_window_10_lags_1_sinusoidal_yes_piecewise,False,10,piecewise_lags_1_sinusoidal_yes,0.291,0.015,446.765,455.172,True,True,False,0.441,-0.114,0,1.377,1.44,0.139,751.6554589033334,1.032,0.523,,,,,,,,,1.021,1.01,0.469,0.794
PRPHA-Cluster_1_yearly_False_window_10_lags_2_sinusoidal_yes_piecewise,False,10,piecewise_lags_2_sinusoidal_yes,0.475,0.002,422.911,431.115,True,True,False,1.155,0.257,0,3.398,3.702,0.009,681.3570694276094,,,1.299,0.503,,,,,,,1.001,1.004,0.794,0.683
PRPHA-Cluster_1_yearly_False_window_10_lags_3_sinusoidal_yes_piecewise,False,10,piecewise_lags_3_sinusoidal_yes,0.267,0.053,405.864,413.858,True,True,False,0.816,-0.501,0,2.685,3.029,0.184,695.677787071515,,,,,1.339,0.297,,,,,1.0,1.005,0.953,0.918
PRPHA-Cluster_1_yearly_False_window_10_lags_4_sinusoidal_yes_piecewise,False,10,piecewise_lags_4_sinusoidal_yes,0.218,0.048,396.696,404.471,True,False,False,0.888,-1.339,0,3.327,3.946,0.086,700.759200310303,,,,,,,1.566,0.141,,,1.011,1.041,0.593,0.646
PRPHA-Cluster_1_yearly_False_window_10_lags_5_sinusoidal_yes_piecewise,False,10,piecewise_lags_5_sinusoidal_yes,0.211,0.05,404.774,412.323,True,False,False,0.296,-0.541,0,1.428,2.155,0.089,769.3884979241751,,,,,,,,,1.586,0.891,1.136,1.005,0.811,0.613
PRPHA-Cluster_1_yearly_True_window_10_lags_none_sinusoidal_no_piecewise,True,10,piecewise_lags_none_sinusoidal_no,0.199,0.016,451.816,456.118,True,True,False,0.525,0.163,0,1.141,1.141,0.244,791.9489761023569,,,,,,,,,,,,,,
PRPHA-Cluster_1_yearly_True_window_10_lags_1_sinusoidal_no_piecewise,True,10,piecewise_lags_1_sinusoidal_no,0.273,0.012,443.527,449.132,True,True,False,0.454,0.07,0,1.366,1.397,0.142,751.6554589033334,1.031,0.506,,,,,,,,,,,,
PRPHA-Cluster_1_yearly_True_window_10_lags_2_sinusoidal_no_piecewise,True,10,piecewise_lags_2_sinusoidal_no,0.47,0.001,419.212,424.681,True,True,False,1.153,0.446,0,3.387,3.684,0.007,681.3570694276094,,,1.297,0.519,,,,,,,,,,
PRPHA-Cluster_1_yearly_True_window_10_lags_3_sinusoidal_no_piecewise,True,10,piecewise_lags_3_sinusoidal_no,0.267,0.036,401.882,407.211,True,True,False,0.813,-0.023,0,2.675,3.013,0.146,695.677787071515,,,,,1.338,0.268,,,,,,,,
PRPHA-Cluster_1_yearly_True_window_10_lags_4_sinusoidal_no_piecewise,True,10,piecewise_lags_4_sinusoidal_no,0.198,0.043,393.376,398.559,True,True,False,0.839,-0.043,0,3.212,3.75,0.079,700.759200310303,,,,,,,1.538,0.147,,,,,,
PRPHA-Cluster_1_yearly_True_window_10_lags_5_sinusoidal_no_piecewise,True,10,piecewise_lags_5_sinusoidal_no,0.198,0.045,401.197,406.23,True,False,False,0.264,-0.443,0,1.375,1.888,0.074,769.3884979241751,,,,,,,,,1.513,0.881,,,,
PRPHA-Cluster_1_yearly_True_window_10_lags_none_sinusoidal_yes_piecewise,True,10,piecewise_lags_none_sinusoidal_yes,0.225,0.018,454.813,461.983,True,True,False,0.527,-0.045,0,1.153,1.235,0.222,791.9489761023569,,,,,,,,,,,1.068,1.014,0.489,0.567
PRPHA-Cluster_1_yearly_True_window_10_lags_1_sinusoidal_yes_piecewise,True,10,piecewise_lags_1_sinusoidal_yes,0.291,0.015,446.765,455.172,True,True,False,0.441,-0.114,0,1.377,1.44,0.139,751.6554589033334,1.032,0.523,,,,,,,,,1.021,1.01,0.469,0.794
PRPHA-Cluster_1_yearly_True_window_10_lags_2_sinusoidal_yes_piecewise,True,10,piecewise_lags_2_sinusoidal_yes,0.475,0.002,422.911,431.115,True,True,False,1.155,0.257,0,3.398,3.702,0.009,681.3570694276094,,,1.299,0.503,,,,,,,1.001,1.004,0.794,0.683
PRPHA-Cluster_1_yearly_True_window_10_lags_3_sinusoidal_yes_piecewise,True,10,piecewise_lags_3_sinusoidal_yes,0.267,0.053,405.864,413.858,True,True,False,0.816,-0.501,0,2.685,3.029,0.184,695.677787071515,,,,,1.339,0.297,,,,,1.0,1.005,0.953,0.918
PRPHA-Cluster_1_yearly_True_window_10_lags_4_sinusoidal_yes_piecewise,True,10,piecewise_lags_4_sinusoidal_yes,0.218,0.048,396.696,404.471,True,False,False,0.888,-1.339,0,3.327,3.946,0.086,700.759200310303,,,,,,,1.566,0.141,,,1.011,1.041,0.593,0.646
PRPHA-Cluster_1_yearly_True_window_10_lags_5_sinusoidal_yes_piecewise,True,10,piecewise_lags_5_sinusoidal_yes,0.211,0.05,404.774,412.323,True,False,False,0.296,-0.541,0,1.428,2.155,0.089,769.3884979241751,,,,,,,,,1.586,0.891,1.136,1.005,0.811,0.613
