analysis_name,yearly_aggregate,window_size,config_type,r_squared,p_value,aic,bic,is_normal,is_homoscedastic,no_autocorrelation,durbin_watson,cv_r2_score,cv_r2_std,vif_PPT,vif_quadratic,p_value_quadratic,vif_ortho_PPT_lag1,p_value_lag1,vif_ortho_PPT_lag2,p_value_lag2,vif_ortho_PPT_lag3,p_value_lag3,vif_ortho_PPT_lag4,p_value_lag4,vif_ortho_PPT_lag5,p_value_lag5,vif_ortho_sin_cycle,vif_ortho_cos_cycle,p_value_sin,p_value_cos
PRPHA-Cluster_2_yearly_False_window_1_lags_none_sinusoidal_no_quadratic,False,1,quadratic_lags_none_sinusoidal_no,0.044,0.338,561.541,566.031,False,True,False,1.283,-0.684,0,1.784,1.784,0.369,,,,,,,,,,,,,,
PRPHA-Cluster_2_yearly_False_window_1_lags_1_sinusoidal_no_quadratic,False,1,quadratic_lags_1_sinusoidal_no,0.057,0.265,547.249,553.111,False,True,False,1.303,-0.689,0,1.804,1.806,0.356,1.001,0.6,,,,,,,,,,,,
PRPHA-Cluster_2_yearly_False_window_1_lags_2_sinusoidal_no_quadratic,False,1,quadratic_lags_2_sinusoidal_no,0.064,0.225,530.607,536.343,True,True,False,1.196,-0.209,0,1.815,1.819,0.31,,,1.004,0.413,,,,,,,,,,
PRPHA-Cluster_2_yearly_False_window_1_lags_3_sinusoidal_no_quadratic,False,1,quadratic_lags_3_sinusoidal_no,0.134,0.743,512.338,517.942,False,True,False,1.115,-0.952,0,1.784,1.791,0.386,,,,,1.008,0.125,,,,,,,,
PRPHA-Cluster_2_yearly_False_window_1_lags_4_sinusoidal_no_quadratic,False,1,quadratic_lags_4_sinusoidal_no,0.095,0.986,497.263,502.732,True,False,True,1.521,-0.858,0,1.766,1.786,0.307,,,,,,,1.02,0.355,,,,,,
PRPHA-Cluster_2_yearly_False_window_1_lags_5_sinusoidal_no_quadratic,False,1,quadratic_lags_5_sinusoidal_no,0.116,0.746,479.931,485.26,True,True,False,1.472,-0.264,0,1.75,1.753,0.529,,,,,,,,,1.003,0.268,,,,
PRPHA-Cluster_2_yearly_False_window_1_lags_none_sinusoidal_yes_quadratic,False,1,quadratic_lags_none_sinusoidal_yes,0.186,0.433,560.231,567.714,True,True,False,1.423,-0.656,0,1.828,1.883,0.657,,,,,,,,,,,1.019,1.036,0.575,0.042
PRPHA-Cluster_2_yearly_False_window_1_lags_1_sinusoidal_yes_quadratic,False,1,quadratic_lags_1_sinusoidal_yes,0.215,0.285,545.39,554.184,True,False,True,1.54,-0.281,0,1.867,1.946,0.701,1.002,0.542,,,,,,,,,1.016,1.061,0.69,0.034
PRPHA-Cluster_2_yearly_False_window_1_lags_2_sinusoidal_yes_quadratic,False,1,quadratic_lags_2_sinusoidal_yes,0.28,0.195,526.482,535.086,True,True,False,1.354,-0.038,0,1.88,1.964,0.636,,,1.004,0.331,,,,,,,1.016,1.065,0.625,0.014
PRPHA-Cluster_2_yearly_False_window_1_lags_3_sinusoidal_yes_quadratic,False,1,quadratic_lags_3_sinusoidal_yes,0.245,0.828,512.24,520.647,True,True,False,1.297,-0.856,0,1.881,2.013,0.788,,,,,1.008,0.175,,,,,1.027,1.097,0.435,0.106
PRPHA-Cluster_2_yearly_False_window_1_lags_4_sinusoidal_yes_quadratic,False,1,quadratic_lags_4_sinusoidal_yes,0.224,0.691,496.823,505.027,True,True,False,1.49,-1.911,0,1.898,2.093,0.792,,,,,,,1.024,0.646,,,1.06,1.112,0.4,0.084
PRPHA-Cluster_2_yearly_False_window_1_lags_5_sinusoidal_yes_quadratic,False,1,quadratic_lags_5_sinusoidal_yes,0.227,0.9,480.17,488.164,True,True,True,1.537,-0.156,0,1.822,1.921,0.852,,,,,,,,,1.003,0.357,1.027,1.069,0.508,0.107
PRPHA-Cluster_2_yearly_True_window_1_lags_none_sinusoidal_no_quadratic,True,1,quadratic_lags_none_sinusoidal_no,0.027,0.502,487.34,491.442,True,True,False,0.67,-0.076,0,1.854,1.854,0.501,,,,,,,,,,,,,,
PRPHA-Cluster_2_yearly_True_window_1_lags_1_sinusoidal_no_quadratic,True,1,quadratic_lags_1_sinusoidal_no,0.032,0.634,473.53,478.858,True,True,False,0.628,-0.45,0,1.883,1.883,0.516,1.0,0.808,,,,,,,,,,,,
PRPHA-Cluster_2_yearly_True_window_1_lags_2_sinusoidal_no_quadratic,True,1,quadratic_lags_2_sinusoidal_no,0.022,0.692,457.516,462.699,True,True,False,0.646,-0.193,0,1.9,1.9,0.575,,,1.0,0.95,,,,,,,,,,
PRPHA-Cluster_2_yearly_True_window_1_lags_3_sinusoidal_no_quadratic,True,1,quadratic_lags_3_sinusoidal_no,0.147,0.54,438.221,443.253,True,True,False,0.606,-1.369,0,1.923,1.983,0.361,,,,,1.06,0.098,,,,,,,,
PRPHA-Cluster_2_yearly_True_window_1_lags_4_sinusoidal_no_quadratic,True,1,quadratic_lags_4_sinusoidal_no,0.09,0.82,423.649,428.525,True,True,False,0.946,-0.863,0,1.869,1.907,0.384,,,,,,,1.038,0.336,,,,,,
PRPHA-Cluster_2_yearly_True_window_1_lags_5_sinusoidal_no_quadratic,True,1,quadratic_lags_5_sinusoidal_no,0.098,0.907,406.797,411.51,True,False,False,0.77,-0.004,0,1.831,1.834,0.479,,,,,,,,,1.003,0.35,,,,
PRPHA-Cluster_2_yearly_True_window_1_lags_none_sinusoidal_yes_quadratic,True,1,quadratic_lags_none_sinusoidal_yes,0.222,0.511,484.833,491.669,True,True,False,0.815,-0.211,0,1.865,1.876,0.623,,,,,,,,,,,1.005,1.007,0.594,0.026
PRPHA-Cluster_2_yearly_True_window_1_lags_1_sinusoidal_yes_quadratic,True,1,quadratic_lags_1_sinusoidal_yes,0.229,0.547,471.174,479.167,True,True,False,0.829,-0.21,0,1.901,1.922,0.678,1.0,0.888,,,,,,,,,1.003,1.018,0.643,0.033
PRPHA-Cluster_2_yearly_True_window_1_lags_2_sinusoidal_yes_quadratic,True,1,quadratic_lags_2_sinusoidal_yes,0.286,0.451,453.013,460.788,True,True,False,0.77,0.116,0,1.928,1.959,0.747,,,1.0,0.801,,,,,,,1.005,1.026,0.552,0.016
PRPHA-Cluster_2_yearly_True_window_1_lags_3_sinusoidal_yes_quadratic,True,1,quadratic_lags_3_sinusoidal_yes,0.283,0.924,437.711,445.26,True,True,False,0.761,-1.093,0,2.011,2.172,0.687,,,,,1.065,0.253,,,,,1.029,1.067,0.579,0.078
PRPHA-Cluster_2_yearly_True_window_1_lags_4_sinusoidal_yes_quadratic,True,1,quadratic_lags_4_sinusoidal_yes,0.279,0.616,421.815,429.128,True,True,False,0.813,-0.912,0,1.95,2.083,0.767,,,,,,,1.041,0.805,,,1.042,1.051,0.385,0.046
PRPHA-Cluster_2_yearly_True_window_1_lags_5_sinusoidal_yes_quadratic,True,1,quadratic_lags_5_sinusoidal_yes,0.277,0.938,405.497,412.565,True,True,False,0.872,-0.904,0,1.87,1.921,0.718,,,,,,,,,1.003,0.381,1.025,1.023,0.526,0.059
PRPHA-Cluster_2_yearly_False_window_2_lags_none_sinusoidal_no_quadratic,False,2,quadratic_lags_none_sinusoidal_no,0.06,0.339,549.245,553.734,True,True,False,0.568,-0.102,0,1.791,1.791,0.251,,,,,,,,,,,,,,
PRPHA-Cluster_2_yearly_False_window_2_lags_1_sinusoidal_no_quadratic,False,2,quadratic_lags_1_sinusoidal_no,0.089,0.198,535.405,541.268,True,True,False,0.539,-0.355,0,1.804,1.804,0.23,1.0,0.446,,,,,,,,,,,,
PRPHA-Cluster_2_yearly_False_window_2_lags_2_sinusoidal_no_quadratic,False,2,quadratic_lags_2_sinusoidal_no,0.043,0.444,520.401,526.137,True,True,False,0.508,-0.093,0,1.87,1.878,0.372,,,1.008,0.842,,,,,,,,,,
PRPHA-Cluster_2_yearly_False_window_2_lags_3_sinusoidal_no_quadratic,False,2,quadratic_lags_3_sinusoidal_no,0.108,0.87,503.066,508.671,True,True,False,0.512,-0.355,0,1.826,1.829,0.311,,,,,1.003,0.249,,,,,,,,
PRPHA-Cluster_2_yearly_False_window_2_lags_4_sinusoidal_no_quadratic,False,2,quadratic_lags_4_sinusoidal_no,0.209,0.379,483.489,488.959,True,True,False,0.649,-0.428,0,1.772,1.779,0.191,,,,,,,1.007,0.062,,,,,,
PRPHA-Cluster_2_yearly_False_window_2_lags_5_sinusoidal_no_quadratic,False,2,quadratic_lags_5_sinusoidal_no,0.175,0.674,468.968,474.297,True,True,False,0.678,0.09,0,1.765,1.777,0.347,,,,,,,,,1.012,0.186,,,,
PRPHA-Cluster_2_yearly_False_window_2_lags_none_sinusoidal_yes_quadratic,False,2,quadratic_lags_none_sinusoidal_yes,0.247,0.348,545.953,553.435,True,True,False,0.636,0.015,0,1.814,1.843,0.385,,,,,,,,,,,1.02,1.009,0.399,0.022
PRPHA-Cluster_2_yearly_False_window_2_lags_1_sinusoidal_yes_quadratic,False,2,quadratic_lags_1_sinusoidal_yes,0.321,0.101,529.98,538.775,True,True,False,0.659,0.114,0,1.833,1.87,0.372,1.0,0.312,,,,,,,,,1.016,1.021,0.557,0.008
PRPHA-Cluster_2_yearly_False_window_2_lags_2_sinusoidal_yes_quadratic,False,2,quadratic_lags_2_sinusoidal_yes,0.302,0.264,514.626,523.23,True,True,False,0.589,0.02,0,1.911,1.966,0.565,,,1.008,0.612,,,,,,,1.027,1.02,0.378,0.011
PRPHA-Cluster_2_yearly_False_window_2_lags_3_sinusoidal_yes_quadratic,False,2,quadratic_lags_3_sinusoidal_yes,0.272,0.723,500.991,509.398,True,True,False,0.616,-0.329,0,1.896,1.985,0.58,,,,,1.004,0.486,,,,,1.048,1.037,0.382,0.046
PRPHA-Cluster_2_yearly_False_window_2_lags_4_sinusoidal_yes_quadratic,False,2,quadratic_lags_4_sinusoidal_yes,0.308,0.811,483.606,491.81,True,True,False,0.668,-0.749,0,1.866,1.996,0.412,,,,,,,1.008,0.205,,,1.083,1.039,0.523,0.093
PRPHA-Cluster_2_yearly_False_window_2_lags_5_sinusoidal_yes_quadratic,False,2,quadratic_lags_5_sinusoidal_yes,0.306,0.9,468.101,476.094,True,True,False,0.693,0.219,0,1.812,1.886,0.539,,,,,,,,,1.013,0.273,1.039,1.022,0.464,0.066
PRPHA-Cluster_2_yearly_True_window_2_lags_none_sinusoidal_no_quadratic,True,2,quadratic_lags_none_sinusoidal_no,0.022,0.656,482.448,486.55,False,True,False,0.349,-0.367,0,1.959,1.959,0.47,,,,,,,,,,,,,,
PRPHA-Cluster_2_yearly_True_window_2_lags_1_sinusoidal_no_quadratic,True,2,quadratic_lags_1_sinusoidal_no,0.03,0.62,469.396,474.725,False,True,False,0.339,-0.801,0,1.979,1.983,0.442,1.004,0.884,,,,,,,,,,,,
PRPHA-Cluster_2_yearly_True_window_2_lags_2_sinusoidal_no_quadratic,True,2,quadratic_lags_2_sinusoidal_no,0.031,0.797,452.836,458.019,False,True,False,0.328,-0.238,0,2.006,2.007,0.75,,,1.001,0.481,,,,,,,,,,
PRPHA-Cluster_2_yearly_True_window_2_lags_3_sinusoidal_no_quadratic,True,2,quadratic_lags_3_sinusoidal_no,0.125,0.396,435.035,440.067,False,True,False,0.364,-3.232,0,2.09,2.158,0.446,,,,,1.068,0.12,,,,,,,,
PRPHA-Cluster_2_yearly_True_window_2_lags_4_sinusoidal_no_quadratic,True,2,quadratic_lags_4_sinusoidal_no,0.184,0.317,417.286,422.162,True,True,False,0.515,-2.108,0,2.06,2.153,0.213,,,,,,,1.093,0.076,,,,,,
PRPHA-Cluster_2_yearly_True_window_2_lags_5_sinusoidal_no_quadratic,True,2,quadratic_lags_5_sinusoidal_no,0.109,0.981,403.721,408.434,True,False,False,0.416,-0.265,0,1.966,1.973,0.326,,,,,,,,,1.007,0.398,,,,
PRPHA-Cluster_2_yearly_True_window_2_lags_none_sinusoidal_yes_quadratic,True,2,quadratic_lags_none_sinusoidal_yes,0.254,0.508,478.61,485.446,True,True,False,0.467,-0.151,0,1.968,1.977,0.339,,,,,,,,,,,1.003,1.006,0.386,0.021
PRPHA-Cluster_2_yearly_True_window_2_lags_1_sinusoidal_yes_quadratic,True,2,quadratic_lags_1_sinusoidal_yes,0.266,0.286,465.612,473.605,True,True,False,0.518,-0.495,0,1.982,1.99,0.322,1.004,0.914,,,,,,,,,1.003,1.0,0.593,0.02
PRPHA-Cluster_2_yearly_True_window_2_lags_2_sinusoidal_yes_quadratic,True,2,quadratic_lags_2_sinusoidal_yes,0.284,0.642,448.68,456.455,True,True,False,0.449,-0.206,0,2.028,2.051,0.671,,,1.001,0.883,,,,,,,1.021,1.0,0.358,0.029
PRPHA-Cluster_2_yearly_True_window_2_lags_3_sinusoidal_yes_quadratic,True,2,quadratic_lags_3_sinusoidal_yes,0.288,0.875,433.688,441.237,True,True,False,0.465,-2.754,0,2.188,2.351,0.544,,,,,1.074,0.491,,,,,1.086,1.004,0.462,0.057
PRPHA-Cluster_2_yearly_True_window_2_lags_4_sinusoidal_yes_quadratic,True,2,quadratic_lags_4_sinusoidal_yes,0.33,0.736,416.326,423.639,True,True,False,0.593,-1.999,0,2.248,2.533,0.288,,,,,,,1.109,0.25,,,1.176,1.0,0.722,0.056
PRPHA-Cluster_2_yearly_True_window_2_lags_5_sinusoidal_yes_quadratic,True,2,quadratic_lags_5_sinusoidal_yes,0.33,0.9,400.885,407.954,False,True,False,0.553,-0.847,0,2.046,2.136,0.325,,,,,,,,,1.008,0.338,1.075,1.008,0.426,0.039
PRPHA-Cluster_2_yearly_False_window_3_lags_none_sinusoidal_no_quadratic,False,3,quadratic_lags_none_sinusoidal_no,0.108,0.199,542.434,546.924,True,True,False,0.444,0.011,0,2.263,2.263,0.097,,,,,,,,,,,,,,
PRPHA-Cluster_2_yearly_False_window_3_lags_1_sinusoidal_no_quadratic,False,3,quadratic_lags_1_sinusoidal_no,0.11,0.18,529.169,535.032,True,True,False,0.441,-0.388,0,2.254,2.254,0.099,1.0,0.696,,,,,,,,,,,,
PRPHA-Cluster_2_yearly_False_window_3_lags_2_sinusoidal_no_quadratic,False,3,quadratic_lags_2_sinusoidal_no,0.061,0.431,515.002,520.738,False,True,False,0.357,-0.208,0,2.353,2.356,0.26,,,1.003,0.995,,,,,,,,,,
PRPHA-Cluster_2_yearly_False_window_3_lags_3_sinusoidal_no_quadratic,False,3,quadratic_lags_3_sinusoidal_no,0.153,0.812,496.565,502.17,False,True,False,0.429,-0.646,0,2.35,2.36,0.113,,,,,1.01,0.286,,,,,,,,
PRPHA-Cluster_2_yearly_False_window_3_lags_4_sinusoidal_no_quadratic,False,3,quadratic_lags_4_sinusoidal_no,0.282,0.492,475.839,481.308,True,True,False,0.556,-0.184,0,2.246,2.251,0.053,,,,,,,1.005,0.051,,,,,,
PRPHA-Cluster_2_yearly_False_window_3_lags_5_sinusoidal_no_quadratic,False,3,quadratic_lags_5_sinusoidal_no,0.3,0.286,458.053,463.381,True,True,False,0.477,-0.042,0,2.308,2.309,0.139,,,,,,,,,1.001,0.034,,,,
PRPHA-Cluster_2_yearly_False_window_3_lags_none_sinusoidal_yes_quadratic,False,3,quadratic_lags_none_sinusoidal_yes,0.302,0.232,538.333,545.815,True,True,False,0.525,0.002,0,2.293,2.317,0.136,,,,,,,,,,,1.015,1.008,0.721,0.01
PRPHA-Cluster_2_yearly_False_window_3_lags_1_sinusoidal_yes_quadratic,False,3,quadratic_lags_1_sinusoidal_yes,0.389,0.131,521.142,529.936,True,True,False,0.621,-0.116,0,2.29,2.318,0.14,1.0,0.587,,,,,,,,,1.009,1.02,0.86,0.002
PRPHA-Cluster_2_yearly_False_window_3_lags_2_sinusoidal_yes_quadratic,False,3,quadratic_lags_2_sinusoidal_yes,0.351,0.258,507.551,516.155,True,True,False,0.472,-0.014,0,2.433,2.495,0.368,,,1.003,0.777,,,,,,,1.043,1.017,0.745,0.003
PRPHA-Cluster_2_yearly_False_window_3_lags_3_sinusoidal_yes_quadratic,False,3,quadratic_lags_3_sinusoidal_yes,0.347,0.488,492.756,501.163,True,True,False,0.523,-0.355,0,2.51,2.639,0.275,,,,,1.011,0.513,,,,,1.066,1.052,0.682,0.015
PRPHA-Cluster_2_yearly_False_window_3_lags_4_sinusoidal_yes_quadratic,False,3,quadratic_lags_4_sinusoidal_yes,0.386,0.99,475.311,483.515,True,True,False,0.578,-0.381,0,2.462,2.641,0.156,,,,,,,1.006,0.178,,,1.109,1.064,0.904,0.061
PRPHA-Cluster_2_yearly_False_window_3_lags_5_sinusoidal_yes_quadratic,False,3,quadratic_lags_5_sinusoidal_yes,0.407,0.484,457.423,465.416,True,True,False,0.529,0.018,0,2.486,2.624,0.198,,,,,,,,,1.002,0.073,1.107,1.029,0.792,0.068
PRPHA-Cluster_2_yearly_True_window_3_lags_none_sinusoidal_no_quadratic,True,3,quadratic_lags_none_sinusoidal_no,0.018,0.717,479.391,483.492,True,True,False,0.244,-0.171,0,2.472,2.472,0.503,,,,,,,,,,,,,,
PRPHA-Cluster_2_yearly_True_window_3_lags_1_sinusoidal_no_quadratic,True,3,quadratic_lags_1_sinusoidal_no,0.017,0.783,466.192,471.521,False,True,False,0.236,-0.215,0,2.478,2.497,0.531,1.019,0.918,,,,,,,,,,,,
PRPHA-Cluster_2_yearly_True_window_3_lags_2_sinusoidal_no_quadratic,True,3,quadratic_lags_2_sinusoidal_no,0.019,0.745,450.24,455.423,False,True,False,0.222,-0.207,0,2.482,2.487,0.875,,,1.005,0.531,,,,,,,,,,
PRPHA-Cluster_2_yearly_True_window_3_lags_3_sinusoidal_no_quadratic,True,3,quadratic_lags_3_sinusoidal_no,0.142,0.363,431.432,436.464,False,True,False,0.272,-1.159,0,2.829,2.95,0.342,,,,,1.121,0.09,,,,,,,,
PRPHA-Cluster_2_yearly_True_window_3_lags_4_sinusoidal_no_quadratic,True,3,quadratic_lags_4_sinusoidal_no,0.262,0.187,411.774,416.649,True,True,False,0.435,-0.4,0,2.705,2.82,0.086,,,,,,,1.115,0.025,,,,,,
PRPHA-Cluster_2_yearly_True_window_3_lags_5_sinusoidal_no_quadratic,True,3,quadratic_lags_5_sinusoidal_no,0.131,0.607,398.64,403.352,True,True,False,0.258,-0.113,0,2.661,2.687,0.323,,,,,,,,,1.026,0.188,,,,
PRPHA-Cluster_2_yearly_True_window_3_lags_none_sinusoidal_yes_quadratic,True,3,quadratic_lags_none_sinusoidal_yes,0.273,0.629,474.678,481.515,True,False,False,0.347,0.013,0,2.49,2.502,0.321,,,,,,,,,,,1.002,1.011,0.554,0.01
PRPHA-Cluster_2_yearly_True_window_3_lags_1_sinusoidal_yes_quadratic,True,3,quadratic_lags_1_sinusoidal_yes,0.347,0.518,458.739,466.733,True,False,False,0.428,0.059,0,2.48,2.5,0.372,1.019,0.998,,,,,,,,,1.001,1.0,0.673,0.004
PRPHA-Cluster_2_yearly_True_window_3_lags_2_sinusoidal_yes_quadratic,True,3,quadratic_lags_2_sinusoidal_yes,0.34,0.808,443.537,451.312,True,False,False,0.339,-1.149,0,2.533,2.573,0.81,,,1.006,0.774,,,,,,,1.034,1.0,0.517,0.007
PRPHA-Cluster_2_yearly_True_window_3_lags_3_sinusoidal_yes_quadratic,True,3,quadratic_lags_3_sinusoidal_yes,0.345,0.855,428.412,435.96,True,True,False,0.364,-0.614,0,3.08,3.356,0.547,,,,,1.138,0.448,,,,,1.118,1.02,0.688,0.024
PRPHA-Cluster_2_yearly_True_window_3_lags_4_sinusoidal_yes_quadratic,True,3,quadratic_lags_4_sinusoidal_yes,0.402,0.491,410.506,417.819,True,True,False,0.552,-0.481,0,3.261,3.74,0.154,,,,,,,1.152,0.12,,,1.3,1.026,0.584,0.099
PRPHA-Cluster_2_yearly_True_window_3_lags_5_sinusoidal_yes_quadratic,True,3,quadratic_lags_5_sinusoidal_yes,0.369,0.607,394.96,402.028,False,True,False,0.392,-0.283,0,3.064,3.338,0.269,,,,,,,,,1.032,0.185,1.239,1.004,0.929,0.018
PRPHA-Cluster_2_yearly_False_window_4_lags_none_sinusoidal_no_quadratic,False,4,quadratic_lags_none_sinusoidal_no,0.116,0.193,537.462,541.952,False,True,False,0.332,-0.013,0,2.603,2.603,0.063,,,,,,,,,,,,,,
PRPHA-Cluster_2_yearly_False_window_4_lags_1_sinusoidal_no_quadratic,False,4,quadratic_lags_1_sinusoidal_no,0.113,0.188,524.874,530.737,False,True,False,0.319,-0.09,0,2.586,2.62,0.081,1.034,0.678,,,,,,,,,,,,
PRPHA-Cluster_2_yearly_False_window_4_lags_2_sinusoidal_no_quadratic,False,4,quadratic_lags_2_sinusoidal_no,0.021,0.737,512.076,517.812,False,True,False,0.202,-0.368,0,2.584,2.584,0.471,,,1.0,1.0,,,,,,,,,,
PRPHA-Cluster_2_yearly_False_window_4_lags_3_sinusoidal_no_quadratic,False,4,quadratic_lags_3_sinusoidal_no,0.124,0.885,494.112,499.717,False,True,False,0.264,-0.813,0,2.766,2.809,0.148,,,,,1.043,0.326,,,,,,,,
PRPHA-Cluster_2_yearly_False_window_4_lags_4_sinusoidal_no_quadratic,False,4,quadratic_lags_4_sinusoidal_no,0.278,0.545,472.823,478.293,True,False,False,0.41,-0.02,0,2.668,2.711,0.037,,,,,,,1.043,0.059,,,,,,
PRPHA-Cluster_2_yearly_False_window_4_lags_5_sinusoidal_no_quadratic,False,4,quadratic_lags_5_sinusoidal_no,0.291,0.336,455.459,460.788,True,False,False,0.358,-0.041,0,2.805,2.822,0.06,,,,,,,,,1.016,0.041,,,,
PRPHA-Cluster_2_yearly_False_window_4_lags_none_sinusoidal_yes_quadratic,False,4,quadratic_lags_none_sinusoidal_yes,0.339,0.164,531.872,539.355,True,True,False,0.453,0.022,0,2.604,2.604,0.045,,,,,,,,,,,1.0,1.001,0.421,0.008
PRPHA-Cluster_2_yearly_False_window_4_lags_1_sinusoidal_yes_quadratic,False,4,quadratic_lags_1_sinusoidal_yes,0.433,0.11,514.521,523.316,True,False,False,0.536,0.242,0,2.612,2.663,0.075,1.035,0.501,,,,,,,,,1.002,1.014,0.498,0.001
PRPHA-Cluster_2_yearly_False_window_4_lags_2_sinusoidal_yes_quadratic,False,4,quadratic_lags_2_sinusoidal_yes,0.37,0.329,502.416,511.02,True,False,False,0.336,-0.144,0,2.626,2.652,0.385,,,1.0,0.62,,,,,,,1.025,1.001,0.323,0.003
PRPHA-Cluster_2_yearly_False_window_4_lags_3_sinusoidal_yes_quadratic,False,4,quadratic_lags_3_sinusoidal_yes,0.368,0.336,488.31,496.717,True,True,False,0.419,-0.423,0,2.935,3.077,0.182,,,,,1.047,0.769,,,,,1.078,1.018,0.449,0.008
PRPHA-Cluster_2_yearly_False_window_4_lags_4_sinusoidal_yes_quadratic,False,4,quadratic_lags_4_sinusoidal_yes,0.413,0.754,470.848,479.052,True,False,False,0.474,-0.641,0,2.984,3.225,0.072,,,,,,,1.051,0.293,,,1.168,1.021,0.686,0.032
PRPHA-Cluster_2_yearly_False_window_4_lags_5_sinusoidal_yes_quadratic,False,4,quadratic_lags_5_sinusoidal_yes,0.426,0.673,453.516,461.509,True,False,False,0.446,0.226,0,3.165,3.384,0.077,,,,,,,,,1.02,0.114,1.198,1.001,0.869,0.033
PRPHA-Cluster_2_yearly_True_window_4_lags_none_sinusoidal_no_quadratic,True,4,quadratic_lags_none_sinusoidal_no,0.014,0.992,475.785,479.887,True,True,False,0.172,-0.41,0,2.761,2.761,0.6,,,,,,,,,,,,,,
PRPHA-Cluster_2_yearly_True_window_4_lags_1_sinusoidal_no_quadratic,True,4,quadratic_lags_1_sinusoidal_no,0.015,0.893,462.961,468.29,True,True,False,0.166,-0.046,0,2.765,2.797,0.718,1.032,0.991,,,,,,,,,,,,
PRPHA-Cluster_2_yearly_True_window_4_lags_2_sinusoidal_no_quadratic,True,4,quadratic_lags_2_sinusoidal_no,0.049,0.299,446.109,451.292,False,True,False,0.179,-0.207,0,2.567,2.568,0.629,,,1.001,0.39,,,,,,,,,,
PRPHA-Cluster_2_yearly_True_window_4_lags_3_sinusoidal_no_quadratic,True,4,quadratic_lags_3_sinusoidal_no,0.127,0.204,429.299,434.331,False,True,False,0.152,-2.152,0,3.067,3.177,0.712,,,,,1.11,0.099,,,,,,,,
PRPHA-Cluster_2_yearly_True_window_4_lags_4_sinusoidal_no_quadratic,True,4,quadratic_lags_4_sinusoidal_no,0.235,0.153,410.323,415.198,True,True,False,0.302,-1.177,0,3.064,3.256,0.093,,,,,,,1.192,0.03,,,,,,
PRPHA-Cluster_2_yearly_True_window_4_lags_5_sinusoidal_no_quadratic,True,4,quadratic_lags_5_sinusoidal_no,0.087,0.585,397.683,402.395,True,False,False,0.187,-0.074,0,3.067,3.171,0.282,,,,,,,,,1.105,0.274,,,,
PRPHA-Cluster_2_yearly_True_window_4_lags_none_sinusoidal_yes_quadratic,True,4,quadratic_lags_none_sinusoidal_yes,0.266,0.671,471.24,478.076,True,False,False,0.268,-0.226,0,2.842,2.888,0.225,,,,,,,,,,,1.017,1.029,0.268,0.022
PRPHA-Cluster_2_yearly_True_window_4_lags_1_sinusoidal_yes_quadratic,True,4,quadratic_lags_1_sinusoidal_yes,0.369,0.481,454.505,462.498,False,False,False,0.455,0.163,0,2.787,2.832,0.254,1.033,0.812,,,,,,,,,1.006,1.006,0.341,0.005
PRPHA-Cluster_2_yearly_True_window_4_lags_2_sinusoidal_yes_quadratic,True,4,quadratic_lags_2_sinusoidal_yes,0.342,0.921,440.157,447.932,True,False,False,0.271,-1.374,0,2.604,2.629,0.848,,,1.001,0.917,,,,,,,1.004,1.02,0.206,0.021
PRPHA-Cluster_2_yearly_True_window_4_lags_3_sinusoidal_yes_quadratic,True,4,quadratic_lags_3_sinusoidal_yes,0.329,0.901,426.465,434.014,True,True,False,0.27,-1.457,0,3.259,3.472,0.561,,,,,1.12,0.543,,,,,1.091,1.002,0.388,0.031
PRPHA-Cluster_2_yearly_True_window_4_lags_4_sinusoidal_yes_quadratic,True,4,quadratic_lags_4_sinusoidal_yes,0.421,0.345,407.369,414.682,True,True,False,0.505,-0.934,0,3.815,4.441,0.075,,,,,,,1.263,0.082,,,1.35,1.014,0.654,0.031
PRPHA-Cluster_2_yearly_True_window_4_lags_5_sinusoidal_yes_quadratic,True,4,quadratic_lags_5_sinusoidal_yes,0.393,0.373,391.907,398.976,True,False,False,0.43,-0.061,0,4.059,4.694,0.117,,,,,,,,,1.155,0.143,1.308,1.172,0.865,0.014
PRPHA-Cluster_2_yearly_False_window_5_lags_none_sinusoidal_no_quadratic,False,5,quadratic_lags_none_sinusoidal_no,0.049,0.502,536.319,540.809,False,True,False,0.189,-0.057,0,2.535,2.535,0.224,,,,,,,,,,,,,,
PRPHA-Cluster_2_yearly_False_window_5_lags_1_sinusoidal_no_quadratic,False,5,quadratic_lags_1_sinusoidal_no,0.037,0.59,524.164,530.027,False,True,False,0.172,-0.251,0,2.788,2.79,0.342,1.002,0.645,,,,,,,,,,,,
PRPHA-Cluster_2_yearly_False_window_5_lags_2_sinusoidal_no_quadratic,False,5,quadratic_lags_2_sinusoidal_no,0.007,0.844,509.281,515.017,False,True,False,0.159,-0.198,0,2.83,2.832,0.84,,,1.002,0.784,,,,,,,,,,
PRPHA-Cluster_2_yearly_False_window_5_lags_3_sinusoidal_no_quadratic,False,5,quadratic_lags_3_sinusoidal_no,0.101,0.836,491.503,497.108,False,False,False,0.164,-0.984,0,2.934,2.975,0.279,,,,,1.041,0.222,,,,,,,,
PRPHA-Cluster_2_yearly_False_window_5_lags_4_sinusoidal_no_quadratic,False,5,quadratic_lags_4_sinusoidal_no,0.235,0.208,470.218,475.687,True,False,False,0.24,0.148,0,2.94,2.981,0.171,,,,,,,1.041,0.025,,,,,,
PRPHA-Cluster_2_yearly_False_window_5_lags_5_sinusoidal_no_quadratic,False,5,quadratic_lags_5_sinusoidal_no,0.285,0.072,451.634,456.963,True,False,False,0.26,-0.024,0,3.117,3.134,0.209,,,,,,,,,1.017,0.01,,,,
PRPHA-Cluster_2_yearly_False_window_5_lags_none_sinusoidal_yes_quadratic,False,5,quadratic_lags_none_sinusoidal_yes,0.335,0.471,528.523,536.005,True,True,False,0.316,0.13,0,2.565,2.584,0.082,,,,,,,,,,,1.002,1.017,0.476,0.002
PRPHA-Cluster_2_yearly_False_window_5_lags_1_sinusoidal_yes_quadratic,False,5,quadratic_lags_1_sinusoidal_yes,0.425,0.343,511.649,520.443,True,False,False,0.457,0.172,0,2.793,2.797,0.138,1.002,0.496,,,,,,,,,1.0,1.002,0.662,0.0
PRPHA-Cluster_2_yearly_False_window_5_lags_2_sinusoidal_yes_quadratic,False,5,quadratic_lags_2_sinusoidal_yes,0.393,0.689,498.02,506.624,True,False,False,0.308,-0.058,0,2.867,2.89,0.561,,,1.002,0.964,,,,,,,1.017,1.004,0.458,0.001
PRPHA-Cluster_2_yearly_False_window_5_lags_3_sinusoidal_yes_quadratic,False,5,quadratic_lags_3_sinusoidal_yes,0.39,0.569,483.85,492.257,True,True,False,0.34,-0.319,0,3.008,3.089,0.228,,,,,1.043,0.437,,,,,1.035,1.003,0.621,0.003
PRPHA-Cluster_2_yearly_False_window_5_lags_4_sinusoidal_yes_quadratic,False,5,quadratic_lags_4_sinusoidal_yes,0.393,0.958,467.499,475.702,True,False,False,0.3,0.158,0,3.191,3.365,0.225,,,,,,,1.046,0.208,,,1.121,1.008,0.766,0.023
PRPHA-Cluster_2_yearly_False_window_5_lags_5_sinusoidal_yes_quadratic,False,5,quadratic_lags_5_sinusoidal_yes,0.403,0.383,450.558,458.551,True,False,False,0.322,0.159,0,3.52,3.73,0.195,,,,,,,,,1.02,0.081,1.19,1.0,0.786,0.061
PRPHA-Cluster_2_yearly_True_window_5_lags_none_sinusoidal_no_quadratic,True,5,quadratic_lags_none_sinusoidal_no,0.017,0.543,473.133,477.235,True,True,False,0.136,-0.393,0,2.327,2.327,0.95,,,,,,,,,,,,,,
PRPHA-Cluster_2_yearly_True_window_5_lags_1_sinusoidal_no_quadratic,True,5,quadratic_lags_1_sinusoidal_no,0.031,0.422,460.143,465.472,False,False,False,0.144,-0.273,0,2.592,2.592,0.722,1.0,0.997,,,,,,,,,,,,
PRPHA-Cluster_2_yearly_True_window_5_lags_2_sinusoidal_no_quadratic,True,5,quadratic_lags_2_sinusoidal_no,0.077,0.201,443.018,448.201,False,True,False,0.163,-1.002,0,2.517,2.517,0.407,,,1.001,0.419,,,,,,,,,,
PRPHA-Cluster_2_yearly_True_window_5_lags_3_sinusoidal_no_quadratic,True,5,quadratic_lags_3_sinusoidal_no,0.151,0.117,426.093,431.125,False,True,False,0.102,-1.24,0,2.683,2.77,0.805,,,,,1.087,0.07,,,,,,,,
PRPHA-Cluster_2_yearly_True_window_5_lags_4_sinusoidal_no_quadratic,True,5,quadratic_lags_4_sinusoidal_no,0.215,0.064,407.676,412.552,True,False,False,0.156,-0.208,0,2.564,2.662,0.312,,,,,,,1.097,0.026,,,,,,
PRPHA-Cluster_2_yearly_True_window_5_lags_5_sinusoidal_no_quadratic,True,5,quadratic_lags_5_sinusoidal_no,0.056,0.439,395.411,400.123,True,False,False,0.116,-0.369,0,2.494,2.52,0.768,,,,,,,,,1.026,0.294,,,,
PRPHA-Cluster_2_yearly_True_window_5_lags_none_sinusoidal_yes_quadratic,True,5,quadratic_lags_none_sinusoidal_yes,0.281,0.66,468.065,474.901,False,False,False,0.184,-0.289,0,2.442,2.528,0.469,,,,,,,,,,,1.011,1.075,0.364,0.011
PRPHA-Cluster_2_yearly_True_window_5_lags_1_sinusoidal_yes_quadratic,True,5,quadratic_lags_1_sinusoidal_yes,0.394,0.891,450.976,458.97,True,True,False,0.492,-0.569,0,2.685,2.744,0.539,1.0,0.801,,,,,,,,,1.005,1.054,0.467,0.002
PRPHA-Cluster_2_yearly_True_window_5_lags_2_sinusoidal_yes_quadratic,True,5,quadratic_lags_2_sinusoidal_yes,0.407,0.819,435.077,442.852,True,True,False,0.318,-1.543,0,2.611,2.673,0.996,,,1.001,0.796,,,,,,,1.006,1.056,0.408,0.005
PRPHA-Cluster_2_yearly_True_window_5_lags_3_sinusoidal_yes_quadratic,True,5,quadratic_lags_3_sinusoidal_yes,0.364,0.93,422.58,430.129,True,True,False,0.251,-0.811,0,2.787,2.942,0.737,,,,,1.093,0.396,,,,,1.061,1.001,0.783,0.018
PRPHA-Cluster_2_yearly_True_window_5_lags_4_sinusoidal_yes_quadratic,True,5,quadratic_lags_4_sinusoidal_yes,0.364,0.571,406.423,413.736,True,False,False,0.198,-0.752,0,2.908,3.247,0.522,,,,,,,1.119,0.288,,,1.22,1.0,0.895,0.078
PRPHA-Cluster_2_yearly_True_window_5_lags_5_sinusoidal_yes_quadratic,True,5,quadratic_lags_5_sinusoidal_yes,0.329,0.882,391.226,398.295,True,False,False,0.181,-0.04,0,2.868,3.15,0.834,,,,,,,,,1.032,0.619,1.195,1.055,0.571,0.019
PRPHA-Cluster_2_yearly_False_window_6_lags_none_sinusoidal_no_quadratic,False,6,quadratic_lags_none_sinusoidal_no,0.007,0.661,534.126,538.615,True,True,False,0.116,-0.012,0,2.239,2.239,0.892,,,,,,,,,,,,,,
PRPHA-Cluster_2_yearly_False_window_6_lags_1_sinusoidal_no_quadratic,False,6,quadratic_lags_1_sinusoidal_no,0.027,0.444,521.532,527.395,True,False,False,0.134,-0.247,0,2.45,2.451,0.596,1.0,0.906,,,,,,,,,,,,
PRPHA-Cluster_2_yearly_False_window_6_lags_2_sinusoidal_no_quadratic,False,6,quadratic_lags_2_sinusoidal_no,0.096,0.129,503.46,509.196,False,True,False,0.196,-0.041,0,2.479,2.479,0.182,,,1.0,0.383,,,,,,,,,,
PRPHA-Cluster_2_yearly_False_window_6_lags_3_sinusoidal_no_quadratic,False,6,quadratic_lags_3_sinusoidal_no,0.087,0.208,489.688,495.292,False,True,False,0.098,-0.419,0,2.586,2.638,0.741,,,,,1.052,0.146,,,,,,,,
PRPHA-Cluster_2_yearly_False_window_6_lags_4_sinusoidal_no_quadratic,False,6,quadratic_lags_4_sinusoidal_no,0.191,0.076,469.71,475.179,False,False,False,0.131,0.058,0,2.61,2.699,0.674,,,,,,,1.089,0.023,,,,,,
PRPHA-Cluster_2_yearly_False_window_6_lags_5_sinusoidal_no_quadratic,False,6,quadratic_lags_5_sinusoidal_no,0.187,0.087,453.162,458.491,True,False,False,0.153,-0.288,0,2.747,2.832,0.535,,,,,,,,,1.085,0.03,,,,
PRPHA-Cluster_2_yearly_False_window_6_lags_none_sinusoidal_yes_quadratic,False,6,quadratic_lags_none_sinusoidal_yes,0.259,0.946,528.459,535.942,False,False,False,0.159,0.097,0,2.393,2.517,0.388,,,,,,,,,,,1.045,1.079,0.197,0.012
PRPHA-Cluster_2_yearly_False_window_6_lags_1_sinusoidal_yes_quadratic,False,6,quadratic_lags_1_sinusoidal_yes,0.409,0.663,509.585,518.38,True,False,False,0.414,0.2,0,2.607,2.715,0.297,1.0,0.534,,,,,,,,,1.038,1.07,0.205,0.001
PRPHA-Cluster_2_yearly_False_window_6_lags_2_sinusoidal_yes_quadratic,False,6,quadratic_lags_2_sinusoidal_yes,0.392,0.936,495.176,503.78,True,False,False,0.253,-0.072,0,2.594,2.671,0.973,,,1.0,0.968,,,,,,,1.002,1.075,0.142,0.009
PRPHA-Cluster_2_yearly_False_window_6_lags_3_sinusoidal_yes_quadratic,False,6,quadratic_lags_3_sinusoidal_yes,0.353,0.75,483.35,491.758,True,True,False,0.241,-0.47,0,2.642,2.731,0.492,,,,,1.054,0.544,,,,,1.002,1.033,0.308,0.008
PRPHA-Cluster_2_yearly_False_window_6_lags_4_sinusoidal_yes_quadratic,False,6,quadratic_lags_4_sinusoidal_yes,0.346,0.845,467.559,475.763,False,False,False,0.173,-1.238,0,2.743,2.922,0.516,,,,,,,1.097,0.277,,,1.055,1.027,0.457,0.032
PRPHA-Cluster_2_yearly_False_window_6_lags_5_sinusoidal_yes_quadratic,False,6,quadratic_lags_5_sinusoidal_yes,0.337,0.545,451.451,459.445,True,False,False,0.174,-0.049,0,3.147,3.48,0.494,,,,,,,,,1.104,0.212,1.133,1.096,0.642,0.037
PRPHA-Cluster_2_yearly_True_window_6_lags_none_sinusoidal_no_quadratic,True,6,quadratic_lags_none_sinusoidal_no,0.079,0.148,468.27,472.372,False,True,False,0.135,-0.398,0,1.985,1.985,0.54,,,,,,,,,,,,,,
PRPHA-Cluster_2_yearly_True_window_6_lags_1_sinusoidal_no_quadratic,True,6,quadratic_lags_1_sinusoidal_no,0.125,0.098,454.938,460.267,False,True,False,0.151,-0.264,0,2.223,2.224,0.334,1.001,0.893,,,,,,,,,,,,
PRPHA-Cluster_2_yearly_True_window_6_lags_2_sinusoidal_no_quadratic,True,6,quadratic_lags_2_sinusoidal_no,0.197,0.04,436.943,442.126,False,True,False,0.178,-0.748,0,2.196,2.206,0.156,,,1.01,0.309,,,,,,,,,,
PRPHA-Cluster_2_yearly_True_window_6_lags_3_sinusoidal_no_quadratic,True,6,quadratic_lags_3_sinusoidal_no,0.184,0.041,423.391,428.423,False,True,False,0.094,-2.397,0,2.22,2.296,0.773,,,,,1.076,0.104,,,,,,,,
PRPHA-Cluster_2_yearly_True_window_6_lags_4_sinusoidal_no_quadratic,True,6,quadratic_lags_4_sinusoidal_no,0.136,0.098,408.526,413.401,False,True,False,0.097,-1.361,0,2.021,2.067,0.847,,,,,,,1.046,0.12,,,,,,
PRPHA-Cluster_2_yearly_True_window_6_lags_5_sinusoidal_no_quadratic,True,6,quadratic_lags_5_sinusoidal_no,0.03,0.562,394.621,399.333,True,True,False,0.094,-0.405,0,1.958,1.964,0.765,,,,,,,,,1.006,0.615,,,,
PRPHA-Cluster_2_yearly_True_window_6_lags_none_sinusoidal_yes_quadratic,True,6,quadratic_lags_none_sinusoidal_yes,0.257,0.218,466.047,472.884,False,True,False,0.142,-0.142,0,2.079,2.174,0.943,,,,,,,,,,,1.021,1.075,0.215,0.064
PRPHA-Cluster_2_yearly_True_window_6_lags_1_sinusoidal_yes_quadratic,True,6,quadratic_lags_1_sinusoidal_yes,0.439,0.581,446.493,454.486,True,True,False,0.553,0.099,0,2.325,2.41,0.804,1.001,0.703,,,,,,,,,1.014,1.069,0.159,0.006
PRPHA-Cluster_2_yearly_True_window_6_lags_2_sinusoidal_yes_quadratic,True,6,quadratic_lags_2_sinusoidal_yes,0.442,0.631,431.136,438.911,True,True,False,0.331,-0.552,0,2.292,2.383,0.705,,,1.011,0.991,,,,,,,1.0,1.08,0.099,0.021
PRPHA-Cluster_2_yearly_True_window_6_lags_3_sinusoidal_yes_quadratic,True,6,quadratic_lags_3_sinusoidal_yes,0.348,0.73,421.553,429.101,True,True,False,0.224,-1.286,0,2.32,2.484,0.816,,,,,1.082,0.619,,,,,1.061,1.021,0.375,0.041
PRPHA-Cluster_2_yearly_True_window_6_lags_4_sinusoidal_yes_quadratic,True,6,quadratic_lags_4_sinusoidal_yes,0.331,0.782,406.151,413.464,True,False,False,0.169,-1.051,0,2.161,2.35,0.956,,,,,,,1.052,0.616,,,1.093,1.044,0.338,0.035
PRPHA-Cluster_2_yearly_True_window_6_lags_5_sinusoidal_yes_quadratic,True,6,quadratic_lags_5_sinusoidal_yes,0.329,0.729,389.757,396.826,True,True,False,0.227,-0.369,0,2.15,2.359,0.569,,,,,,,,,1.008,0.81,1.063,1.138,0.067,0.139
PRPHA-Cluster_2_yearly_False_window_7_lags_none_sinusoidal_no_quadratic,False,7,quadratic_lags_none_sinusoidal_no,0.086,0.187,529.209,533.699,True,True,False,0.141,0.033,0,2.05,2.05,0.14,,,,,,,,,,,,,,
PRPHA-Cluster_2_yearly_False_window_7_lags_1_sinusoidal_no_quadratic,False,7,quadratic_lags_1_sinusoidal_no,0.136,0.109,515.586,521.449,True,True,False,0.169,-0.164,0,2.215,2.221,0.074,1.007,0.939,,,,,,,,,,,,
PRPHA-Cluster_2_yearly_False_window_7_lags_2_sinusoidal_no_quadratic,False,7,quadratic_lags_2_sinusoidal_no,0.225,0.037,496.485,502.221,False,True,False,0.208,0.169,0,2.356,2.367,0.017,,,1.011,0.462,,,,,,,,,,
PRPHA-Cluster_2_yearly_False_window_7_lags_3_sinusoidal_no_quadratic,False,7,quadratic_lags_3_sinusoidal_no,0.16,0.092,484.148,489.753,False,True,False,0.104,-0.491,0,2.251,2.289,0.132,,,,,1.038,0.159,,,,,,,,
PRPHA-Cluster_2_yearly_False_window_7_lags_4_sinusoidal_no_quadratic,False,7,quadratic_lags_4_sinusoidal_no,0.201,0.072,466.402,471.871,True,True,False,0.152,0.088,0,2.265,2.364,0.506,,,,,,,1.099,0.049,,,,,,
PRPHA-Cluster_2_yearly_False_window_7_lags_5_sinusoidal_no_quadratic,False,7,quadratic_lags_5_sinusoidal_no,0.222,0.078,448.099,453.428,True,True,False,0.146,-0.011,0,2.343,2.473,0.607,,,,,,,,,1.13,0.059,,,,
PRPHA-Cluster_2_yearly_False_window_7_lags_none_sinusoidal_yes_quadratic,False,7,quadratic_lags_none_sinusoidal_yes,0.26,0.283,526.257,533.739,False,False,False,0.147,-0.004,0,2.281,2.501,0.676,,,,,,,,,,,1.039,1.182,0.409,0.022
PRPHA-Cluster_2_yearly_False_window_7_lags_1_sinusoidal_yes_quadratic,False,7,quadratic_lags_1_sinusoidal_yes,0.404,0.546,507.668,516.462,True,False,False,0.433,-0.041,0,2.567,2.866,1.0,1.009,0.715,,,,,,,,,1.036,1.254,0.444,0.003
PRPHA-Cluster_2_yearly_False_window_7_lags_2_sinusoidal_yes_quadratic,False,7,quadratic_lags_2_sinusoidal_yes,0.435,0.454,490.674,499.278,True,False,False,0.279,0.193,0,2.642,2.866,0.449,,,1.013,0.793,,,,,,,1.002,1.209,0.353,0.012
PRPHA-Cluster_2_yearly_False_window_7_lags_3_sinusoidal_yes_quadratic,False,7,quadratic_lags_3_sinusoidal_yes,0.379,0.808,479.121,487.528,True,False,False,0.239,-0.812,0,2.413,2.586,0.79,,,,,1.043,0.425,,,,,1.001,1.128,0.573,0.01
PRPHA-Cluster_2_yearly_False_window_7_lags_4_sinusoidal_yes_quadratic,False,7,quadratic_lags_4_sinusoidal_yes,0.351,0.822,464.4,472.604,False,False,False,0.171,-1.137,0,2.424,2.66,0.685,,,,,,,1.111,0.387,,,1.057,1.068,0.63,0.033
PRPHA-Cluster_2_yearly_False_window_7_lags_5_sinusoidal_yes_quadratic,False,7,quadratic_lags_5_sinusoidal_yes,0.344,0.783,447.317,455.311,False,False,False,0.159,0.002,0,2.713,3.154,0.542,,,,,,,,,1.166,0.525,1.168,1.107,0.538,0.057
PRPHA-Cluster_2_yearly_True_window_7_lags_none_sinusoidal_no_quadratic,True,7,quadratic_lags_none_sinusoidal_no,0.169,0.046,463.298,467.4,False,True,False,0.148,-0.439,0,1.958,1.958,0.141,,,,,,,,,,,,,,
PRPHA-Cluster_2_yearly_True_window_7_lags_1_sinusoidal_no_quadratic,True,7,quadratic_lags_1_sinusoidal_no,0.223,0.045,449.661,454.99,False,True,False,0.19,-0.127,0,2.133,2.136,0.088,1.002,0.911,,,,,,,,,,,,
PRPHA-Cluster_2_yearly_True_window_7_lags_2_sinusoidal_no_quadratic,True,7,quadratic_lags_2_sinusoidal_no,0.293,0.032,431.547,436.73,True,True,False,0.203,-0.481,0,2.249,2.25,0.031,,,1.001,0.734,,,,,,,,,,
PRPHA-Cluster_2_yearly_True_window_7_lags_3_sinusoidal_no_quadratic,True,7,quadratic_lags_3_sinusoidal_no,0.222,0.043,419.387,424.42,False,True,False,0.086,-0.367,0,2.034,2.065,0.248,,,,,1.031,0.186,,,,,,,,
PRPHA-Cluster_2_yearly_True_window_7_lags_4_sinusoidal_no_quadratic,True,7,quadratic_lags_4_sinusoidal_no,0.151,0.146,405.427,410.303,False,True,False,0.102,-0.037,0,1.855,1.869,0.46,,,,,,,1.014,0.235,,,,,,
PRPHA-Cluster_2_yearly_True_window_7_lags_5_sinusoidal_no_quadratic,True,7,quadratic_lags_5_sinusoidal_no,0.109,0.551,389.054,393.766,True,True,False,0.119,-0.59,0,1.827,1.828,0.225,,,,,,,,,1.001,0.805,,,,
PRPHA-Cluster_2_yearly_True_window_7_lags_none_sinusoidal_yes_quadratic,True,7,quadratic_lags_none_sinusoidal_yes,0.312,0.054,461.839,468.676,False,True,False,0.141,-0.244,0,2.043,2.132,0.366,,,,,,,,,,,1.004,1.085,0.439,0.05
PRPHA-Cluster_2_yearly_True_window_7_lags_1_sinusoidal_yes_quadratic,True,7,quadratic_lags_1_sinusoidal_yes,0.483,0.17,442.238,450.231,True,True,False,0.632,-0.203,0,2.243,2.342,0.408,1.002,0.641,,,,,,,,,1.0,1.097,0.393,0.005
PRPHA-Cluster_2_yearly_True_window_7_lags_2_sinusoidal_yes_quadratic,True,7,quadratic_lags_2_sinusoidal_yes,0.556,0.362,422.963,430.738,True,False,False,0.424,0.262,0,2.39,2.504,0.151,,,1.001,0.665,,,,,,,1.013,1.1,0.174,0.005
PRPHA-Cluster_2_yearly_True_window_7_lags_3_sinusoidal_yes_quadratic,True,7,quadratic_lags_3_sinusoidal_yes,0.432,0.839,415.229,422.777,True,False,False,0.289,-0.107,0,2.116,2.227,0.25,,,,,1.033,0.898,,,,,1.052,1.026,0.455,0.015
PRPHA-Cluster_2_yearly_True_window_7_lags_4_sinusoidal_yes_quadratic,True,7,quadratic_lags_4_sinusoidal_yes,0.4,0.817,400.742,408.056,True,True,False,0.258,-0.209,0,1.946,2.067,0.247,,,,,,,1.016,0.935,,,1.078,1.028,0.267,0.013
PRPHA-Cluster_2_yearly_True_window_7_lags_5_sinusoidal_yes_quadratic,True,7,quadratic_lags_5_sinusoidal_yes,0.514,0.223,378.488,385.556,True,True,False,0.505,0.148,0,1.964,2.131,0.041,,,,,,,,,1.001,0.225,1.089,1.077,0.012,0.016
PRPHA-Cluster_2_yearly_False_window_8_lags_none_sinusoidal_no_quadratic,False,8,quadratic_lags_none_sinusoidal_no,0.187,0.035,522.501,526.991,False,True,False,0.139,0.107,0,1.747,1.747,0.036,,,,,,,,,,,,,,
PRPHA-Cluster_2_yearly_False_window_8_lags_1_sinusoidal_no_quadratic,False,8,quadratic_lags_1_sinusoidal_no,0.258,0.021,508.539,514.402,True,True,False,0.191,0.119,0,1.865,1.866,0.016,1.001,0.961,,,,,,,,,,,,
PRPHA-Cluster_2_yearly_False_window_8_lags_2_sinusoidal_no_quadratic,False,8,quadratic_lags_2_sinusoidal_no,0.378,0.005,487.54,493.276,True,True,False,0.231,0.303,0,2.027,2.076,0.002,,,1.049,0.6,,,,,,,,,,
PRPHA-Cluster_2_yearly_False_window_8_lags_3_sinusoidal_no_quadratic,False,8,quadratic_lags_3_sinusoidal_no,0.243,0.025,479.413,485.017,False,True,False,0.1,-0.227,0,1.937,2.055,0.072,,,,,1.118,0.189,,,,,,,,
PRPHA-Cluster_2_yearly_False_window_8_lags_4_sinusoidal_no_quadratic,False,8,quadratic_lags_4_sinusoidal_no,0.222,0.048,464.065,469.534,False,True,False,0.104,0.062,0,1.9,2.054,0.364,,,,,,,1.154,0.083,,,,,,
PRPHA-Cluster_2_yearly_False_window_8_lags_5_sinusoidal_no_quadratic,False,8,quadratic_lags_5_sinusoidal_no,0.213,0.104,446.641,451.97,True,True,False,0.101,-0.048,0,1.9,2.044,0.285,,,,,,,,,1.145,0.162,,,,
PRPHA-Cluster_2_yearly_False_window_8_lags_none_sinusoidal_yes_quadratic,False,8,quadratic_lags_none_sinusoidal_yes,0.28,0.073,522.486,529.969,False,False,False,0.136,0.031,0,1.919,2.149,0.24,,,,,,,,,,,1.074,1.156,0.419,0.092
PRPHA-Cluster_2_yearly_False_window_8_lags_1_sinusoidal_yes_quadratic,False,8,quadratic_lags_1_sinusoidal_yes,0.417,0.19,504.819,513.614,True,False,False,0.422,0.183,0,2.054,2.276,0.321,1.002,0.685,,,,,,,,,1.053,1.166,0.309,0.021
PRPHA-Cluster_2_yearly_False_window_8_lags_2_sinusoidal_yes_quadratic,False,8,quadratic_lags_2_sinusoidal_yes,0.486,0.136,485.615,494.219,True,False,False,0.296,0.103,0,2.189,2.404,0.061,,,1.057,0.99,,,,,,,1.004,1.153,0.193,0.074
PRPHA-Cluster_2_yearly_False_window_8_lags_3_sinusoidal_yes_quadratic,False,8,quadratic_lags_3_sinusoidal_yes,0.373,0.457,477.757,486.164,True,True,False,0.199,-1.166,0,2.024,2.247,0.312,,,,,1.129,0.548,,,,,1.001,1.093,0.402,0.046
PRPHA-Cluster_2_yearly_False_window_8_lags_4_sinusoidal_yes_quadratic,False,8,quadratic_lags_4_sinusoidal_yes,0.335,0.649,463.49,471.694,False,True,False,0.145,-0.952,0,2.006,2.296,0.435,,,,,,,1.172,0.487,,,1.032,1.086,0.423,0.068
PRPHA-Cluster_2_yearly_False_window_8_lags_5_sinusoidal_yes_quadratic,False,8,quadratic_lags_5_sinusoidal_yes,0.347,0.941,445.43,453.424,False,True,False,0.172,-0.078,0,2.125,2.557,0.243,,,,,,,,,1.181,0.86,1.084,1.167,0.213,0.077
PRPHA-Cluster_2_yearly_True_window_8_lags_none_sinusoidal_no_quadratic,True,8,quadratic_lags_none_sinusoidal_no,0.272,0.005,455.936,460.038,False,True,False,0.169,-0.226,0,2.1,2.1,0.34,,,,,,,,,,,,,,
PRPHA-Cluster_2_yearly_True_window_8_lags_1_sinusoidal_no_quadratic,True,8,quadratic_lags_1_sinusoidal_no,0.34,0.008,442.306,447.635,True,True,False,0.261,-0.894,0,2.374,2.375,0.2,1.001,0.642,,,,,,,,,,,,
PRPHA-Cluster_2_yearly_True_window_8_lags_2_sinusoidal_no_quadratic,True,8,quadratic_lags_2_sinusoidal_no,0.428,0.006,423.072,428.256,True,True,False,0.267,-0.965,0,2.601,2.601,0.047,,,1.0,0.954,,,,,,,,,,
PRPHA-Cluster_2_yearly_True_window_8_lags_3_sinusoidal_no_quadratic,True,8,quadratic_lags_3_sinusoidal_no,0.266,0.023,415.607,420.64,False,True,False,0.126,-0.906,0,2.159,2.16,0.364,,,,,1.0,0.542,,,,,,,,
PRPHA-Cluster_2_yearly_True_window_8_lags_4_sinusoidal_no_quadratic,True,8,quadratic_lags_4_sinusoidal_no,0.162,0.106,402.84,407.716,False,True,False,0.114,-0.463,0,1.888,1.903,0.634,,,,,,,1.015,0.584,,,,,,
PRPHA-Cluster_2_yearly_True_window_8_lags_5_sinusoidal_no_quadratic,True,8,quadratic_lags_5_sinusoidal_no,0.143,0.302,385.552,390.264,False,True,False,0.136,-1.604,0,1.839,1.865,0.488,,,,,,,,,1.026,0.948,,,,
PRPHA-Cluster_2_yearly_True_window_8_lags_none_sinusoidal_yes_quadratic,True,8,quadratic_lags_none_sinusoidal_yes,0.36,0.008,456.224,463.061,False,True,False,0.187,-0.201,0,2.163,2.221,0.572,,,,,,,,,,,1.0,1.057,0.491,0.113
PRPHA-Cluster_2_yearly_True_window_8_lags_1_sinusoidal_yes_quadratic,True,8,quadratic_lags_1_sinusoidal_yes,0.499,0.031,438.569,446.562,True,True,False,0.607,-0.768,0,2.44,2.489,0.328,1.001,0.429,,,,,,,,,1.008,1.04,0.217,0.034
PRPHA-Cluster_2_yearly_True_window_8_lags_2_sinusoidal_yes_quadratic,True,8,quadratic_lags_2_sinusoidal_yes,0.586,0.057,418.343,426.118,True,True,False,0.501,-0.215,0,2.808,2.937,0.058,,,1.0,0.467,,,,,,,1.042,1.087,0.052,0.064
PRPHA-Cluster_2_yearly_True_window_8_lags_3_sinusoidal_yes_quadratic,True,8,quadratic_lags_3_sinusoidal_yes,0.447,0.303,412.276,419.825,True,True,False,0.34,-0.586,0,2.25,2.329,0.446,,,,,1.0,0.855,,,,,1.026,1.053,0.21,0.031
PRPHA-Cluster_2_yearly_True_window_8_lags_4_sinusoidal_yes_quadratic,True,8,quadratic_lags_4_sinusoidal_yes,0.401,0.729,398.439,405.752,True,True,False,0.295,-1.121,0,1.963,2.063,0.557,,,,,,,1.016,0.753,,,1.027,1.056,0.123,0.028
PRPHA-Cluster_2_yearly_True_window_8_lags_5_sinusoidal_yes_quadratic,True,8,quadratic_lags_5_sinusoidal_yes,0.472,0.716,377.928,384.996,True,True,False,0.487,-0.562,0,1.956,2.127,0.175,,,,,,,,,1.03,0.289,1.046,1.095,0.011,0.151
PRPHA-Cluster_2_yearly_False_window_9_lags_none_sinusoidal_no_quadratic,False,9,quadratic_lags_none_sinusoidal_no,0.276,0.015,516.919,521.408,True,True,False,0.162,0.183,0,1.66,1.66,0.006,,,,,,,,,,,,,,
PRPHA-Cluster_2_yearly_False_window_9_lags_1_sinusoidal_no_quadratic,False,9,quadratic_lags_1_sinusoidal_no,0.349,0.015,502.454,508.317,True,True,False,0.236,0.078,0,1.735,1.739,0.003,1.004,0.477,,,,,,,,,,,,
PRPHA-Cluster_2_yearly_False_window_9_lags_2_sinusoidal_no_quadratic,False,9,quadratic_lags_2_sinusoidal_no,0.481,0.005,479.516,485.252,True,False,False,0.295,0.232,0,1.89,1.942,0.0,,,1.051,0.87,,,,,,,,,,
PRPHA-Cluster_2_yearly_False_window_9_lags_3_sinusoidal_no_quadratic,False,9,quadratic_lags_3_sinusoidal_no,0.31,0.03,473.973,479.578,True,True,False,0.112,-0.199,0,1.81,1.936,0.013,,,,,1.125,0.387,,,,,,,,
PRPHA-Cluster_2_yearly_False_window_9_lags_4_sinusoidal_no_quadratic,False,9,quadratic_lags_4_sinusoidal_no,0.3,0.053,457.455,462.924,False,True,False,0.126,0.253,0,1.828,2.039,0.062,,,,,,,1.211,0.231,,,,,,
PRPHA-Cluster_2_yearly_False_window_9_lags_5_sinusoidal_no_quadratic,False,9,quadratic_lags_5_sinusoidal_no,0.313,0.136,439.161,444.49,True,True,False,0.158,0.168,0,1.8,1.981,0.036,,,,,,,,,1.181,0.385,,,,
PRPHA-Cluster_2_yearly_False_window_9_lags_none_sinusoidal_yes_quadratic,False,9,quadratic_lags_none_sinusoidal_yes,0.344,0.028,517.659,525.142,False,True,False,0.163,0.129,0,1.79,1.987,0.044,,,,,,,,,,,1.043,1.154,0.984,0.1
PRPHA-Cluster_2_yearly_False_window_9_lags_1_sinusoidal_yes_quadratic,False,9,quadratic_lags_1_sinusoidal_yes,0.479,0.086,499.343,508.137,True,False,False,0.447,0.187,0,1.88,2.081,0.063,1.005,0.333,,,,,,,,,1.028,1.169,0.831,0.018
PRPHA-Cluster_2_yearly_False_window_9_lags_2_sinusoidal_yes_quadratic,False,9,quadratic_lags_2_sinusoidal_yes,0.574,0.077,477.427,486.03,True,False,False,0.368,0.159,0,2.034,2.256,0.006,,,1.06,0.549,,,,,,,1.001,1.16,0.489,0.037
PRPHA-Cluster_2_yearly_False_window_9_lags_3_sinusoidal_yes_quadratic,False,9,quadratic_lags_3_sinusoidal_yes,0.431,0.319,472.183,480.59,True,True,False,0.241,-0.641,0,1.877,2.096,0.057,,,,,1.136,0.763,,,,,1.002,1.081,0.704,0.035
PRPHA-Cluster_2_yearly_False_window_9_lags_4_sinusoidal_yes_quadratic,False,9,quadratic_lags_4_sinusoidal_yes,0.418,0.642,456.127,464.33,True,True,False,0.219,-0.454,0,1.906,2.23,0.056,,,,,,,1.231,0.849,,,1.042,1.052,0.442,0.049
PRPHA-Cluster_2_yearly_False_window_9_lags_5_sinusoidal_yes_quadratic,False,9,quadratic_lags_5_sinusoidal_yes,0.451,0.826,436.87,444.863,True,True,False,0.311,0.091,0,1.946,2.344,0.019,,,,,,,,,1.214,0.641,1.092,1.091,0.172,0.046
PRPHA-Cluster_2_yearly_True_window_9_lags_none_sinusoidal_no_quadratic,True,9,quadratic_lags_none_sinusoidal_no,0.339,0.002,450.974,455.076,True,True,False,0.192,0.006,0,2.119,2.119,0.08,,,,,,,,,,,,,,
PRPHA-Cluster_2_yearly_True_window_9_lags_1_sinusoidal_no_quadratic,True,9,quadratic_lags_1_sinusoidal_no,0.439,0.004,435.509,440.838,True,True,False,0.403,-0.959,0,2.324,2.326,0.03,1.001,0.271,,,,,,,,,,,,
PRPHA-Cluster_2_yearly_True_window_9_lags_2_sinusoidal_no_quadratic,True,9,quadratic_lags_2_sinusoidal_no,0.563,0.003,412.984,418.168,True,True,False,0.474,-4.681,0,2.579,2.582,0.002,,,1.003,0.43,,,,,,,,,,
PRPHA-Cluster_2_yearly_True_window_9_lags_3_sinusoidal_no_quadratic,True,9,quadratic_lags_3_sinusoidal_no,0.333,0.031,410.125,415.157,True,True,False,0.152,-0.274,0,2.188,2.192,0.078,,,,,1.004,0.902,,,,,,,,
PRPHA-Cluster_2_yearly_True_window_9_lags_4_sinusoidal_no_quadratic,True,9,quadratic_lags_4_sinusoidal_no,0.269,0.113,395.492,400.367,True,True,False,0.148,0.077,0,2.011,2.012,0.122,,,,,,,1.001,0.969,,,,,,
PRPHA-Cluster_2_yearly_True_window_9_lags_5_sinusoidal_no_quadratic,True,9,quadratic_lags_5_sinusoidal_no,0.281,0.318,377.071,381.783,True,True,False,0.209,-2.586,0,1.954,1.977,0.086,,,,,,,,,1.023,0.589,,,,
PRPHA-Cluster_2_yearly_True_window_9_lags_none_sinusoidal_yes_quadratic,True,9,quadratic_lags_none_sinusoidal_yes,0.42,0.003,451.181,458.017,True,True,False,0.221,-0.15,0,2.131,2.142,0.109,,,,,,,,,,,1.002,1.01,0.955,0.08
PRPHA-Cluster_2_yearly_True_window_9_lags_1_sinusoidal_yes_quadratic,True,9,quadratic_lags_1_sinusoidal_yes,0.564,0.008,432.428,440.422,True,True,False,0.685,-1.075,0,2.355,2.38,0.034,1.001,0.177,,,,,,,,,1.015,1.008,0.61,0.023
PRPHA-Cluster_2_yearly_True_window_9_lags_2_sinusoidal_yes_quadratic,True,9,quadratic_lags_2_sinusoidal_yes,0.703,0.012,406.549,414.324,True,True,False,0.79,-3.186,0,2.713,2.802,0.001,,,1.003,0.155,,,,,,,1.061,1.025,0.103,0.015
PRPHA-Cluster_2_yearly_True_window_9_lags_3_sinusoidal_yes_quadratic,True,9,quadratic_lags_3_sinusoidal_yes,0.526,0.228,405.256,412.804,True,True,False,0.413,-0.529,0,2.249,2.306,0.04,,,,,1.004,0.547,,,,,1.048,1.004,0.351,0.012
PRPHA-Cluster_2_yearly_True_window_9_lags_4_sinusoidal_yes_quadratic,True,9,quadratic_lags_4_sinusoidal_yes,0.553,0.884,387.166,394.479,True,True,False,0.516,0.265,0,2.09,2.17,0.024,,,,,,,1.001,0.284,,,1.074,1.005,0.073,0.006
PRPHA-Cluster_2_yearly_True_window_9_lags_5_sinusoidal_yes_quadratic,True,9,quadratic_lags_5_sinusoidal_yes,0.633,0.621,364.96,372.029,True,True,False,0.816,-1.146,0,2.043,2.162,0.006,,,,,,,,,1.025,0.084,1.077,1.017,0.005,0.012
PRPHA-Cluster_2_yearly_False_window_10_lags_none_sinusoidal_no_quadratic,False,10,quadratic_lags_none_sinusoidal_no,0.301,0.003,512.589,517.078,True,True,False,0.157,0.129,0,1.689,1.689,0.026,,,,,,,,,,,,,,
PRPHA-Cluster_2_yearly_False_window_10_lags_1_sinusoidal_no_quadratic,False,10,quadratic_lags_1_sinusoidal_no,0.422,0.004,496.202,502.065,True,True,False,0.321,0.161,0,1.829,1.872,0.005,1.043,0.203,,,,,,,,,,,,
PRPHA-Cluster_2_yearly_False_window_10_lags_2_sinusoidal_no_quadratic,False,10,quadratic_lags_2_sinusoidal_no,0.575,0.001,470.805,476.541,True,True,False,0.402,0.407,0,2.078,2.193,0.0,,,1.115,0.408,,,,,,,,,,
PRPHA-Cluster_2_yearly_False_window_10_lags_3_sinusoidal_no_quadratic,False,10,quadratic_lags_3_sinusoidal_no,0.334,0.013,470.62,476.225,True,True,False,0.128,-0.153,0,1.872,2.009,0.037,,,,,1.137,0.643,,,,,,,,
PRPHA-Cluster_2_yearly_False_window_10_lags_4_sinusoidal_no_quadratic,False,10,quadratic_lags_4_sinusoidal_no,0.289,0.036,455.403,460.873,True,True,False,0.13,0.175,0,1.78,1.898,0.085,,,,,,,1.118,0.45,,,,,,
PRPHA-Cluster_2_yearly_False_window_10_lags_5_sinusoidal_no_quadratic,False,10,quadratic_lags_5_sinusoidal_no,0.296,0.085,436.882,442.211,True,True,False,0.16,-1.289,0,1.725,1.796,0.044,,,,,,,,,1.071,0.599,,,,
PRPHA-Cluster_2_yearly_False_window_10_lags_none_sinusoidal_yes_quadratic,False,10,quadratic_lags_none_sinusoidal_yes,0.37,0.005,513.165,520.647,False,True,False,0.151,0.071,0,1.755,1.852,0.079,,,,,,,,,,,1.028,1.069,0.91,0.093
PRPHA-Cluster_2_yearly_False_window_10_lags_1_sinusoidal_yes_quadratic,False,10,quadratic_lags_1_sinusoidal_yes,0.524,0.015,493.986,502.781,True,False,False,0.45,0.295,0,1.884,1.997,0.024,1.046,0.143,,,,,,,,,1.007,1.06,0.846,0.026
PRPHA-Cluster_2_yearly_False_window_10_lags_2_sinusoidal_yes_quadratic,False,10,quadratic_lags_2_sinusoidal_yes,0.645,0.012,469.172,477.776,True,True,False,0.469,0.433,0,2.173,2.386,0.001,,,1.125,0.225,,,,,,,1.0,1.088,0.468,0.044
PRPHA-Cluster_2_yearly_False_window_10_lags_3_sinusoidal_yes_quadratic,False,10,quadratic_lags_3_sinusoidal_yes,0.447,0.113,469.059,477.466,True,True,False,0.238,-0.267,0,1.917,2.113,0.069,,,,,1.144,0.997,,,,,1.002,1.05,0.586,0.04
PRPHA-Cluster_2_yearly_False_window_10_lags_4_sinusoidal_yes_quadratic,False,10,quadratic_lags_4_sinusoidal_yes,0.422,0.433,453.382,461.586,True,True,False,0.237,-0.585,0,1.842,2.05,0.078,,,,,,,1.128,0.912,,,1.028,1.052,0.281,0.043
PRPHA-Cluster_2_yearly_False_window_10_lags_5_sinusoidal_yes_quadratic,False,10,quadratic_lags_5_sinusoidal_yes,0.459,0.98,433.503,441.497,True,True,False,0.376,-2.209,0,1.835,2.069,0.027,,,,,,,,,1.081,0.478,1.05,1.102,0.084,0.049
PRPHA-Cluster_2_yearly_True_window_10_lags_none_sinusoidal_no_quadratic,True,10,quadratic_lags_none_sinusoidal_no,0.445,0.0,443.091,447.193,True,True,False,0.171,0.118,0,2.366,2.366,0.295,,,,,,,,,,,,,,
PRPHA-Cluster_2_yearly_True_window_10_lags_1_sinusoidal_no_quadratic,True,10,quadratic_lags_1_sinusoidal_no,0.59,0.0,424.634,429.963,True,True,False,0.51,0.474,0,2.807,2.864,0.036,1.057,0.08,,,,,,,,,,,,
PRPHA-Cluster_2_yearly_True_window_10_lags_2_sinusoidal_no_quadratic,True,10,quadratic_lags_2_sinusoidal_no,0.753,0.0,395.42,400.603,True,True,False,0.645,0.645,0,3.075,3.076,0.001,,,1.001,0.029,,,,,,,,,,
PRPHA-Cluster_2_yearly_True_window_10_lags_3_sinusoidal_no_quadratic,True,10,quadratic_lags_3_sinusoidal_no,0.478,0.007,401.853,406.885,True,True,False,0.239,-0.979,0,2.6,2.6,0.182,,,,,1.0,0.309,,,,,,,,
PRPHA-Cluster_2_yearly_True_window_10_lags_4_sinusoidal_no_quadratic,True,10,quadratic_lags_4_sinusoidal_no,0.395,0.039,388.614,393.49,False,True,False,0.216,-4.37,0,2.361,2.363,0.323,,,,,,,1.002,0.405,,,,,,
PRPHA-Cluster_2_yearly_True_window_10_lags_5_sinusoidal_no_quadratic,True,10,quadratic_lags_5_sinusoidal_no,0.461,0.128,367.589,372.301,False,True,False,0.401,-0.252,0,2.411,2.522,0.552,,,,,,,,,1.111,0.073,,,,
PRPHA-Cluster_2_yearly_True_window_10_lags_none_sinusoidal_yes_quadratic,True,10,quadratic_lags_none_sinusoidal_yes,0.529,0.0,442.333,449.17,True,False,False,0.186,-0.228,0,2.477,2.558,0.246,,,,,,,,,,,1.056,1.024,0.53,0.064
PRPHA-Cluster_2_yearly_True_window_10_lags_1_sinusoidal_yes_quadratic,True,10,quadratic_lags_1_sinusoidal_yes,0.682,0.0,421.476,429.47,True,True,False,0.651,0.376,0,3.183,3.46,0.015,1.069,0.04,,,,,,,,,1.188,1.02,0.648,0.02
PRPHA-Cluster_2_yearly_True_window_10_lags_2_sinusoidal_yes_quadratic,True,10,quadratic_lags_2_sinusoidal_yes,0.841,0.0,387.474,395.249,True,True,False,1.035,0.234,0,3.496,3.7,0.0,,,1.001,0.006,,,,,,,1.201,1.002,0.086,0.008
PRPHA-Cluster_2_yearly_True_window_10_lags_3_sinusoidal_yes_quadratic,True,10,quadratic_lags_3_sinusoidal_yes,0.627,0.016,397.149,404.697,True,True,False,0.433,-1.483,0,2.923,3.125,0.058,,,,,1.0,0.138,,,,,1.181,1.02,0.444,0.012
PRPHA-Cluster_2_yearly_True_window_10_lags_4_sinusoidal_yes_quadratic,True,10,quadratic_lags_4_sinusoidal_yes,0.615,0.228,381.308,388.621,True,True,False,0.449,-3.067,0,2.827,3.172,0.034,,,,,,,1.003,0.093,,,1.326,1.016,0.079,0.008
PRPHA-Cluster_2_yearly_True_window_10_lags_5_sinusoidal_yes_quadratic,True,10,quadratic_lags_5_sinusoidal_yes,0.672,0.335,359.62,366.689,True,True,False,0.624,0.424,0,2.879,3.357,0.055,,,,,,,,,1.147,0.024,1.326,1.005,0.017,0.032
