analysis_name,yearly_aggregate,window_size,config_type,r_squared,p_value,aic,bic,is_normal,is_homoscedastic,no_autocorrelation,durbin_watson,cv_r2_score,cv_r2_std,vif_PPT,vif_ortho_PPT_lag1,p_value_lag1,vif_ortho_PPT_lag2,p_value_lag2,vif_ortho_PPT_lag3,p_value_lag3,vif_ortho_PPT_lag4,p_value_lag4,vif_ortho_PPT_lag5,p_value_lag5,vif_ortho_sin_cycle,vif_ortho_cos_cycle,p_value_sin,p_value_cos
PRPHA-Cluster_0_yearly_False_window_1_lags_none_sinusoidal_no_linear,False,1,linear_lags_none_sinusoidal_no,0.036,0.356,451.465,453.981,False,False,True,2.121,-0.122,0,1.0,,,,,,,,,,,,,,
PRPHA-Cluster_0_yearly_False_window_1_lags_1_sinusoidal_no_linear,False,1,linear_lags_1_sinusoidal_no,0.064,0.241,433.266,436.923,True,False,True,2.36,-0.282,0,1.0,1.0,0.601,,,,,,,,,,,,
PRPHA-Cluster_0_yearly_False_window_1_lags_2_sinusoidal_no_linear,False,1,linear_lags_2_sinusoidal_no,0.07,0.245,416.984,420.518,False,True,True,2.407,-0.954,0,1.0,,,1.0,0.533,,,,,,,,,,
PRPHA-Cluster_0_yearly_False_window_1_lags_3_sinusoidal_no_linear,False,1,linear_lags_3_sinusoidal_no,0.081,0.2,400.263,403.67,False,False,True,2.255,-0.729,0,1.0,,,,,1.0,0.365,,,,,,,,
PRPHA-Cluster_0_yearly_False_window_1_lags_4_sinusoidal_no_linear,False,1,linear_lags_4_sinusoidal_no,0.098,0.633,382.983,386.256,True,True,True,2.062,-0.71,0,1.0,,,,,,,1.0,0.221,,,,,,
PRPHA-Cluster_0_yearly_False_window_1_lags_5_sinusoidal_no_linear,False,1,linear_lags_5_sinusoidal_no,0.084,0.217,366.78,369.914,True,True,True,2.299,-1.107,0,1.0,,,,,,,,,1.0,0.312,,,,
PRPHA-Cluster_0_yearly_False_window_1_lags_none_sinusoidal_yes_linear,False,1,linear_lags_none_sinusoidal_yes,0.05,0.555,455.082,460.114,True,True,True,2.166,-0.336,0,1.0,,,,,,,,,,,1.0,1.0,0.988,0.573
PRPHA-Cluster_0_yearly_False_window_1_lags_1_sinusoidal_yes_linear,False,1,linear_lags_1_sinusoidal_yes,0.066,0.298,437.216,443.31,True,True,True,2.387,-0.39,0,1.0,1.0,0.625,,,,,,,,,1.0,1.0,0.877,0.912
PRPHA-Cluster_0_yearly_False_window_1_lags_2_sinusoidal_yes_linear,False,1,linear_lags_2_sinusoidal_yes,0.072,0.286,420.939,426.829,True,True,True,2.435,-1.242,0,1.0,,,1.0,0.561,,,,,,,1.0,1.0,0.894,0.901
PRPHA-Cluster_0_yearly_False_window_1_lags_3_sinusoidal_yes_linear,False,1,linear_lags_3_sinusoidal_yes,0.087,0.26,404.102,409.779,True,True,True,2.247,-0.808,0,1.0,,,,,1.0,0.422,,,,,1.0,1.0,0.992,0.726
PRPHA-Cluster_0_yearly_False_window_1_lags_4_sinusoidal_yes_linear,False,1,linear_lags_4_sinusoidal_yes,0.103,0.585,386.846,392.301,True,True,True,2.097,-1.363,0,1.0,,,,,,,1.0,0.235,,,1.0,1.0,0.968,0.751
PRPHA-Cluster_0_yearly_False_window_1_lags_5_sinusoidal_yes_linear,False,1,linear_lags_5_sinusoidal_yes,0.103,0.431,370.347,375.569,True,True,True,2.293,-1.433,0,1.0,,,,,,,,,1.0,0.485,1.0,1.0,0.679,0.707
PRPHA-Cluster_0_yearly_True_window_1_lags_none_sinusoidal_no_linear,True,1,linear_lags_none_sinusoidal_no,0.038,0.35,431.57,434.008,False,False,True,2.14,-0.017,0,1.0,,,,,,,,,,,,,,
PRPHA-Cluster_0_yearly_True_window_1_lags_1_sinusoidal_no_linear,True,1,linear_lags_1_sinusoidal_no,0.08,0.191,412.696,416.23,False,False,True,2.433,-1.546,0,1.0,1.0,0.465,,,,,,,,,,,,
PRPHA-Cluster_0_yearly_True_window_1_lags_2_sinusoidal_no_linear,True,1,linear_lags_2_sinusoidal_no,0.069,0.28,396.992,400.399,False,True,True,2.476,-0.386,0,1.0,,,1.0,0.609,,,,,,,,,,
PRPHA-Cluster_0_yearly_True_window_1_lags_3_sinusoidal_no_linear,True,1,linear_lags_3_sinusoidal_no,0.082,0.21,380.334,383.607,False,True,True,2.406,-0.611,0,1.0,,,,,1.0,0.389,,,,,,,,
PRPHA-Cluster_0_yearly_True_window_1_lags_4_sinusoidal_no_linear,True,1,linear_lags_4_sinusoidal_no,0.027,0.843,364.741,367.875,False,True,True,2.369,-0.358,0,1.0,,,,,,,1.0,0.778,,,,,,
PRPHA-Cluster_0_yearly_True_window_1_lags_5_sinusoidal_no_linear,True,1,linear_lags_5_sinusoidal_no,0.038,0.811,348.023,351.01,True,True,True,2.457,-1.205,0,1.0,,,,,,,,,1.0,0.743,,,,
PRPHA-Cluster_0_yearly_True_window_1_lags_none_sinusoidal_yes_linear,True,1,linear_lags_none_sinusoidal_yes,0.054,0.533,435.156,440.031,False,True,True,2.197,-0.228,0,1.0,,,,,,,,,,,1.0,1.0,0.976,0.56
PRPHA-Cluster_0_yearly_True_window_1_lags_1_sinusoidal_yes_linear,True,1,linear_lags_1_sinusoidal_yes,0.084,0.232,416.6,422.491,False,True,True,2.464,-1.702,0,1.0,1.0,0.485,,,,,,,,,1.0,1.0,0.823,0.89
PRPHA-Cluster_0_yearly_True_window_1_lags_2_sinusoidal_yes_linear,True,1,linear_lags_2_sinusoidal_yes,0.07,0.316,400.964,406.642,False,True,True,2.498,-0.991,0,1.0,,,1.0,0.628,,,,,,,1.0,1.0,0.922,0.916
PRPHA-Cluster_0_yearly_True_window_1_lags_3_sinusoidal_yes_linear,True,1,linear_lags_3_sinusoidal_yes,0.088,0.262,384.193,389.648,True,True,True,2.418,-1.453,0,1.0,,,,,1.0,0.438,,,,,1.0,1.0,0.983,0.745
PRPHA-Cluster_0_yearly_True_window_1_lags_4_sinusoidal_yes_linear,True,1,linear_lags_4_sinusoidal_yes,0.037,0.992,368.535,373.758,False,True,True,2.403,-0.723,0,1.0,,,,,,,1.0,0.704,,,1.0,1.0,0.944,0.7
PRPHA-Cluster_0_yearly_True_window_1_lags_5_sinusoidal_yes_linear,True,1,linear_lags_5_sinusoidal_yes,0.059,0.929,351.585,356.563,True,True,False,2.515,-1.568,0,1.0,,,,,,,,,1.0,0.616,1.0,1.0,0.878,0.596
PRPHA-Cluster_0_yearly_False_window_2_lags_none_sinusoidal_no_linear,False,2,linear_lags_none_sinusoidal_no,0.079,0.165,433.721,436.237,True,True,False,1.114,-0.368,0,1.0,,,,,,,,,,,,,,
PRPHA-Cluster_0_yearly_False_window_2_lags_1_sinusoidal_no_linear,False,2,linear_lags_1_sinusoidal_no,0.162,0.058,409.708,413.365,True,False,True,1.515,0.107,0,1.0,1.0,0.666,,,,,,,,,,,,
PRPHA-Cluster_0_yearly_False_window_2_lags_2_sinusoidal_no_linear,False,2,linear_lags_2_sinusoidal_no,0.225,0.029,393.265,396.799,True,False,False,1.49,-1.04,0,1.0,,,1.0,0.269,,,,,,,,,,
PRPHA-Cluster_0_yearly_False_window_2_lags_3_sinusoidal_no_linear,False,2,linear_lags_3_sinusoidal_no,0.183,0.085,379.08,382.486,True,False,True,1.526,0.131,0,1.0,,,,,1.0,0.505,,,,,,,,
PRPHA-Cluster_0_yearly_False_window_2_lags_4_sinusoidal_no_linear,False,2,linear_lags_4_sinusoidal_no,0.064,0.526,364.779,368.052,True,False,False,1.382,-0.979,0,1.0,,,,,,,1.0,0.949,,,,,,
PRPHA-Cluster_0_yearly_False_window_2_lags_5_sinusoidal_no_linear,False,2,linear_lags_5_sinusoidal_no,0.156,0.088,347.028,350.161,True,True,True,1.504,-0.059,0,1.0,,,,,,,,,1.0,0.209,,,,
PRPHA-Cluster_0_yearly_False_window_2_lags_none_sinusoidal_yes_linear,False,2,linear_lags_none_sinusoidal_yes,0.131,0.332,436.2,441.232,True,True,False,1.236,-0.783,0,1.0,,,,,,,,,,,1.0,1.0,0.937,0.262
PRPHA-Cluster_0_yearly_False_window_2_lags_1_sinusoidal_yes_linear,False,2,linear_lags_1_sinusoidal_yes,0.176,0.075,413.306,419.4,True,True,True,1.605,-0.313,0,1.0,1.0,0.657,,,,,,,,,1.0,1.0,0.716,0.679
PRPHA-Cluster_0_yearly_False_window_2_lags_2_sinusoidal_yes_linear,False,2,linear_lags_2_sinusoidal_yes,0.248,0.03,396.517,402.408,True,True,True,1.594,-1.298,0,1.0,,,1.0,0.25,,,,,,,1.0,1.0,0.604,0.573
PRPHA-Cluster_0_yearly_False_window_2_lags_3_sinusoidal_yes_linear,False,2,linear_lags_3_sinusoidal_yes,0.192,0.095,382.816,388.493,True,True,True,1.586,-0.321,0,1.0,,,,,1.0,0.493,,,,,1.0,1.0,0.704,0.813
PRPHA-Cluster_0_yearly_False_window_2_lags_4_sinusoidal_yes_linear,False,2,linear_lags_4_sinusoidal_yes,0.081,0.753,368.38,373.835,True,True,False,1.452,-1.024,0,1.0,,,,,,,1.0,0.828,,,1.0,1.0,0.864,0.625
PRPHA-Cluster_0_yearly_False_window_2_lags_5_sinusoidal_yes_linear,False,2,linear_lags_5_sinusoidal_yes,0.168,0.307,350.712,355.935,True,True,True,1.559,-0.912,0,1.0,,,,,,,,,1.0,0.443,1.0,1.0,0.857,0.639
PRPHA-Cluster_0_yearly_True_window_2_lags_none_sinusoidal_no_linear,True,2,linear_lags_none_sinusoidal_no,0.098,0.127,414.443,416.88,True,True,False,0.874,-0.167,0,1.0,,,,,,,,,,,,,,
PRPHA-Cluster_0_yearly_True_window_2_lags_1_sinusoidal_no_linear,True,2,linear_lags_1_sinusoidal_no,0.208,0.033,388.683,392.217,True,True,False,1.228,-0.619,0,1.0,1.0,0.594,,,,,,,,,,,,
PRPHA-Cluster_0_yearly_True_window_2_lags_2_sinusoidal_no_linear,True,2,linear_lags_2_sinusoidal_no,0.273,0.019,372.382,375.789,True,True,False,1.255,-0.08,0,1.0,,,1.0,0.248,,,,,,,,,,
PRPHA-Cluster_0_yearly_True_window_2_lags_3_sinusoidal_no_linear,True,2,linear_lags_3_sinusoidal_no,0.267,0.026,357.366,360.639,True,False,False,1.276,0.004,0,1.0,,,,,1.0,0.232,,,,,,,,
PRPHA-Cluster_0_yearly_True_window_2_lags_4_sinusoidal_no_linear,True,2,linear_lags_4_sinusoidal_no,0.091,0.332,344.604,347.738,True,True,False,1.106,-0.079,0,1.0,,,,,,,1.0,0.782,,,,,,
PRPHA-Cluster_0_yearly_True_window_2_lags_5_sinusoidal_no_linear,True,2,linear_lags_5_sinusoidal_no,0.108,0.312,328.804,331.791,True,True,False,1.173,-0.195,0,1.0,,,,,,,,,1.0,0.782,,,,
PRPHA-Cluster_0_yearly_True_window_2_lags_none_sinusoidal_yes_linear,True,2,linear_lags_none_sinusoidal_yes,0.159,0.262,416.704,421.579,True,True,False,0.986,-0.505,0,1.0,,,,,,,,,,,1.0,1.0,0.825,0.235
PRPHA-Cluster_0_yearly_True_window_2_lags_1_sinusoidal_yes_linear,True,2,linear_lags_1_sinusoidal_yes,0.22,0.048,392.333,398.223,True,True,False,1.297,-1.159,0,1.0,1.0,0.591,,,,,,,,,1.0,1.0,0.813,0.645
PRPHA-Cluster_0_yearly_True_window_2_lags_2_sinusoidal_yes_linear,True,2,linear_lags_2_sinusoidal_yes,0.295,0.021,375.668,381.345,True,True,False,1.358,-0.89,0,1.0,,,1.0,0.224,,,,,,,1.0,1.0,0.688,0.525
PRPHA-Cluster_0_yearly_True_window_2_lags_3_sinusoidal_yes_linear,True,2,linear_lags_3_sinusoidal_yes,0.28,0.033,360.986,366.442,True,True,False,1.331,-0.232,0,1.0,,,,,1.0,0.234,,,,,1.0,1.0,0.78,0.645
PRPHA-Cluster_0_yearly_True_window_2_lags_4_sinusoidal_yes_linear,True,2,linear_lags_4_sinusoidal_yes,0.105,0.553,348.281,353.504,True,True,False,1.151,-0.549,0,1.0,,,,,,,1.0,0.955,,,1.0,1.0,0.989,0.627
PRPHA-Cluster_0_yearly_True_window_2_lags_5_sinusoidal_yes_linear,True,2,linear_lags_5_sinusoidal_yes,0.139,0.75,332.108,337.087,True,True,False,1.236,-0.667,0,1.0,,,,,,,,,1.0,0.863,1.0,1.0,0.769,0.498
PRPHA-Cluster_0_yearly_False_window_3_lags_none_sinusoidal_no_linear,False,3,linear_lags_none_sinusoidal_no,0.005,0.741,413.584,416.1,True,True,False,0.812,-0.206,0,1.0,,,,,,,,,,,,,,
PRPHA-Cluster_0_yearly_False_window_3_lags_1_sinusoidal_no_linear,False,3,linear_lags_1_sinusoidal_no,0.029,0.434,393.45,397.107,True,False,False,0.866,-0.036,0,1.0,1.0,0.71,,,,,,,,,,,,
PRPHA-Cluster_0_yearly_False_window_3_lags_2_sinusoidal_no_linear,False,3,linear_lags_2_sinusoidal_no,0.039,0.441,379.215,382.749,True,False,False,0.864,-0.159,0,1.0,,,1.0,0.893,,,,,,,,,,
PRPHA-Cluster_0_yearly_False_window_3_lags_3_sinusoidal_no_linear,False,3,linear_lags_3_sinusoidal_no,0.021,0.521,364.539,367.945,True,True,False,0.831,-0.422,0,1.0,,,,,1.0,0.636,,,,,,,,
PRPHA-Cluster_0_yearly_False_window_3_lags_4_sinusoidal_no_linear,False,3,linear_lags_4_sinusoidal_no,0.011,0.756,348.398,351.671,True,True,False,0.857,-0.063,0,1.0,,,,,,,1.0,0.663,,,,,,
PRPHA-Cluster_0_yearly_False_window_3_lags_5_sinusoidal_no_linear,False,3,linear_lags_5_sinusoidal_no,0.062,0.315,331.687,334.821,True,True,False,0.946,-0.162,0,1.0,,,,,,,,,1.0,0.307,,,,
PRPHA-Cluster_0_yearly_False_window_3_lags_none_sinusoidal_yes_linear,False,3,linear_lags_none_sinusoidal_yes,0.102,0.994,414.902,419.935,True,True,False,0.932,-0.581,0,1.0,,,,,,,,,,,1.0,1.0,0.221,0.391
PRPHA-Cluster_0_yearly_False_window_3_lags_1_sinusoidal_yes_linear,False,3,linear_lags_1_sinusoidal_yes,0.188,0.321,392.955,399.05,True,True,False,1.127,0.034,0,1.0,1.0,0.638,,,,,,,,,1.0,1.0,0.071,0.677
PRPHA-Cluster_0_yearly_False_window_3_lags_2_sinusoidal_yes_linear,False,3,linear_lags_2_sinusoidal_yes,0.163,0.282,379.894,385.784,True,True,False,1.08,-0.175,0,1.0,,,1.0,0.726,,,,,,,1.0,1.0,0.11,0.992
PRPHA-Cluster_0_yearly_False_window_3_lags_3_sinusoidal_yes_linear,False,3,linear_lags_3_sinusoidal_yes,0.122,0.367,366.029,371.707,True,True,False,1.011,-1.187,0,1.0,,,,,1.0,0.484,,,,,1.0,1.0,0.168,0.84
PRPHA-Cluster_0_yearly_False_window_3_lags_4_sinusoidal_yes_linear,False,3,linear_lags_4_sinusoidal_yes,0.102,0.961,350.266,355.722,True,True,False,1.041,-0.708,0,1.0,,,,,,,1.0,0.848,,,1.0,1.0,0.247,0.645
PRPHA-Cluster_0_yearly_False_window_3_lags_5_sinusoidal_yes_linear,False,3,linear_lags_5_sinusoidal_yes,0.108,0.578,334.637,339.86,True,True,False,1.058,-0.539,0,1.0,,,,,,,,,1.0,0.52,1.0,1.0,0.383,0.864
PRPHA-Cluster_0_yearly_True_window_3_lags_none_sinusoidal_no_linear,True,3,linear_lags_none_sinusoidal_no,0.105,0.115,393.06,395.497,True,True,False,0.603,-0.237,0,1.0,,,,,,,,,,,,,,
PRPHA-Cluster_0_yearly_True_window_3_lags_1_sinusoidal_no_linear,True,3,linear_lags_1_sinusoidal_no,0.212,0.027,371.185,374.72,True,True,False,0.664,0.024,0,1.0,1.0,0.444,,,,,,,,,,,,
PRPHA-Cluster_0_yearly_True_window_3_lags_2_sinusoidal_no_linear,True,3,linear_lags_2_sinusoidal_no,0.264,0.019,356.028,359.435,True,False,False,0.701,-0.014,0,1.0,,,1.0,0.28,,,,,,,,,,
PRPHA-Cluster_0_yearly_True_window_3_lags_3_sinusoidal_no_linear,True,3,linear_lags_3_sinusoidal_no,0.296,0.012,339.936,343.21,True,True,False,0.666,0.247,0,1.0,,,,,1.0,0.065,,,,,,,,
PRPHA-Cluster_0_yearly_True_window_3_lags_4_sinusoidal_no_linear,True,3,linear_lags_4_sinusoidal_no,0.156,0.087,327.026,330.159,True,True,False,0.599,-0.668,0,1.0,,,,,,,1.0,0.177,,,,,,
PRPHA-Cluster_0_yearly_True_window_3_lags_5_sinusoidal_no_linear,True,3,linear_lags_5_sinusoidal_no,0.31,0.015,307.033,310.02,True,True,False,1.008,0.209,0,1.0,,,,,,,,,1.0,0.073,,,,
PRPHA-Cluster_0_yearly_True_window_3_lags_none_sinusoidal_yes_linear,True,3,linear_lags_none_sinusoidal_yes,0.271,0.278,391.925,396.8,True,True,False,0.669,-0.39,0,1.0,,,,,,,,,,,1.0,1.0,0.175,0.115
PRPHA-Cluster_0_yearly_True_window_3_lags_1_sinusoidal_yes_linear,True,3,linear_lags_1_sinusoidal_yes,0.49,0.009,364.73,370.62,True,True,False,1.073,0.258,0,1.0,1.0,0.33,,,,,,,,,1.0,1.0,0.018,0.09
PRPHA-Cluster_0_yearly_True_window_3_lags_2_sinusoidal_yes_linear,True,3,linear_lags_2_sinusoidal_yes,0.511,0.003,350.623,356.301,True,True,False,1.082,0.263,0,1.0,,,1.0,0.116,,,,,,,1.0,1.0,0.022,0.111
PRPHA-Cluster_0_yearly_True_window_3_lags_3_sinusoidal_yes_linear,True,3,linear_lags_3_sinusoidal_yes,0.477,0.005,337.42,342.875,True,True,False,0.818,0.181,0,1.0,,,,,1.0,0.032,,,,,1.0,1.0,0.041,0.39
PRPHA-Cluster_0_yearly_True_window_3_lags_4_sinusoidal_yes_linear,True,3,linear_lags_4_sinusoidal_yes,0.317,0.327,326.579,331.802,True,True,False,0.73,-0.748,0,1.0,,,,,,,1.0,0.449,,,1.0,1.0,0.148,0.27
PRPHA-Cluster_0_yearly_True_window_3_lags_5_sinusoidal_yes_linear,True,3,linear_lags_5_sinusoidal_yes,0.367,0.194,309.317,314.295,True,True,False,1.002,0.059,0,1.0,,,,,,,,,1.0,0.349,1.0,1.0,0.322,0.526
PRPHA-Cluster_0_yearly_False_window_4_lags_none_sinusoidal_no_linear,False,4,linear_lags_none_sinusoidal_no,0.032,0.382,405.908,408.424,True,True,False,0.872,-0.075,0,1.0,,,,,,,,,,,,,,
PRPHA-Cluster_0_yearly_False_window_4_lags_1_sinusoidal_no_linear,False,4,linear_lags_1_sinusoidal_no,0.132,0.086,384.065,387.722,True,True,False,1.042,0.106,0,1.0,1.0,0.745,,,,,,,,,,,,
PRPHA-Cluster_0_yearly_False_window_4_lags_2_sinusoidal_no_linear,False,4,linear_lags_2_sinusoidal_no,0.185,0.051,369.181,372.715,True,False,False,1.042,0.042,0,1.0,,,1.0,0.477,,,,,,,,,,
PRPHA-Cluster_0_yearly_False_window_4_lags_3_sinusoidal_no_linear,False,4,linear_lags_3_sinusoidal_no,0.144,0.081,356.201,359.608,True,True,False,0.999,-0.105,0,1.0,,,,,1.0,0.2,,,,,,,,
PRPHA-Cluster_0_yearly_False_window_4_lags_4_sinusoidal_no_linear,False,4,linear_lags_4_sinusoidal_no,0.063,0.327,340.831,344.104,True,True,False,1.08,-0.414,0,1.0,,,,,,,1.0,0.276,,,,,,
PRPHA-Cluster_0_yearly_False_window_4_lags_5_sinusoidal_no_linear,False,4,linear_lags_5_sinusoidal_no,0.297,0.015,319.451,322.584,True,True,False,1.377,0.147,0,1.0,,,,,,,,,1.0,0.019,,,,
PRPHA-Cluster_0_yearly_False_window_4_lags_none_sinusoidal_yes_linear,False,4,linear_lags_none_sinusoidal_yes,0.217,0.609,404.384,409.416,True,True,False,1.024,-0.432,0,1.0,,,,,,,,,,,1.0,1.0,0.291,0.061
PRPHA-Cluster_0_yearly_False_window_4_lags_1_sinusoidal_yes_linear,False,4,linear_lags_1_sinusoidal_yes,0.361,0.038,380.407,386.502,True,False,False,1.387,-0.17,0,1.0,1.0,0.646,,,,,,,,,1.0,1.0,0.061,0.094
PRPHA-Cluster_0_yearly_False_window_4_lags_2_sinusoidal_yes_linear,False,4,linear_lags_2_sinusoidal_yes,0.402,0.015,365.772,371.662,True,True,False,1.235,0.122,0,1.0,,,1.0,0.303,,,,,,,1.0,1.0,0.057,0.108
PRPHA-Cluster_0_yearly_False_window_4_lags_3_sinusoidal_yes_linear,False,4,linear_lags_3_sinusoidal_yes,0.307,0.059,355.341,361.019,True,True,False,1.124,-0.59,0,1.0,,,,,1.0,0.156,,,,,1.0,1.0,0.101,0.31
PRPHA-Cluster_0_yearly_False_window_4_lags_4_sinusoidal_yes_linear,False,4,linear_lags_4_sinusoidal_yes,0.285,0.71,338.874,344.33,True,True,False,1.317,-0.794,0,1.0,,,,,,,1.0,0.565,,,1.0,1.0,0.248,0.095
PRPHA-Cluster_0_yearly_False_window_4_lags_5_sinusoidal_yes_linear,False,4,linear_lags_5_sinusoidal_yes,0.426,0.137,319.189,324.411,True,True,True,1.542,-0.29,0,1.0,,,,,,,,,1.0,0.108,1.0,1.0,0.289,0.18
PRPHA-Cluster_0_yearly_True_window_4_lags_none_sinusoidal_no_linear,True,4,linear_lags_none_sinusoidal_no,0.063,0.227,388.682,391.12,True,True,False,0.562,-0.246,0,1.0,,,,,,,,,,,,,,
PRPHA-Cluster_0_yearly_True_window_4_lags_1_sinusoidal_no_linear,True,4,linear_lags_1_sinusoidal_no,0.227,0.021,365.08,368.614,True,True,False,0.603,0.163,0,1.0,1.0,0.345,,,,,,,,,,,,
PRPHA-Cluster_0_yearly_True_window_4_lags_2_sinusoidal_no_linear,True,4,linear_lags_2_sinusoidal_no,0.279,0.015,350.323,353.729,True,False,False,0.66,0.242,0,1.0,,,1.0,0.284,,,,,,,,,,
PRPHA-Cluster_0_yearly_True_window_4_lags_3_sinusoidal_no_linear,True,4,linear_lags_3_sinusoidal_no,0.243,0.023,337.406,340.679,True,False,False,0.705,-0.318,0,1.0,,,,,1.0,0.088,,,,,,,,
PRPHA-Cluster_0_yearly_True_window_4_lags_4_sinusoidal_no_linear,True,4,linear_lags_4_sinusoidal_no,0.161,0.094,322.027,325.16,True,True,False,0.647,0.048,0,1.0,,,,,,,1.0,0.084,,,,,,
PRPHA-Cluster_0_yearly_True_window_4_lags_5_sinusoidal_no_linear,True,4,linear_lags_5_sinusoidal_no,0.46,0.002,297.841,300.828,True,True,False,1.38,0.202,0,1.0,,,,,,,,,1.0,0.003,,,,
PRPHA-Cluster_0_yearly_True_window_4_lags_none_sinusoidal_yes_linear,True,4,linear_lags_none_sinusoidal_yes,0.225,0.326,387.928,392.803,True,True,False,0.696,-0.451,0,1.0,,,,,,,,,,,1.0,1.0,0.475,0.065
PRPHA-Cluster_0_yearly_True_window_4_lags_1_sinusoidal_yes_linear,True,4,linear_lags_1_sinusoidal_yes,0.469,0.004,360.069,365.96,True,True,False,0.899,0.204,0,1.0,1.0,0.206,,,,,,,,,1.0,1.0,0.061,0.042
PRPHA-Cluster_0_yearly_True_window_4_lags_2_sinusoidal_yes_linear,True,4,linear_lags_2_sinusoidal_yes,0.495,0.002,346.157,351.835,True,True,False,0.872,0.354,0,1.0,,,1.0,0.105,,,,,,,1.0,1.0,0.087,0.045
PRPHA-Cluster_0_yearly_True_window_4_lags_3_sinusoidal_yes_linear,True,4,linear_lags_3_sinusoidal_yes,0.374,0.015,337.214,342.67,True,True,False,0.846,-0.762,0,1.0,,,,,1.0,0.063,,,,,1.0,1.0,0.177,0.235
PRPHA-Cluster_0_yearly_True_window_4_lags_4_sinusoidal_yes_linear,True,4,linear_lags_4_sinusoidal_yes,0.319,0.303,321.633,326.856,False,True,False,0.842,-0.433,0,1.0,,,,,,,1.0,0.242,,,1.0,1.0,0.417,0.128
PRPHA-Cluster_0_yearly_True_window_4_lags_5_sinusoidal_yes_linear,True,4,linear_lags_5_sinusoidal_yes,0.533,0.025,298.933,303.912,True,True,False,1.429,0.272,0,1.0,,,,,,,,,1.0,0.026,1.0,1.0,0.463,0.241
PRPHA-Cluster_0_yearly_False_window_5_lags_none_sinusoidal_no_linear,False,5,linear_lags_none_sinusoidal_no,0.087,0.142,394.666,397.182,False,True,False,1.072,-0.208,0,1.0,,,,,,,,,,,,,,
PRPHA-Cluster_0_yearly_False_window_5_lags_1_sinusoidal_no_linear,False,5,linear_lags_1_sinusoidal_no,0.209,0.026,379.544,383.2,True,True,False,1.15,-0.683,0,1.0,1.0,0.339,,,,,,,,,,,,
PRPHA-Cluster_0_yearly_False_window_5_lags_2_sinusoidal_no_linear,False,5,linear_lags_2_sinusoidal_no,0.229,0.022,364.854,368.388,True,True,False,1.076,0.157,0,1.0,,,1.0,0.159,,,,,,,,,,
PRPHA-Cluster_0_yearly_False_window_5_lags_3_sinusoidal_no_linear,False,5,linear_lags_3_sinusoidal_no,0.149,0.078,353.595,357.002,True,True,False,1.069,-0.266,0,1.0,,,,,1.0,0.171,,,,,,,,
PRPHA-Cluster_0_yearly_False_window_5_lags_4_sinusoidal_no_linear,False,5,linear_lags_4_sinusoidal_no,0.055,0.31,337.399,340.672,True,True,False,1.238,-0.341,0,1.0,,,,,,,1.0,0.364,,,,,,
PRPHA-Cluster_0_yearly_False_window_5_lags_5_sinusoidal_no_linear,False,5,linear_lags_5_sinusoidal_no,0.357,0.007,313.709,316.843,True,True,True,1.626,0.217,0,1.0,,,,,,,,,1.0,0.008,,,,
PRPHA-Cluster_0_yearly_False_window_5_lags_none_sinusoidal_yes_linear,False,5,linear_lags_none_sinusoidal_yes,0.253,0.264,393.458,398.49,False,True,False,1.174,-0.364,0,1.0,,,,,,,,,,,1.0,1.0,0.059,0.33
PRPHA-Cluster_0_yearly_False_window_5_lags_1_sinusoidal_yes_linear,False,5,linear_lags_1_sinusoidal_yes,0.448,0.026,374.557,380.651,True,True,True,1.601,-0.133,0,1.0,1.0,0.309,,,,,,,,,1.0,1.0,0.011,0.36
PRPHA-Cluster_0_yearly_False_window_5_lags_2_sinusoidal_yes_linear,False,5,linear_lags_2_sinusoidal_yes,0.463,0.017,360.151,366.041,True,True,False,1.262,-0.434,0,1.0,,,1.0,0.128,,,,,,,1.0,1.0,0.019,0.207
PRPHA-Cluster_0_yearly_False_window_5_lags_3_sinusoidal_yes_linear,False,5,linear_lags_3_sinusoidal_yes,0.298,0.088,353.182,358.859,True,True,False,1.216,-0.884,0,1.0,,,,,1.0,0.171,,,,,1.0,1.0,0.081,0.576
PRPHA-Cluster_0_yearly_False_window_5_lags_4_sinusoidal_yes_linear,False,5,linear_lags_4_sinusoidal_yes,0.256,0.615,336.148,341.603,False,True,False,1.446,-0.457,0,1.0,,,,,,,1.0,0.616,,,1.0,1.0,0.094,0.254
PRPHA-Cluster_0_yearly_False_window_5_lags_5_sinusoidal_yes_linear,False,5,linear_lags_5_sinusoidal_yes,0.454,0.067,314.289,319.511,True,True,True,1.802,-0.066,0,1.0,,,,,,,,,1.0,0.05,1.0,1.0,0.207,0.287
PRPHA-Cluster_0_yearly_True_window_5_lags_none_sinusoidal_no_linear,True,5,linear_lags_none_sinusoidal_no,0.233,0.015,377.968,380.406,False,True,False,0.533,-0.142,0,1.0,,,,,,,,,,,,,,
PRPHA-Cluster_0_yearly_True_window_5_lags_1_sinusoidal_no_linear,True,5,linear_lags_1_sinusoidal_no,0.384,0.002,361.488,365.023,True,True,False,0.616,0.337,0,1.0,1.0,0.313,,,,,,,,,,,,
PRPHA-Cluster_0_yearly_True_window_5_lags_2_sinusoidal_no_linear,True,5,linear_lags_2_sinusoidal_no,0.426,0.001,345.777,349.183,True,True,False,0.52,0.419,0,1.0,,,1.0,0.085,,,,,,,,,,
PRPHA-Cluster_0_yearly_True_window_5_lags_3_sinusoidal_no_linear,True,5,linear_lags_3_sinusoidal_no,0.369,0.003,334.341,337.614,True,False,False,0.647,0.17,0,1.0,,,,,1.0,0.034,,,,,,,,
PRPHA-Cluster_0_yearly_True_window_5_lags_4_sinusoidal_no_linear,True,5,linear_lags_4_sinusoidal_no,0.298,0.013,318.201,321.334,True,True,False,0.888,0.072,0,1.0,,,,,,,1.0,0.036,,,,,,
PRPHA-Cluster_0_yearly_True_window_5_lags_5_sinusoidal_no_linear,True,5,linear_lags_5_sinusoidal_no,0.714,0.0,284.604,287.591,True,True,False,1.467,0.612,0,1.0,,,,,,,,,1.0,0.0,,,,
PRPHA-Cluster_0_yearly_True_window_5_lags_none_sinusoidal_yes_linear,True,5,linear_lags_none_sinusoidal_yes,0.391,0.025,376.184,381.06,True,True,False,0.639,-0.303,0,1.0,,,,,,,,,,,1.0,1.0,0.087,0.143
PRPHA-Cluster_0_yearly_True_window_5_lags_1_sinusoidal_yes_linear,True,5,linear_lags_1_sinusoidal_yes,0.593,0.001,355.544,361.434,True,True,False,1.272,0.403,0,1.0,1.0,0.264,,,,,,,,,1.0,1.0,0.015,0.128
PRPHA-Cluster_0_yearly_True_window_5_lags_2_sinusoidal_yes_linear,True,5,linear_lags_2_sinusoidal_yes,0.673,0.0,336.815,342.493,True,False,False,0.761,0.145,0,1.0,,,1.0,0.035,,,,,,,1.0,1.0,0.012,0.028
PRPHA-Cluster_0_yearly_True_window_5_lags_3_sinusoidal_yes_linear,True,5,linear_lags_3_sinusoidal_yes,0.513,0.003,332.672,338.128,True,False,False,0.887,-0.346,0,1.0,,,,,1.0,0.029,,,,,1.0,1.0,0.071,0.283
PRPHA-Cluster_0_yearly_True_window_5_lags_4_sinusoidal_yes_linear,True,5,linear_lags_4_sinusoidal_yes,0.474,0.041,316.15,321.372,True,True,False,1.184,-0.255,0,1.0,,,,,,,1.0,0.083,,,1.0,1.0,0.091,0.166
PRPHA-Cluster_0_yearly_True_window_5_lags_5_sinusoidal_yes_linear,True,5,linear_lags_5_sinusoidal_yes,0.773,0.0,283.984,288.963,True,True,True,1.742,0.498,0,1.0,,,,,,,,,1.0,0.0,1.0,1.0,0.152,0.204
PRPHA-Cluster_0_yearly_False_window_6_lags_none_sinusoidal_no_linear,False,6,linear_lags_none_sinusoidal_no,0.081,0.159,385.414,387.93,True,True,False,0.488,0.055,0,1.0,,,,,,,,,,,,,,
PRPHA-Cluster_0_yearly_False_window_6_lags_1_sinusoidal_no_linear,False,6,linear_lags_1_sinusoidal_no,0.285,0.009,367.911,371.567,True,True,False,0.522,0.095,0,1.0,1.0,0.131,,,,,,,,,,,,
PRPHA-Cluster_0_yearly_False_window_6_lags_2_sinusoidal_no_linear,False,6,linear_lags_2_sinusoidal_no,0.285,0.01,355.186,358.72,True,True,False,0.458,0.226,0,1.0,,,1.0,0.097,,,,,,,,,,
PRPHA-Cluster_0_yearly_False_window_6_lags_3_sinusoidal_no_linear,False,6,linear_lags_3_sinusoidal_no,0.255,0.033,344.071,347.477,False,False,False,0.518,0.162,0,1.0,,,,,1.0,0.031,,,,,,,,
PRPHA-Cluster_0_yearly_False_window_6_lags_4_sinusoidal_no_linear,False,6,linear_lags_4_sinusoidal_no,0.225,0.116,324.895,328.168,True,True,False,0.726,0.141,0,1.0,,,,,,,1.0,0.03,,,,,,
PRPHA-Cluster_0_yearly_False_window_6_lags_5_sinusoidal_no_linear,False,6,linear_lags_5_sinusoidal_no,0.561,0.001,297.451,300.584,True,True,False,0.87,0.286,0,1.0,,,,,,,,,1.0,0.0,,,,
PRPHA-Cluster_0_yearly_False_window_6_lags_none_sinusoidal_yes_linear,False,6,linear_lags_none_sinusoidal_yes,0.219,0.229,385.173,390.206,True,True,False,0.482,0.063,0,1.0,,,,,,,,,,,1.0,1.0,0.259,0.122
PRPHA-Cluster_0_yearly_False_window_6_lags_1_sinusoidal_yes_linear,False,6,linear_lags_1_sinusoidal_yes,0.434,0.01,366.074,372.168,False,True,False,0.728,0.282,0,1.0,1.0,0.122,,,,,,,,,1.0,1.0,0.097,0.148
PRPHA-Cluster_0_yearly_False_window_6_lags_2_sinusoidal_yes_linear,False,6,linear_lags_2_sinusoidal_yes,0.436,0.012,353.503,359.393,True,False,False,0.514,-0.222,0,1.0,,,1.0,0.093,,,,,,,1.0,1.0,0.164,0.1
PRPHA-Cluster_0_yearly_False_window_6_lags_3_sinusoidal_yes_linear,False,6,linear_lags_3_sinusoidal_yes,0.388,0.054,343.539,349.216,False,False,False,0.625,-0.612,0,1.0,,,,,1.0,0.037,,,,,1.0,1.0,0.28,0.123
PRPHA-Cluster_0_yearly_False_window_6_lags_4_sinusoidal_yes_linear,False,6,linear_lags_4_sinusoidal_yes,0.483,0.219,320.008,325.463,True,True,False,0.977,0.164,0,1.0,,,,,,,1.0,0.04,,,1.0,1.0,0.387,0.014
PRPHA-Cluster_0_yearly_False_window_6_lags_5_sinusoidal_yes_linear,False,6,linear_lags_5_sinusoidal_yes,0.713,0.006,292.52,297.743,True,True,False,1.206,0.218,0,1.0,,,,,,,,,1.0,0.001,1.0,1.0,0.671,0.011
PRPHA-Cluster_0_yearly_True_window_6_lags_none_sinusoidal_no_linear,True,6,linear_lags_none_sinusoidal_no,0.149,0.057,374.643,377.081,True,True,False,0.456,-0.079,0,1.0,,,,,,,,,,,,,,
PRPHA-Cluster_0_yearly_True_window_6_lags_1_sinusoidal_no_linear,True,6,linear_lags_1_sinusoidal_no,0.407,0.001,354.91,358.444,True,True,False,0.532,0.323,0,1.0,1.0,0.052,,,,,,,,,,,,
PRPHA-Cluster_0_yearly_True_window_6_lags_2_sinusoidal_no_linear,True,6,linear_lags_2_sinusoidal_no,0.413,0.002,341.618,345.024,True,True,False,0.492,0.242,0,1.0,,,1.0,0.038,,,,,,,,,,
PRPHA-Cluster_0_yearly_True_window_6_lags_3_sinusoidal_no_linear,True,6,linear_lags_3_sinusoidal_no,0.413,0.003,329.116,332.389,True,True,False,0.58,0.31,0,1.0,,,,,1.0,0.005,,,,,,,,
PRPHA-Cluster_0_yearly_True_window_6_lags_4_sinusoidal_no_linear,True,6,linear_lags_4_sinusoidal_no,0.381,0.011,310.928,314.061,True,True,False,0.803,0.123,0,1.0,,,,,,,1.0,0.004,,,,,,
PRPHA-Cluster_0_yearly_True_window_6_lags_5_sinusoidal_no_linear,True,6,linear_lags_5_sinusoidal_no,0.684,0.0,281.983,284.97,True,True,True,1.64,0.435,0,1.0,,,,,,,,,1.0,0.0,,,,
PRPHA-Cluster_0_yearly_True_window_6_lags_none_sinusoidal_yes_linear,True,6,linear_lags_none_sinusoidal_yes,0.256,0.061,375.286,380.161,True,True,False,0.466,-0.169,0,1.0,,,,,,,,,,,1.0,1.0,0.458,0.133
PRPHA-Cluster_0_yearly_True_window_6_lags_1_sinusoidal_yes_linear,True,6,linear_lags_1_sinusoidal_yes,0.54,0.001,352.782,358.672,True,True,False,0.765,0.256,0,1.0,1.0,0.039,,,,,,,,,1.0,1.0,0.16,0.081
PRPHA-Cluster_0_yearly_True_window_6_lags_2_sinusoidal_yes_linear,True,6,linear_lags_2_sinusoidal_yes,0.545,0.001,339.768,345.446,True,False,False,0.593,-0.427,0,1.0,,,1.0,0.029,,,,,,,1.0,1.0,0.307,0.058
PRPHA-Cluster_0_yearly_True_window_6_lags_3_sinusoidal_yes_linear,True,6,linear_lags_3_sinusoidal_yes,0.522,0.004,328.595,334.05,True,False,False,0.741,0.053,0,1.0,,,,,1.0,0.005,,,,,1.0,1.0,0.425,0.093
PRPHA-Cluster_0_yearly_True_window_6_lags_4_sinusoidal_yes_linear,True,6,linear_lags_4_sinusoidal_yes,0.596,0.01,305.969,311.192,False,True,False,1.12,-0.148,0,1.0,,,,,,,1.0,0.003,,,1.0,1.0,0.524,0.012
PRPHA-Cluster_0_yearly_True_window_6_lags_5_sinusoidal_yes_linear,True,6,linear_lags_5_sinusoidal_yes,0.778,0.0,278.915,283.893,True,True,True,2.086,-0.134,0,1.0,,,,,,,,,1.0,0.0,1.0,1.0,0.917,0.024
PRPHA-Cluster_0_yearly_False_window_7_lags_none_sinusoidal_no_linear,False,7,linear_lags_none_sinusoidal_no,0.09,0.138,388.726,391.243,False,True,False,0.623,-0.049,0,1.0,,,,,,,,,,,,,,
PRPHA-Cluster_0_yearly_False_window_7_lags_1_sinusoidal_no_linear,False,7,linear_lags_1_sinusoidal_no,0.24,0.055,373.04,376.696,True,True,False,0.801,0.154,0,1.0,1.0,0.076,,,,,,,,,,,,
PRPHA-Cluster_0_yearly_False_window_7_lags_2_sinusoidal_no_linear,False,7,linear_lags_2_sinusoidal_no,0.272,0.022,359.565,363.099,True,True,False,0.713,0.065,0,1.0,,,1.0,0.046,,,,,,,,,,
PRPHA-Cluster_0_yearly_False_window_7_lags_3_sinusoidal_no_linear,False,7,linear_lags_3_sinusoidal_no,0.348,0.021,343.041,346.448,True,True,False,0.674,0.185,0,1.0,,,,,1.0,0.006,,,,,,,,
PRPHA-Cluster_0_yearly_False_window_7_lags_4_sinusoidal_no_linear,False,7,linear_lags_4_sinusoidal_no,0.374,0.033,324.023,327.296,False,True,False,0.974,0.238,0,1.0,,,,,,,1.0,0.003,,,,,,
PRPHA-Cluster_0_yearly_False_window_7_lags_5_sinusoidal_no_linear,False,7,linear_lags_5_sinusoidal_no,0.554,0.001,300.216,303.349,True,True,True,1.701,0.362,0,1.0,,,,,,,,,1.0,0.0,,,,
PRPHA-Cluster_0_yearly_False_window_7_lags_none_sinusoidal_yes_linear,False,7,linear_lags_none_sinusoidal_yes,0.137,0.181,391.327,396.36,True,False,False,0.606,-0.201,0,1.0,,,,,,,,,,,1.0,1.0,0.632,0.332
PRPHA-Cluster_0_yearly_False_window_7_lags_1_sinusoidal_yes_linear,False,7,linear_lags_1_sinusoidal_yes,0.28,0.106,375.68,381.774,True,False,False,0.867,0.093,0,1.0,1.0,0.087,,,,,,,,,1.0,1.0,0.611,0.36
PRPHA-Cluster_0_yearly_False_window_7_lags_2_sinusoidal_yes_linear,False,7,linear_lags_2_sinusoidal_yes,0.318,0.047,361.992,367.883,True,False,False,0.767,-0.408,0,1.0,,,1.0,0.061,,,,,,,1.0,1.0,0.603,0.322
PRPHA-Cluster_0_yearly_False_window_7_lags_3_sinusoidal_yes_linear,False,7,linear_lags_3_sinusoidal_yes,0.449,0.038,343.186,348.863,True,False,False,0.751,-0.895,0,1.0,,,,,1.0,0.007,,,,,1.0,1.0,0.508,0.11
PRPHA-Cluster_0_yearly_False_window_7_lags_4_sinusoidal_yes_linear,False,7,linear_lags_4_sinusoidal_yes,0.592,0.042,318.624,324.08,True,False,False,1.178,0.377,0,1.0,,,,,,,1.0,0.002,,,1.0,1.0,0.844,0.008
PRPHA-Cluster_0_yearly_False_window_7_lags_5_sinusoidal_yes_linear,False,7,linear_lags_5_sinusoidal_yes,0.654,0.005,298.889,304.112,True,True,True,1.984,-0.193,0,1.0,,,,,,,,,1.0,0.0,1.0,1.0,0.967,0.047
PRPHA-Cluster_0_yearly_True_window_7_lags_none_sinusoidal_no_linear,True,7,linear_lags_none_sinusoidal_no,0.153,0.053,376.175,378.612,False,False,False,0.604,0.129,0,1.0,,,,,,,,,,,,,,
PRPHA-Cluster_0_yearly_True_window_7_lags_1_sinusoidal_no_linear,True,7,linear_lags_1_sinusoidal_no,0.367,0.011,357.859,361.393,True,True,False,0.778,0.132,0,1.0,1.0,0.027,,,,,,,,,,,,
PRPHA-Cluster_0_yearly_True_window_7_lags_2_sinusoidal_no_linear,True,7,linear_lags_2_sinusoidal_no,0.409,0.003,343.643,347.05,True,True,False,0.612,0.307,0,1.0,,,1.0,0.013,,,,,,,,,,
PRPHA-Cluster_0_yearly_True_window_7_lags_3_sinusoidal_no_linear,True,7,linear_lags_3_sinusoidal_no,0.405,0.006,329.736,333.009,True,True,False,0.735,0.085,0,1.0,,,,,1.0,0.004,,,,,,,,
PRPHA-Cluster_0_yearly_True_window_7_lags_4_sinusoidal_no_linear,True,7,linear_lags_4_sinusoidal_no,0.385,0.014,312.308,315.442,True,True,False,0.814,0.111,0,1.0,,,,,,,1.0,0.004,,,,,,
PRPHA-Cluster_0_yearly_True_window_7_lags_5_sinusoidal_no_linear,True,7,linear_lags_5_sinusoidal_no,0.509,0.001,290.597,293.584,True,True,True,1.941,0.026,0,1.0,,,,,,,,,1.0,0.001,,,,
PRPHA-Cluster_0_yearly_True_window_7_lags_none_sinusoidal_yes_linear,True,7,linear_lags_none_sinusoidal_yes,0.238,0.057,377.513,382.389,True,True,False,0.614,0.114,0,1.0,,,,,,,,,,,1.0,1.0,0.458,0.199
PRPHA-Cluster_0_yearly_True_window_7_lags_1_sinusoidal_yes_linear,True,7,linear_lags_1_sinusoidal_yes,0.445,0.018,358.678,364.568,True,True,False,0.892,0.111,0,1.0,1.0,0.027,,,,,,,,,1.0,1.0,0.442,0.165
PRPHA-Cluster_0_yearly_True_window_7_lags_2_sinusoidal_yes_linear,True,7,linear_lags_2_sinusoidal_yes,0.491,0.005,344.217,349.895,True,False,False,0.692,0.027,0,1.0,,,1.0,0.015,,,,,,,1.0,1.0,0.465,0.142
PRPHA-Cluster_0_yearly_True_window_7_lags_3_sinusoidal_yes_linear,True,7,linear_lags_3_sinusoidal_yes,0.537,0.006,328.209,333.664,True,False,False,0.907,-0.46,0,1.0,,,,,1.0,0.003,,,,,1.0,1.0,0.34,0.065
PRPHA-Cluster_0_yearly_True_window_7_lags_4_sinusoidal_yes_linear,True,7,linear_lags_4_sinusoidal_yes,0.666,0.004,303.499,308.722,True,False,False,1.125,0.321,0,1.0,,,,,,,1.0,0.001,,,1.0,1.0,0.435,0.003
PRPHA-Cluster_0_yearly_True_window_7_lags_5_sinusoidal_yes_linear,True,7,linear_lags_5_sinusoidal_yes,0.667,0.002,286.825,291.804,True,True,False,2.508,0.092,0,1.0,,,,,,,,,1.0,0.001,1.0,1.0,0.606,0.019
PRPHA-Cluster_0_yearly_False_window_8_lags_none_sinusoidal_no_linear,False,8,linear_lags_none_sinusoidal_no,0.085,0.149,386.501,389.017,False,True,False,0.336,-0.131,0,1.0,,,,,,,,,,,,,,
PRPHA-Cluster_0_yearly_False_window_8_lags_1_sinusoidal_no_linear,False,8,linear_lags_1_sinusoidal_no,0.297,0.059,368.879,372.536,True,True,False,0.591,0.123,0,1.0,1.0,0.03,,,,,,,,,,,,
PRPHA-Cluster_0_yearly_False_window_8_lags_2_sinusoidal_no_linear,False,8,linear_lags_2_sinusoidal_no,0.417,0.015,352.196,355.73,True,True,False,0.519,0.33,0,1.0,,,1.0,0.004,,,,,,,,,,
PRPHA-Cluster_0_yearly_False_window_8_lags_3_sinusoidal_no_linear,False,8,linear_lags_3_sinusoidal_no,0.562,0.02,332.0,335.406,True,True,False,0.484,0.528,0,1.0,,,,,1.0,0.0,,,,,,,,
PRPHA-Cluster_0_yearly_False_window_8_lags_4_sinusoidal_no_linear,False,8,linear_lags_4_sinusoidal_no,0.509,0.076,316.488,319.761,True,True,False,0.712,0.129,0,1.0,,,,,,,1.0,0.001,,,,,,
PRPHA-Cluster_0_yearly_False_window_8_lags_5_sinusoidal_no_linear,False,8,linear_lags_5_sinusoidal_no,0.637,0.003,293.482,296.615,True,True,False,1.138,0.37,0,1.0,,,,,,,,,1.0,0.0,,,,
PRPHA-Cluster_0_yearly_False_window_8_lags_none_sinusoidal_yes_linear,False,8,linear_lags_none_sinusoidal_yes,0.104,0.15,389.954,394.987,False,False,False,0.336,-0.217,0,1.0,,,,,,,,,,,1.0,1.0,0.854,0.515
PRPHA-Cluster_0_yearly_False_window_8_lags_1_sinusoidal_yes_linear,False,8,linear_lags_1_sinusoidal_yes,0.307,0.067,372.503,378.598,True,False,False,0.58,-0.221,0,1.0,1.0,0.037,,,,,,,,,1.0,1.0,0.68,0.728
PRPHA-Cluster_0_yearly_False_window_8_lags_2_sinusoidal_yes_linear,False,8,linear_lags_2_sinusoidal_yes,0.432,0.026,355.6,361.49,True,False,False,0.569,0.198,0,1.0,,,1.0,0.006,,,,,,,1.0,1.0,0.885,0.51
PRPHA-Cluster_0_yearly_False_window_8_lags_3_sinusoidal_yes_linear,False,8,linear_lags_3_sinusoidal_yes,0.644,0.026,331.218,336.896,True,False,False,0.654,0.258,0,1.0,,,,,1.0,0.0,,,,,1.0,1.0,0.847,0.057
PRPHA-Cluster_0_yearly_False_window_8_lags_4_sinusoidal_yes_linear,False,8,linear_lags_4_sinusoidal_yes,0.654,0.048,312.794,318.249,False,True,False,1.039,0.273,0,1.0,,,,,,,1.0,0.0,,,1.0,1.0,0.385,0.022
PRPHA-Cluster_0_yearly_False_window_8_lags_5_sinusoidal_yes_linear,False,8,linear_lags_5_sinusoidal_yes,0.734,0.003,290.948,296.17,True,True,False,1.496,0.314,0,1.0,,,,,,,,,1.0,0.0,1.0,1.0,0.386,0.04
PRPHA-Cluster_0_yearly_True_window_8_lags_none_sinusoidal_no_linear,True,8,linear_lags_none_sinusoidal_no,0.15,0.055,372.279,374.717,False,True,False,0.344,-0.155,0,1.0,,,,,,,,,,,,,,
PRPHA-Cluster_0_yearly_True_window_8_lags_1_sinusoidal_no_linear,True,8,linear_lags_1_sinusoidal_no,0.444,0.011,351.032,354.566,True,True,False,0.527,0.394,0,1.0,1.0,0.007,,,,,,,,,,,,
PRPHA-Cluster_0_yearly_True_window_8_lags_2_sinusoidal_no_linear,True,8,linear_lags_2_sinusoidal_no,0.518,0.002,335.582,338.989,True,True,False,0.409,0.399,0,1.0,,,1.0,0.002,,,,,,,,,,
PRPHA-Cluster_0_yearly_True_window_8_lags_3_sinusoidal_no_linear,True,8,linear_lags_3_sinusoidal_no,0.577,0.006,318.977,322.25,True,True,False,0.474,0.338,0,1.0,,,,,1.0,0.0,,,,,,,,
PRPHA-Cluster_0_yearly_True_window_8_lags_4_sinusoidal_no_linear,True,8,linear_lags_4_sinusoidal_no,0.477,0.055,305.14,308.274,True,True,False,0.542,0.162,0,1.0,,,,,,,1.0,0.001,,,,,,
PRPHA-Cluster_0_yearly_True_window_8_lags_5_sinusoidal_no_linear,True,8,linear_lags_5_sinusoidal_no,0.632,0.001,280.642,283.629,True,True,False,1.307,0.301,0,1.0,,,,,,,,,1.0,0.0,,,,
PRPHA-Cluster_0_yearly_True_window_8_lags_none_sinusoidal_yes_linear,True,8,linear_lags_none_sinusoidal_yes,0.188,0.049,375.131,380.007,True,False,False,0.334,-0.223,0,1.0,,,,,,,,,,,1.0,1.0,0.94,0.332
PRPHA-Cluster_0_yearly_True_window_8_lags_1_sinusoidal_yes_linear,True,8,linear_lags_1_sinusoidal_yes,0.463,0.012,354.195,360.085,True,False,False,0.493,0.414,0,1.0,1.0,0.01,,,,,,,,,1.0,1.0,0.559,0.566
PRPHA-Cluster_0_yearly_True_window_8_lags_2_sinusoidal_yes_linear,True,8,linear_lags_2_sinusoidal_yes,0.538,0.003,338.573,344.25,True,False,False,0.451,0.153,0,1.0,,,1.0,0.003,,,,,,,1.0,1.0,0.811,0.397
PRPHA-Cluster_0_yearly_True_window_8_lags_3_sinusoidal_yes_linear,True,8,linear_lags_3_sinusoidal_yes,0.671,0.003,317.414,322.869,False,True,False,0.596,0.18,0,1.0,,,,,1.0,0.0,,,,,1.0,1.0,0.698,0.044
PRPHA-Cluster_0_yearly_True_window_8_lags_4_sinusoidal_yes_linear,True,8,linear_lags_4_sinusoidal_yes,0.679,0.007,298.932,304.155,False,True,False,0.745,0.492,0,1.0,,,,,,,1.0,0.0,,,1.0,1.0,0.51,0.007
PRPHA-Cluster_0_yearly_True_window_8_lags_5_sinusoidal_yes_linear,True,8,linear_lags_5_sinusoidal_yes,0.804,0.0,272.013,276.991,True,True,True,1.929,0.459,0,1.0,,,,,,,,,1.0,0.0,1.0,1.0,0.283,0.003
PRPHA-Cluster_0_yearly_False_window_9_lags_none_sinusoidal_no_linear,False,9,linear_lags_none_sinusoidal_no,0.114,0.092,384.975,387.491,False,False,False,0.317,0.008,0,1.0,,,,,,,,,,,,,,
PRPHA-Cluster_0_yearly_False_window_9_lags_1_sinusoidal_no_linear,False,9,linear_lags_1_sinusoidal_no,0.256,0.074,368.53,372.186,True,True,False,0.673,0.155,0,1.0,1.0,0.036,,,,,,,,,,,,
PRPHA-Cluster_0_yearly_False_window_9_lags_2_sinusoidal_no_linear,False,9,linear_lags_2_sinusoidal_no,0.397,0.014,350.34,353.874,True,True,False,0.588,-0.015,0,1.0,,,1.0,0.003,,,,,,,,,,
PRPHA-Cluster_0_yearly_False_window_9_lags_3_sinusoidal_no_linear,False,9,linear_lags_3_sinusoidal_no,0.553,0.02,328.873,332.279,True,True,False,0.578,0.386,0,1.0,,,,,1.0,0.0,,,,,,,,
PRPHA-Cluster_0_yearly_False_window_9_lags_4_sinusoidal_no_linear,False,9,linear_lags_4_sinusoidal_no,0.485,0.112,314.886,318.159,True,True,False,0.811,-0.079,0,1.0,,,,,,,1.0,0.002,,,,,,
PRPHA-Cluster_0_yearly_False_window_9_lags_5_sinusoidal_no_linear,False,9,linear_lags_5_sinusoidal_no,0.518,0.031,297.521,300.655,True,True,False,1.217,0.313,0,1.0,,,,,,,,,1.0,0.001,,,,
PRPHA-Cluster_0_yearly_False_window_9_lags_none_sinusoidal_yes_linear,False,9,linear_lags_none_sinusoidal_yes,0.129,0.094,388.539,393.571,True,False,False,0.316,-0.169,0,1.0,,,,,,,,,,,1.0,1.0,0.817,0.571
PRPHA-Cluster_0_yearly_False_window_9_lags_1_sinusoidal_yes_linear,False,9,linear_lags_1_sinusoidal_yes,0.265,0.08,372.218,378.312,True,True,False,0.678,-0.513,0,1.0,1.0,0.043,,,,,,,,,1.0,1.0,0.656,0.824
PRPHA-Cluster_0_yearly_False_window_9_lags_2_sinusoidal_yes_linear,False,9,linear_lags_2_sinusoidal_yes,0.404,0.019,354.06,359.951,True,False,False,0.567,-0.139,0,1.0,,,1.0,0.005,,,,,,,1.0,1.0,0.671,0.852
PRPHA-Cluster_0_yearly_False_window_9_lags_3_sinusoidal_yes_linear,False,9,linear_lags_3_sinusoidal_yes,0.566,0.027,332.174,337.851,True,False,False,0.625,-0.04,0,1.0,,,,,1.0,0.0,,,,,1.0,1.0,0.906,0.472
PRPHA-Cluster_0_yearly_False_window_9_lags_4_sinusoidal_yes_linear,False,9,linear_lags_4_sinusoidal_yes,0.544,0.109,316.202,321.657,True,True,False,0.997,-0.099,0,1.0,,,,,,,1.0,0.002,,,1.0,1.0,0.931,0.156
PRPHA-Cluster_0_yearly_False_window_9_lags_5_sinusoidal_yes_linear,False,9,linear_lags_5_sinusoidal_yes,0.586,0.023,298.323,303.546,True,True,True,1.513,0.301,0,1.0,,,,,,,,,1.0,0.001,1.0,1.0,0.749,0.131
PRPHA-Cluster_0_yearly_True_window_9_lags_none_sinusoidal_no_linear,True,9,linear_lags_none_sinusoidal_no,0.16,0.048,374.229,376.667,True,False,False,0.428,0.144,0,1.0,,,,,,,,,,,,,,
PRPHA-Cluster_0_yearly_True_window_9_lags_1_sinusoidal_no_linear,True,9,linear_lags_1_sinusoidal_no,0.42,0.013,352.966,356.5,True,True,False,0.589,0.36,0,1.0,1.0,0.004,,,,,,,,,,,,
PRPHA-Cluster_0_yearly_True_window_9_lags_2_sinusoidal_no_linear,True,9,linear_lags_2_sinusoidal_no,0.487,0.003,336.829,340.236,True,True,False,0.568,0.099,0,1.0,,,1.0,0.001,,,,,,,,,,
PRPHA-Cluster_0_yearly_True_window_9_lags_3_sinusoidal_no_linear,True,9,linear_lags_3_sinusoidal_no,0.527,0.014,320.34,323.613,True,True,False,0.722,0.254,0,1.0,,,,,1.0,0.0,,,,,,,,
PRPHA-Cluster_0_yearly_True_window_9_lags_4_sinusoidal_no_linear,True,9,linear_lags_4_sinusoidal_no,0.434,0.13,306.836,309.97,True,True,False,0.781,0.24,0,1.0,,,,,,,1.0,0.007,,,,,,
PRPHA-Cluster_0_yearly_True_window_9_lags_5_sinusoidal_no_linear,True,9,linear_lags_5_sinusoidal_no,0.519,0.005,283.054,286.042,True,True,True,1.577,0.13,0,1.0,,,,,,,,,1.0,0.001,,,,
PRPHA-Cluster_0_yearly_True_window_9_lags_none_sinusoidal_yes_linear,True,9,linear_lags_none_sinusoidal_yes,0.191,0.042,377.282,382.158,True,False,False,0.432,-0.005,0,1.0,,,,,,,,,,,1.0,1.0,0.783,0.387
PRPHA-Cluster_0_yearly_True_window_9_lags_1_sinusoidal_yes_linear,True,9,linear_lags_1_sinusoidal_yes,0.454,0.01,355.514,361.404,True,True,False,0.621,0.359,0,1.0,1.0,0.004,,,,,,,,,1.0,1.0,0.309,0.693
PRPHA-Cluster_0_yearly_True_window_9_lags_2_sinusoidal_yes_linear,True,9,linear_lags_2_sinusoidal_yes,0.508,0.003,339.846,345.524,True,False,False,0.535,-0.243,0,1.0,,,1.0,0.002,,,,,,,1.0,1.0,0.413,0.746
PRPHA-Cluster_0_yearly_True_window_9_lags_3_sinusoidal_yes_linear,True,9,linear_lags_3_sinusoidal_yes,0.546,0.016,323.46,328.915,True,True,False,0.758,0.204,0,1.0,,,,,1.0,0.0,,,,,1.0,1.0,0.9,0.424
PRPHA-Cluster_0_yearly_True_window_9_lags_4_sinusoidal_yes_linear,True,9,linear_lags_4_sinusoidal_yes,0.521,0.06,307.335,312.558,True,True,False,0.98,-0.189,0,1.0,,,,,,,1.0,0.004,,,1.0,1.0,0.97,0.108
PRPHA-Cluster_0_yearly_True_window_9_lags_5_sinusoidal_yes_linear,True,9,linear_lags_5_sinusoidal_yes,0.701,0.0,277.586,282.565,True,True,False,2.578,0.273,0,1.0,,,,,,,,,1.0,0.0,1.0,1.0,0.879,0.009
PRPHA-Cluster_0_yearly_False_window_10_lags_none_sinusoidal_no_linear,False,10,linear_lags_none_sinusoidal_no,0.107,0.104,384.559,387.075,False,False,False,0.289,0.044,0,1.0,,,,,,,,,,,,,,
PRPHA-Cluster_0_yearly_False_window_10_lags_1_sinusoidal_no_linear,False,10,linear_lags_1_sinusoidal_no,0.424,0.061,361.494,365.151,True,True,False,0.721,0.301,0,1.0,1.0,0.001,,,,,,,,,,,,
PRPHA-Cluster_0_yearly_False_window_10_lags_2_sinusoidal_no_linear,False,10,linear_lags_2_sinusoidal_no,0.712,0.001,332.039,335.573,True,True,False,1.005,0.619,0,1.0,,,1.0,0.0,,,,,,,,,,
PRPHA-Cluster_0_yearly_False_window_10_lags_3_sinusoidal_no_linear,False,10,linear_lags_3_sinusoidal_no,0.761,0.008,313.891,317.298,True,True,False,1.081,0.609,0,1.0,,,,,1.0,0.0,,,,,,,,
PRPHA-Cluster_0_yearly_False_window_10_lags_4_sinusoidal_no_linear,False,10,linear_lags_4_sinusoidal_no,0.759,0.056,296.422,299.695,True,True,False,1.298,0.702,0,1.0,,,,,,,1.0,0.0,,,,,,
PRPHA-Cluster_0_yearly_False_window_10_lags_5_sinusoidal_no_linear,False,10,linear_lags_5_sinusoidal_no,0.674,0.05,287.027,290.16,True,True,False,1.399,0.656,0,1.0,,,,,,,,,1.0,0.0,,,,
PRPHA-Cluster_0_yearly_False_window_10_lags_none_sinusoidal_yes_linear,False,10,linear_lags_none_sinusoidal_yes,0.131,0.086,387.831,392.863,False,False,False,0.328,-0.05,0,1.0,,,,,,,,,,,1.0,1.0,0.438,0.927
PRPHA-Cluster_0_yearly_False_window_10_lags_1_sinusoidal_yes_linear,False,10,linear_lags_1_sinusoidal_yes,0.475,0.041,363.178,369.272,True,True,False,0.879,0.131,0,1.0,1.0,0.001,,,,,,,,,1.0,1.0,0.292,0.414
PRPHA-Cluster_0_yearly_False_window_10_lags_2_sinusoidal_yes_linear,False,10,linear_lags_2_sinusoidal_yes,0.751,0.001,332.532,338.422,False,True,False,1.014,0.687,0,1.0,,,1.0,0.0,,,,,,,1.0,1.0,0.308,0.188
PRPHA-Cluster_0_yearly_False_window_10_lags_3_sinusoidal_yes_linear,False,10,linear_lags_3_sinusoidal_yes,0.766,0.014,317.383,323.06,True,True,False,1.045,0.536,0,1.0,,,,,1.0,0.0,,,,,1.0,1.0,0.939,0.538
PRPHA-Cluster_0_yearly_False_window_10_lags_4_sinusoidal_yes_linear,False,10,linear_lags_4_sinusoidal_yes,0.769,0.067,299.439,304.894,True,True,False,1.38,0.706,0,1.0,,,,,,,1.0,0.0,,,1.0,1.0,0.872,0.401
PRPHA-Cluster_0_yearly_False_window_10_lags_5_sinusoidal_yes_linear,False,10,linear_lags_5_sinusoidal_yes,0.697,0.037,289.51,294.733,True,True,True,1.595,0.351,0,1.0,,,,,,,,,1.0,0.0,1.0,1.0,0.55,0.363
PRPHA-Cluster_0_yearly_True_window_10_lags_none_sinusoidal_no_linear,True,10,linear_lags_none_sinusoidal_no,0.212,0.02,369.169,371.607,False,False,False,0.295,0.192,0,1.0,,,,,,,,,,,,,,
PRPHA-Cluster_0_yearly_True_window_10_lags_1_sinusoidal_no_linear,True,10,linear_lags_1_sinusoidal_no,0.462,0.007,347.815,351.349,True,True,False,0.695,0.391,0,1.0,1.0,0.003,,,,,,,,,,,,
PRPHA-Cluster_0_yearly_True_window_10_lags_2_sinusoidal_no_linear,True,10,linear_lags_2_sinusoidal_no,0.679,0.0,322.893,326.299,True,True,False,0.912,0.509,0,1.0,,,1.0,0.0,,,,,,,,,,
PRPHA-Cluster_0_yearly_True_window_10_lags_3_sinusoidal_no_linear,True,10,linear_lags_3_sinusoidal_no,0.677,0.004,308.768,312.041,True,True,False,0.978,0.499,0,1.0,,,,,1.0,0.0,,,,,,,,
PRPHA-Cluster_0_yearly_True_window_10_lags_4_sinusoidal_no_linear,True,10,linear_lags_4_sinusoidal_no,0.693,0.025,290.283,293.417,True,True,False,1.169,0.647,0,1.0,,,,,,,1.0,0.0,,,,,,
PRPHA-Cluster_0_yearly_True_window_10_lags_5_sinusoidal_no_linear,True,10,linear_lags_5_sinusoidal_no,0.631,0.001,271.968,274.956,True,True,True,1.675,0.276,0,1.0,,,,,,,,,1.0,0.0,,,,
PRPHA-Cluster_0_yearly_True_window_10_lags_none_sinusoidal_yes_linear,True,10,linear_lags_none_sinusoidal_yes,0.253,0.016,371.848,376.724,True,False,False,0.329,0.086,0,1.0,,,,,,,,,,,1.0,1.0,0.326,0.602
PRPHA-Cluster_0_yearly_True_window_10_lags_1_sinusoidal_yes_linear,True,10,linear_lags_1_sinusoidal_yes,0.531,0.005,348.521,354.411,True,True,False,0.845,0.505,0,1.0,1.0,0.002,,,,,,,,,1.0,1.0,0.155,0.577
PRPHA-Cluster_0_yearly_True_window_10_lags_2_sinusoidal_yes_linear,True,10,linear_lags_2_sinusoidal_yes,0.719,0.0,323.902,329.579,True,True,False,0.887,0.464,0,1.0,,,1.0,0.0,,,,,,,1.0,1.0,0.251,0.362
PRPHA-Cluster_0_yearly_True_window_10_lags_3_sinusoidal_yes_linear,True,10,linear_lags_3_sinusoidal_yes,0.679,0.014,312.644,318.099,True,True,False,0.966,0.39,0,1.0,,,,,1.0,0.0,,,,,1.0,1.0,0.985,0.763
PRPHA-Cluster_0_yearly_True_window_10_lags_4_sinusoidal_yes_linear,True,10,linear_lags_4_sinusoidal_yes,0.717,0.022,292.595,297.817,True,True,False,1.323,0.362,0,1.0,,,,,,,1.0,0.0,,,1.0,1.0,0.912,0.264
PRPHA-Cluster_0_yearly_True_window_10_lags_5_sinusoidal_yes_linear,True,10,linear_lags_5_sinusoidal_yes,0.76,0.0,267.35,272.329,True,True,False,2.82,0.133,0,1.0,,,,,,,,,1.0,0.0,1.0,1.0,0.372,0.013
