analysis_name,yearly_aggregate,window_size,config_type,r_squared,p_value,aic,bic,is_normal,is_homoscedastic,no_autocorrelation,durbin_watson,cv_r2_score,cv_r2_std,vif_PPT,vif_ortho_PPT_lag1,p_value_lag1,vif_ortho_PPT_lag2,p_value_lag2,vif_ortho_PPT_lag3,p_value_lag3,vif_ortho_PPT_lag4,p_value_lag4,vif_ortho_PPT_lag5,p_value_lag5,vif_ortho_sin_cycle,vif_ortho_cos_cycle,p_value_sin,p_value_cos
PRPHA-Cluster_2_yearly_False_window_1_lags_none_sinusoidal_no_linear,False,1,linear_lags_none_sinusoidal_no,0.018,0.457,560.444,563.437,True,True,False,1.169,-0.147,0,1.0,,,,,,,,,,,,,,
PRPHA-Cluster_2_yearly_False_window_1_lags_1_sinusoidal_no_linear,False,1,linear_lags_1_sinusoidal_no,0.027,0.375,546.241,550.638,True,True,False,1.166,-0.56,0,1.0,1.0,0.625,,,,,,,,,,,,
PRPHA-Cluster_2_yearly_False_window_1_lags_2_sinusoidal_no_linear,False,1,linear_lags_2_sinusoidal_no,0.027,0.386,529.813,534.115,True,True,False,1.088,-0.101,0,1.0,,,1.0,0.559,,,,,,,,,,
PRPHA-Cluster_2_yearly_False_window_1_lags_3_sinusoidal_no_linear,False,1,linear_lags_3_sinusoidal_no,0.108,0.54,511.22,515.424,True,True,False,0.981,-0.244,0,1.0,,,,,1.0,0.11,,,,,,,,
PRPHA-Cluster_2_yearly_False_window_1_lags_4_sinusoidal_no_linear,False,1,linear_lags_4_sinusoidal_no,0.056,0.858,496.5,500.601,True,True,False,1.35,-0.448,0,1.0,,,,,,,1.0,0.382,,,,,,
PRPHA-Cluster_2_yearly_False_window_1_lags_5_sinusoidal_no_linear,False,1,linear_lags_5_sinusoidal_no,0.101,0.558,478.404,482.4,True,True,False,1.369,-0.279,0,1.0,,,,,,,,,1.0,0.188,,,,
PRPHA-Cluster_2_yearly_False_window_1_lags_none_sinusoidal_yes_linear,False,1,linear_lags_none_sinusoidal_yes,0.181,0.489,558.468,564.454,True,True,False,1.38,-0.293,0,1.0,,,,,,,,,,,1.0,1.0,0.509,0.03
PRPHA-Cluster_2_yearly_False_window_1_lags_1_sinusoidal_yes_linear,False,1,linear_lags_1_sinusoidal_yes,0.21,0.309,543.575,550.903,True,False,False,1.498,-0.098,0,1.0,1.0,0.551,,,,,,,,,1.0,1.0,0.627,0.023
PRPHA-Cluster_2_yearly_False_window_1_lags_2_sinusoidal_yes_linear,False,1,linear_lags_2_sinusoidal_yes,0.273,0.215,524.765,531.935,True,True,False,1.322,0.01,0,1.0,,,1.0,0.375,,,,,,,1.0,1.0,0.52,0.009
PRPHA-Cluster_2_yearly_False_window_1_lags_3_sinusoidal_yes_linear,False,1,linear_lags_3_sinusoidal_yes,0.243,0.759,510.332,517.338,True,True,False,1.27,-0.463,0,1.0,,,,,1.0,0.163,,,,,1.0,1.0,0.387,0.078
PRPHA-Cluster_2_yearly_False_window_1_lags_4_sinusoidal_yes_linear,False,1,linear_lags_4_sinusoidal_yes,0.221,0.697,494.912,501.749,True,True,False,1.45,-1.742,0,1.0,,,,,,,1.0,0.662,,,1.0,1.0,0.343,0.053
PRPHA-Cluster_2_yearly_False_window_1_lags_5_sinusoidal_yes_linear,False,1,linear_lags_5_sinusoidal_yes,0.226,0.846,478.216,484.877,True,True,True,1.513,-0.104,0,1.0,,,,,,,,,1.0,0.317,1.0,1.0,0.481,0.083
PRPHA-Cluster_2_yearly_True_window_1_lags_none_sinusoidal_no_linear,True,1,linear_lags_none_sinusoidal_no,0.009,0.62,485.854,488.589,True,True,False,0.565,-0.107,0,1.0,,,,,,,,,,,,,,
PRPHA-Cluster_2_yearly_True_window_1_lags_1_sinusoidal_no_linear,True,1,linear_lags_1_sinusoidal_no,0.015,0.796,472.032,476.029,True,True,False,0.518,-0.224,0,1.0,1.0,0.739,,,,,,,,,,,,
PRPHA-Cluster_2_yearly_True_window_1_lags_2_sinusoidal_no_linear,True,1,linear_lags_2_sinusoidal_no,0.008,0.868,455.892,459.779,True,True,False,0.562,-0.056,0,1.0,,,1.0,0.843,,,,,,,,,,
PRPHA-Cluster_2_yearly_True_window_1_lags_3_sinusoidal_no_linear,True,1,linear_lags_3_sinusoidal_no,0.114,0.404,437.228,441.002,False,True,False,0.442,-0.812,0,1.0,,,,,1.0,0.114,,,,,,,,
PRPHA-Cluster_2_yearly_True_window_1_lags_4_sinusoidal_no_linear,True,1,linear_lags_4_sinusoidal_no,0.055,0.71,422.574,426.231,True,True,False,0.722,-0.823,0,1.0,,,,,,,1.0,0.363,,,,,,
PRPHA-Cluster_2_yearly_True_window_1_lags_5_sinusoidal_no_linear,True,1,linear_lags_5_sinusoidal_no,0.075,0.762,405.415,408.949,True,False,False,0.591,-0.043,0,1.0,,,,,,,,,1.0,0.318,,,,
PRPHA-Cluster_2_yearly_True_window_1_lags_none_sinusoidal_yes_linear,True,1,linear_lags_none_sinusoidal_yes,0.214,0.59,483.13,488.599,True,True,False,0.737,-0.199,0,1.0,,,,,,,,,,,1.0,1.0,0.544,0.022
PRPHA-Cluster_2_yearly_True_window_1_lags_1_sinusoidal_yes_linear,True,1,linear_lags_1_sinusoidal_yes,0.223,0.622,469.399,476.06,True,True,False,0.757,0.011,0,1.0,1.0,0.835,,,,,,,,,1.0,1.0,0.589,0.027
PRPHA-Cluster_2_yearly_True_window_1_lags_2_sinusoidal_yes_linear,True,1,linear_lags_2_sinusoidal_yes,0.283,0.486,451.15,457.629,True,True,False,0.725,0.191,0,1.0,,,1.0,0.858,,,,,,,1.0,1.0,0.491,0.013
PRPHA-Cluster_2_yearly_True_window_1_lags_3_sinusoidal_yes_linear,True,1,linear_lags_3_sinusoidal_yes,0.277,0.873,435.928,442.218,True,True,False,0.699,-0.479,0,1.0,,,,,1.0,0.262,,,,,1.0,1.0,0.519,0.053
PRPHA-Cluster_2_yearly_True_window_1_lags_4_sinusoidal_yes_linear,True,1,linear_lags_4_sinusoidal_yes,0.276,0.617,419.933,426.027,True,True,False,0.74,-0.891,0,1.0,,,,,,,1.0,0.836,,,1.0,1.0,0.331,0.031
PRPHA-Cluster_2_yearly_True_window_1_lags_5_sinusoidal_yes_linear,True,1,linear_lags_5_sinusoidal_yes,0.272,0.873,403.676,409.567,True,True,False,0.784,-0.342,0,1.0,,,,,,,,,1.0,0.36,1.0,1.0,0.486,0.045
PRPHA-Cluster_2_yearly_False_window_2_lags_none_sinusoidal_no_linear,False,2,linear_lags_none_sinusoidal_no,0.017,0.463,548.716,551.709,True,True,False,0.436,-0.004,0,1.0,,,,,,,,,,,,,,
PRPHA-Cluster_2_yearly_False_window_2_lags_1_sinusoidal_no_linear,False,2,linear_lags_1_sinusoidal_no,0.04,0.311,535.084,539.481,False,True,False,0.383,-0.405,0,1.0,1.0,0.483,,,,,,,,,,,,
PRPHA-Cluster_2_yearly_False_window_2_lags_2_sinusoidal_no_linear,False,2,linear_lags_2_sinusoidal_no,0.014,0.638,519.335,523.637,False,True,False,0.431,-0.133,0,1.0,,,1.0,0.995,,,,,,,,,,
PRPHA-Cluster_2_yearly_False_window_2_lags_3_sinusoidal_no_linear,False,2,linear_lags_3_sinusoidal_no,0.072,0.655,502.273,506.476,False,True,False,0.39,-0.107,0,1.0,,,,,1.0,0.218,,,,,,,,
PRPHA-Cluster_2_yearly_False_window_2_lags_4_sinusoidal_no_linear,False,2,linear_lags_4_sinusoidal_no,0.152,0.286,483.514,487.616,True,True,False,0.496,-0.031,0,1.0,,,,,,,1.0,0.064,,,,,,
PRPHA-Cluster_2_yearly_False_window_2_lags_5_sinusoidal_no_linear,False,2,linear_lags_5_sinusoidal_no,0.143,0.496,468.021,472.017,True,True,False,0.532,0.134,0,1.0,,,,,,,,,1.0,0.124,,,,
PRPHA-Cluster_2_yearly_False_window_2_lags_none_sinusoidal_yes_linear,False,2,linear_lags_none_sinusoidal_yes,0.226,0.448,544.858,550.844,True,True,False,0.534,0.045,0,1.0,,,,,,,,,,,1.0,1.0,0.316,0.018
PRPHA-Cluster_2_yearly_False_window_2_lags_1_sinusoidal_yes_linear,False,2,linear_lags_1_sinusoidal_yes,0.3,0.141,528.979,536.308,True,True,False,0.53,0.103,0,1.0,1.0,0.335,,,,,,,,,1.0,1.0,0.454,0.006
PRPHA-Cluster_2_yearly_False_window_2_lags_2_sinusoidal_yes_linear,False,2,linear_lags_2_sinusoidal_yes,0.292,0.325,513.046,520.215,True,True,False,0.539,0.024,0,1.0,,,1.0,0.715,,,,,,,1.0,1.0,0.276,0.009
PRPHA-Cluster_2_yearly_False_window_2_lags_3_sinusoidal_yes_linear,False,2,linear_lags_3_sinusoidal_yes,0.262,0.816,499.381,506.387,True,True,False,0.554,-0.194,0,1.0,,,,,1.0,0.455,,,,,1.0,1.0,0.296,0.035
PRPHA-Cluster_2_yearly_False_window_2_lags_4_sinusoidal_yes_linear,False,2,linear_lags_4_sinusoidal_yes,0.287,0.78,482.471,489.308,True,True,False,0.566,-0.506,0,1.0,,,,,,,1.0,0.224,,,1.0,1.0,0.365,0.061
PRPHA-Cluster_2_yearly_False_window_2_lags_5_sinusoidal_yes_linear,False,2,linear_lags_5_sinusoidal_yes,0.294,0.797,466.593,473.254,True,True,False,0.599,0.27,0,1.0,,,,,,,,,1.0,0.222,1.0,1.0,0.393,0.05
PRPHA-Cluster_2_yearly_True_window_2_lags_none_sinusoidal_no_linear,True,2,linear_lags_none_sinusoidal_no,0.002,0.82,481.041,483.775,False,True,False,0.299,-0.122,0,1.0,,,,,,,,,,,,,,
PRPHA-Cluster_2_yearly_True_window_2_lags_1_sinusoidal_no_linear,True,2,linear_lags_1_sinusoidal_no,0.005,0.812,468.101,472.097,False,True,False,0.28,-0.455,0,1.0,1.0,0.868,,,,,,,,,,,,
PRPHA-Cluster_2_yearly_True_window_2_lags_2_sinusoidal_no_linear,True,2,linear_lags_2_sinusoidal_no,0.027,0.668,450.958,454.845,False,True,False,0.316,-0.147,0,1.0,,,1.0,0.431,,,,,,,,,,
PRPHA-Cluster_2_yearly_True_window_2_lags_3_sinusoidal_no_linear,True,2,linear_lags_3_sinusoidal_no,0.102,0.276,433.737,437.511,False,True,False,0.307,-0.826,0,1.0,,,,,1.0,0.123,,,,,,,,
PRPHA-Cluster_2_yearly_True_window_2_lags_4_sinusoidal_no_linear,True,2,linear_lags_4_sinusoidal_no,0.119,0.259,417.175,420.832,False,True,False,0.366,-1.152,0,1.0,,,,,,,1.0,0.109,,,,,,
PRPHA-Cluster_2_yearly_True_window_2_lags_5_sinusoidal_no_linear,True,2,linear_lags_5_sinusoidal_no,0.064,0.829,402.906,406.441,True,False,False,0.282,-0.316,0,1.0,,,,,,,,,1.0,0.387,,,,
PRPHA-Cluster_2_yearly_True_window_2_lags_none_sinusoidal_yes_linear,True,2,linear_lags_none_sinusoidal_yes,0.224,0.736,477.736,483.205,True,False,False,0.366,-0.024,0,1.0,,,,,,,,,,,1.0,1.0,0.311,0.027
PRPHA-Cluster_2_yearly_True_window_2_lags_1_sinusoidal_yes_linear,True,2,linear_lags_1_sinusoidal_yes,0.231,0.459,464.891,471.552,True,False,False,0.398,-0.119,0,1.0,1.0,0.961,,,,,,,,,1.0,1.0,0.489,0.025
PRPHA-Cluster_2_yearly_True_window_2_lags_2_sinusoidal_yes_linear,True,2,linear_lags_2_sinusoidal_yes,0.277,0.761,446.918,453.397,True,True,False,0.417,0.153,0,1.0,,,1.0,0.781,,,,,,,1.0,1.0,0.276,0.029
PRPHA-Cluster_2_yearly_True_window_2_lags_3_sinusoidal_yes_linear,True,2,linear_lags_3_sinusoidal_yes,0.274,0.985,432.178,438.468,True,False,False,0.405,-0.367,0,1.0,,,,,1.0,0.502,,,,,1.0,1.0,0.342,0.054
PRPHA-Cluster_2_yearly_True_window_2_lags_4_sinusoidal_yes_linear,True,2,linear_lags_4_sinusoidal_yes,0.288,0.79,415.853,421.948,True,True,False,0.413,-0.858,0,1.0,,,,,,,1.0,0.378,,,1.0,1.0,0.384,0.051
PRPHA-Cluster_2_yearly_True_window_2_lags_5_sinusoidal_yes_linear,True,2,linear_lags_5_sinusoidal_yes,0.291,0.824,400.214,406.104,False,True,False,0.382,-0.559,0,1.0,,,,,,,,,1.0,0.365,1.0,1.0,0.282,0.045
PRPHA-Cluster_2_yearly_False_window_3_lags_none_sinusoidal_no_linear,False,3,linear_lags_none_sinusoidal_no,0.02,0.429,543.513,546.506,True,True,False,0.282,-0.039,0,1.0,,,,,,,,,,,,,,
PRPHA-Cluster_2_yearly_False_window_3_lags_1_sinusoidal_no_linear,False,3,linear_lags_1_sinusoidal_no,0.018,0.474,530.332,534.73,True,True,False,0.282,-0.689,0,1.0,1.0,0.788,,,,,,,,,,,,
PRPHA-Cluster_2_yearly_False_window_3_lags_2_sinusoidal_no_linear,False,3,linear_lags_2_sinusoidal_no,0.015,0.709,514.484,518.786,True,True,False,0.289,-0.266,0,1.0,,,1.0,0.828,,,,,,,,,,
PRPHA-Cluster_2_yearly_False_window_3_lags_3_sinusoidal_no_linear,False,3,linear_lags_3_sinusoidal_no,0.066,0.825,497.519,501.722,False,True,False,0.266,-0.295,0,1.0,,,,,1.0,0.272,,,,,,,,
PRPHA-Cluster_2_yearly_False_window_3_lags_4_sinusoidal_no_linear,False,3,linear_lags_4_sinusoidal_no,0.164,0.351,478.254,482.356,True,True,False,0.34,0.022,0,1.0,,,,,,,1.0,0.063,,,,,,
PRPHA-Cluster_2_yearly_False_window_3_lags_5_sinusoidal_no_linear,False,3,linear_lags_5_sinusoidal_no,0.232,0.172,458.658,462.655,True,True,False,0.316,-0.158,0,1.0,,,,,,,,,1.0,0.025,,,,
PRPHA-Cluster_2_yearly_False_window_3_lags_none_sinusoidal_yes_linear,False,3,linear_lags_none_sinusoidal_yes,0.243,0.488,538.999,544.985,True,False,False,0.36,-0.018,0,1.0,,,,,,,,,,,1.0,1.0,0.504,0.009
PRPHA-Cluster_2_yearly_False_window_3_lags_1_sinusoidal_yes_linear,False,3,linear_lags_1_sinusoidal_yes,0.335,0.347,521.868,529.197,True,False,False,0.504,-0.203,0,1.0,1.0,0.702,,,,,,,,,1.0,1.0,0.596,0.002
PRPHA-Cluster_2_yearly_False_window_3_lags_2_sinusoidal_yes_linear,False,3,linear_lags_2_sinusoidal_yes,0.329,0.419,506.578,513.748,True,False,False,0.417,-0.046,0,1.0,,,1.0,0.975,,,,,,,1.0,1.0,0.497,0.003
PRPHA-Cluster_2_yearly_False_window_3_lags_3_sinusoidal_yes_linear,False,3,linear_lags_3_sinusoidal_yes,0.313,0.707,492.275,499.281,True,False,False,0.419,-0.084,0,1.0,,,,,1.0,0.466,,,,,1.0,1.0,0.447,0.009
PRPHA-Cluster_2_yearly_False_window_3_lags_4_sinusoidal_yes_linear,False,3,linear_lags_4_sinusoidal_yes,0.328,0.932,475.906,482.743,True,True,False,0.418,-0.611,0,1.0,,,,,,,1.0,0.226,,,1.0,1.0,0.553,0.027
PRPHA-Cluster_2_yearly_False_window_3_lags_5_sinusoidal_yes_linear,False,3,linear_lags_5_sinusoidal_yes,0.359,0.432,457.583,464.245,True,True,False,0.375,0.022,0,1.0,,,,,,,,,1.0,0.076,1.0,1.0,0.891,0.043
PRPHA-Cluster_2_yearly_True_window_3_lags_none_sinusoidal_no_linear,True,3,linear_lags_none_sinusoidal_no,0.0,0.919,477.901,480.635,True,True,False,0.211,-0.174,0,1.0,,,,,,,,,,,,,,
PRPHA-Cluster_2_yearly_True_window_3_lags_1_sinusoidal_no_linear,True,3,linear_lags_1_sinusoidal_no,0.0,0.97,464.659,468.655,False,True,False,0.207,-0.128,0,1.0,1.0,0.927,,,,,,,,,,,,
PRPHA-Cluster_2_yearly_True_window_3_lags_2_sinusoidal_no_linear,True,3,linear_lags_2_sinusoidal_no,0.018,0.674,448.27,452.157,False,True,False,0.22,-0.088,0,1.0,,,1.0,0.512,,,,,,,,,,
PRPHA-Cluster_2_yearly_True_window_3_lags_3_sinusoidal_no_linear,True,3,linear_lags_3_sinusoidal_no,0.105,0.257,430.522,434.296,False,True,False,0.202,-0.824,0,1.0,,,,,1.0,0.115,,,,,,,,
PRPHA-Cluster_2_yearly_True_window_3_lags_4_sinusoidal_no_linear,True,3,linear_lags_4_sinusoidal_no,0.148,0.21,413.359,417.016,False,True,False,0.234,-0.584,0,1.0,,,,,,,1.0,0.072,,,,,,
PRPHA-Cluster_2_yearly_True_window_3_lags_5_sinusoidal_no_linear,True,3,linear_lags_5_sinusoidal_no,0.086,0.535,397.84,401.374,True,True,False,0.171,-0.125,0,1.0,,,,,,,,,1.0,0.221,,,,
PRPHA-Cluster_2_yearly_True_window_3_lags_none_sinusoidal_yes_linear,True,3,linear_lags_none_sinusoidal_yes,0.242,0.966,473.893,479.362,False,False,False,0.252,-0.056,0,1.0,,,,,,,,,,,1.0,1.0,0.436,0.014
PRPHA-Cluster_2_yearly_True_window_3_lags_1_sinusoidal_yes_linear,True,3,linear_lags_1_sinusoidal_yes,0.322,0.839,457.778,464.439,False,False,False,0.379,0.161,0,1.0,1.0,0.986,,,,,,,,,1.0,1.0,0.523,0.004
PRPHA-Cluster_2_yearly_True_window_3_lags_2_sinusoidal_yes_linear,True,3,linear_lags_2_sinusoidal_yes,0.338,0.879,441.613,448.093,True,False,False,0.326,0.148,0,1.0,,,1.0,0.731,,,,,,,1.0,1.0,0.437,0.006
PRPHA-Cluster_2_yearly_True_window_3_lags_3_sinusoidal_yes_linear,True,3,linear_lags_3_sinusoidal_yes,0.333,0.939,426.894,433.185,True,False,False,0.309,-0.276,0,1.0,,,,,1.0,0.498,,,,,1.0,1.0,0.52,0.018
PRPHA-Cluster_2_yearly_True_window_3_lags_4_sinusoidal_yes_linear,True,3,linear_lags_4_sinusoidal_yes,0.332,0.862,411.255,417.349,True,True,False,0.293,-0.471,0,1.0,,,,,,,1.0,0.358,,,1.0,1.0,0.68,0.029
PRPHA-Cluster_2_yearly_True_window_3_lags_5_sinusoidal_yes_linear,True,3,linear_lags_5_sinusoidal_yes,0.323,0.729,394.637,400.527,True,True,False,0.252,-0.104,0,1.0,,,,,,,,,1.0,0.302,1.0,1.0,0.588,0.021
PRPHA-Cluster_2_yearly_False_window_4_lags_none_sinusoidal_no_linear,False,4,linear_lags_none_sinusoidal_no,0.006,0.676,539.329,542.322,True,True,False,0.18,-0.031,0,1.0,,,,,,,,,,,,,,
PRPHA-Cluster_2_yearly_False_window_4_lags_1_sinusoidal_no_linear,False,4,linear_lags_1_sinusoidal_no,0.009,0.73,526.415,530.812,True,True,False,0.178,-0.167,0,1.0,1.0,0.644,,,,,,,,,,,,
PRPHA-Cluster_2_yearly_False_window_4_lags_2_sinusoidal_no_linear,False,4,linear_lags_2_sinusoidal_no,0.002,0.955,510.684,514.986,False,True,False,0.189,-0.181,0,1.0,,,1.0,0.841,,,,,,,,,,
PRPHA-Cluster_2_yearly_False_window_4_lags_3_sinusoidal_no_linear,False,4,linear_lags_3_sinusoidal_no,0.049,0.555,494.572,498.775,False,True,False,0.163,-0.269,0,1.0,,,,,1.0,0.262,,,,,,,,
PRPHA-Cluster_2_yearly_False_window_4_lags_4_sinusoidal_no_linear,False,4,linear_lags_4_sinusoidal_no,0.137,0.252,475.985,480.087,True,True,False,0.193,0.091,0,1.0,,,,,,,1.0,0.068,,,,,,
PRPHA-Cluster_2_yearly_False_window_4_lags_5_sinusoidal_no_linear,False,4,linear_lags_5_sinusoidal_no,0.176,0.2,457.662,461.659,True,True,False,0.182,-0.213,0,1.0,,,,,,,,,1.0,0.047,,,,
PRPHA-Cluster_2_yearly_False_window_4_lags_none_sinusoidal_yes_linear,False,4,linear_lags_none_sinusoidal_yes,0.235,0.706,534.696,540.682,True,False,False,0.229,0.036,0,1.0,,,,,,,,,,,1.0,1.0,0.246,0.016
PRPHA-Cluster_2_yearly_False_window_4_lags_1_sinusoidal_yes_linear,False,4,linear_lags_1_sinusoidal_yes,0.359,0.541,516.488,523.816,True,False,False,0.342,0.255,0,1.0,1.0,0.527,,,,,,,,,1.0,1.0,0.23,0.002
PRPHA-Cluster_2_yearly_False_window_4_lags_2_sinusoidal_yes_linear,False,4,linear_lags_2_sinusoidal_yes,0.35,0.569,501.37,508.539,True,False,False,0.288,0.049,0,1.0,,,1.0,0.855,,,,,,,1.0,1.0,0.163,0.003
PRPHA-Cluster_2_yearly_False_window_4_lags_3_sinusoidal_yes_linear,False,4,linear_lags_3_sinusoidal_yes,0.319,0.733,488.582,495.588,True,False,False,0.297,-0.092,0,1.0,,,,,1.0,0.614,,,,,1.0,1.0,0.207,0.01
PRPHA-Cluster_2_yearly_False_window_4_lags_4_sinusoidal_yes_linear,False,4,linear_lags_4_sinusoidal_yes,0.322,0.993,473.011,479.847,True,False,False,0.27,-0.132,0,1.0,,,,,,,1.0,0.37,,,1.0,1.0,0.274,0.026
PRPHA-Cluster_2_yearly_False_window_4_lags_5_sinusoidal_yes_linear,False,4,linear_lags_5_sinusoidal_yes,0.337,0.616,455.589,462.25,True,False,False,0.238,0.166,0,1.0,,,,,,,,,1.0,0.178,1.0,1.0,0.356,0.036
PRPHA-Cluster_2_yearly_True_window_4_lags_none_sinusoidal_no_linear,True,4,linear_lags_none_sinusoidal_no,0.003,0.765,474.097,476.832,True,True,False,0.153,-0.136,0,1.0,,,,,,,,,,,,,,
PRPHA-Cluster_2_yearly_True_window_4_lags_1_sinusoidal_no_linear,True,4,linear_lags_1_sinusoidal_no,0.01,0.646,461.117,465.114,True,True,False,0.157,-0.045,0,1.0,1.0,0.992,,,,,,,,,,,,
PRPHA-Cluster_2_yearly_True_window_4_lags_2_sinusoidal_no_linear,True,4,linear_lags_2_sinusoidal_no,0.039,0.348,444.389,448.277,False,True,False,0.171,-0.021,0,1.0,,,1.0,0.437,,,,,,,,,,
PRPHA-Cluster_2_yearly_True_window_4_lags_3_sinusoidal_no_linear,True,4,linear_lags_3_sinusoidal_no,0.121,0.133,427.464,431.238,False,True,False,0.137,-1.03,0,1.0,,,,,1.0,0.096,,,,,,,,
PRPHA-Cluster_2_yearly_True_window_4_lags_4_sinusoidal_no_linear,True,4,linear_lags_4_sinusoidal_no,0.123,0.177,411.752,415.409,False,True,False,0.135,-1.352,0,1.0,,,,,,,1.0,0.093,,,,,,
PRPHA-Cluster_2_yearly_True_window_4_lags_5_sinusoidal_no_linear,True,4,linear_lags_5_sinusoidal_no,0.032,0.681,397.105,400.639,True,True,False,0.126,-0.16,0,1.0,,,,,,,,,1.0,0.453,,,,
PRPHA-Cluster_2_yearly_True_window_4_lags_none_sinusoidal_yes_linear,True,4,linear_lags_none_sinusoidal_yes,0.218,0.788,471.053,476.522,False,False,False,0.169,-0.068,0,1.0,,,,,,,,,,,1.0,1.0,0.24,0.04
PRPHA-Cluster_2_yearly_True_window_4_lags_1_sinusoidal_yes_linear,True,4,linear_lags_1_sinusoidal_yes,0.33,0.943,454.199,460.86,True,False,False,0.35,0.171,0,1.0,1.0,0.868,,,,,,,,,1.0,1.0,0.245,0.008
PRPHA-Cluster_2_yearly_True_window_4_lags_2_sinusoidal_yes_linear,True,4,linear_lags_2_sinusoidal_yes,0.341,0.987,438.205,444.685,True,False,False,0.26,0.198,0,1.0,,,1.0,0.842,,,,,,,1.0,1.0,0.175,0.014
PRPHA-Cluster_2_yearly_True_window_4_lags_3_sinusoidal_yes_linear,True,4,linear_lags_3_sinusoidal_yes,0.317,0.926,424.915,431.205,True,False,False,0.239,-0.509,0,1.0,,,,,1.0,0.538,,,,,1.0,1.0,0.29,0.033
PRPHA-Cluster_2_yearly_True_window_4_lags_4_sinusoidal_yes_linear,True,4,linear_lags_4_sinusoidal_yes,0.313,0.786,409.641,415.736,True,False,False,0.206,-0.727,0,1.0,,,,,,,1.0,0.418,,,1.0,1.0,0.361,0.034
PRPHA-Cluster_2_yearly_True_window_4_lags_5_sinusoidal_yes_linear,True,4,linear_lags_5_sinusoidal_yes,0.301,0.885,393.275,399.166,True,False,False,0.192,-0.034,0,1.0,,,,,,,,,1.0,0.569,1.0,1.0,0.124,0.049
PRPHA-Cluster_2_yearly_False_window_5_lags_none_sinusoidal_no_linear,False,5,linear_lags_none_sinusoidal_no,0.0,0.992,535.972,538.965,True,True,False,0.157,-0.085,0,1.0,,,,,,,,,,,,,,
PRPHA-Cluster_2_yearly_False_window_5_lags_1_sinusoidal_no_linear,False,5,linear_lags_1_sinusoidal_no,0.005,0.961,523.214,527.611,True,True,False,0.156,-0.154,0,1.0,1.0,0.721,,,,,,,,,,,,
PRPHA-Cluster_2_yearly_False_window_5_lags_2_sinusoidal_no_linear,False,5,linear_lags_2_sinusoidal_no,0.005,0.725,507.329,511.631,False,True,False,0.162,-0.123,0,1.0,,,1.0,0.751,,,,,,,,,,
PRPHA-Cluster_2_yearly_False_window_5_lags_3_sinusoidal_no_linear,False,5,linear_lags_3_sinusoidal_no,0.059,0.464,490.881,495.084,False,True,False,0.131,-0.398,0,1.0,,,,,1.0,0.207,,,,,,,,
PRPHA-Cluster_2_yearly_False_window_5_lags_4_sinusoidal_no_linear,False,5,linear_lags_4_sinusoidal_no,0.174,0.125,470.438,474.54,True,True,False,0.19,0.13,0,1.0,,,,,,,1.0,0.03,,,,,,
PRPHA-Cluster_2_yearly_False_window_5_lags_5_sinusoidal_no_linear,False,5,linear_lags_5_sinusoidal_no,0.235,0.063,451.51,455.507,True,True,False,0.192,-0.113,0,1.0,,,,,,,,,1.0,0.013,,,,
PRPHA-Cluster_2_yearly_False_window_5_lags_none_sinusoidal_yes_linear,False,5,linear_lags_none_sinusoidal_yes,0.257,0.739,530.16,536.146,False,False,False,0.217,0.038,0,1.0,,,,,,,,,,,1.0,1.0,0.308,0.006
PRPHA-Cluster_2_yearly_False_window_5_lags_1_sinusoidal_yes_linear,False,5,linear_lags_1_sinusoidal_yes,0.374,0.971,512.41,519.738,True,False,False,0.379,0.252,0,1.0,1.0,0.664,,,,,,,,,1.0,1.0,0.378,0.001
PRPHA-Cluster_2_yearly_False_window_5_lags_2_sinusoidal_yes_linear,False,5,linear_lags_2_sinusoidal_yes,0.385,0.954,496.447,503.617,True,False,False,0.297,0.071,0,1.0,,,1.0,0.9,,,,,,,1.0,1.0,0.304,0.001
PRPHA-Cluster_2_yearly_False_window_5_lags_3_sinusoidal_yes_linear,False,5,linear_lags_3_sinusoidal_yes,0.351,0.993,483.708,490.714,True,False,False,0.284,-0.022,0,1.0,,,,,1.0,0.37,,,,,1.0,1.0,0.388,0.004
PRPHA-Cluster_2_yearly_False_window_5_lags_4_sinusoidal_yes_linear,False,5,linear_lags_4_sinusoidal_yes,0.352,0.815,467.397,474.234,True,False,False,0.248,0.023,0,1.0,,,,,,,1.0,0.244,,,1.0,1.0,0.466,0.02
PRPHA-Cluster_2_yearly_False_window_5_lags_5_sinusoidal_yes_linear,False,5,linear_lags_5_sinusoidal_yes,0.355,0.482,450.745,457.406,True,False,False,0.224,0.036,0,1.0,,,,,,,,,1.0,0.143,1.0,1.0,0.73,0.05
PRPHA-Cluster_2_yearly_True_window_5_lags_none_sinusoidal_no_linear,True,5,linear_lags_none_sinusoidal_no,0.016,0.507,471.138,473.872,True,True,False,0.135,-0.169,0,1.0,,,,,,,,,,,,,,
PRPHA-Cluster_2_yearly_True_window_5_lags_1_sinusoidal_no_linear,True,5,linear_lags_1_sinusoidal_no,0.025,0.46,458.294,462.291,True,True,False,0.138,-0.093,0,1.0,1.0,0.953,,,,,,,,,,,,
PRPHA-Cluster_2_yearly_True_window_5_lags_2_sinusoidal_no_linear,True,5,linear_lags_2_sinusoidal_no,0.048,0.285,441.841,445.729,False,False,False,0.132,-0.183,0,1.0,,,1.0,0.487,,,,,,,,,,
PRPHA-Cluster_2_yearly_True_window_5_lags_3_sinusoidal_no_linear,True,5,linear_lags_3_sinusoidal_no,0.149,0.097,424.167,427.941,False,True,False,0.097,-0.508,0,1.0,,,,,1.0,0.066,,,,,,,,
PRPHA-Cluster_2_yearly_True_window_5_lags_4_sinusoidal_no_linear,True,5,linear_lags_4_sinusoidal_no,0.175,0.087,406.922,410.578,True,True,False,0.133,-0.135,0,1.0,,,,,,,1.0,0.043,,,,,,
PRPHA-Cluster_2_yearly_True_window_5_lags_5_sinusoidal_no_linear,True,5,linear_lags_5_sinusoidal_no,0.052,0.459,393.518,397.052,True,True,False,0.111,0.029,0,1.0,,,,,,,,,1.0,0.3,,,,
PRPHA-Cluster_2_yearly_True_window_5_lags_none_sinusoidal_yes_linear,True,5,linear_lags_none_sinusoidal_yes,0.264,0.372,466.711,472.18,False,False,False,0.169,-0.001,0,1.0,,,,,,,,,,,1.0,1.0,0.331,0.013
PRPHA-Cluster_2_yearly_True_window_5_lags_1_sinusoidal_yes_linear,True,5,linear_lags_1_sinusoidal_yes,0.384,0.551,449.466,456.128,True,False,False,0.448,-0.299,0,1.0,1.0,0.892,,,,,,,,,1.0,1.0,0.399,0.002
PRPHA-Cluster_2_yearly_True_window_5_lags_2_sinusoidal_yes_linear,True,5,linear_lags_2_sinusoidal_yes,0.407,0.786,433.077,439.557,True,True,False,0.318,-0.033,0,1.0,,,1.0,0.782,,,,,,,1.0,1.0,0.386,0.003
PRPHA-Cluster_2_yearly_True_window_5_lags_3_sinusoidal_yes_linear,True,5,linear_lags_3_sinusoidal_yes,0.361,0.881,420.73,427.02,True,False,False,0.252,-0.662,0,1.0,,,,,1.0,0.408,,,,,1.0,1.0,0.707,0.016
PRPHA-Cluster_2_yearly_True_window_5_lags_4_sinusoidal_yes_linear,True,5,linear_lags_4_sinusoidal_yes,0.349,0.792,404.976,411.07,True,False,False,0.188,-0.206,0,1.0,,,,,,,1.0,0.381,,,1.0,1.0,0.705,0.032
PRPHA-Cluster_2_yearly_True_window_5_lags_5_sinusoidal_yes_linear,True,5,linear_lags_5_sinusoidal_yes,0.327,0.976,389.286,395.177,True,False,False,0.189,0.113,0,1.0,,,,,,,,,1.0,0.625,1.0,1.0,0.324,0.016
PRPHA-Cluster_2_yearly_False_window_6_lags_none_sinusoidal_no_linear,False,6,linear_lags_none_sinusoidal_no,0.006,0.66,532.146,535.139,True,True,False,0.115,-0.009,0,1.0,,,,,,,,,,,,,,
PRPHA-Cluster_2_yearly_False_window_6_lags_1_sinusoidal_no_linear,False,6,linear_lags_1_sinusoidal_no,0.017,0.572,519.86,524.257,True,True,False,0.121,-0.21,0,1.0,1.0,0.817,,,,,,,,,,,,
PRPHA-Cluster_2_yearly_False_window_6_lags_2_sinusoidal_no_linear,False,6,linear_lags_2_sinusoidal_no,0.033,0.337,503.544,507.846,False,False,False,0.125,-0.104,0,1.0,,,1.0,0.597,,,,,,,,,,
PRPHA-Cluster_2_yearly_False_window_6_lags_3_sinusoidal_no_linear,False,6,linear_lags_3_sinusoidal_no,0.083,0.209,487.816,492.02,False,True,False,0.096,-0.202,0,1.0,,,,,1.0,0.142,,,,,,,,
PRPHA-Cluster_2_yearly_False_window_6_lags_4_sinusoidal_no_linear,False,6,linear_lags_4_sinusoidal_no,0.186,0.066,467.919,472.021,False,True,False,0.126,0.089,0,1.0,,,,,,,1.0,0.022,,,,,,
PRPHA-Cluster_2_yearly_False_window_6_lags_5_sinusoidal_no_linear,False,6,linear_lags_5_sinusoidal_no,0.174,0.1,451.621,455.618,True,True,False,0.148,-0.19,0,1.0,,,,,,,,,1.0,0.033,,,,
PRPHA-Cluster_2_yearly_False_window_6_lags_none_sinusoidal_yes_linear,False,6,linear_lags_none_sinusoidal_yes,0.239,0.512,527.352,533.338,False,False,False,0.142,0.079,0,1.0,,,,,,,,,,,1.0,1.0,0.193,0.016
PRPHA-Cluster_2_yearly_False_window_6_lags_1_sinusoidal_yes_linear,False,6,linear_lags_1_sinusoidal_yes,0.383,0.695,508.948,516.277,True,False,False,0.347,0.181,0,1.0,1.0,0.722,,,,,,,,,1.0,1.0,0.175,0.001
PRPHA-Cluster_2_yearly_False_window_6_lags_2_sinusoidal_yes_linear,False,6,linear_lags_2_sinusoidal_yes,0.392,0.887,493.178,500.348,True,False,False,0.253,0.084,0,1.0,,,1.0,0.95,,,,,,,1.0,1.0,0.129,0.002
PRPHA-Cluster_2_yearly_False_window_6_lags_3_sinusoidal_yes_linear,False,6,linear_lags_3_sinusoidal_yes,0.34,0.951,481.954,488.96,True,False,False,0.221,-0.307,0,1.0,,,,,1.0,0.457,,,,,1.0,1.0,0.277,0.008
PRPHA-Cluster_2_yearly_False_window_6_lags_4_sinusoidal_yes_linear,False,6,linear_lags_4_sinusoidal_yes,0.334,0.793,466.102,472.938,False,False,False,0.164,-0.828,0,1.0,,,,,,,1.0,0.307,,,1.0,1.0,0.361,0.035
PRPHA-Cluster_2_yearly_False_window_6_lags_5_sinusoidal_yes_linear,False,6,linear_lags_5_sinusoidal_yes,0.323,0.693,450.061,456.722,False,False,False,0.157,-0.044,0,1.0,,,,,,,,,1.0,0.284,1.0,1.0,0.357,0.04
PRPHA-Cluster_2_yearly_True_window_6_lags_none_sinusoidal_no_linear,True,6,linear_lags_none_sinusoidal_no,0.065,0.181,466.696,469.431,True,True,False,0.133,-0.104,0,1.0,,,,,,,,,,,,,,
PRPHA-Cluster_2_yearly_True_window_6_lags_1_sinusoidal_no_linear,True,6,linear_lags_1_sinusoidal_no,0.089,0.164,454.05,458.047,True,False,False,0.14,-0.048,0,1.0,1.0,0.98,,,,,,,,,,,,
PRPHA-Cluster_2_yearly_True_window_6_lags_2_sinusoidal_no_linear,True,6,linear_lags_2_sinusoidal_no,0.122,0.089,437.361,441.248,False,True,False,0.138,-0.184,0,1.0,,,1.0,0.469,,,,,,,,,,
PRPHA-Cluster_2_yearly_True_window_6_lags_3_sinusoidal_no_linear,True,6,linear_lags_3_sinusoidal_no,0.18,0.038,421.491,425.265,False,True,False,0.098,-0.94,0,1.0,,,,,1.0,0.078,,,,,,,,
PRPHA-Cluster_2_yearly_True_window_6_lags_4_sinusoidal_no_linear,True,6,linear_lags_4_sinusoidal_no,0.135,0.092,406.571,410.228,False,True,False,0.094,-0.65,0,1.0,,,,,,,1.0,0.106,,,,,,
PRPHA-Cluster_2_yearly_True_window_6_lags_5_sinusoidal_no_linear,True,6,linear_lags_5_sinusoidal_no,0.025,0.482,392.731,396.265,True,True,False,0.093,-0.015,0,1.0,,,,,,,,,1.0,0.521,,,,
PRPHA-Cluster_2_yearly_True_window_6_lags_none_sinusoidal_yes_linear,True,6,linear_lags_none_sinusoidal_yes,0.257,0.163,464.053,469.523,False,False,False,0.141,-0.006,0,1.0,,,,,,,,,,,1.0,1.0,0.206,0.049
PRPHA-Cluster_2_yearly_True_window_6_lags_1_sinusoidal_yes_linear,True,6,linear_lags_1_sinusoidal_yes,0.437,0.408,444.573,451.234,True,True,False,0.533,0.109,0,1.0,1.0,0.735,,,,,,,,,1.0,1.0,0.15,0.003
PRPHA-Cluster_2_yearly_True_window_6_lags_2_sinusoidal_yes_linear,True,6,linear_lags_2_sinusoidal_yes,0.438,0.729,429.324,435.803,True,True,False,0.339,0.037,0,1.0,,,1.0,0.87,,,,,,,1.0,1.0,0.091,0.006
PRPHA-Cluster_2_yearly_True_window_6_lags_3_sinusoidal_yes_linear,True,6,linear_lags_3_sinusoidal_yes,0.346,0.729,419.625,425.915,True,True,False,0.221,-1.288,0,1.0,,,,,1.0,0.568,,,,,1.0,1.0,0.379,0.034
PRPHA-Cluster_2_yearly_True_window_6_lags_4_sinusoidal_yes_linear,True,6,linear_lags_4_sinusoidal_yes,0.33,0.742,404.155,410.249,True,False,False,0.168,-0.426,0,1.0,,,,,,,1.0,0.54,,,1.0,1.0,0.28,0.03
PRPHA-Cluster_2_yearly_True_window_6_lags_5_sinusoidal_yes_linear,True,6,linear_lags_5_sinusoidal_yes,0.317,0.947,388.201,394.091,True,True,False,0.188,0.21,0,1.0,,,,,,,,,1.0,0.949,1.0,1.0,0.066,0.056
PRPHA-Cluster_2_yearly_False_window_7_lags_none_sinusoidal_no_linear,False,7,linear_lags_none_sinusoidal_no,0.016,0.482,529.639,532.632,True,True,False,0.115,0.011,0,1.0,,,,,,,,,,,,,,
PRPHA-Cluster_2_yearly_False_window_7_lags_1_sinusoidal_no_linear,False,7,linear_lags_1_sinusoidal_no,0.029,0.441,517.3,521.697,True,False,False,0.126,-0.222,0,1.0,1.0,0.77,,,,,,,,,,,,
PRPHA-Cluster_2_yearly_False_window_7_lags_2_sinusoidal_no_linear,False,7,linear_lags_2_sinusoidal_no,0.04,0.294,501.134,505.436,False,False,False,0.115,-0.072,0,1.0,,,1.0,0.654,,,,,,,,,,
PRPHA-Cluster_2_yearly_False_window_7_lags_3_sinusoidal_no_linear,False,7,linear_lags_3_sinusoidal_no,0.082,0.195,484.813,489.017,False,True,False,0.09,-0.347,0,1.0,,,,,1.0,0.156,,,,,,,,
PRPHA-Cluster_2_yearly_False_window_7_lags_4_sinusoidal_no_linear,False,7,linear_lags_4_sinusoidal_no,0.187,0.059,464.925,469.027,True,True,False,0.155,0.111,0,1.0,,,,,,,1.0,0.022,,,,,,
PRPHA-Cluster_2_yearly_False_window_7_lags_5_sinusoidal_no_linear,False,7,linear_lags_5_sinusoidal_no,0.213,0.041,446.413,450.41,True,True,False,0.146,-0.026,0,1.0,,,,,,,,,1.0,0.015,,,,
PRPHA-Cluster_2_yearly_False_window_7_lags_none_sinusoidal_yes_linear,False,7,linear_lags_none_sinusoidal_yes,0.255,0.311,524.466,530.452,False,False,False,0.148,0.037,0,1.0,,,,,,,,,,,1.0,1.0,0.396,0.007
PRPHA-Cluster_2_yearly_False_window_7_lags_1_sinusoidal_yes_linear,False,7,linear_lags_1_sinusoidal_yes,0.404,0.445,505.668,512.996,True,False,False,0.433,0.174,0,1.0,1.0,0.7,,,,,,,,,1.0,1.0,0.434,0.0
PRPHA-Cluster_2_yearly_False_window_7_lags_2_sinusoidal_yes_linear,False,7,linear_lags_2_sinusoidal_yes,0.422,0.726,489.4,496.57,True,False,False,0.3,0.173,0,1.0,,,1.0,0.937,,,,,,,1.0,1.0,0.403,0.001
PRPHA-Cluster_2_yearly_False_window_7_lags_3_sinusoidal_yes_linear,False,7,linear_lags_3_sinusoidal_yes,0.377,0.891,477.211,484.217,True,False,False,0.246,-0.349,0,1.0,,,,,1.0,0.431,,,,,1.0,1.0,0.581,0.003
PRPHA-Cluster_2_yearly_False_window_7_lags_4_sinusoidal_yes_linear,False,7,linear_lags_4_sinusoidal_yes,0.346,0.814,462.612,469.449,False,False,False,0.171,-1.087,0,1.0,,,,,,,1.0,0.314,,,1.0,1.0,0.687,0.024
PRPHA-Cluster_2_yearly_False_window_7_lags_5_sinusoidal_yes_linear,False,7,linear_lags_5_sinusoidal_yes,0.333,0.541,445.801,452.462,False,False,False,0.154,0.013,0,1.0,,,,,,,,,1.0,0.223,1.0,1.0,0.73,0.054
PRPHA-Cluster_2_yearly_True_window_7_lags_none_sinusoidal_no_linear,True,7,linear_lags_none_sinusoidal_no,0.096,0.102,463.764,466.499,True,False,False,0.13,-0.063,0,1.0,,,,,,,,,,,,,,
PRPHA-Cluster_2_yearly_True_window_7_lags_1_sinusoidal_no_linear,True,7,linear_lags_1_sinusoidal_no,0.12,0.125,451.138,455.134,True,False,False,0.153,-0.038,0,1.0,1.0,0.757,,,,,,,,,,,,
PRPHA-Cluster_2_yearly_True_window_7_lags_2_sinusoidal_no_linear,True,7,linear_lags_2_sinusoidal_no,0.13,0.106,435.149,439.036,False,False,False,0.13,-0.37,0,1.0,,,1.0,0.832,,,,,,,,,,
PRPHA-Cluster_2_yearly_True_window_7_lags_3_sinusoidal_no_linear,True,7,linear_lags_3_sinusoidal_no,0.173,0.04,418.998,422.772,False,False,False,0.096,-0.368,0,1.0,,,,,1.0,0.116,,,,,,,,
PRPHA-Cluster_2_yearly_True_window_7_lags_4_sinusoidal_no_linear,True,7,linear_lags_4_sinusoidal_no,0.128,0.094,404.091,407.748,False,False,False,0.103,-0.063,0,1.0,,,,,,,1.0,0.141,,,,,,
PRPHA-Cluster_2_yearly_True_window_7_lags_5_sinusoidal_no_linear,True,7,linear_lags_5_sinusoidal_no,0.039,0.375,388.865,392.4,True,True,False,0.102,-0.208,0,1.0,,,,,,,,,1.0,0.588,,,,
PRPHA-Cluster_2_yearly_True_window_7_lags_none_sinusoidal_yes_linear,True,7,linear_lags_none_sinusoidal_yes,0.288,0.078,460.846,466.315,False,True,False,0.148,-0.033,0,1.0,,,,,,,,,,,1.0,1.0,0.445,0.021
PRPHA-Cluster_2_yearly_True_window_7_lags_1_sinusoidal_yes_linear,True,7,linear_lags_1_sinusoidal_yes,0.466,0.247,441.129,447.79,True,True,False,0.691,-0.216,0,1.0,1.0,0.537,,,,,,,,,1.0,1.0,0.424,0.001
PRPHA-Cluster_2_yearly_True_window_7_lags_2_sinusoidal_yes_linear,True,7,linear_lags_2_sinusoidal_yes,0.509,0.703,423.682,430.161,True,True,False,0.474,0.253,0,1.0,,,1.0,0.51,,,,,,,1.0,1.0,0.251,0.001
PRPHA-Cluster_2_yearly_True_window_7_lags_3_sinusoidal_yes_linear,True,7,linear_lags_3_sinusoidal_yes,0.392,0.82,414.993,421.283,True,False,False,0.249,-0.094,0,1.0,,,,,1.0,0.73,,,,,1.0,1.0,0.628,0.012
PRPHA-Cluster_2_yearly_True_window_7_lags_4_sinusoidal_yes_linear,True,7,linear_lags_4_sinusoidal_yes,0.355,0.84,400.554,406.649,True,False,False,0.208,0.077,0,1.0,,,,,,,1.0,0.675,,,1.0,1.0,0.488,0.016
PRPHA-Cluster_2_yearly_True_window_7_lags_5_sinusoidal_yes_linear,True,7,linear_lags_5_sinusoidal_yes,0.383,0.722,382.214,388.104,True,True,False,0.267,0.252,0,1.0,,,,,,,,,1.0,0.695,1.0,1.0,0.085,0.01
PRPHA-Cluster_2_yearly_False_window_8_lags_none_sinusoidal_no_linear,False,8,linear_lags_none_sinusoidal_no,0.056,0.184,525.433,528.426,True,False,False,0.103,0.024,0,1.0,,,,,,,,,,,,,,
PRPHA-Cluster_2_yearly_False_window_8_lags_1_sinusoidal_no_linear,False,8,linear_lags_1_sinusoidal_no,0.083,0.189,513.322,517.719,True,False,False,0.118,-0.044,0,1.0,1.0,0.754,,,,,,,,,,,,
PRPHA-Cluster_2_yearly_False_window_8_lags_2_sinusoidal_no_linear,False,8,linear_lags_2_sinusoidal_no,0.108,0.096,496.744,501.046,True,False,False,0.111,-0.024,0,1.0,,,1.0,0.62,,,,,,,,,,
PRPHA-Cluster_2_yearly_False_window_8_lags_3_sinusoidal_no_linear,False,8,linear_lags_3_sinusoidal_no,0.141,0.05,481.214,485.418,False,True,False,0.09,-0.201,0,1.0,,,,,1.0,0.1,,,,,,,,
PRPHA-Cluster_2_yearly_False_window_8_lags_4_sinusoidal_no_linear,False,8,linear_lags_4_sinusoidal_no,0.195,0.03,463.042,467.143,False,True,False,0.108,0.002,0,1.0,,,,,,,1.0,0.024,,,,,,
PRPHA-Cluster_2_yearly_False_window_8_lags_5_sinusoidal_no_linear,False,8,linear_lags_5_sinusoidal_no,0.174,0.045,446.0,449.997,True,True,False,0.087,-0.028,0,1.0,,,,,,,,,1.0,0.035,,,,
PRPHA-Cluster_2_yearly_False_window_8_lags_none_sinusoidal_yes_linear,False,8,linear_lags_none_sinusoidal_yes,0.243,0.148,522.144,528.13,False,True,False,0.13,0.045,0,1.0,,,,,,,,,,,1.0,1.0,0.32,0.021
PRPHA-Cluster_2_yearly_False_window_8_lags_1_sinusoidal_yes_linear,False,8,linear_lags_1_sinusoidal_yes,0.394,0.352,504.053,511.382,True,False,False,0.458,0.218,0,1.0,1.0,0.555,,,,,,,,,1.0,1.0,0.252,0.002
PRPHA-Cluster_2_yearly_False_window_8_lags_2_sinusoidal_yes_linear,False,8,linear_lags_2_sinusoidal_yes,0.408,0.613,488.04,495.21,True,True,False,0.287,0.04,0,1.0,,,1.0,0.787,,,,,,,1.0,1.0,0.191,0.003
PRPHA-Cluster_2_yearly_False_window_8_lags_3_sinusoidal_yes_linear,False,8,linear_lags_3_sinusoidal_yes,0.345,0.661,477.06,484.066,False,True,False,0.202,-0.692,0,1.0,,,,,1.0,0.51,,,,,1.0,1.0,0.401,0.012
PRPHA-Cluster_2_yearly_False_window_8_lags_4_sinusoidal_yes_linear,False,8,linear_lags_4_sinusoidal_yes,0.317,0.573,462.275,469.111,False,False,False,0.139,-0.88,0,1.0,,,,,,,1.0,0.296,,,1.0,1.0,0.516,0.051
PRPHA-Cluster_2_yearly_False_window_8_lags_5_sinusoidal_yes_linear,False,8,linear_lags_5_sinusoidal_yes,0.304,0.58,445.204,451.865,False,False,False,0.13,0.005,0,1.0,,,,,,,,,1.0,0.347,1.0,1.0,0.417,0.053
PRPHA-Cluster_2_yearly_True_window_8_lags_none_sinusoidal_no_linear,True,8,linear_lags_none_sinusoidal_no,0.246,0.006,454.97,457.705,True,False,False,0.171,0.185,0,1.0,,,,,,,,,,,,,,
PRPHA-Cluster_2_yearly_True_window_8_lags_1_sinusoidal_no_linear,True,8,linear_lags_1_sinusoidal_no,0.292,0.014,442.266,446.262,True,True,False,0.233,0.019,0,1.0,1.0,0.588,,,,,,,,,,,,
PRPHA-Cluster_2_yearly_True_window_8_lags_2_sinusoidal_no_linear,True,8,linear_lags_2_sinusoidal_no,0.318,0.014,425.807,429.694,True,True,False,0.194,-0.578,0,1.0,,,1.0,0.933,,,,,,,,,,
PRPHA-Cluster_2_yearly_True_window_8_lags_3_sinusoidal_no_linear,True,8,linear_lags_3_sinusoidal_no,0.238,0.021,414.601,418.376,False,True,False,0.133,-0.328,0,1.0,,,,,1.0,0.511,,,,,,,,
PRPHA-Cluster_2_yearly_True_window_8_lags_4_sinusoidal_no_linear,True,8,linear_lags_4_sinusoidal_no,0.152,0.079,401.117,404.774,False,True,False,0.123,0.048,0,1.0,,,,,,,1.0,0.554,,,,,,
PRPHA-Cluster_2_yearly_True_window_8_lags_5_sinusoidal_no_linear,True,8,linear_lags_5_sinusoidal_no,0.121,0.213,384.143,387.678,False,True,False,0.143,0.001,0,1.0,,,,,,,,,1.0,0.991,,,,
PRPHA-Cluster_2_yearly_True_window_8_lags_none_sinusoidal_yes_linear,True,8,linear_lags_none_sinusoidal_yes,0.351,0.009,454.619,460.088,True,True,False,0.198,0.025,0,1.0,,,,,,,,,,,1.0,1.0,0.493,0.074
PRPHA-Cluster_2_yearly_True_window_8_lags_1_sinusoidal_yes_linear,True,8,linear_lags_1_sinusoidal_yes,0.477,0.045,437.812,444.474,True,True,False,0.592,-0.185,0,1.0,1.0,0.373,,,,,,,,,1.0,1.0,0.251,0.017
PRPHA-Cluster_2_yearly_True_window_8_lags_2_sinusoidal_yes_linear,True,8,linear_lags_2_sinusoidal_yes,0.507,0.135,421.074,427.553,True,True,False,0.444,-0.209,0,1.0,,,1.0,0.416,,,,,,,1.0,1.0,0.12,0.02
PRPHA-Cluster_2_yearly_True_window_8_lags_3_sinusoidal_yes_linear,True,8,linear_lags_3_sinusoidal_yes,0.43,0.3,411.052,417.343,True,True,False,0.332,-0.074,0,1.0,,,,,1.0,0.871,,,,,1.0,1.0,0.247,0.02
PRPHA-Cluster_2_yearly_True_window_8_lags_4_sinusoidal_yes_linear,True,8,linear_lags_4_sinusoidal_yes,0.39,0.616,396.905,403.0,True,True,False,0.298,0.244,0,1.0,,,,,,,1.0,0.797,,,1.0,1.0,0.14,0.02
PRPHA-Cluster_2_yearly_True_window_8_lags_5_sinusoidal_yes_linear,True,8,linear_lags_5_sinusoidal_yes,0.413,0.853,378.452,384.342,True,True,False,0.425,0.322,0,1.0,,,,,,,,,1.0,0.426,1.0,1.0,0.025,0.066
PRPHA-Cluster_2_yearly_False_window_9_lags_none_sinusoidal_no_linear,False,9,linear_lags_none_sinusoidal_no,0.066,0.148,523.302,526.295,True,False,False,0.115,0.013,0,1.0,,,,,,,,,,,,,,
PRPHA-Cluster_2_yearly_False_window_9_lags_1_sinusoidal_no_linear,False,9,linear_lags_1_sinusoidal_no,0.104,0.213,510.693,515.091,True,False,False,0.139,-0.075,0,1.0,1.0,0.442,,,,,,,,,,,,
PRPHA-Cluster_2_yearly_False_window_9_lags_2_sinusoidal_no_linear,False,9,linear_lags_2_sinusoidal_no,0.107,0.145,494.346,498.648,True,False,False,0.123,-0.142,0,1.0,,,1.0,0.951,,,,,,,,,,
PRPHA-Cluster_2_yearly_False_window_9_lags_3_sinusoidal_no_linear,False,9,linear_lags_3_sinusoidal_no,0.123,0.063,479.167,483.371,False,True,False,0.099,-0.335,0,1.0,,,,,1.0,0.158,,,,,,,,
PRPHA-Cluster_2_yearly_False_window_9_lags_4_sinusoidal_no_linear,False,9,linear_lags_4_sinusoidal_no,0.194,0.025,459.565,463.667,True,True,False,0.12,0.066,0,1.0,,,,,,,1.0,0.031,,,,,,
PRPHA-Cluster_2_yearly_False_window_9_lags_5_sinusoidal_no_linear,False,9,linear_lags_5_sinusoidal_no,0.172,0.04,442.386,446.383,True,True,False,0.125,-0.057,0,1.0,,,,,,,,,1.0,0.043,,,,
PRPHA-Cluster_2_yearly_False_window_9_lags_none_sinusoidal_yes_linear,False,9,linear_lags_none_sinusoidal_yes,0.24,0.119,520.519,526.505,False,True,False,0.154,0.072,0,1.0,,,,,,,,,,,1.0,1.0,0.773,0.016
PRPHA-Cluster_2_yearly_False_window_9_lags_1_sinusoidal_yes_linear,False,9,linear_lags_1_sinusoidal_yes,0.403,0.341,501.691,509.02,False,True,False,0.46,0.198,0,1.0,1.0,0.283,,,,,,,,,1.0,1.0,0.714,0.001
PRPHA-Cluster_2_yearly_False_window_9_lags_2_sinusoidal_yes_linear,False,9,linear_lags_2_sinusoidal_yes,0.417,0.625,485.134,492.304,False,True,False,0.294,0.072,0,1.0,,,1.0,0.507,,,,,,,1.0,1.0,0.529,0.001
PRPHA-Cluster_2_yearly_False_window_9_lags_3_sinusoidal_yes_linear,False,9,linear_lags_3_sinusoidal_yes,0.337,0.556,474.796,481.802,False,True,False,0.229,-0.47,0,1.0,,,,,1.0,0.56,,,,,1.0,1.0,0.764,0.009
PRPHA-Cluster_2_yearly_False_window_9_lags_4_sinusoidal_yes_linear,False,9,linear_lags_4_sinusoidal_yes,0.316,0.418,458.822,465.659,False,False,False,0.167,-0.642,0,1.0,,,,,,,1.0,0.274,,,1.0,1.0,0.791,0.05
PRPHA-Cluster_2_yearly_False_window_9_lags_5_sinusoidal_yes_linear,False,9,linear_lags_5_sinusoidal_yes,0.29,0.484,442.073,448.734,False,False,False,0.169,-0.018,0,1.0,,,,,,,,,1.0,0.337,1.0,1.0,0.763,0.063
PRPHA-Cluster_2_yearly_True_window_9_lags_none_sinusoidal_no_linear,True,9,linear_lags_none_sinusoidal_no,0.254,0.005,452.468,455.202,True,False,False,0.167,0.208,0,1.0,,,,,,,,,,,,,,
PRPHA-Cluster_2_yearly_True_window_9_lags_1_sinusoidal_no_linear,True,9,linear_lags_1_sinusoidal_no,0.315,0.016,439.104,443.1,True,False,False,0.275,0.091,0,1.0,1.0,0.301,,,,,,,,,,,,
PRPHA-Cluster_2_yearly_True_window_9_lags_2_sinusoidal_no_linear,True,9,linear_lags_2_sinusoidal_no,0.33,0.023,422.538,426.426,True,False,False,0.217,-0.351,0,1.0,,,1.0,0.579,,,,,,,,,,
PRPHA-Cluster_2_yearly_True_window_9_lags_3_sinusoidal_no_linear,True,9,linear_lags_3_sinusoidal_no,0.23,0.034,411.875,415.649,True,True,False,0.135,0.027,0,1.0,,,,,1.0,0.745,,,,,,,,
PRPHA-Cluster_2_yearly_True_window_9_lags_4_sinusoidal_no_linear,True,9,linear_lags_4_sinusoidal_no,0.178,0.093,396.401,400.057,True,True,False,0.14,0.081,0,1.0,,,,,,,1.0,0.869,,,,,,
PRPHA-Cluster_2_yearly_True_window_9_lags_5_sinusoidal_no_linear,True,9,linear_lags_5_sinusoidal_no,0.164,0.267,378.706,382.24,False,True,False,0.204,-0.389,0,1.0,,,,,,,,,1.0,0.59,,,,
PRPHA-Cluster_2_yearly_True_window_9_lags_none_sinusoidal_yes_linear,True,9,linear_lags_none_sinusoidal_yes,0.353,0.007,452.346,457.815,True,True,False,0.216,-0.106,0,1.0,,,,,,,,,,,1.0,1.0,0.888,0.062
PRPHA-Cluster_2_yearly_True_window_9_lags_1_sinusoidal_yes_linear,True,9,linear_lags_1_sinusoidal_yes,0.463,0.033,436.306,442.967,True,True,False,0.503,-0.127,0,1.0,1.0,0.199,,,,,,,,,1.0,1.0,0.839,0.02
PRPHA-Cluster_2_yearly_True_window_9_lags_2_sinusoidal_yes_linear,True,9,linear_lags_2_sinusoidal_yes,0.49,0.091,419.14,425.619,True,True,False,0.396,-0.245,0,1.0,,,1.0,0.295,,,,,,,1.0,1.0,0.529,0.017
PRPHA-Cluster_2_yearly_True_window_9_lags_3_sinusoidal_yes_linear,True,9,linear_lags_3_sinusoidal_yes,0.412,0.206,408.863,415.153,True,False,False,0.321,-0.07,0,1.0,,,,,1.0,0.79,,,,,1.0,1.0,0.692,0.019
PRPHA-Cluster_2_yearly_True_window_9_lags_4_sinusoidal_yes_linear,True,9,linear_lags_4_sinusoidal_yes,0.412,0.574,392.029,398.123,True,True,False,0.382,0.24,0,1.0,,,,,,,1.0,0.52,,,1.0,1.0,0.313,0.013
PRPHA-Cluster_2_yearly_True_window_9_lags_5_sinusoidal_yes_linear,True,9,linear_lags_5_sinusoidal_yes,0.438,0.898,373.168,379.058,True,True,False,0.572,0.0,0,1.0,,,,,,,,,1.0,0.195,1.0,1.0,0.081,0.02
PRPHA-Cluster_2_yearly_False_window_10_lags_none_sinusoidal_no_linear,False,10,linear_lags_none_sinusoidal_no,0.173,0.016,516.112,519.105,True,False,False,0.146,0.133,0,1.0,,,,,,,,,,,,,,
PRPHA-Cluster_2_yearly_False_window_10_lags_1_sinusoidal_no_linear,False,10,linear_lags_1_sinusoidal_no,0.232,0.037,503.284,507.681,True,False,False,0.19,0.074,0,1.0,1.0,0.395,,,,,,,,,,,,
PRPHA-Cluster_2_yearly_False_window_10_lags_2_sinusoidal_no_linear,False,10,linear_lags_2_sinusoidal_no,0.263,0.019,485.85,490.152,True,True,False,0.17,0.041,0,1.0,,,1.0,0.878,,,,,,,,,,
PRPHA-Cluster_2_yearly_False_window_10_lags_3_sinusoidal_no_linear,False,10,linear_lags_3_sinusoidal_no,0.21,0.015,473.763,477.967,True,True,False,0.103,-0.325,0,1.0,,,,,1.0,0.238,,,,,,,,
PRPHA-Cluster_2_yearly_False_window_10_lags_4_sinusoidal_no_linear,False,10,linear_lags_4_sinusoidal_no,0.198,0.018,456.902,461.004,True,True,False,0.119,-0.03,0,1.0,,,,,,,1.0,0.136,,,,,,
PRPHA-Cluster_2_yearly_False_window_10_lags_5_sinusoidal_no_linear,False,10,linear_lags_5_sinusoidal_no,0.164,0.04,439.704,443.701,True,True,False,0.123,-0.216,0,1.0,,,,,,,,,1.0,0.204,,,,
PRPHA-Cluster_2_yearly_False_window_10_lags_none_sinusoidal_yes_linear,False,10,linear_lags_none_sinusoidal_yes,0.295,0.016,514.872,520.858,False,True,False,0.175,0.135,0,1.0,,,,,,,,,,,1.0,1.0,0.894,0.034
PRPHA-Cluster_2_yearly_False_window_10_lags_1_sinusoidal_yes_linear,False,10,linear_lags_1_sinusoidal_yes,0.418,0.08,498.377,505.705,False,True,False,0.373,0.261,0,1.0,1.0,0.242,,,,,,,,,1.0,1.0,0.743,0.007
PRPHA-Cluster_2_yearly_False_window_10_lags_2_sinusoidal_yes_linear,False,10,linear_lags_2_sinusoidal_yes,0.441,0.12,481.264,488.434,True,True,False,0.282,0.195,0,1.0,,,1.0,0.619,,,,,,,1.0,1.0,0.554,0.009
PRPHA-Cluster_2_yearly_False_window_10_lags_3_sinusoidal_yes_linear,False,10,linear_lags_3_sinusoidal_yes,0.364,0.136,471.275,478.281,False,True,False,0.212,-0.425,0,1.0,,,,,1.0,0.584,,,,,1.0,1.0,0.666,0.022
PRPHA-Cluster_2_yearly_False_window_10_lags_4_sinusoidal_yes_linear,False,10,linear_lags_4_sinusoidal_yes,0.337,0.281,455.38,462.217,False,True,False,0.203,-0.587,0,1.0,,,,,,,1.0,0.544,,,1.0,1.0,0.508,0.036
PRPHA-Cluster_2_yearly_False_window_10_lags_5_sinusoidal_yes_linear,False,10,linear_lags_5_sinusoidal_yes,0.32,0.54,437.894,444.555,False,True,False,0.243,-0.196,0,1.0,,,,,,,,,1.0,0.827,1.0,1.0,0.336,0.035
PRPHA-Cluster_2_yearly_True_window_10_lags_none_sinusoidal_no_linear,True,10,linear_lags_none_sinusoidal_no,0.42,0.0,442.337,445.072,True,True,False,0.197,0.361,0,1.0,,,,,,,,,,,,,,
PRPHA-Cluster_2_yearly_True_window_10_lags_1_sinusoidal_no_linear,True,10,linear_lags_1_sinusoidal_no,0.505,0.001,427.887,431.884,True,True,False,0.441,0.394,0,1.0,1.0,0.177,,,,,,,,,,,,
PRPHA-Cluster_2_yearly_True_window_10_lags_2_sinusoidal_no_linear,True,10,linear_lags_2_sinusoidal_no,0.602,0.001,406.284,410.171,True,True,False,0.511,0.396,0,1.0,,,1.0,0.052,,,,,,,,,,
PRPHA-Cluster_2_yearly_True_window_10_lags_3_sinusoidal_no_linear,True,10,linear_lags_3_sinusoidal_no,0.433,0.012,402.002,405.777,True,True,False,0.292,0.376,0,1.0,,,,,1.0,0.281,,,,,,,,
PRPHA-Cluster_2_yearly_True_window_10_lags_4_sinusoidal_no_linear,True,10,linear_lags_4_sinusoidal_no,0.366,0.041,387.804,391.461,True,True,False,0.272,0.187,0,1.0,,,,,,,1.0,0.396,,,,,,
PRPHA-Cluster_2_yearly_True_window_10_lags_5_sinusoidal_no_linear,True,10,linear_lags_5_sinusoidal_no,0.451,0.14,366.024,369.558,False,True,False,0.481,0.187,0,1.0,,,,,,,,,1.0,0.038,,,,
PRPHA-Cluster_2_yearly_True_window_10_lags_none_sinusoidal_yes_linear,True,10,linear_lags_none_sinusoidal_yes,0.501,0.0,441.997,447.466,True,True,False,0.241,0.064,0,1.0,,,,,,,,,,,1.0,1.0,0.361,0.087
PRPHA-Cluster_2_yearly_True_window_10_lags_1_sinusoidal_yes_linear,True,10,linear_lags_1_sinusoidal_yes,0.581,0.001,427.218,433.879,True,True,False,0.487,0.126,0,1.0,1.0,0.14,,,,,,,,,1.0,1.0,0.584,0.062
PRPHA-Cluster_2_yearly_True_window_10_lags_2_sinusoidal_yes_linear,True,10,linear_lags_2_sinusoidal_yes,0.662,0.002,405.894,412.373,True,True,False,0.589,0.273,0,1.0,,,1.0,0.034,,,,,,,1.0,1.0,0.92,0.062
PRPHA-Cluster_2_yearly_True_window_10_lags_3_sinusoidal_yes_linear,True,10,linear_lags_3_sinusoidal_yes,0.551,0.03,399.953,406.243,True,True,False,0.444,0.169,0,1.0,,,,,1.0,0.162,,,,,1.0,1.0,0.999,0.029
PRPHA-Cluster_2_yearly_True_window_10_lags_4_sinusoidal_yes_linear,True,10,linear_lags_4_sinusoidal_yes,0.51,0.15,385.373,391.468,True,True,False,0.471,-0.067,0,1.0,,,,,,,1.0,0.187,,,1.0,1.0,0.505,0.028
PRPHA-Cluster_2_yearly_True_window_10_lags_5_sinusoidal_yes_linear,True,10,linear_lags_5_sinusoidal_yes,0.596,0.358,362.666,368.556,True,True,False,0.748,0.494,0,1.0,,,,,,,,,1.0,0.011,1.0,1.0,0.103,0.058
