analysis_name,yearly_aggregate,window_size,config_type,r_squared,p_value,aic,bic,is_normal,is_homoscedastic,no_autocorrelation,durbin_watson,cv_r2_score,cv_r2_std,vif_PPT,vif_ortho_PPT_lag1,p_value_lag1,vif_ortho_PPT_lag2,p_value_lag2,vif_ortho_PPT_lag3,p_value_lag3,vif_ortho_PPT_lag4,p_value_lag4,vif_ortho_PPT_lag5,p_value_lag5,vif_ortho_sin_cycle,vif_ortho_cos_cycle,p_value_sin,p_value_cos
PRPHA-Cluster_1_yearly_False_window_1_lags_none_sinusoidal_no_linear,False,1,linear_lags_none_sinusoidal_no,0.151,0.031,555.449,558.317,True,True,True,2.308,0.08,0,1.0,,,,,,,,,,,,,,
PRPHA-Cluster_1_yearly_False_window_1_lags_1_sinusoidal_no_linear,False,1,linear_lags_1_sinusoidal_no,0.253,0.005,535.963,540.167,True,True,True,2.123,-0.156,0,1.0,1.0,0.066,,,,,,,,,,,,
PRPHA-Cluster_1_yearly_False_window_1_lags_2_sinusoidal_no_linear,False,1,linear_lags_2_sinusoidal_no,0.175,0.461,521.906,526.008,False,True,True,2.32,0.051,0,1.0,,,1.0,0.344,,,,,,,,,,
PRPHA-Cluster_1_yearly_False_window_1_lags_3_sinusoidal_no_linear,False,1,linear_lags_3_sinusoidal_no,0.281,0.8,501.256,505.253,True,True,True,2.316,-0.22,0,1.0,,,,,1.0,0.041,,,,,,,,
PRPHA-Cluster_1_yearly_False_window_1_lags_4_sinusoidal_no_linear,False,1,linear_lags_4_sinusoidal_no,0.11,0.243,488.434,492.322,True,False,True,2.317,0.029,0,1.0,,,,,,,1.0,0.915,,,,,,
PRPHA-Cluster_1_yearly_False_window_1_lags_5_sinusoidal_no_linear,False,1,linear_lags_5_sinusoidal_no,0.085,0.181,468.524,472.298,True,True,True,2.366,-0.058,0,1.0,,,,,,,,,1.0,0.545,,,,
PRPHA-Cluster_1_yearly_False_window_1_lags_none_sinusoidal_yes_linear,False,1,linear_lags_none_sinusoidal_yes,0.267,0.196,554.89,560.626,False,True,True,2.227,0.109,0,1.0,,,,,,,,,,,1.0,1.0,0.051,0.7
PRPHA-Cluster_1_yearly_False_window_1_lags_1_sinusoidal_yes_linear,False,1,linear_lags_1_sinusoidal_yes,0.35,0.051,535.787,542.793,True,True,True,2.124,-0.759,0,1.0,1.0,0.174,,,,,,,,,1.0,1.0,0.067,0.982
PRPHA-Cluster_1_yearly_False_window_1_lags_2_sinusoidal_yes_linear,False,1,linear_lags_2_sinusoidal_yes,0.296,0.717,521.338,528.174,False,True,True,2.244,-0.156,0,1.0,,,1.0,0.214,,,,,,,1.0,1.0,0.069,0.465
PRPHA-Cluster_1_yearly_False_window_1_lags_3_sinusoidal_yes_linear,False,1,linear_lags_3_sinusoidal_yes,0.385,0.629,500.899,507.56,False,True,True,2.256,-0.522,0,1.0,,,,,1.0,0.025,,,,,1.0,1.0,0.076,0.516
PRPHA-Cluster_1_yearly_False_window_1_lags_4_sinusoidal_yes_linear,False,1,linear_lags_4_sinusoidal_yes,0.303,0.617,485.824,492.303,True,True,True,2.318,-0.069,0,1.0,,,,,,,1.0,0.656,,,1.0,1.0,0.038,0.288
PRPHA-Cluster_1_yearly_False_window_1_lags_5_sinusoidal_yes_linear,False,1,linear_lags_5_sinusoidal_yes,0.277,0.647,466.372,472.663,True,True,True,2.294,-0.369,0,1.0,,,,,,,,,1.0,0.977,1.0,1.0,0.059,0.182
PRPHA-Cluster_1_yearly_True_window_1_lags_none_sinusoidal_no_linear,True,1,linear_lags_none_sinusoidal_no,0.151,0.031,555.449,558.317,True,True,True,2.308,0.08,0,1.0,,,,,,,,,,,,,,
PRPHA-Cluster_1_yearly_True_window_1_lags_1_sinusoidal_no_linear,True,1,linear_lags_1_sinusoidal_no,0.253,0.005,535.963,540.167,True,True,True,2.123,-0.156,0,1.0,1.0,0.066,,,,,,,,,,,,
PRPHA-Cluster_1_yearly_True_window_1_lags_2_sinusoidal_no_linear,True,1,linear_lags_2_sinusoidal_no,0.175,0.461,521.906,526.008,False,True,True,2.32,0.051,0,1.0,,,1.0,0.344,,,,,,,,,,
PRPHA-Cluster_1_yearly_True_window_1_lags_3_sinusoidal_no_linear,True,1,linear_lags_3_sinusoidal_no,0.281,0.8,501.256,505.253,True,True,True,2.316,-0.22,0,1.0,,,,,1.0,0.041,,,,,,,,
PRPHA-Cluster_1_yearly_True_window_1_lags_4_sinusoidal_no_linear,True,1,linear_lags_4_sinusoidal_no,0.11,0.243,488.434,492.322,True,False,True,2.317,0.029,0,1.0,,,,,,,1.0,0.915,,,,,,
PRPHA-Cluster_1_yearly_True_window_1_lags_5_sinusoidal_no_linear,True,1,linear_lags_5_sinusoidal_no,0.085,0.181,468.524,472.298,True,True,True,2.366,-0.058,0,1.0,,,,,,,,,1.0,0.545,,,,
PRPHA-Cluster_1_yearly_True_window_1_lags_none_sinusoidal_yes_linear,True,1,linear_lags_none_sinusoidal_yes,0.267,0.196,554.89,560.626,False,True,True,2.227,0.109,0,1.0,,,,,,,,,,,1.0,1.0,0.051,0.7
PRPHA-Cluster_1_yearly_True_window_1_lags_1_sinusoidal_yes_linear,True,1,linear_lags_1_sinusoidal_yes,0.35,0.051,535.787,542.793,True,True,True,2.124,-0.759,0,1.0,1.0,0.174,,,,,,,,,1.0,1.0,0.067,0.982
PRPHA-Cluster_1_yearly_True_window_1_lags_2_sinusoidal_yes_linear,True,1,linear_lags_2_sinusoidal_yes,0.296,0.717,521.338,528.174,False,True,True,2.244,-0.156,0,1.0,,,1.0,0.214,,,,,,,1.0,1.0,0.069,0.465
PRPHA-Cluster_1_yearly_True_window_1_lags_3_sinusoidal_yes_linear,True,1,linear_lags_3_sinusoidal_yes,0.385,0.629,500.899,507.56,False,True,True,2.256,-0.522,0,1.0,,,,,1.0,0.025,,,,,1.0,1.0,0.076,0.516
PRPHA-Cluster_1_yearly_True_window_1_lags_4_sinusoidal_yes_linear,True,1,linear_lags_4_sinusoidal_yes,0.303,0.617,485.824,492.303,True,True,True,2.318,-0.069,0,1.0,,,,,,,1.0,0.656,,,1.0,1.0,0.038,0.288
PRPHA-Cluster_1_yearly_True_window_1_lags_5_sinusoidal_yes_linear,True,1,linear_lags_5_sinusoidal_yes,0.277,0.647,466.372,472.663,True,True,True,2.294,-0.369,0,1.0,,,,,,,,,1.0,0.977,1.0,1.0,0.059,0.182
PRPHA-Cluster_1_yearly_False_window_2_lags_none_sinusoidal_no_linear,False,2,linear_lags_none_sinusoidal_no,0.416,0.0,526.391,529.259,True,True,False,1.36,0.221,0,1.0,,,,,,,,,,,,,,
PRPHA-Cluster_1_yearly_False_window_2_lags_1_sinusoidal_no_linear,False,2,linear_lags_1_sinusoidal_no,0.412,0.0,510.843,515.046,True,True,False,1.207,0.343,0,1.0,1.0,0.444,,,,,,,,,,,,
PRPHA-Cluster_1_yearly_False_window_2_lags_2_sinusoidal_no_linear,False,2,linear_lags_2_sinusoidal_no,0.435,0.031,493.295,497.397,True,True,False,1.417,0.299,0,1.0,,,1.0,0.362,,,,,,,,,,
PRPHA-Cluster_1_yearly_False_window_2_lags_3_sinusoidal_no_linear,False,2,linear_lags_3_sinusoidal_no,0.561,0.335,472.744,476.741,True,True,False,1.215,0.363,0,1.0,,,,,1.0,0.03,,,,,,,,
PRPHA-Cluster_1_yearly_False_window_2_lags_4_sinusoidal_no_linear,False,2,linear_lags_4_sinusoidal_no,0.402,0.038,463.63,467.517,True,True,False,1.379,0.006,0,1.0,,,,,,,1.0,0.857,,,,,,
PRPHA-Cluster_1_yearly_False_window_2_lags_5_sinusoidal_no_linear,False,2,linear_lags_5_sinusoidal_no,0.307,0.013,442.698,446.472,True,True,False,1.376,-0.471,0,1.0,,,,,,,,,1.0,0.406,,,,
PRPHA-Cluster_1_yearly_False_window_2_lags_none_sinusoidal_yes_linear,False,2,linear_lags_none_sinusoidal_yes,0.441,0.002,529.054,534.79,True,True,False,1.32,0.164,0,1.0,,,,,,,,,,,1.0,1.0,0.403,0.441
PRPHA-Cluster_1_yearly_False_window_2_lags_1_sinusoidal_yes_linear,False,2,linear_lags_1_sinusoidal_yes,0.466,0.005,511.911,518.917,True,True,False,1.157,-0.042,0,1.0,1.0,0.701,,,,,,,,,1.0,1.0,0.271,0.231
PRPHA-Cluster_1_yearly_False_window_2_lags_2_sinusoidal_yes_linear,False,2,linear_lags_2_sinusoidal_yes,0.481,0.099,494.844,501.681,True,True,False,1.363,0.269,0,1.0,,,1.0,0.226,,,,,,,1.0,1.0,0.575,0.192
PRPHA-Cluster_1_yearly_False_window_2_lags_3_sinusoidal_yes_linear,False,2,linear_lags_3_sinusoidal_yes,0.591,0.417,474.811,481.472,True,True,False,1.185,0.194,0,1.0,,,,,1.0,0.026,,,,,1.0,1.0,0.44,0.319
PRPHA-Cluster_1_yearly_False_window_2_lags_4_sinusoidal_yes_linear,False,2,linear_lags_4_sinusoidal_yes,0.476,0.171,464.035,470.514,True,True,False,1.419,-0.191,0,1.0,,,,,,,1.0,0.484,,,1.0,1.0,0.262,0.17
PRPHA-Cluster_1_yearly_False_window_2_lags_5_sinusoidal_yes_linear,False,2,linear_lags_5_sinusoidal_yes,0.416,0.146,442.282,448.573,True,True,False,1.362,-0.812,0,1.0,,,,,,,,,1.0,0.94,1.0,1.0,0.523,0.067
PRPHA-Cluster_1_yearly_True_window_2_lags_none_sinusoidal_no_linear,True,2,linear_lags_none_sinusoidal_no,0.416,0.0,526.391,529.259,True,True,False,1.36,0.221,0,1.0,,,,,,,,,,,,,,
PRPHA-Cluster_1_yearly_True_window_2_lags_1_sinusoidal_no_linear,True,2,linear_lags_1_sinusoidal_no,0.412,0.0,510.843,515.046,True,True,False,1.207,0.343,0,1.0,1.0,0.444,,,,,,,,,,,,
PRPHA-Cluster_1_yearly_True_window_2_lags_2_sinusoidal_no_linear,True,2,linear_lags_2_sinusoidal_no,0.435,0.031,493.295,497.397,True,True,False,1.417,0.299,0,1.0,,,1.0,0.362,,,,,,,,,,
PRPHA-Cluster_1_yearly_True_window_2_lags_3_sinusoidal_no_linear,True,2,linear_lags_3_sinusoidal_no,0.561,0.335,472.744,476.741,True,True,False,1.215,0.363,0,1.0,,,,,1.0,0.03,,,,,,,,
PRPHA-Cluster_1_yearly_True_window_2_lags_4_sinusoidal_no_linear,True,2,linear_lags_4_sinusoidal_no,0.402,0.038,463.63,467.517,True,True,False,1.379,0.006,0,1.0,,,,,,,1.0,0.857,,,,,,
PRPHA-Cluster_1_yearly_True_window_2_lags_5_sinusoidal_no_linear,True,2,linear_lags_5_sinusoidal_no,0.307,0.013,442.698,446.472,True,True,False,1.376,-0.471,0,1.0,,,,,,,,,1.0,0.406,,,,
PRPHA-Cluster_1_yearly_True_window_2_lags_none_sinusoidal_yes_linear,True,2,linear_lags_none_sinusoidal_yes,0.441,0.002,529.054,534.79,True,True,False,1.32,0.164,0,1.0,,,,,,,,,,,1.0,1.0,0.403,0.441
PRPHA-Cluster_1_yearly_True_window_2_lags_1_sinusoidal_yes_linear,True,2,linear_lags_1_sinusoidal_yes,0.466,0.005,511.911,518.917,True,True,False,1.157,-0.042,0,1.0,1.0,0.701,,,,,,,,,1.0,1.0,0.271,0.231
PRPHA-Cluster_1_yearly_True_window_2_lags_2_sinusoidal_yes_linear,True,2,linear_lags_2_sinusoidal_yes,0.481,0.099,494.844,501.681,True,True,False,1.363,0.269,0,1.0,,,1.0,0.226,,,,,,,1.0,1.0,0.575,0.192
PRPHA-Cluster_1_yearly_True_window_2_lags_3_sinusoidal_yes_linear,True,2,linear_lags_3_sinusoidal_yes,0.591,0.417,474.811,481.472,True,True,False,1.185,0.194,0,1.0,,,,,1.0,0.026,,,,,1.0,1.0,0.44,0.319
PRPHA-Cluster_1_yearly_True_window_2_lags_4_sinusoidal_yes_linear,True,2,linear_lags_4_sinusoidal_yes,0.476,0.171,464.035,470.514,True,True,False,1.419,-0.191,0,1.0,,,,,,,1.0,0.484,,,1.0,1.0,0.262,0.17
PRPHA-Cluster_1_yearly_True_window_2_lags_5_sinusoidal_yes_linear,True,2,linear_lags_5_sinusoidal_yes,0.416,0.146,442.282,448.573,True,True,False,1.362,-0.812,0,1.0,,,,,,,,,1.0,0.94,1.0,1.0,0.523,0.067
PRPHA-Cluster_1_yearly_False_window_3_lags_none_sinusoidal_no_linear,False,3,linear_lags_none_sinusoidal_no,0.472,0.0,508.766,511.634,True,True,False,1.132,0.304,0,1.0,,,,,,,,,,,,,,
PRPHA-Cluster_1_yearly_False_window_3_lags_1_sinusoidal_no_linear,False,3,linear_lags_1_sinusoidal_no,0.42,0.0,496.511,500.715,True,True,False,1.07,0.329,0,1.0,1.0,0.903,,,,,,,,,,,,
PRPHA-Cluster_1_yearly_False_window_3_lags_2_sinusoidal_no_linear,False,3,linear_lags_2_sinusoidal_no,0.491,0.008,478.314,482.416,True,True,False,1.131,0.431,0,1.0,,,1.0,0.291,,,,,,,,,,
PRPHA-Cluster_1_yearly_False_window_3_lags_3_sinusoidal_no_linear,False,3,linear_lags_3_sinusoidal_no,0.537,0.09,462.733,466.73,True,True,False,1.16,-0.218,0,1.0,,,,,1.0,0.228,,,,,,,,
PRPHA-Cluster_1_yearly_False_window_3_lags_4_sinusoidal_no_linear,False,3,linear_lags_4_sinusoidal_no,0.428,0.21,445.086,448.973,True,True,False,1.27,0.234,0,1.0,,,,,,,1.0,0.307,,,,,,
PRPHA-Cluster_1_yearly_False_window_3_lags_5_sinusoidal_no_linear,False,3,linear_lags_5_sinusoidal_no,0.307,0.04,428.825,432.6,True,True,False,1.123,-0.232,0,1.0,,,,,,,,,1.0,0.941,,,,
PRPHA-Cluster_1_yearly_False_window_3_lags_none_sinusoidal_yes_linear,False,3,linear_lags_none_sinusoidal_yes,0.507,0.0,510.687,516.423,True,True,False,1.056,0.18,0,1.0,,,,,,,,,,,1.0,1.0,0.185,0.885
PRPHA-Cluster_1_yearly_False_window_3_lags_1_sinusoidal_yes_linear,False,3,linear_lags_1_sinusoidal_yes,0.457,0.004,498.52,505.526,True,True,False,0.953,0.04,0,1.0,1.0,0.731,,,,,,,,,1.0,1.0,0.211,0.737
PRPHA-Cluster_1_yearly_False_window_3_lags_2_sinusoidal_yes_linear,False,3,linear_lags_2_sinusoidal_yes,0.522,0.022,480.504,487.341,True,True,False,1.04,0.287,0,1.0,,,1.0,0.226,,,,,,,1.0,1.0,0.253,0.652
PRPHA-Cluster_1_yearly_False_window_3_lags_3_sinusoidal_yes_linear,False,3,linear_lags_3_sinusoidal_yes,0.571,0.129,464.656,471.317,True,True,False,1.093,-0.265,0,1.0,,,,,1.0,0.187,,,,,1.0,1.0,0.203,0.821
PRPHA-Cluster_1_yearly_False_window_3_lags_4_sinusoidal_yes_linear,False,3,linear_lags_4_sinusoidal_yes,0.535,0.612,443.474,449.953,True,True,False,1.15,0.187,0,1.0,,,,,,,1.0,0.101,,,1.0,1.0,0.047,0.437
PRPHA-Cluster_1_yearly_False_window_3_lags_5_sinusoidal_yes_linear,False,3,linear_lags_5_sinusoidal_yes,0.405,0.164,428.876,435.166,True,True,False,0.988,-0.157,0,1.0,,,,,,,,,1.0,0.582,1.0,1.0,0.119,0.355
PRPHA-Cluster_1_yearly_True_window_3_lags_none_sinusoidal_no_linear,True,3,linear_lags_none_sinusoidal_no,0.472,0.0,508.766,511.634,True,True,False,1.132,0.304,0,1.0,,,,,,,,,,,,,,
PRPHA-Cluster_1_yearly_True_window_3_lags_1_sinusoidal_no_linear,True,3,linear_lags_1_sinusoidal_no,0.42,0.0,496.511,500.715,True,True,False,1.07,0.329,0,1.0,1.0,0.903,,,,,,,,,,,,
PRPHA-Cluster_1_yearly_True_window_3_lags_2_sinusoidal_no_linear,True,3,linear_lags_2_sinusoidal_no,0.491,0.008,478.314,482.416,True,True,False,1.131,0.431,0,1.0,,,1.0,0.291,,,,,,,,,,
PRPHA-Cluster_1_yearly_True_window_3_lags_3_sinusoidal_no_linear,True,3,linear_lags_3_sinusoidal_no,0.537,0.09,462.733,466.73,True,True,False,1.16,-0.218,0,1.0,,,,,1.0,0.228,,,,,,,,
PRPHA-Cluster_1_yearly_True_window_3_lags_4_sinusoidal_no_linear,True,3,linear_lags_4_sinusoidal_no,0.428,0.21,445.086,448.973,True,True,False,1.27,0.234,0,1.0,,,,,,,1.0,0.307,,,,,,
PRPHA-Cluster_1_yearly_True_window_3_lags_5_sinusoidal_no_linear,True,3,linear_lags_5_sinusoidal_no,0.307,0.04,428.825,432.6,True,True,False,1.123,-0.232,0,1.0,,,,,,,,,1.0,0.941,,,,
PRPHA-Cluster_1_yearly_True_window_3_lags_none_sinusoidal_yes_linear,True,3,linear_lags_none_sinusoidal_yes,0.507,0.0,510.687,516.423,True,True,False,1.056,0.18,0,1.0,,,,,,,,,,,1.0,1.0,0.185,0.885
PRPHA-Cluster_1_yearly_True_window_3_lags_1_sinusoidal_yes_linear,True,3,linear_lags_1_sinusoidal_yes,0.457,0.004,498.52,505.526,True,True,False,0.953,0.04,0,1.0,1.0,0.731,,,,,,,,,1.0,1.0,0.211,0.737
PRPHA-Cluster_1_yearly_True_window_3_lags_2_sinusoidal_yes_linear,True,3,linear_lags_2_sinusoidal_yes,0.522,0.022,480.504,487.341,True,True,False,1.04,0.287,0,1.0,,,1.0,0.226,,,,,,,1.0,1.0,0.253,0.652
PRPHA-Cluster_1_yearly_True_window_3_lags_3_sinusoidal_yes_linear,True,3,linear_lags_3_sinusoidal_yes,0.571,0.129,464.656,471.317,True,True,False,1.093,-0.265,0,1.0,,,,,1.0,0.187,,,,,1.0,1.0,0.203,0.821
PRPHA-Cluster_1_yearly_True_window_3_lags_4_sinusoidal_yes_linear,True,3,linear_lags_4_sinusoidal_yes,0.535,0.612,443.474,449.953,True,True,False,1.15,0.187,0,1.0,,,,,,,1.0,0.101,,,1.0,1.0,0.047,0.437
PRPHA-Cluster_1_yearly_True_window_3_lags_5_sinusoidal_yes_linear,True,3,linear_lags_5_sinusoidal_yes,0.405,0.164,428.876,435.166,True,True,False,0.988,-0.157,0,1.0,,,,,,,,,1.0,0.582,1.0,1.0,0.119,0.355
PRPHA-Cluster_1_yearly_False_window_4_lags_none_sinusoidal_no_linear,False,4,linear_lags_none_sinusoidal_no,0.48,0.0,493.716,496.584,True,True,False,0.853,0.361,0,1.0,,,,,,,,,,,,,,
PRPHA-Cluster_1_yearly_False_window_4_lags_1_sinusoidal_no_linear,False,4,linear_lags_1_sinusoidal_no,0.391,0.001,483.16,487.364,True,True,False,0.762,0.263,0,1.0,1.0,0.682,,,,,,,,,,,,
PRPHA-Cluster_1_yearly_False_window_4_lags_2_sinusoidal_no_linear,False,4,linear_lags_2_sinusoidal_no,0.546,0.005,464.048,468.15,True,True,False,0.897,0.52,0,1.0,,,1.0,0.145,,,,,,,,,,
PRPHA-Cluster_1_yearly_False_window_4_lags_3_sinusoidal_no_linear,False,4,linear_lags_3_sinusoidal_no,0.651,0.091,447.115,451.112,True,True,False,0.845,0.349,0,1.0,,,,,1.0,0.044,,,,,,,,
PRPHA-Cluster_1_yearly_False_window_4_lags_4_sinusoidal_no_linear,False,4,linear_lags_4_sinusoidal_no,0.516,0.365,429.172,433.06,True,False,False,0.967,0.079,0,1.0,,,,,,,1.0,0.074,,,,,,
PRPHA-Cluster_1_yearly_False_window_4_lags_5_sinusoidal_no_linear,False,4,linear_lags_5_sinusoidal_no,0.246,0.1,418.78,422.554,False,True,False,0.805,-0.526,0,1.0,,,,,,,,,1.0,0.834,,,,
PRPHA-Cluster_1_yearly_False_window_4_lags_none_sinusoidal_yes_linear,False,4,linear_lags_none_sinusoidal_yes,0.496,0.0,496.726,502.462,True,True,False,0.796,0.263,0,1.0,,,,,,,,,,,1.0,1.0,0.533,0.491
PRPHA-Cluster_1_yearly_False_window_4_lags_1_sinusoidal_yes_linear,False,4,linear_lags_1_sinusoidal_yes,0.414,0.003,486.025,493.031,True,True,False,0.697,-0.008,0,1.0,1.0,0.633,,,,,,,,,1.0,1.0,0.755,0.355
PRPHA-Cluster_1_yearly_False_window_4_lags_2_sinusoidal_yes_linear,False,4,linear_lags_2_sinusoidal_yes,0.561,0.009,467.044,473.88,True,True,False,0.829,0.246,0,1.0,,,1.0,0.133,,,,,,,1.0,1.0,0.847,0.377
PRPHA-Cluster_1_yearly_False_window_4_lags_3_sinusoidal_yes_linear,False,4,linear_lags_3_sinusoidal_yes,0.658,0.103,450.521,457.182,True,True,False,0.797,0.125,0,1.0,,,,,1.0,0.051,,,,,1.0,1.0,0.788,0.524
PRPHA-Cluster_1_yearly_False_window_4_lags_4_sinusoidal_yes_linear,False,4,linear_lags_4_sinusoidal_yes,0.574,0.508,429.742,436.221,True,False,False,0.836,-0.15,0,1.0,,,,,,,1.0,0.048,,,1.0,1.0,0.392,0.148
PRPHA-Cluster_1_yearly_False_window_4_lags_5_sinusoidal_yes_linear,False,4,linear_lags_5_sinusoidal_yes,0.293,0.159,421.11,427.401,False,True,False,0.683,-0.543,0,1.0,,,,,,,,,1.0,0.726,1.0,1.0,0.692,0.277
PRPHA-Cluster_1_yearly_True_window_4_lags_none_sinusoidal_no_linear,True,4,linear_lags_none_sinusoidal_no,0.48,0.0,493.716,496.584,True,True,False,0.853,0.361,0,1.0,,,,,,,,,,,,,,
PRPHA-Cluster_1_yearly_True_window_4_lags_1_sinusoidal_no_linear,True,4,linear_lags_1_sinusoidal_no,0.391,0.001,483.16,487.364,True,True,False,0.762,0.263,0,1.0,1.0,0.682,,,,,,,,,,,,
PRPHA-Cluster_1_yearly_True_window_4_lags_2_sinusoidal_no_linear,True,4,linear_lags_2_sinusoidal_no,0.546,0.005,464.048,468.15,True,True,False,0.897,0.52,0,1.0,,,1.0,0.145,,,,,,,,,,
PRPHA-Cluster_1_yearly_True_window_4_lags_3_sinusoidal_no_linear,True,4,linear_lags_3_sinusoidal_no,0.651,0.091,447.115,451.112,True,True,False,0.845,0.349,0,1.0,,,,,1.0,0.044,,,,,,,,
PRPHA-Cluster_1_yearly_True_window_4_lags_4_sinusoidal_no_linear,True,4,linear_lags_4_sinusoidal_no,0.516,0.365,429.172,433.06,True,False,False,0.967,0.079,0,1.0,,,,,,,1.0,0.074,,,,,,
PRPHA-Cluster_1_yearly_True_window_4_lags_5_sinusoidal_no_linear,True,4,linear_lags_5_sinusoidal_no,0.246,0.1,418.78,422.554,False,True,False,0.805,-0.526,0,1.0,,,,,,,,,1.0,0.834,,,,
PRPHA-Cluster_1_yearly_True_window_4_lags_none_sinusoidal_yes_linear,True,4,linear_lags_none_sinusoidal_yes,0.496,0.0,496.726,502.462,True,True,False,0.796,0.263,0,1.0,,,,,,,,,,,1.0,1.0,0.533,0.491
PRPHA-Cluster_1_yearly_True_window_4_lags_1_sinusoidal_yes_linear,True,4,linear_lags_1_sinusoidal_yes,0.414,0.003,486.025,493.031,True,True,False,0.697,-0.008,0,1.0,1.0,0.633,,,,,,,,,1.0,1.0,0.755,0.355
PRPHA-Cluster_1_yearly_True_window_4_lags_2_sinusoidal_yes_linear,True,4,linear_lags_2_sinusoidal_yes,0.561,0.009,467.044,473.88,True,True,False,0.829,0.246,0,1.0,,,1.0,0.133,,,,,,,1.0,1.0,0.847,0.377
PRPHA-Cluster_1_yearly_True_window_4_lags_3_sinusoidal_yes_linear,True,4,linear_lags_3_sinusoidal_yes,0.658,0.103,450.521,457.182,True,True,False,0.797,0.125,0,1.0,,,,,1.0,0.051,,,,,1.0,1.0,0.788,0.524
PRPHA-Cluster_1_yearly_True_window_4_lags_4_sinusoidal_yes_linear,True,4,linear_lags_4_sinusoidal_yes,0.574,0.508,429.742,436.221,True,False,False,0.836,-0.15,0,1.0,,,,,,,1.0,0.048,,,1.0,1.0,0.392,0.148
PRPHA-Cluster_1_yearly_True_window_4_lags_5_sinusoidal_yes_linear,True,4,linear_lags_5_sinusoidal_yes,0.293,0.159,421.11,427.401,False,True,False,0.683,-0.543,0,1.0,,,,,,,,,1.0,0.726,1.0,1.0,0.692,0.277
PRPHA-Cluster_1_yearly_False_window_5_lags_none_sinusoidal_no_linear,False,5,linear_lags_none_sinusoidal_no,0.377,0.0,486.024,488.892,True,True,False,0.785,0.319,0,1.0,,,,,,,,,,,,,,
PRPHA-Cluster_1_yearly_False_window_5_lags_1_sinusoidal_no_linear,False,5,linear_lags_1_sinusoidal_no,0.317,0.002,477.8,482.004,True,True,False,0.692,0.107,0,1.0,1.0,0.928,,,,,,,,,,,,
PRPHA-Cluster_1_yearly_False_window_5_lags_2_sinusoidal_no_linear,False,5,linear_lags_2_sinusoidal_no,0.503,0.004,459.307,463.408,True,True,False,0.833,0.334,0,1.0,,,1.0,0.235,,,,,,,,,,
PRPHA-Cluster_1_yearly_False_window_5_lags_3_sinusoidal_no_linear,False,5,linear_lags_3_sinusoidal_no,0.559,0.043,439.658,443.655,True,True,False,0.815,0.279,0,1.0,,,,,1.0,0.092,,,,,,,,
PRPHA-Cluster_1_yearly_False_window_5_lags_4_sinusoidal_no_linear,False,5,linear_lags_4_sinusoidal_no,0.381,0.345,423.753,427.641,True,True,False,0.955,0.307,0,1.0,,,,,,,1.0,0.114,,,,,,
PRPHA-Cluster_1_yearly_False_window_5_lags_5_sinusoidal_no_linear,False,5,linear_lags_5_sinusoidal_no,0.178,0.083,416.058,419.833,False,True,False,0.487,-1.138,0,1.0,,,,,,,,,1.0,0.627,,,,
PRPHA-Cluster_1_yearly_False_window_5_lags_none_sinusoidal_yes_linear,False,5,linear_lags_none_sinusoidal_yes,0.377,0.001,490.013,495.749,True,True,False,0.787,0.15,0,1.0,,,,,,,,,,,1.0,1.0,0.966,0.934
PRPHA-Cluster_1_yearly_False_window_5_lags_1_sinusoidal_yes_linear,False,5,linear_lags_1_sinusoidal_yes,0.321,0.003,481.616,488.622,True,True,False,0.703,-0.159,0,1.0,1.0,0.944,,,,,,,,,1.0,1.0,0.701,0.958
PRPHA-Cluster_1_yearly_False_window_5_lags_2_sinusoidal_yes_linear,False,5,linear_lags_2_sinusoidal_yes,0.506,0.006,463.172,470.009,True,True,False,0.835,0.041,0,1.0,,,1.0,0.257,,,,,,,1.0,1.0,0.774,0.871
PRPHA-Cluster_1_yearly_False_window_5_lags_3_sinusoidal_yes_linear,False,5,linear_lags_3_sinusoidal_yes,0.56,0.052,443.56,450.221,True,True,False,0.81,-0.197,0,1.0,,,,,1.0,0.108,,,,,1.0,1.0,0.959,0.782
PRPHA-Cluster_1_yearly_False_window_5_lags_4_sinusoidal_yes_linear,False,5,linear_lags_4_sinusoidal_yes,0.383,0.359,427.662,434.141,True,True,False,0.953,-0.507,0,1.0,,,,,,,1.0,0.133,,,1.0,1.0,1.0,0.788
PRPHA-Cluster_1_yearly_False_window_5_lags_5_sinusoidal_yes_linear,False,5,linear_lags_5_sinusoidal_yes,0.184,0.095,419.866,426.157,False,True,False,0.487,-1.691,0,1.0,,,,,,,,,1.0,0.631,1.0,1.0,0.698,0.978
PRPHA-Cluster_1_yearly_True_window_5_lags_none_sinusoidal_no_linear,True,5,linear_lags_none_sinusoidal_no,0.377,0.0,486.024,488.892,True,True,False,0.785,0.319,0,1.0,,,,,,,,,,,,,,
PRPHA-Cluster_1_yearly_True_window_5_lags_1_sinusoidal_no_linear,True,5,linear_lags_1_sinusoidal_no,0.317,0.002,477.8,482.004,True,True,False,0.692,0.107,0,1.0,1.0,0.928,,,,,,,,,,,,
PRPHA-Cluster_1_yearly_True_window_5_lags_2_sinusoidal_no_linear,True,5,linear_lags_2_sinusoidal_no,0.503,0.004,459.307,463.408,True,True,False,0.833,0.334,0,1.0,,,1.0,0.235,,,,,,,,,,
PRPHA-Cluster_1_yearly_True_window_5_lags_3_sinusoidal_no_linear,True,5,linear_lags_3_sinusoidal_no,0.559,0.043,439.658,443.655,True,True,False,0.815,0.279,0,1.0,,,,,1.0,0.092,,,,,,,,
PRPHA-Cluster_1_yearly_True_window_5_lags_4_sinusoidal_no_linear,True,5,linear_lags_4_sinusoidal_no,0.381,0.345,423.753,427.641,True,True,False,0.955,0.307,0,1.0,,,,,,,1.0,0.114,,,,,,
PRPHA-Cluster_1_yearly_True_window_5_lags_5_sinusoidal_no_linear,True,5,linear_lags_5_sinusoidal_no,0.178,0.083,416.058,419.833,False,True,False,0.487,-1.138,0,1.0,,,,,,,,,1.0,0.627,,,,
PRPHA-Cluster_1_yearly_True_window_5_lags_none_sinusoidal_yes_linear,True,5,linear_lags_none_sinusoidal_yes,0.377,0.001,490.013,495.749,True,True,False,0.787,0.15,0,1.0,,,,,,,,,,,1.0,1.0,0.966,0.934
PRPHA-Cluster_1_yearly_True_window_5_lags_1_sinusoidal_yes_linear,True,5,linear_lags_1_sinusoidal_yes,0.321,0.003,481.616,488.622,True,True,False,0.703,-0.159,0,1.0,1.0,0.944,,,,,,,,,1.0,1.0,0.701,0.958
PRPHA-Cluster_1_yearly_True_window_5_lags_2_sinusoidal_yes_linear,True,5,linear_lags_2_sinusoidal_yes,0.506,0.006,463.172,470.009,True,True,False,0.835,0.041,0,1.0,,,1.0,0.257,,,,,,,1.0,1.0,0.774,0.871
PRPHA-Cluster_1_yearly_True_window_5_lags_3_sinusoidal_yes_linear,True,5,linear_lags_3_sinusoidal_yes,0.56,0.052,443.56,450.221,True,True,False,0.81,-0.197,0,1.0,,,,,1.0,0.108,,,,,1.0,1.0,0.959,0.782
PRPHA-Cluster_1_yearly_True_window_5_lags_4_sinusoidal_yes_linear,True,5,linear_lags_4_sinusoidal_yes,0.383,0.359,427.662,434.141,True,True,False,0.953,-0.507,0,1.0,,,,,,,1.0,0.133,,,1.0,1.0,1.0,0.788
PRPHA-Cluster_1_yearly_True_window_5_lags_5_sinusoidal_yes_linear,True,5,linear_lags_5_sinusoidal_yes,0.184,0.095,419.866,426.157,False,True,False,0.487,-1.691,0,1.0,,,,,,,,,1.0,0.631,1.0,1.0,0.698,0.978
PRPHA-Cluster_1_yearly_False_window_6_lags_none_sinusoidal_no_linear,False,6,linear_lags_none_sinusoidal_no,0.342,0.001,478.708,481.576,True,True,False,0.717,0.263,0,1.0,,,,,,,,,,,,,,
PRPHA-Cluster_1_yearly_False_window_6_lags_1_sinusoidal_no_linear,False,6,linear_lags_1_sinusoidal_no,0.284,0.005,472.875,477.078,True,True,False,0.667,0.071,0,1.0,1.0,0.606,,,,,,,,,,,,
PRPHA-Cluster_1_yearly_False_window_6_lags_2_sinusoidal_no_linear,False,6,linear_lags_2_sinusoidal_no,0.575,0.006,451.143,455.245,True,True,False,0.759,0.355,0,1.0,,,1.0,0.051,,,,,,,,,,
PRPHA-Cluster_1_yearly_False_window_6_lags_3_sinusoidal_no_linear,False,6,linear_lags_3_sinusoidal_no,0.605,0.06,433.041,437.038,True,True,False,0.736,0.573,0,1.0,,,,,1.0,0.043,,,,,,,,
PRPHA-Cluster_1_yearly_False_window_6_lags_4_sinusoidal_no_linear,False,6,linear_lags_4_sinusoidal_no,0.349,0.214,420.081,423.969,True,True,False,0.835,0.18,0,1.0,,,,,,,1.0,0.231,,,,,,
PRPHA-Cluster_1_yearly_False_window_6_lags_5_sinusoidal_no_linear,False,6,linear_lags_5_sinusoidal_no,0.184,0.051,415.058,418.833,True,True,False,0.438,-0.531,0,1.0,,,,,,,,,1.0,0.396,,,,
PRPHA-Cluster_1_yearly_False_window_6_lags_none_sinusoidal_yes_linear,False,6,linear_lags_none_sinusoidal_yes,0.374,0.001,481.148,486.884,True,True,False,0.644,0.104,0,1.0,,,,,,,,,,,1.0,1.0,0.805,0.259
PRPHA-Cluster_1_yearly_False_window_6_lags_1_sinusoidal_yes_linear,False,6,linear_lags_1_sinusoidal_yes,0.326,0.007,475.096,482.102,True,True,False,0.571,-0.031,0,1.0,1.0,0.598,,,,,,,,,1.0,1.0,0.625,0.27
PRPHA-Cluster_1_yearly_False_window_6_lags_2_sinusoidal_yes_linear,False,6,linear_lags_2_sinusoidal_yes,0.585,0.007,454.44,461.276,True,True,False,0.7,0.018,0,1.0,,,1.0,0.058,,,,,,,1.0,1.0,0.807,0.475
PRPHA-Cluster_1_yearly_False_window_6_lags_3_sinusoidal_yes_linear,False,6,linear_lags_3_sinusoidal_yes,0.614,0.065,436.405,443.066,True,True,False,0.676,-0.052,0,1.0,,,,,1.0,0.053,,,,,1.0,1.0,0.755,0.519
PRPHA-Cluster_1_yearly_False_window_6_lags_4_sinusoidal_yes_linear,False,6,linear_lags_4_sinusoidal_yes,0.379,0.249,422.811,429.29,True,True,False,0.729,-0.131,0,1.0,,,,,,,1.0,0.225,,,1.0,1.0,0.727,0.344
PRPHA-Cluster_1_yearly_False_window_6_lags_5_sinusoidal_yes_linear,False,6,linear_lags_5_sinusoidal_yes,0.248,0.087,416.953,423.243,True,True,False,0.373,-0.754,0,1.0,,,,,,,,,1.0,0.499,1.0,1.0,0.691,0.218
PRPHA-Cluster_1_yearly_True_window_6_lags_none_sinusoidal_no_linear,True,6,linear_lags_none_sinusoidal_no,0.342,0.001,478.708,481.576,True,True,False,0.717,0.263,0,1.0,,,,,,,,,,,,,,
PRPHA-Cluster_1_yearly_True_window_6_lags_1_sinusoidal_no_linear,True,6,linear_lags_1_sinusoidal_no,0.284,0.005,472.875,477.078,True,True,False,0.667,0.071,0,1.0,1.0,0.606,,,,,,,,,,,,
PRPHA-Cluster_1_yearly_True_window_6_lags_2_sinusoidal_no_linear,True,6,linear_lags_2_sinusoidal_no,0.575,0.006,451.143,455.245,True,True,False,0.759,0.355,0,1.0,,,1.0,0.051,,,,,,,,,,
PRPHA-Cluster_1_yearly_True_window_6_lags_3_sinusoidal_no_linear,True,6,linear_lags_3_sinusoidal_no,0.605,0.06,433.041,437.038,True,True,False,0.736,0.573,0,1.0,,,,,1.0,0.043,,,,,,,,
PRPHA-Cluster_1_yearly_True_window_6_lags_4_sinusoidal_no_linear,True,6,linear_lags_4_sinusoidal_no,0.349,0.214,420.081,423.969,True,True,False,0.835,0.18,0,1.0,,,,,,,1.0,0.231,,,,,,
PRPHA-Cluster_1_yearly_True_window_6_lags_5_sinusoidal_no_linear,True,6,linear_lags_5_sinusoidal_no,0.184,0.051,415.058,418.833,True,True,False,0.438,-0.531,0,1.0,,,,,,,,,1.0,0.396,,,,
PRPHA-Cluster_1_yearly_True_window_6_lags_none_sinusoidal_yes_linear,True,6,linear_lags_none_sinusoidal_yes,0.374,0.001,481.148,486.884,True,True,False,0.644,0.104,0,1.0,,,,,,,,,,,1.0,1.0,0.805,0.259
PRPHA-Cluster_1_yearly_True_window_6_lags_1_sinusoidal_yes_linear,True,6,linear_lags_1_sinusoidal_yes,0.326,0.007,475.096,482.102,True,True,False,0.571,-0.031,0,1.0,1.0,0.598,,,,,,,,,1.0,1.0,0.625,0.27
PRPHA-Cluster_1_yearly_True_window_6_lags_2_sinusoidal_yes_linear,True,6,linear_lags_2_sinusoidal_yes,0.585,0.007,454.44,461.276,True,True,False,0.7,0.018,0,1.0,,,1.0,0.058,,,,,,,1.0,1.0,0.807,0.475
PRPHA-Cluster_1_yearly_True_window_6_lags_3_sinusoidal_yes_linear,True,6,linear_lags_3_sinusoidal_yes,0.614,0.065,436.405,443.066,True,True,False,0.676,-0.052,0,1.0,,,,,1.0,0.053,,,,,1.0,1.0,0.755,0.519
PRPHA-Cluster_1_yearly_True_window_6_lags_4_sinusoidal_yes_linear,True,6,linear_lags_4_sinusoidal_yes,0.379,0.249,422.811,429.29,True,True,False,0.729,-0.131,0,1.0,,,,,,,1.0,0.225,,,1.0,1.0,0.727,0.344
PRPHA-Cluster_1_yearly_True_window_6_lags_5_sinusoidal_yes_linear,True,6,linear_lags_5_sinusoidal_yes,0.248,0.087,416.953,423.243,True,True,False,0.373,-0.754,0,1.0,,,,,,,,,1.0,0.499,1.0,1.0,0.691,0.218
PRPHA-Cluster_1_yearly_False_window_7_lags_none_sinusoidal_no_linear,False,7,linear_lags_none_sinusoidal_no,0.288,0.002,471.979,474.847,True,True,False,0.644,0.097,0,1.0,,,,,,,,,,,,,,
PRPHA-Cluster_1_yearly_False_window_7_lags_1_sinusoidal_no_linear,False,7,linear_lags_1_sinusoidal_no,0.318,0.003,466.574,470.777,True,True,False,0.596,0.128,0,1.0,1.0,0.436,,,,,,,,,,,,
PRPHA-Cluster_1_yearly_False_window_7_lags_2_sinusoidal_no_linear,False,7,linear_lags_2_sinusoidal_no,0.495,0.003,445.097,449.199,True,True,False,0.697,0.184,0,1.0,,,1.0,0.202,,,,,,,,,,
PRPHA-Cluster_1_yearly_False_window_7_lags_3_sinusoidal_no_linear,False,7,linear_lags_3_sinusoidal_no,0.451,0.032,429.335,433.332,True,True,False,0.733,0.399,0,1.0,,,,,1.0,0.245,,,,,,,,
PRPHA-Cluster_1_yearly_False_window_7_lags_4_sinusoidal_no_linear,False,7,linear_lags_4_sinusoidal_no,0.221,0.112,415.453,419.341,True,True,False,0.653,0.185,0,1.0,,,,,,,1.0,0.857,,,,,,
PRPHA-Cluster_1_yearly_False_window_7_lags_5_sinusoidal_no_linear,False,7,linear_lags_5_sinusoidal_no,0.238,0.055,410.283,414.058,True,True,False,0.448,-0.3,0,1.0,,,,,,,,,1.0,0.828,,,,
PRPHA-Cluster_1_yearly_False_window_7_lags_none_sinusoidal_yes_linear,False,7,linear_lags_none_sinusoidal_yes,0.359,0.005,472.717,478.453,False,True,False,0.505,-0.019,0,1.0,,,,,,,,,,,1.0,1.0,0.13,0.439
PRPHA-Cluster_1_yearly_False_window_7_lags_1_sinusoidal_yes_linear,False,7,linear_lags_1_sinusoidal_yes,0.39,0.007,467.205,474.211,True,True,False,0.48,0.023,0,1.0,1.0,0.4,,,,,,,,,1.0,1.0,0.156,0.354
PRPHA-Cluster_1_yearly_False_window_7_lags_2_sinusoidal_yes_linear,False,7,linear_lags_2_sinusoidal_yes,0.532,0.005,446.883,453.72,True,True,False,0.577,-0.293,0,1.0,,,1.0,0.187,,,,,,,1.0,1.0,0.317,0.365
PRPHA-Cluster_1_yearly_False_window_7_lags_3_sinusoidal_yes_linear,False,7,linear_lags_3_sinusoidal_yes,0.488,0.029,431.428,438.089,True,True,False,0.605,0.002,0,1.0,,,,,1.0,0.276,,,,,1.0,1.0,0.288,0.513
PRPHA-Cluster_1_yearly_False_window_7_lags_4_sinusoidal_yes_linear,False,7,linear_lags_4_sinusoidal_yes,0.314,0.134,416.002,422.481,True,True,False,0.499,-0.256,0,1.0,,,,,,,1.0,0.791,,,1.0,1.0,0.145,0.412
PRPHA-Cluster_1_yearly_False_window_7_lags_5_sinusoidal_yes_linear,False,7,linear_lags_5_sinusoidal_yes,0.315,0.114,411.538,417.828,False,True,False,0.325,-0.468,0,1.0,,,,,,,,,1.0,0.978,1.0,1.0,0.34,0.243
PRPHA-Cluster_1_yearly_True_window_7_lags_none_sinusoidal_no_linear,True,7,linear_lags_none_sinusoidal_no,0.288,0.002,471.979,474.847,True,True,False,0.644,0.097,0,1.0,,,,,,,,,,,,,,
PRPHA-Cluster_1_yearly_True_window_7_lags_1_sinusoidal_no_linear,True,7,linear_lags_1_sinusoidal_no,0.318,0.003,466.574,470.777,True,True,False,0.596,0.128,0,1.0,1.0,0.436,,,,,,,,,,,,
PRPHA-Cluster_1_yearly_True_window_7_lags_2_sinusoidal_no_linear,True,7,linear_lags_2_sinusoidal_no,0.495,0.003,445.097,449.199,True,True,False,0.697,0.184,0,1.0,,,1.0,0.202,,,,,,,,,,
PRPHA-Cluster_1_yearly_True_window_7_lags_3_sinusoidal_no_linear,True,7,linear_lags_3_sinusoidal_no,0.451,0.032,429.335,433.332,True,True,False,0.733,0.399,0,1.0,,,,,1.0,0.245,,,,,,,,
PRPHA-Cluster_1_yearly_True_window_7_lags_4_sinusoidal_no_linear,True,7,linear_lags_4_sinusoidal_no,0.221,0.112,415.453,419.341,True,True,False,0.653,0.185,0,1.0,,,,,,,1.0,0.857,,,,,,
PRPHA-Cluster_1_yearly_True_window_7_lags_5_sinusoidal_no_linear,True,7,linear_lags_5_sinusoidal_no,0.238,0.055,410.283,414.058,True,True,False,0.448,-0.3,0,1.0,,,,,,,,,1.0,0.828,,,,
PRPHA-Cluster_1_yearly_True_window_7_lags_none_sinusoidal_yes_linear,True,7,linear_lags_none_sinusoidal_yes,0.359,0.005,472.717,478.453,False,True,False,0.505,-0.019,0,1.0,,,,,,,,,,,1.0,1.0,0.13,0.439
PRPHA-Cluster_1_yearly_True_window_7_lags_1_sinusoidal_yes_linear,True,7,linear_lags_1_sinusoidal_yes,0.39,0.007,467.205,474.211,True,True,False,0.48,0.023,0,1.0,1.0,0.4,,,,,,,,,1.0,1.0,0.156,0.354
PRPHA-Cluster_1_yearly_True_window_7_lags_2_sinusoidal_yes_linear,True,7,linear_lags_2_sinusoidal_yes,0.532,0.005,446.883,453.72,True,True,False,0.577,-0.293,0,1.0,,,1.0,0.187,,,,,,,1.0,1.0,0.317,0.365
PRPHA-Cluster_1_yearly_True_window_7_lags_3_sinusoidal_yes_linear,True,7,linear_lags_3_sinusoidal_yes,0.488,0.029,431.428,438.089,True,True,False,0.605,0.002,0,1.0,,,,,1.0,0.276,,,,,1.0,1.0,0.288,0.513
PRPHA-Cluster_1_yearly_True_window_7_lags_4_sinusoidal_yes_linear,True,7,linear_lags_4_sinusoidal_yes,0.314,0.134,416.002,422.481,True,True,False,0.499,-0.256,0,1.0,,,,,,,1.0,0.791,,,1.0,1.0,0.145,0.412
PRPHA-Cluster_1_yearly_True_window_7_lags_5_sinusoidal_yes_linear,True,7,linear_lags_5_sinusoidal_yes,0.315,0.114,411.538,417.828,False,True,False,0.325,-0.468,0,1.0,,,,,,,,,1.0,0.978,1.0,1.0,0.34,0.243
PRPHA-Cluster_1_yearly_False_window_8_lags_none_sinusoidal_no_linear,False,8,linear_lags_none_sinusoidal_no,0.231,0.006,463.686,466.554,True,True,False,0.601,0.131,0,1.0,,,,,,,,,,,,,,
PRPHA-Cluster_1_yearly_False_window_8_lags_1_sinusoidal_no_linear,False,8,linear_lags_1_sinusoidal_no,0.259,0.009,461.341,465.544,True,True,False,0.501,-0.232,0,1.0,1.0,0.701,,,,,,,,,,,,
PRPHA-Cluster_1_yearly_False_window_8_lags_2_sinusoidal_no_linear,False,8,linear_lags_2_sinusoidal_no,0.488,0.012,438.585,442.687,True,True,False,0.608,0.279,0,1.0,,,1.0,0.165,,,,,,,,,,
PRPHA-Cluster_1_yearly_False_window_8_lags_3_sinusoidal_no_linear,False,8,linear_lags_3_sinusoidal_no,0.429,0.053,423.057,427.053,True,True,False,0.641,0.332,0,1.0,,,,,1.0,0.256,,,,,,,,
PRPHA-Cluster_1_yearly_False_window_8_lags_4_sinusoidal_no_linear,False,8,linear_lags_4_sinusoidal_no,0.164,0.086,408.446,412.334,True,True,False,0.524,0.098,0,1.0,,,,,,,1.0,0.682,,,,,,
PRPHA-Cluster_1_yearly_False_window_8_lags_5_sinusoidal_no_linear,False,8,linear_lags_5_sinusoidal_no,0.175,0.067,407.781,411.555,False,True,False,0.306,-0.44,0,1.0,,,,,,,,,1.0,0.588,,,,
PRPHA-Cluster_1_yearly_False_window_8_lags_none_sinusoidal_yes_linear,False,8,linear_lags_none_sinusoidal_yes,0.292,0.026,465.122,470.858,False,True,False,0.499,0.076,0,1.0,,,,,,,,,,,1.0,1.0,0.418,0.199
PRPHA-Cluster_1_yearly_False_window_8_lags_1_sinusoidal_yes_linear,False,8,linear_lags_1_sinusoidal_yes,0.317,0.029,462.874,469.88,True,True,False,0.416,-0.339,0,1.0,1.0,0.62,,,,,,,,,1.0,1.0,0.455,0.219
PRPHA-Cluster_1_yearly_False_window_8_lags_2_sinusoidal_yes_linear,False,8,linear_lags_2_sinusoidal_yes,0.52,0.016,440.738,447.575,True,True,False,0.53,-0.102,0,1.0,,,1.0,0.155,,,,,,,1.0,1.0,0.892,0.224
PRPHA-Cluster_1_yearly_False_window_8_lags_3_sinusoidal_yes_linear,False,8,linear_lags_3_sinusoidal_yes,0.467,0.042,425.15,431.811,True,True,False,0.594,0.133,0,1.0,,,,,1.0,0.313,,,,,1.0,1.0,0.852,0.221
PRPHA-Cluster_1_yearly_False_window_8_lags_4_sinusoidal_yes_linear,False,8,linear_lags_4_sinusoidal_yes,0.287,0.074,408.157,414.636,False,True,False,0.39,-0.667,0,1.0,,,,,,,1.0,0.658,,,1.0,1.0,0.759,0.068
PRPHA-Cluster_1_yearly_False_window_8_lags_5_sinusoidal_yes_linear,False,8,linear_lags_5_sinusoidal_yes,0.271,0.111,408.551,414.841,False,True,False,0.244,-0.248,0,1.0,,,,,,,,,1.0,0.708,1.0,1.0,0.937,0.111
PRPHA-Cluster_1_yearly_True_window_8_lags_none_sinusoidal_no_linear,True,8,linear_lags_none_sinusoidal_no,0.231,0.006,463.686,466.554,True,True,False,0.601,0.131,0,1.0,,,,,,,,,,,,,,
PRPHA-Cluster_1_yearly_True_window_8_lags_1_sinusoidal_no_linear,True,8,linear_lags_1_sinusoidal_no,0.259,0.009,461.341,465.544,True,True,False,0.501,-0.232,0,1.0,1.0,0.701,,,,,,,,,,,,
PRPHA-Cluster_1_yearly_True_window_8_lags_2_sinusoidal_no_linear,True,8,linear_lags_2_sinusoidal_no,0.488,0.012,438.585,442.687,True,True,False,0.608,0.279,0,1.0,,,1.0,0.165,,,,,,,,,,
PRPHA-Cluster_1_yearly_True_window_8_lags_3_sinusoidal_no_linear,True,8,linear_lags_3_sinusoidal_no,0.429,0.053,423.057,427.053,True,True,False,0.641,0.332,0,1.0,,,,,1.0,0.256,,,,,,,,
PRPHA-Cluster_1_yearly_True_window_8_lags_4_sinusoidal_no_linear,True,8,linear_lags_4_sinusoidal_no,0.164,0.086,408.446,412.334,True,True,False,0.524,0.098,0,1.0,,,,,,,1.0,0.682,,,,,,
PRPHA-Cluster_1_yearly_True_window_8_lags_5_sinusoidal_no_linear,True,8,linear_lags_5_sinusoidal_no,0.175,0.067,407.781,411.555,False,True,False,0.306,-0.44,0,1.0,,,,,,,,,1.0,0.588,,,,
PRPHA-Cluster_1_yearly_True_window_8_lags_none_sinusoidal_yes_linear,True,8,linear_lags_none_sinusoidal_yes,0.292,0.026,465.122,470.858,False,True,False,0.499,0.076,0,1.0,,,,,,,,,,,1.0,1.0,0.418,0.199
PRPHA-Cluster_1_yearly_True_window_8_lags_1_sinusoidal_yes_linear,True,8,linear_lags_1_sinusoidal_yes,0.317,0.029,462.874,469.88,True,True,False,0.416,-0.339,0,1.0,1.0,0.62,,,,,,,,,1.0,1.0,0.455,0.219
PRPHA-Cluster_1_yearly_True_window_8_lags_2_sinusoidal_yes_linear,True,8,linear_lags_2_sinusoidal_yes,0.52,0.016,440.738,447.575,True,True,False,0.53,-0.102,0,1.0,,,1.0,0.155,,,,,,,1.0,1.0,0.892,0.224
PRPHA-Cluster_1_yearly_True_window_8_lags_3_sinusoidal_yes_linear,True,8,linear_lags_3_sinusoidal_yes,0.467,0.042,425.15,431.811,True,True,False,0.594,0.133,0,1.0,,,,,1.0,0.313,,,,,1.0,1.0,0.852,0.221
PRPHA-Cluster_1_yearly_True_window_8_lags_4_sinusoidal_yes_linear,True,8,linear_lags_4_sinusoidal_yes,0.287,0.074,408.157,414.636,False,True,False,0.39,-0.667,0,1.0,,,,,,,1.0,0.658,,,1.0,1.0,0.759,0.068
PRPHA-Cluster_1_yearly_True_window_8_lags_5_sinusoidal_yes_linear,True,8,linear_lags_5_sinusoidal_yes,0.271,0.111,408.551,414.841,False,True,False,0.244,-0.248,0,1.0,,,,,,,,,1.0,0.708,1.0,1.0,0.937,0.111
PRPHA-Cluster_1_yearly_False_window_9_lags_none_sinusoidal_no_linear,False,9,linear_lags_none_sinusoidal_no,0.22,0.008,458.643,461.511,True,True,False,0.611,0.187,0,1.0,,,,,,,,,,,,,,
PRPHA-Cluster_1_yearly_False_window_9_lags_1_sinusoidal_no_linear,False,9,linear_lags_1_sinusoidal_no,0.272,0.004,450.122,454.326,True,True,False,0.529,0.21,0,1.0,1.0,0.418,,,,,,,,,,,,
PRPHA-Cluster_1_yearly_False_window_9_lags_2_sinusoidal_no_linear,False,9,linear_lags_2_sinusoidal_no,0.327,0.008,432.812,436.914,True,True,False,0.759,0.231,0,1.0,,,1.0,0.887,,,,,,,,,,
PRPHA-Cluster_1_yearly_False_window_9_lags_3_sinusoidal_no_linear,False,9,linear_lags_3_sinusoidal_no,0.237,0.041,412.965,416.961,True,False,False,0.732,-0.28,0,1.0,,,,,1.0,0.987,,,,,,,,
PRPHA-Cluster_1_yearly_False_window_9_lags_4_sinusoidal_no_linear,False,9,linear_lags_4_sinusoidal_no,0.134,0.077,403.377,407.265,True,True,False,0.642,-0.032,0,1.0,,,,,,,1.0,0.452,,,,,,
PRPHA-Cluster_1_yearly_False_window_9_lags_5_sinusoidal_no_linear,False,9,linear_lags_5_sinusoidal_no,0.115,0.139,404.46,408.234,False,True,False,0.281,-0.184,0,1.0,,,,,,,,,1.0,0.631,,,,
PRPHA-Cluster_1_yearly_False_window_9_lags_none_sinusoidal_yes_linear,False,9,linear_lags_none_sinusoidal_yes,0.239,0.018,461.872,467.608,True,True,False,0.632,-0.164,0,1.0,,,,,,,,,,,1.0,1.0,0.421,0.93
PRPHA-Cluster_1_yearly_False_window_9_lags_1_sinusoidal_yes_linear,False,9,linear_lags_1_sinusoidal_yes,0.307,0.01,452.627,459.633,True,True,False,0.548,0.07,0,1.0,1.0,0.463,,,,,,,,,1.0,1.0,0.274,0.847
PRPHA-Cluster_1_yearly_False_window_9_lags_2_sinusoidal_yes_linear,False,9,linear_lags_2_sinusoidal_yes,0.352,0.014,435.723,442.56,True,True,False,0.787,-0.451,0,1.0,,,1.0,0.825,,,,,,,1.0,1.0,0.548,0.465
PRPHA-Cluster_1_yearly_False_window_9_lags_3_sinusoidal_yes_linear,False,9,linear_lags_3_sinusoidal_yes,0.257,0.045,416.22,422.881,True,True,False,0.757,-0.723,0,1.0,,,,,1.0,0.976,,,,,1.0,1.0,0.74,0.483
PRPHA-Cluster_1_yearly_False_window_9_lags_4_sinusoidal_yes_linear,False,9,linear_lags_4_sinusoidal_yes,0.206,0.06,405.036,411.515,True,True,False,0.666,-0.901,0,1.0,,,,,,,1.0,0.401,,,1.0,1.0,0.522,0.224
PRPHA-Cluster_1_yearly_False_window_9_lags_5_sinusoidal_yes_linear,False,9,linear_lags_5_sinusoidal_yes,0.172,0.13,406.71,413.0,False,True,False,0.33,-0.21,0,1.0,,,,,,,,,1.0,0.598,1.0,1.0,0.865,0.245
PRPHA-Cluster_1_yearly_True_window_9_lags_none_sinusoidal_no_linear,True,9,linear_lags_none_sinusoidal_no,0.22,0.008,458.643,461.511,True,True,False,0.611,0.187,0,1.0,,,,,,,,,,,,,,
PRPHA-Cluster_1_yearly_True_window_9_lags_1_sinusoidal_no_linear,True,9,linear_lags_1_sinusoidal_no,0.272,0.004,450.122,454.326,True,True,False,0.529,0.21,0,1.0,1.0,0.418,,,,,,,,,,,,
PRPHA-Cluster_1_yearly_True_window_9_lags_2_sinusoidal_no_linear,True,9,linear_lags_2_sinusoidal_no,0.327,0.008,432.812,436.914,True,True,False,0.759,0.231,0,1.0,,,1.0,0.887,,,,,,,,,,
PRPHA-Cluster_1_yearly_True_window_9_lags_3_sinusoidal_no_linear,True,9,linear_lags_3_sinusoidal_no,0.237,0.041,412.965,416.961,True,False,False,0.732,-0.28,0,1.0,,,,,1.0,0.987,,,,,,,,
PRPHA-Cluster_1_yearly_True_window_9_lags_4_sinusoidal_no_linear,True,9,linear_lags_4_sinusoidal_no,0.134,0.077,403.377,407.265,True,True,False,0.642,-0.032,0,1.0,,,,,,,1.0,0.452,,,,,,
PRPHA-Cluster_1_yearly_True_window_9_lags_5_sinusoidal_no_linear,True,9,linear_lags_5_sinusoidal_no,0.115,0.139,404.46,408.234,False,True,False,0.281,-0.184,0,1.0,,,,,,,,,1.0,0.631,,,,
PRPHA-Cluster_1_yearly_True_window_9_lags_none_sinusoidal_yes_linear,True,9,linear_lags_none_sinusoidal_yes,0.239,0.018,461.872,467.608,True,True,False,0.632,-0.164,0,1.0,,,,,,,,,,,1.0,1.0,0.421,0.93
PRPHA-Cluster_1_yearly_True_window_9_lags_1_sinusoidal_yes_linear,True,9,linear_lags_1_sinusoidal_yes,0.307,0.01,452.627,459.633,True,True,False,0.548,0.07,0,1.0,1.0,0.463,,,,,,,,,1.0,1.0,0.274,0.847
PRPHA-Cluster_1_yearly_True_window_9_lags_2_sinusoidal_yes_linear,True,9,linear_lags_2_sinusoidal_yes,0.352,0.014,435.723,442.56,True,True,False,0.787,-0.451,0,1.0,,,1.0,0.825,,,,,,,1.0,1.0,0.548,0.465
PRPHA-Cluster_1_yearly_True_window_9_lags_3_sinusoidal_yes_linear,True,9,linear_lags_3_sinusoidal_yes,0.257,0.045,416.22,422.881,True,True,False,0.757,-0.723,0,1.0,,,,,1.0,0.976,,,,,1.0,1.0,0.74,0.483
PRPHA-Cluster_1_yearly_True_window_9_lags_4_sinusoidal_yes_linear,True,9,linear_lags_4_sinusoidal_yes,0.206,0.06,405.036,411.515,True,True,False,0.666,-0.901,0,1.0,,,,,,,1.0,0.401,,,1.0,1.0,0.522,0.224
PRPHA-Cluster_1_yearly_True_window_9_lags_5_sinusoidal_yes_linear,True,9,linear_lags_5_sinusoidal_yes,0.172,0.13,406.71,413.0,False,True,False,0.33,-0.21,0,1.0,,,,,,,,,1.0,0.598,1.0,1.0,0.865,0.245
PRPHA-Cluster_1_yearly_False_window_10_lags_none_sinusoidal_no_linear,False,10,linear_lags_none_sinusoidal_no,0.159,0.027,451.347,454.215,True,True,False,0.531,0.107,0,1.0,,,,,,,,,,,,,,
PRPHA-Cluster_1_yearly_False_window_10_lags_1_sinusoidal_no_linear,False,10,linear_lags_1_sinusoidal_no,0.208,0.013,444.065,448.268,True,True,False,0.473,0.048,0,1.0,1.0,0.635,,,,,,,,,,,,
PRPHA-Cluster_1_yearly_False_window_10_lags_2_sinusoidal_no_linear,False,10,linear_lags_2_sinusoidal_no,0.283,0.015,425.94,430.042,True,True,False,0.674,0.117,0,1.0,,,1.0,0.877,,,,,,,,,,
PRPHA-Cluster_1_yearly_False_window_10_lags_3_sinusoidal_no_linear,False,10,linear_lags_3_sinusoidal_no,0.198,0.032,402.403,406.4,True,True,False,0.702,-0.264,0,1.0,,,,,1.0,0.526,,,,,,,,
PRPHA-Cluster_1_yearly_False_window_10_lags_4_sinusoidal_no_linear,False,10,linear_lags_4_sinusoidal_no,0.08,0.163,395.082,398.97,True,True,False,0.552,-0.12,0,1.0,,,,,,,1.0,0.329,,,,,,
PRPHA-Cluster_1_yearly_False_window_10_lags_5_sinusoidal_no_linear,False,10,linear_lags_5_sinusoidal_no,0.069,0.232,403.058,406.832,False,True,False,0.201,-0.535,0,1.0,,,,,,,,,1.0,0.628,,,,
PRPHA-Cluster_1_yearly_False_window_10_lags_none_sinusoidal_yes_linear,False,10,linear_lags_none_sinusoidal_yes,0.178,0.034,454.624,460.359,True,True,False,0.541,-0.132,0,1.0,,,,,,,,,,,1.0,1.0,0.646,0.528
PRPHA-Cluster_1_yearly_False_window_10_lags_1_sinusoidal_yes_linear,False,10,linear_lags_1_sinusoidal_yes,0.222,0.022,447.558,454.563,True,True,False,0.476,-0.243,0,1.0,1.0,0.658,,,,,,,,,1.0,1.0,0.53,0.896
PRPHA-Cluster_1_yearly_False_window_10_lags_2_sinusoidal_yes_linear,False,10,linear_lags_2_sinusoidal_yes,0.287,0.023,429.804,436.64,True,True,False,0.689,-0.237,0,1.0,,,1.0,0.864,,,,,,,1.0,1.0,0.863,0.776
PRPHA-Cluster_1_yearly_False_window_10_lags_3_sinusoidal_yes_linear,False,10,linear_lags_3_sinusoidal_yes,0.205,0.041,406.159,412.82,True,True,False,0.723,-0.679,0,1.0,,,,,1.0,0.547,,,,,1.0,1.0,0.761,0.747
PRPHA-Cluster_1_yearly_False_window_10_lags_4_sinusoidal_yes_linear,False,10,linear_lags_4_sinusoidal_yes,0.097,0.152,398.566,405.046,True,False,False,0.583,-2.03,0,1.0,,,,,,,1.0,0.313,,,1.0,1.0,0.921,0.526
PRPHA-Cluster_1_yearly_False_window_10_lags_5_sinusoidal_yes_linear,False,10,linear_lags_5_sinusoidal_yes,0.084,0.219,406.632,412.923,False,True,False,0.25,-0.638,0,1.0,,,,,,,,,1.0,0.593,1.0,1.0,0.764,0.615
PRPHA-Cluster_1_yearly_True_window_10_lags_none_sinusoidal_no_linear,True,10,linear_lags_none_sinusoidal_no,0.159,0.027,451.347,454.215,True,True,False,0.531,0.107,0,1.0,,,,,,,,,,,,,,
PRPHA-Cluster_1_yearly_True_window_10_lags_1_sinusoidal_no_linear,True,10,linear_lags_1_sinusoidal_no,0.208,0.013,444.065,448.268,True,True,False,0.473,0.048,0,1.0,1.0,0.635,,,,,,,,,,,,
PRPHA-Cluster_1_yearly_True_window_10_lags_2_sinusoidal_no_linear,True,10,linear_lags_2_sinusoidal_no,0.283,0.015,425.94,430.042,True,True,False,0.674,0.117,0,1.0,,,1.0,0.877,,,,,,,,,,
PRPHA-Cluster_1_yearly_True_window_10_lags_3_sinusoidal_no_linear,True,10,linear_lags_3_sinusoidal_no,0.198,0.032,402.403,406.4,True,True,False,0.702,-0.264,0,1.0,,,,,1.0,0.526,,,,,,,,
PRPHA-Cluster_1_yearly_True_window_10_lags_4_sinusoidal_no_linear,True,10,linear_lags_4_sinusoidal_no,0.08,0.163,395.082,398.97,True,True,False,0.552,-0.12,0,1.0,,,,,,,1.0,0.329,,,,,,
PRPHA-Cluster_1_yearly_True_window_10_lags_5_sinusoidal_no_linear,True,10,linear_lags_5_sinusoidal_no,0.069,0.232,403.058,406.832,False,True,False,0.201,-0.535,0,1.0,,,,,,,,,1.0,0.628,,,,
PRPHA-Cluster_1_yearly_True_window_10_lags_none_sinusoidal_yes_linear,True,10,linear_lags_none_sinusoidal_yes,0.178,0.034,454.624,460.359,True,True,False,0.541,-0.132,0,1.0,,,,,,,,,,,1.0,1.0,0.646,0.528
PRPHA-Cluster_1_yearly_True_window_10_lags_1_sinusoidal_yes_linear,True,10,linear_lags_1_sinusoidal_yes,0.222,0.022,447.558,454.563,True,True,False,0.476,-0.243,0,1.0,1.0,0.658,,,,,,,,,1.0,1.0,0.53,0.896
PRPHA-Cluster_1_yearly_True_window_10_lags_2_sinusoidal_yes_linear,True,10,linear_lags_2_sinusoidal_yes,0.287,0.023,429.804,436.64,True,True,False,0.689,-0.237,0,1.0,,,1.0,0.864,,,,,,,1.0,1.0,0.863,0.776
PRPHA-Cluster_1_yearly_True_window_10_lags_3_sinusoidal_yes_linear,True,10,linear_lags_3_sinusoidal_yes,0.205,0.041,406.159,412.82,True,True,False,0.723,-0.679,0,1.0,,,,,1.0,0.547,,,,,1.0,1.0,0.761,0.747
PRPHA-Cluster_1_yearly_True_window_10_lags_4_sinusoidal_yes_linear,True,10,linear_lags_4_sinusoidal_yes,0.097,0.152,398.566,405.046,True,False,False,0.583,-2.03,0,1.0,,,,,,,1.0,0.313,,,1.0,1.0,0.921,0.526
PRPHA-Cluster_1_yearly_True_window_10_lags_5_sinusoidal_yes_linear,True,10,linear_lags_5_sinusoidal_yes,0.084,0.219,406.632,412.923,False,True,False,0.25,-0.638,0,1.0,,,,,,,,,1.0,0.593,1.0,1.0,0.764,0.615
