analysis_name,yearly_aggregate,window_size,config_type,r_squared,p_value,aic,bic,is_normal,is_homoscedastic,no_autocorrelation,durbin_watson,cv_r2_score,cv_r2_std,vif_PPT,vif_quadratic,p_value_quadratic,vif_ortho_PPT_lag1,p_value_lag1,vif_ortho_PPT_lag2,p_value_lag2,vif_ortho_PPT_lag3,p_value_lag3,vif_ortho_PPT_lag4,p_value_lag4,vif_ortho_PPT_lag5,p_value_lag5,vif_ortho_sin_cycle,vif_ortho_cos_cycle,p_value_sin,p_value_cos
PRPHA-Cluster_1_yearly_False_window_1_lags_none_sinusoidal_no_quadratic,False,1,quadratic_lags_none_sinusoidal_no,0.27,0.008,552.744,557.046,True,True,True,2.246,0.148,0,1.96,1.96,0.041,,,,,,,,,,,,,,
PRPHA-Cluster_1_yearly_False_window_1_lags_1_sinusoidal_no_quadratic,False,1,quadratic_lags_1_sinusoidal_no,0.345,0.002,533.998,539.603,True,True,True,2.153,0.059,0,2.036,2.045,0.066,1.009,0.075,,,,,,,,,,,,
PRPHA-Cluster_1_yearly_False_window_1_lags_2_sinusoidal_no_quadratic,False,1,quadratic_lags_2_sinusoidal_no,0.261,0.168,520.715,526.184,True,True,True,2.223,0.011,0,1.98,2.014,0.101,,,1.034,0.733,,,,,,,,,,
PRPHA-Cluster_1_yearly_False_window_1_lags_3_sinusoidal_no_quadratic,False,1,quadratic_lags_3_sinusoidal_no,0.424,0.968,497.066,502.395,True,True,True,2.111,-0.023,0,2.022,2.042,0.023,,,,,1.02,0.017,,,,,,,,
PRPHA-Cluster_1_yearly_False_window_1_lags_4_sinusoidal_no_quadratic,False,1,quadratic_lags_4_sinusoidal_no,0.214,0.159,487.086,492.269,True,False,True,2.202,0.126,0,2.061,2.102,0.095,,,,,,,1.041,0.905,,,,,,
PRPHA-Cluster_1_yearly_False_window_1_lags_5_sinusoidal_no_quadratic,False,1,quadratic_lags_5_sinusoidal_no,0.156,0.136,468.423,473.456,True,True,True,2.19,-0.562,0,2.008,2.047,0.187,,,,,,,,,1.039,0.69,,,,
PRPHA-Cluster_1_yearly_False_window_1_lags_none_sinusoidal_yes_quadratic,False,1,quadratic_lags_none_sinusoidal_yes,0.421,0.07,549.571,556.741,True,True,True,2.206,0.292,0,1.988,2.017,0.014,,,,,,,,,,,1.012,1.017,0.018,0.452
PRPHA-Cluster_1_yearly_False_window_1_lags_1_sinusoidal_yes_quadratic,False,1,quadratic_lags_1_sinusoidal_yes,0.467,0.028,531.851,540.259,True,True,True,2.217,-0.206,0,2.059,2.09,0.031,1.009,0.241,,,,,,,,,1.009,1.013,0.028,0.775
PRPHA-Cluster_1_yearly_False_window_1_lags_2_sinusoidal_yes_quadratic,False,1,quadratic_lags_2_sinusoidal_yes,0.424,0.227,517.519,525.723,True,True,True,2.119,-0.06,0,2.033,2.123,0.034,,,1.036,0.571,,,,,,,1.036,1.018,0.025,0.343
PRPHA-Cluster_1_yearly_False_window_1_lags_3_sinusoidal_yes_quadratic,False,1,quadratic_lags_3_sinusoidal_yes,0.572,0.833,492.709,500.702,True,True,True,2.095,-0.111,0,2.063,2.125,0.005,,,,,1.021,0.005,,,,,1.009,1.032,0.022,0.204
PRPHA-Cluster_1_yearly_False_window_1_lags_4_sinusoidal_yes_quadratic,False,1,quadratic_lags_4_sinusoidal_yes,0.436,0.466,482.124,489.9,True,True,True,2.265,0.158,0,2.069,2.118,0.037,,,,,,,1.041,0.42,,,1.007,1.001,0.017,0.231
PRPHA-Cluster_1_yearly_False_window_1_lags_5_sinusoidal_yes_quadratic,False,1,quadratic_lags_5_sinusoidal_yes,0.385,0.568,464.196,471.744,True,True,True,2.154,-0.379,0,2.027,2.086,0.077,,,,,,,,,1.04,0.7,1.019,1.0,0.028,0.157
PRPHA-Cluster_1_yearly_True_window_1_lags_none_sinusoidal_no_quadratic,True,1,quadratic_lags_none_sinusoidal_no,0.27,0.008,552.744,557.046,True,True,True,2.246,0.148,0,1.96,1.96,0.041,,,,,,,,,,,,,,
PRPHA-Cluster_1_yearly_True_window_1_lags_1_sinusoidal_no_quadratic,True,1,quadratic_lags_1_sinusoidal_no,0.345,0.002,533.998,539.603,True,True,True,2.153,0.059,0,2.036,2.045,0.066,1.009,0.075,,,,,,,,,,,,
PRPHA-Cluster_1_yearly_True_window_1_lags_2_sinusoidal_no_quadratic,True,1,quadratic_lags_2_sinusoidal_no,0.261,0.168,520.715,526.184,True,True,True,2.223,0.011,0,1.98,2.014,0.101,,,1.034,0.733,,,,,,,,,,
PRPHA-Cluster_1_yearly_True_window_1_lags_3_sinusoidal_no_quadratic,True,1,quadratic_lags_3_sinusoidal_no,0.424,0.968,497.066,502.395,True,True,True,2.111,-0.023,0,2.022,2.042,0.023,,,,,1.02,0.017,,,,,,,,
PRPHA-Cluster_1_yearly_True_window_1_lags_4_sinusoidal_no_quadratic,True,1,quadratic_lags_4_sinusoidal_no,0.214,0.159,487.086,492.269,True,False,True,2.202,0.126,0,2.061,2.102,0.095,,,,,,,1.041,0.905,,,,,,
PRPHA-Cluster_1_yearly_True_window_1_lags_5_sinusoidal_no_quadratic,True,1,quadratic_lags_5_sinusoidal_no,0.156,0.136,468.423,473.456,True,True,True,2.19,-0.562,0,2.008,2.047,0.187,,,,,,,,,1.039,0.69,,,,
PRPHA-Cluster_1_yearly_True_window_1_lags_none_sinusoidal_yes_quadratic,True,1,quadratic_lags_none_sinusoidal_yes,0.421,0.07,549.571,556.741,True,True,True,2.206,0.292,0,1.988,2.017,0.014,,,,,,,,,,,1.012,1.017,0.018,0.452
PRPHA-Cluster_1_yearly_True_window_1_lags_1_sinusoidal_yes_quadratic,True,1,quadratic_lags_1_sinusoidal_yes,0.467,0.028,531.851,540.259,True,True,True,2.217,-0.206,0,2.059,2.09,0.031,1.009,0.241,,,,,,,,,1.009,1.013,0.028,0.775
PRPHA-Cluster_1_yearly_True_window_1_lags_2_sinusoidal_yes_quadratic,True,1,quadratic_lags_2_sinusoidal_yes,0.424,0.227,517.519,525.723,True,True,True,2.119,-0.06,0,2.033,2.123,0.034,,,1.036,0.571,,,,,,,1.036,1.018,0.025,0.343
PRPHA-Cluster_1_yearly_True_window_1_lags_3_sinusoidal_yes_quadratic,True,1,quadratic_lags_3_sinusoidal_yes,0.572,0.833,492.709,500.702,True,True,True,2.095,-0.111,0,2.063,2.125,0.005,,,,,1.021,0.005,,,,,1.009,1.032,0.022,0.204
PRPHA-Cluster_1_yearly_True_window_1_lags_4_sinusoidal_yes_quadratic,True,1,quadratic_lags_4_sinusoidal_yes,0.436,0.466,482.124,489.9,True,True,True,2.265,0.158,0,2.069,2.118,0.037,,,,,,,1.041,0.42,,,1.007,1.001,0.017,0.231
PRPHA-Cluster_1_yearly_True_window_1_lags_5_sinusoidal_yes_quadratic,True,1,quadratic_lags_5_sinusoidal_yes,0.385,0.568,464.196,471.744,True,True,True,2.154,-0.379,0,2.027,2.086,0.077,,,,,,,,,1.04,0.7,1.019,1.0,0.028,0.157
PRPHA-Cluster_1_yearly_False_window_2_lags_none_sinusoidal_no_quadratic,False,2,quadratic_lags_none_sinusoidal_no,0.5,0.0,523.571,527.873,True,True,False,1.463,0.253,0,2.16,2.16,0.039,,,,,,,,,,,,,,
PRPHA-Cluster_1_yearly_False_window_2_lags_1_sinusoidal_no_quadratic,False,2,quadratic_lags_1_sinusoidal_no,0.492,0.0,508.445,514.05,True,True,False,1.405,0.275,0,2.057,2.072,0.053,1.015,0.619,,,,,,,,,,,,
PRPHA-Cluster_1_yearly_False_window_2_lags_2_sinusoidal_no_quadratic,False,2,quadratic_lags_2_sinusoidal_no,0.487,0.021,492.468,497.937,True,True,False,1.473,0.321,0,2.164,2.191,0.122,,,1.027,0.418,,,,,,,,,,
PRPHA-Cluster_1_yearly_False_window_2_lags_3_sinusoidal_no_quadratic,False,2,quadratic_lags_3_sinusoidal_no,0.633,0.381,469.776,475.104,True,True,False,1.288,0.279,0,2.004,2.033,0.041,,,,,1.03,0.017,,,,,,,,
PRPHA-Cluster_1_yearly_False_window_2_lags_4_sinusoidal_no_quadratic,False,2,quadratic_lags_4_sinusoidal_no,0.481,0.032,461.799,466.982,True,True,True,1.546,0.181,0,2.352,2.354,0.074,,,,,,,1.002,0.745,,,,,,
PRPHA-Cluster_1_yearly_False_window_2_lags_5_sinusoidal_no_quadratic,False,2,quadratic_lags_5_sinusoidal_no,0.323,0.016,444.123,449.155,True,True,False,1.403,-0.54,0,2.473,2.481,0.49,,,,,,,,,1.009,0.504,,,,
PRPHA-Cluster_1_yearly_False_window_2_lags_none_sinusoidal_yes_quadratic,False,2,quadratic_lags_none_sinusoidal_yes,0.54,0.002,525.018,532.188,True,True,False,1.458,0.285,0,2.194,2.224,0.026,,,,,,,,,,,1.014,1.015,0.38,0.207
PRPHA-Cluster_1_yearly_False_window_2_lags_1_sinusoidal_yes_quadratic,False,2,quadratic_lags_1_sinusoidal_yes,0.544,0.003,509.198,517.605,True,True,False,1.413,0.101,0,2.063,2.083,0.055,1.015,0.911,,,,,,,,,1.005,1.0,0.29,0.194
PRPHA-Cluster_1_yearly_False_window_2_lags_2_sinusoidal_yes_quadratic,False,2,quadratic_lags_2_sinusoidal_yes,0.545,0.079,493.001,501.204,True,True,False,1.438,-0.536,0,2.194,2.247,0.084,,,1.028,0.236,,,,,,,1.01,1.016,0.68,0.112
PRPHA-Cluster_1_yearly_False_window_2_lags_3_sinusoidal_yes_quadratic,False,2,quadratic_lags_3_sinusoidal_yes,0.709,0.502,467.296,475.29,True,True,False,1.373,0.302,0,2.169,2.368,0.007,,,,,1.035,0.008,,,,,1.003,1.162,0.413,0.036
PRPHA-Cluster_1_yearly_False_window_2_lags_4_sinusoidal_yes_quadratic,False,2,quadratic_lags_4_sinusoidal_yes,0.574,0.15,460.449,468.224,True,True,True,1.673,0.044,0,2.397,2.432,0.039,,,,,,,1.002,0.359,,,1.011,1.023,0.27,0.074
PRPHA-Cluster_1_yearly_False_window_2_lags_5_sinusoidal_yes_quadratic,False,2,quadratic_lags_5_sinusoidal_yes,0.443,0.184,443.021,450.569,True,True,False,1.419,-0.977,0,2.473,2.483,0.331,,,,,,,,,1.009,0.875,1.0,1.001,0.483,0.055
PRPHA-Cluster_1_yearly_True_window_2_lags_none_sinusoidal_no_quadratic,True,2,quadratic_lags_none_sinusoidal_no,0.5,0.0,523.571,527.873,True,True,False,1.463,0.253,0,2.16,2.16,0.039,,,,,,,,,,,,,,
PRPHA-Cluster_1_yearly_True_window_2_lags_1_sinusoidal_no_quadratic,True,2,quadratic_lags_1_sinusoidal_no,0.492,0.0,508.445,514.05,True,True,False,1.405,0.275,0,2.057,2.072,0.053,1.015,0.619,,,,,,,,,,,,
PRPHA-Cluster_1_yearly_True_window_2_lags_2_sinusoidal_no_quadratic,True,2,quadratic_lags_2_sinusoidal_no,0.487,0.021,492.468,497.937,True,True,False,1.473,0.321,0,2.164,2.191,0.122,,,1.027,0.418,,,,,,,,,,
PRPHA-Cluster_1_yearly_True_window_2_lags_3_sinusoidal_no_quadratic,True,2,quadratic_lags_3_sinusoidal_no,0.633,0.381,469.776,475.104,True,True,False,1.288,0.279,0,2.004,2.033,0.041,,,,,1.03,0.017,,,,,,,,
PRPHA-Cluster_1_yearly_True_window_2_lags_4_sinusoidal_no_quadratic,True,2,quadratic_lags_4_sinusoidal_no,0.481,0.032,461.799,466.982,True,True,True,1.546,0.181,0,2.352,2.354,0.074,,,,,,,1.002,0.745,,,,,,
PRPHA-Cluster_1_yearly_True_window_2_lags_5_sinusoidal_no_quadratic,True,2,quadratic_lags_5_sinusoidal_no,0.323,0.016,444.123,449.155,True,True,False,1.403,-0.54,0,2.473,2.481,0.49,,,,,,,,,1.009,0.504,,,,
PRPHA-Cluster_1_yearly_True_window_2_lags_none_sinusoidal_yes_quadratic,True,2,quadratic_lags_none_sinusoidal_yes,0.54,0.002,525.018,532.188,True,True,False,1.458,0.285,0,2.194,2.224,0.026,,,,,,,,,,,1.014,1.015,0.38,0.207
PRPHA-Cluster_1_yearly_True_window_2_lags_1_sinusoidal_yes_quadratic,True,2,quadratic_lags_1_sinusoidal_yes,0.544,0.003,509.198,517.605,True,True,False,1.413,0.101,0,2.063,2.083,0.055,1.015,0.911,,,,,,,,,1.005,1.0,0.29,0.194
PRPHA-Cluster_1_yearly_True_window_2_lags_2_sinusoidal_yes_quadratic,True,2,quadratic_lags_2_sinusoidal_yes,0.545,0.079,493.001,501.204,True,True,False,1.438,-0.536,0,2.194,2.247,0.084,,,1.028,0.236,,,,,,,1.01,1.016,0.68,0.112
PRPHA-Cluster_1_yearly_True_window_2_lags_3_sinusoidal_yes_quadratic,True,2,quadratic_lags_3_sinusoidal_yes,0.709,0.502,467.296,475.29,True,True,False,1.373,0.302,0,2.169,2.368,0.007,,,,,1.035,0.008,,,,,1.003,1.162,0.413,0.036
PRPHA-Cluster_1_yearly_True_window_2_lags_4_sinusoidal_yes_quadratic,True,2,quadratic_lags_4_sinusoidal_yes,0.574,0.15,460.449,468.224,True,True,True,1.673,0.044,0,2.397,2.432,0.039,,,,,,,1.002,0.359,,,1.011,1.023,0.27,0.074
PRPHA-Cluster_1_yearly_True_window_2_lags_5_sinusoidal_yes_quadratic,True,2,quadratic_lags_5_sinusoidal_yes,0.443,0.184,443.021,450.569,True,True,False,1.419,-0.977,0,2.473,2.483,0.331,,,,,,,,,1.009,0.875,1.0,1.001,0.483,0.055
PRPHA-Cluster_1_yearly_False_window_3_lags_none_sinusoidal_no_quadratic,False,3,quadratic_lags_none_sinusoidal_no,0.537,0.0,506.745,511.047,True,True,False,1.254,0.334,0,1.912,1.912,0.059,,,,,,,,,,,,,,
PRPHA-Cluster_1_yearly_False_window_3_lags_1_sinusoidal_no_quadratic,False,3,quadratic_lags_1_sinusoidal_no,0.52,0.0,492.811,498.416,True,True,False,1.292,0.424,0,1.895,1.896,0.028,1.002,0.811,,,,,,,,,,,,
PRPHA-Cluster_1_yearly_False_window_3_lags_2_sinusoidal_no_quadratic,False,3,quadratic_lags_2_sinusoidal_no,0.586,0.006,474.343,479.812,True,True,False,1.299,0.357,0,2.009,2.01,0.025,,,1.002,0.195,,,,,,,,,,
PRPHA-Cluster_1_yearly_False_window_3_lags_3_sinusoidal_no_quadratic,False,3,quadratic_lags_3_sinusoidal_no,0.655,0.105,456.498,461.827,True,True,False,1.36,0.184,0,1.79,1.882,0.009,,,,,1.093,0.188,,,,,,,,
PRPHA-Cluster_1_yearly_False_window_3_lags_4_sinusoidal_no_quadratic,False,3,quadratic_lags_4_sinusoidal_no,0.55,0.356,440.591,445.774,True,True,False,1.357,0.238,0,2.013,2.017,0.02,,,,,,,1.004,0.128,,,,,,
PRPHA-Cluster_1_yearly_False_window_3_lags_5_sinusoidal_no_quadratic,False,3,quadratic_lags_5_sinusoidal_no,0.394,0.053,427.341,432.373,True,True,False,1.174,-0.074,0,1.958,1.958,0.09,,,,,,,,,1.0,0.747,,,,
PRPHA-Cluster_1_yearly_False_window_3_lags_none_sinusoidal_yes_quadratic,False,3,quadratic_lags_none_sinusoidal_yes,0.568,0.001,508.548,515.718,True,True,False,1.187,0.139,0,1.939,1.969,0.065,,,,,,,,,,,1.021,1.009,0.179,0.962
PRPHA-Cluster_1_yearly_False_window_3_lags_1_sinusoidal_yes_quadratic,False,3,quadratic_lags_1_sinusoidal_yes,0.56,0.004,494.244,502.651,True,True,False,1.202,0.27,0,1.904,1.915,0.027,1.002,0.63,,,,,,,,,1.002,1.007,0.158,0.809
PRPHA-Cluster_1_yearly_False_window_3_lags_2_sinusoidal_yes_quadratic,False,3,quadratic_lags_2_sinusoidal_yes,0.619,0.018,475.943,484.147,True,True,False,1.219,0.233,0,2.009,2.011,0.024,,,1.002,0.138,,,,,,,1.0,1.0,0.204,0.575
PRPHA-Cluster_1_yearly_False_window_3_lags_3_sinusoidal_yes_quadratic,False,3,quadratic_lags_3_sinusoidal_yes,0.712,0.154,455.448,463.441,False,True,False,1.305,0.257,0,1.818,1.951,0.003,,,,,1.096,0.122,,,,,1.008,1.028,0.066,0.424
PRPHA-Cluster_1_yearly_False_window_3_lags_4_sinusoidal_yes_quadratic,False,3,quadratic_lags_4_sinusoidal_yes,0.669,0.997,436.301,444.076,True,True,False,1.167,0.468,0,2.019,2.03,0.008,,,,,,,1.004,0.02,,,1.001,1.006,0.015,0.507
PRPHA-Cluster_1_yearly_False_window_3_lags_5_sinusoidal_yes_quadratic,False,3,quadratic_lags_5_sinusoidal_yes,0.512,0.252,425.73,433.279,True,True,False,1.078,0.067,0,1.991,2.026,0.049,,,,,,,,,1.0,0.35,1.008,1.027,0.05,0.49
PRPHA-Cluster_1_yearly_True_window_3_lags_none_sinusoidal_no_quadratic,True,3,quadratic_lags_none_sinusoidal_no,0.537,0.0,506.745,511.047,True,True,False,1.254,0.334,0,1.912,1.912,0.059,,,,,,,,,,,,,,
PRPHA-Cluster_1_yearly_True_window_3_lags_1_sinusoidal_no_quadratic,True,3,quadratic_lags_1_sinusoidal_no,0.52,0.0,492.811,498.416,True,True,False,1.292,0.424,0,1.895,1.896,0.028,1.002,0.811,,,,,,,,,,,,
PRPHA-Cluster_1_yearly_True_window_3_lags_2_sinusoidal_no_quadratic,True,3,quadratic_lags_2_sinusoidal_no,0.586,0.006,474.343,479.812,True,True,False,1.299,0.357,0,2.009,2.01,0.025,,,1.002,0.195,,,,,,,,,,
PRPHA-Cluster_1_yearly_True_window_3_lags_3_sinusoidal_no_quadratic,True,3,quadratic_lags_3_sinusoidal_no,0.655,0.105,456.498,461.827,True,True,False,1.36,0.184,0,1.79,1.882,0.009,,,,,1.093,0.188,,,,,,,,
PRPHA-Cluster_1_yearly_True_window_3_lags_4_sinusoidal_no_quadratic,True,3,quadratic_lags_4_sinusoidal_no,0.55,0.356,440.591,445.774,True,True,False,1.357,0.238,0,2.013,2.017,0.02,,,,,,,1.004,0.128,,,,,,
PRPHA-Cluster_1_yearly_True_window_3_lags_5_sinusoidal_no_quadratic,True,3,quadratic_lags_5_sinusoidal_no,0.394,0.053,427.341,432.373,True,True,False,1.174,-0.074,0,1.958,1.958,0.09,,,,,,,,,1.0,0.747,,,,
PRPHA-Cluster_1_yearly_True_window_3_lags_none_sinusoidal_yes_quadratic,True,3,quadratic_lags_none_sinusoidal_yes,0.568,0.001,508.548,515.718,True,True,False,1.187,0.139,0,1.939,1.969,0.065,,,,,,,,,,,1.021,1.009,0.179,0.962
PRPHA-Cluster_1_yearly_True_window_3_lags_1_sinusoidal_yes_quadratic,True,3,quadratic_lags_1_sinusoidal_yes,0.56,0.004,494.244,502.651,True,True,False,1.202,0.27,0,1.904,1.915,0.027,1.002,0.63,,,,,,,,,1.002,1.007,0.158,0.809
PRPHA-Cluster_1_yearly_True_window_3_lags_2_sinusoidal_yes_quadratic,True,3,quadratic_lags_2_sinusoidal_yes,0.619,0.018,475.943,484.147,True,True,False,1.219,0.233,0,2.009,2.011,0.024,,,1.002,0.138,,,,,,,1.0,1.0,0.204,0.575
PRPHA-Cluster_1_yearly_True_window_3_lags_3_sinusoidal_yes_quadratic,True,3,quadratic_lags_3_sinusoidal_yes,0.712,0.154,455.448,463.441,False,True,False,1.305,0.257,0,1.818,1.951,0.003,,,,,1.096,0.122,,,,,1.008,1.028,0.066,0.424
PRPHA-Cluster_1_yearly_True_window_3_lags_4_sinusoidal_yes_quadratic,True,3,quadratic_lags_4_sinusoidal_yes,0.669,0.997,436.301,444.076,True,True,False,1.167,0.468,0,2.019,2.03,0.008,,,,,,,1.004,0.02,,,1.001,1.006,0.015,0.507
PRPHA-Cluster_1_yearly_True_window_3_lags_5_sinusoidal_yes_quadratic,True,3,quadratic_lags_5_sinusoidal_yes,0.512,0.252,425.73,433.279,True,True,False,1.078,0.067,0,1.991,2.026,0.049,,,,,,,,,1.0,0.35,1.008,1.027,0.05,0.49
PRPHA-Cluster_1_yearly_False_window_4_lags_none_sinusoidal_no_quadratic,False,4,quadratic_lags_none_sinusoidal_no,0.516,0.0,493.444,497.746,True,True,False,0.893,0.398,0,1.734,1.734,0.156,,,,,,,,,,,,,,
PRPHA-Cluster_1_yearly_False_window_4_lags_1_sinusoidal_no_quadratic,False,4,quadratic_lags_1_sinusoidal_no,0.474,0.001,480.799,486.404,True,True,False,0.931,0.311,0,1.681,1.681,0.054,1.0,0.564,,,,,,,,,,,,
PRPHA-Cluster_1_yearly_False_window_4_lags_2_sinusoidal_no_quadratic,False,4,quadratic_lags_2_sinusoidal_no,0.649,0.003,458.592,464.061,True,True,False,1.017,0.578,0,1.989,2.008,0.012,,,1.02,0.108,,,,,,,,,,
PRPHA-Cluster_1_yearly_False_window_4_lags_3_sinusoidal_no_quadratic,False,4,quadratic_lags_3_sinusoidal_no,0.76,0.135,438.617,443.946,True,True,False,0.941,0.523,0,1.649,1.943,0.003,,,,,1.294,0.048,,,,,,,,
PRPHA-Cluster_1_yearly_False_window_4_lags_4_sinusoidal_no_quadratic,False,4,quadratic_lags_4_sinusoidal_no,0.624,0.561,424.383,429.566,True,False,False,1.14,0.459,0,1.735,1.812,0.017,,,,,,,1.077,0.042,,,,,,
PRPHA-Cluster_1_yearly_False_window_4_lags_5_sinusoidal_no_quadratic,False,4,quadratic_lags_5_sinusoidal_no,0.341,0.171,417.292,422.324,False,True,False,0.934,-0.297,0,1.63,1.639,0.089,,,,,,,,,1.009,0.676,,,,
PRPHA-Cluster_1_yearly_False_window_4_lags_none_sinusoidal_yes_quadratic,False,4,quadratic_lags_none_sinusoidal_yes,0.53,0.0,496.535,503.705,True,True,False,0.86,0.288,0,1.787,1.859,0.179,,,,,,,,,,,1.002,1.071,0.427,0.743
PRPHA-Cluster_1_yearly_False_window_4_lags_1_sinusoidal_yes_quadratic,False,4,quadratic_lags_1_sinusoidal_yes,0.491,0.003,483.804,492.212,True,True,False,0.879,0.029,0,1.728,1.798,0.069,1.0,0.518,,,,,,,,,1.018,1.051,0.514,0.546
PRPHA-Cluster_1_yearly_False_window_4_lags_2_sinusoidal_yes_quadratic,False,4,quadratic_lags_2_sinusoidal_yes,0.671,0.007,460.67,468.873,True,True,False,0.945,0.323,0,2.021,2.075,0.011,,,1.02,0.09,,,,,,,1.033,1.001,0.467,0.318
PRPHA-Cluster_1_yearly_False_window_4_lags_3_sinusoidal_yes_quadratic,False,4,quadratic_lags_3_sinusoidal_yes,0.792,0.15,438.576,446.569,True,True,False,0.844,0.546,0,1.695,2.083,0.001,,,,,1.315,0.048,,,,,1.021,1.051,0.365,0.117
PRPHA-Cluster_1_yearly_False_window_4_lags_4_sinusoidal_yes_quadratic,False,4,quadratic_lags_4_sinusoidal_yes,0.705,0.858,421.852,429.627,True,True,False,0.976,0.475,0,1.748,1.843,0.006,,,,,,,1.078,0.015,,,1.017,1.0,0.141,0.075
PRPHA-Cluster_1_yearly_False_window_4_lags_5_sinusoidal_yes_quadratic,False,4,quadratic_lags_5_sinusoidal_yes,0.414,0.323,418.219,425.768,True,True,False,0.856,-0.285,0,1.694,1.806,0.055,,,,,,,,,1.01,0.496,1.097,1.004,0.281,0.268
PRPHA-Cluster_1_yearly_True_window_4_lags_none_sinusoidal_no_quadratic,True,4,quadratic_lags_none_sinusoidal_no,0.516,0.0,493.444,497.746,True,True,False,0.893,0.398,0,1.734,1.734,0.156,,,,,,,,,,,,,,
PRPHA-Cluster_1_yearly_True_window_4_lags_1_sinusoidal_no_quadratic,True,4,quadratic_lags_1_sinusoidal_no,0.474,0.001,480.799,486.404,True,True,False,0.931,0.311,0,1.681,1.681,0.054,1.0,0.564,,,,,,,,,,,,
PRPHA-Cluster_1_yearly_True_window_4_lags_2_sinusoidal_no_quadratic,True,4,quadratic_lags_2_sinusoidal_no,0.649,0.003,458.592,464.061,True,True,False,1.017,0.578,0,1.989,2.008,0.012,,,1.02,0.108,,,,,,,,,,
PRPHA-Cluster_1_yearly_True_window_4_lags_3_sinusoidal_no_quadratic,True,4,quadratic_lags_3_sinusoidal_no,0.76,0.135,438.617,443.946,True,True,False,0.941,0.523,0,1.649,1.943,0.003,,,,,1.294,0.048,,,,,,,,
PRPHA-Cluster_1_yearly_True_window_4_lags_4_sinusoidal_no_quadratic,True,4,quadratic_lags_4_sinusoidal_no,0.624,0.561,424.383,429.566,True,False,False,1.14,0.459,0,1.735,1.812,0.017,,,,,,,1.077,0.042,,,,,,
PRPHA-Cluster_1_yearly_True_window_4_lags_5_sinusoidal_no_quadratic,True,4,quadratic_lags_5_sinusoidal_no,0.341,0.171,417.292,422.324,False,True,False,0.934,-0.297,0,1.63,1.639,0.089,,,,,,,,,1.009,0.676,,,,
PRPHA-Cluster_1_yearly_True_window_4_lags_none_sinusoidal_yes_quadratic,True,4,quadratic_lags_none_sinusoidal_yes,0.53,0.0,496.535,503.705,True,True,False,0.86,0.288,0,1.787,1.859,0.179,,,,,,,,,,,1.002,1.071,0.427,0.743
PRPHA-Cluster_1_yearly_True_window_4_lags_1_sinusoidal_yes_quadratic,True,4,quadratic_lags_1_sinusoidal_yes,0.491,0.003,483.804,492.212,True,True,False,0.879,0.029,0,1.728,1.798,0.069,1.0,0.518,,,,,,,,,1.018,1.051,0.514,0.546
PRPHA-Cluster_1_yearly_True_window_4_lags_2_sinusoidal_yes_quadratic,True,4,quadratic_lags_2_sinusoidal_yes,0.671,0.007,460.67,468.873,True,True,False,0.945,0.323,0,2.021,2.075,0.011,,,1.02,0.09,,,,,,,1.033,1.001,0.467,0.318
PRPHA-Cluster_1_yearly_True_window_4_lags_3_sinusoidal_yes_quadratic,True,4,quadratic_lags_3_sinusoidal_yes,0.792,0.15,438.576,446.569,True,True,False,0.844,0.546,0,1.695,2.083,0.001,,,,,1.315,0.048,,,,,1.021,1.051,0.365,0.117
PRPHA-Cluster_1_yearly_True_window_4_lags_4_sinusoidal_yes_quadratic,True,4,quadratic_lags_4_sinusoidal_yes,0.705,0.858,421.852,429.627,True,True,False,0.976,0.475,0,1.748,1.843,0.006,,,,,,,1.078,0.015,,,1.017,1.0,0.141,0.075
PRPHA-Cluster_1_yearly_True_window_4_lags_5_sinusoidal_yes_quadratic,True,4,quadratic_lags_5_sinusoidal_yes,0.414,0.323,418.219,425.768,True,True,False,0.856,-0.285,0,1.694,1.806,0.055,,,,,,,,,1.01,0.496,1.097,1.004,0.281,0.268
PRPHA-Cluster_1_yearly_False_window_5_lags_none_sinusoidal_no_quadratic,False,5,quadratic_lags_none_sinusoidal_no,0.409,0.001,486.397,490.699,True,True,False,0.864,0.278,0,1.649,1.649,0.23,,,,,,,,,,,,,,
PRPHA-Cluster_1_yearly_False_window_5_lags_1_sinusoidal_no_quadratic,False,5,quadratic_lags_1_sinusoidal_no,0.346,0.009,478.469,484.074,True,True,False,0.734,-0.073,0,1.665,1.668,0.287,1.002,0.873,,,,,,,,,,,,
PRPHA-Cluster_1_yearly_False_window_5_lags_2_sinusoidal_no_quadratic,False,5,quadratic_lags_2_sinusoidal_no,0.611,0.008,454.246,459.715,True,True,False,1.154,0.032,0,2.035,2.226,0.015,,,1.191,0.396,,,,,,,,,,
PRPHA-Cluster_1_yearly_False_window_5_lags_3_sinusoidal_no_quadratic,False,5,quadratic_lags_3_sinusoidal_no,0.652,0.108,435.039,440.368,True,True,False,0.978,0.556,0,1.675,2.148,0.018,,,,,1.474,0.202,,,,,,,,
PRPHA-Cluster_1_yearly_False_window_5_lags_4_sinusoidal_no_quadratic,False,5,quadratic_lags_4_sinusoidal_no,0.515,0.774,419.171,424.355,True,True,False,1.109,0.432,0,1.781,1.868,0.019,,,,,,,1.087,0.058,,,,,,
PRPHA-Cluster_1_yearly_False_window_5_lags_5_sinusoidal_no_quadratic,False,5,quadratic_lags_5_sinusoidal_no,0.316,0.238,413.297,418.329,True,True,False,0.573,-0.843,0,1.61,1.744,0.047,,,,,,,,,1.134,0.623,,,,
PRPHA-Cluster_1_yearly_False_window_5_lags_none_sinusoidal_yes_quadratic,False,5,quadratic_lags_none_sinusoidal_yes,0.416,0.002,490.04,497.21,True,True,False,0.892,0.094,0,1.712,1.81,0.203,,,,,,,,,,,1.013,1.084,0.91,0.596
PRPHA-Cluster_1_yearly_False_window_5_lags_1_sinusoidal_yes_quadratic,False,5,quadratic_lags_1_sinusoidal_yes,0.355,0.013,482.089,490.496,True,True,False,0.751,-0.293,0,1.713,1.787,0.274,1.003,0.883,,,,,,,,,1.008,1.063,0.681,0.718
PRPHA-Cluster_1_yearly_False_window_5_lags_2_sinusoidal_yes_quadratic,False,5,quadratic_lags_2_sinusoidal_yes,0.612,0.011,458.165,466.369,True,True,False,1.159,-0.027,0,2.075,2.312,0.02,,,1.199,0.421,,,,,,,1.01,1.029,0.987,0.803
PRPHA-Cluster_1_yearly_False_window_5_lags_3_sinusoidal_yes_quadratic,False,5,quadratic_lags_3_sinusoidal_yes,0.653,0.123,438.943,446.936,True,True,False,0.979,0.043,0,1.676,2.154,0.024,,,,,1.475,0.223,,,,,1.003,1.0,0.924,0.8
PRPHA-Cluster_1_yearly_False_window_5_lags_4_sinusoidal_yes_quadratic,False,5,quadratic_lags_4_sinusoidal_yes,0.517,0.815,423.058,430.833,True,True,False,1.11,-0.303,0,1.813,1.945,0.025,,,,,,,1.09,0.068,,,1.003,1.038,0.869,0.806
PRPHA-Cluster_1_yearly_False_window_5_lags_5_sinusoidal_yes_quadratic,False,5,quadratic_lags_5_sinusoidal_yes,0.325,0.301,416.921,424.47,True,True,False,0.605,-1.369,0,1.648,1.854,0.054,,,,,,,,,1.143,0.664,1.022,1.042,0.966,0.599
PRPHA-Cluster_1_yearly_True_window_5_lags_none_sinusoidal_no_quadratic,True,5,quadratic_lags_none_sinusoidal_no,0.409,0.001,486.397,490.699,True,True,False,0.864,0.278,0,1.649,1.649,0.23,,,,,,,,,,,,,,
PRPHA-Cluster_1_yearly_True_window_5_lags_1_sinusoidal_no_quadratic,True,5,quadratic_lags_1_sinusoidal_no,0.346,0.009,478.469,484.074,True,True,False,0.734,-0.073,0,1.665,1.668,0.287,1.002,0.873,,,,,,,,,,,,
PRPHA-Cluster_1_yearly_True_window_5_lags_2_sinusoidal_no_quadratic,True,5,quadratic_lags_2_sinusoidal_no,0.611,0.008,454.246,459.715,True,True,False,1.154,0.032,0,2.035,2.226,0.015,,,1.191,0.396,,,,,,,,,,
PRPHA-Cluster_1_yearly_True_window_5_lags_3_sinusoidal_no_quadratic,True,5,quadratic_lags_3_sinusoidal_no,0.652,0.108,435.039,440.368,True,True,False,0.978,0.556,0,1.675,2.148,0.018,,,,,1.474,0.202,,,,,,,,
PRPHA-Cluster_1_yearly_True_window_5_lags_4_sinusoidal_no_quadratic,True,5,quadratic_lags_4_sinusoidal_no,0.515,0.774,419.171,424.355,True,True,False,1.109,0.432,0,1.781,1.868,0.019,,,,,,,1.087,0.058,,,,,,
PRPHA-Cluster_1_yearly_True_window_5_lags_5_sinusoidal_no_quadratic,True,5,quadratic_lags_5_sinusoidal_no,0.316,0.238,413.297,418.329,True,True,False,0.573,-0.843,0,1.61,1.744,0.047,,,,,,,,,1.134,0.623,,,,
PRPHA-Cluster_1_yearly_True_window_5_lags_none_sinusoidal_yes_quadratic,True,5,quadratic_lags_none_sinusoidal_yes,0.416,0.002,490.04,497.21,True,True,False,0.892,0.094,0,1.712,1.81,0.203,,,,,,,,,,,1.013,1.084,0.91,0.596
PRPHA-Cluster_1_yearly_True_window_5_lags_1_sinusoidal_yes_quadratic,True,5,quadratic_lags_1_sinusoidal_yes,0.355,0.013,482.089,490.496,True,True,False,0.751,-0.293,0,1.713,1.787,0.274,1.003,0.883,,,,,,,,,1.008,1.063,0.681,0.718
PRPHA-Cluster_1_yearly_True_window_5_lags_2_sinusoidal_yes_quadratic,True,5,quadratic_lags_2_sinusoidal_yes,0.612,0.011,458.165,466.369,True,True,False,1.159,-0.027,0,2.075,2.312,0.02,,,1.199,0.421,,,,,,,1.01,1.029,0.987,0.803
PRPHA-Cluster_1_yearly_True_window_5_lags_3_sinusoidal_yes_quadratic,True,5,quadratic_lags_3_sinusoidal_yes,0.653,0.123,438.943,446.936,True,True,False,0.979,0.043,0,1.676,2.154,0.024,,,,,1.475,0.223,,,,,1.003,1.0,0.924,0.8
PRPHA-Cluster_1_yearly_True_window_5_lags_4_sinusoidal_yes_quadratic,True,5,quadratic_lags_4_sinusoidal_yes,0.517,0.815,423.058,430.833,True,True,False,1.11,-0.303,0,1.813,1.945,0.025,,,,,,,1.09,0.068,,,1.003,1.038,0.869,0.806
PRPHA-Cluster_1_yearly_True_window_5_lags_5_sinusoidal_yes_quadratic,True,5,quadratic_lags_5_sinusoidal_yes,0.325,0.301,416.921,424.47,True,True,False,0.605,-1.369,0,1.648,1.854,0.054,,,,,,,,,1.143,0.664,1.022,1.042,0.966,0.599
PRPHA-Cluster_1_yearly_False_window_6_lags_none_sinusoidal_no_quadratic,False,6,quadratic_lags_none_sinusoidal_no,0.351,0.001,480.272,484.574,True,False,False,0.773,0.245,0,1.917,1.917,0.534,,,,,,,,,,,,,,
PRPHA-Cluster_1_yearly_False_window_6_lags_1_sinusoidal_no_quadratic,False,6,quadratic_lags_1_sinusoidal_no,0.295,0.013,474.44,480.044,True,False,False,0.7,-0.014,0,2.273,2.281,0.543,1.008,0.614,,,,,,,,,,,,
PRPHA-Cluster_1_yearly_False_window_6_lags_2_sinusoidal_no_quadratic,False,6,quadratic_lags_2_sinusoidal_no,0.682,0.002,444.726,450.195,True,True,False,1.063,0.304,0,3.265,4.206,0.008,,,1.941,0.813,,,,,,,,,,
PRPHA-Cluster_1_yearly_False_window_6_lags_3_sinusoidal_no_quadratic,False,6,quadratic_lags_3_sinusoidal_no,0.649,0.051,431.714,437.043,True,True,False,0.872,0.641,0,2.137,3.648,0.095,,,,,2.511,0.443,,,,,,,,
PRPHA-Cluster_1_yearly_False_window_6_lags_4_sinusoidal_no_quadratic,False,6,quadratic_lags_4_sinusoidal_no,0.45,0.262,417.534,422.717,True,True,False,1.05,0.056,0,2.676,3.219,0.052,,,,,,,1.543,0.599,,,,,,
PRPHA-Cluster_1_yearly_False_window_6_lags_5_sinusoidal_no_quadratic,False,6,quadratic_lags_5_sinusoidal_no,0.361,0.203,410.728,415.761,True,True,False,0.793,-0.139,0,2.348,2.88,0.022,,,,,,,,,1.533,0.158,,,,
PRPHA-Cluster_1_yearly_False_window_6_lags_none_sinusoidal_yes_quadratic,False,6,quadratic_lags_none_sinusoidal_yes,0.403,0.003,481.718,488.888,True,True,False,0.744,0.063,0,2.009,2.109,0.278,,,,,,,,,,,1.0,1.1,0.819,0.153
PRPHA-Cluster_1_yearly_False_window_6_lags_1_sinusoidal_yes_quadratic,False,6,quadratic_lags_1_sinusoidal_yes,0.351,0.025,475.954,484.361,True,False,False,0.614,-0.091,0,2.345,2.41,0.344,1.009,0.599,,,,,,,,,1.001,1.056,0.668,0.186
PRPHA-Cluster_1_yearly_False_window_6_lags_2_sinusoidal_yes_quadratic,False,6,quadratic_lags_2_sinusoidal_yes,0.706,0.002,446.516,454.72,True,True,False,1.008,-0.137,0,3.334,4.335,0.006,,,1.97,0.905,,,,,,,1.003,1.028,0.916,0.192
PRPHA-Cluster_1_yearly_False_window_6_lags_3_sinusoidal_yes_quadratic,False,6,quadratic_lags_3_sinusoidal_yes,0.662,0.053,434.656,442.649,False,True,False,0.812,0.055,0,2.151,3.691,0.09,,,,,2.529,0.504,,,,,1.0,1.012,0.761,0.395
PRPHA-Cluster_1_yearly_False_window_6_lags_4_sinusoidal_yes_quadratic,False,6,quadratic_lags_4_sinusoidal_yes,0.503,0.305,418.822,426.597,False,True,False,0.95,-1.139,0,2.739,3.341,0.033,,,,,,,1.564,0.626,,,1.005,1.033,0.796,0.158
PRPHA-Cluster_1_yearly_False_window_6_lags_5_sinusoidal_yes_quadratic,False,6,quadratic_lags_5_sinusoidal_yes,0.466,0.389,410.029,417.578,True,True,False,0.746,-0.269,0,2.438,3.074,0.01,,,,,,,,,1.568,0.187,1.056,1.011,0.812,0.061
PRPHA-Cluster_1_yearly_True_window_6_lags_none_sinusoidal_no_quadratic,True,6,quadratic_lags_none_sinusoidal_no,0.351,0.001,480.272,484.574,True,False,False,0.773,0.245,0,1.917,1.917,0.534,,,,,,,,,,,,,,
PRPHA-Cluster_1_yearly_True_window_6_lags_1_sinusoidal_no_quadratic,True,6,quadratic_lags_1_sinusoidal_no,0.295,0.013,474.44,480.044,True,False,False,0.7,-0.014,0,2.273,2.281,0.543,1.008,0.614,,,,,,,,,,,,
PRPHA-Cluster_1_yearly_True_window_6_lags_2_sinusoidal_no_quadratic,True,6,quadratic_lags_2_sinusoidal_no,0.682,0.002,444.726,450.195,True,True,False,1.063,0.304,0,3.265,4.206,0.008,,,1.941,0.813,,,,,,,,,,
PRPHA-Cluster_1_yearly_True_window_6_lags_3_sinusoidal_no_quadratic,True,6,quadratic_lags_3_sinusoidal_no,0.649,0.051,431.714,437.043,True,True,False,0.872,0.641,0,2.137,3.648,0.095,,,,,2.511,0.443,,,,,,,,
PRPHA-Cluster_1_yearly_True_window_6_lags_4_sinusoidal_no_quadratic,True,6,quadratic_lags_4_sinusoidal_no,0.45,0.262,417.534,422.717,True,True,False,1.05,0.056,0,2.676,3.219,0.052,,,,,,,1.543,0.599,,,,,,
PRPHA-Cluster_1_yearly_True_window_6_lags_5_sinusoidal_no_quadratic,True,6,quadratic_lags_5_sinusoidal_no,0.361,0.203,410.728,415.761,True,True,False,0.793,-0.139,0,2.348,2.88,0.022,,,,,,,,,1.533,0.158,,,,
PRPHA-Cluster_1_yearly_True_window_6_lags_none_sinusoidal_yes_quadratic,True,6,quadratic_lags_none_sinusoidal_yes,0.403,0.003,481.718,488.888,True,True,False,0.744,0.063,0,2.009,2.109,0.278,,,,,,,,,,,1.0,1.1,0.819,0.153
PRPHA-Cluster_1_yearly_True_window_6_lags_1_sinusoidal_yes_quadratic,True,6,quadratic_lags_1_sinusoidal_yes,0.351,0.025,475.954,484.361,True,False,False,0.614,-0.091,0,2.345,2.41,0.344,1.009,0.599,,,,,,,,,1.001,1.056,0.668,0.186
PRPHA-Cluster_1_yearly_True_window_6_lags_2_sinusoidal_yes_quadratic,True,6,quadratic_lags_2_sinusoidal_yes,0.706,0.002,446.516,454.72,True,True,False,1.008,-0.137,0,3.334,4.335,0.006,,,1.97,0.905,,,,,,,1.003,1.028,0.916,0.192
PRPHA-Cluster_1_yearly_True_window_6_lags_3_sinusoidal_yes_quadratic,True,6,quadratic_lags_3_sinusoidal_yes,0.662,0.053,434.656,442.649,False,True,False,0.812,0.055,0,2.151,3.691,0.09,,,,,2.529,0.504,,,,,1.0,1.012,0.761,0.395
PRPHA-Cluster_1_yearly_True_window_6_lags_4_sinusoidal_yes_quadratic,True,6,quadratic_lags_4_sinusoidal_yes,0.503,0.305,418.822,426.597,False,True,False,0.95,-1.139,0,2.739,3.341,0.033,,,,,,,1.564,0.626,,,1.005,1.033,0.796,0.158
PRPHA-Cluster_1_yearly_True_window_6_lags_5_sinusoidal_yes_quadratic,True,6,quadratic_lags_5_sinusoidal_yes,0.466,0.389,410.029,417.578,True,True,False,0.746,-0.269,0,2.438,3.074,0.01,,,,,,,,,1.568,0.187,1.056,1.011,0.812,0.061
PRPHA-Cluster_1_yearly_False_window_7_lags_none_sinusoidal_no_quadratic,False,7,quadratic_lags_none_sinusoidal_no,0.317,0.003,472.695,476.997,True,True,False,0.626,0.143,0,2.389,2.389,0.286,,,,,,,,,,,,,,
PRPHA-Cluster_1_yearly_False_window_7_lags_1_sinusoidal_no_quadratic,False,7,quadratic_lags_1_sinusoidal_no,0.335,0.003,467.793,473.398,True,True,False,0.557,0.112,0,2.702,2.73,0.415,1.027,0.517,,,,,,,,,,,,
PRPHA-Cluster_1_yearly_False_window_7_lags_2_sinusoidal_no_quadratic,False,7,quadratic_lags_2_sinusoidal_no,0.6,0.001,440.294,445.763,True,True,False,0.997,0.47,0,3.007,4.099,0.016,,,2.092,0.617,,,,,,,,,,
PRPHA-Cluster_1_yearly_False_window_7_lags_3_sinusoidal_no_quadratic,False,7,quadratic_lags_3_sinusoidal_no,0.512,0.022,428.069,433.398,True,True,False,0.884,0.226,0,2.571,3.915,0.098,,,,,2.344,0.899,,,,,,,,
PRPHA-Cluster_1_yearly_False_window_7_lags_4_sinusoidal_no_quadratic,False,7,quadratic_lags_4_sinusoidal_no,0.321,0.06,413.736,418.92,True,True,False,0.799,0.004,0,3.202,4.357,0.078,,,,,,,2.156,0.33,,,,,,
PRPHA-Cluster_1_yearly_False_window_7_lags_5_sinusoidal_no_quadratic,False,7,quadratic_lags_5_sinusoidal_no,0.451,0.125,403.775,408.807,True,True,False,0.805,-0.031,0,2.587,3.77,0.008,,,,,,,,,2.183,0.107,,,,
PRPHA-Cluster_1_yearly_False_window_7_lags_none_sinusoidal_yes_quadratic,False,7,quadratic_lags_none_sinusoidal_yes,0.399,0.009,472.745,479.914,True,True,False,0.474,0.08,0,2.446,2.487,0.203,,,,,,,,,,,1.016,1.025,0.088,0.53
PRPHA-Cluster_1_yearly_False_window_7_lags_1_sinusoidal_yes_quadratic,False,7,quadratic_lags_1_sinusoidal_yes,0.416,0.008,467.936,476.344,True,True,False,0.432,0.036,0,2.808,2.899,0.319,1.029,0.495,,,,,,,,,1.032,1.03,0.116,0.441
PRPHA-Cluster_1_yearly_False_window_7_lags_2_sinusoidal_yes_quadratic,False,7,quadratic_lags_2_sinusoidal_yes,0.668,0.001,438.917,447.121,True,True,False,0.956,0.194,0,3.266,4.629,0.005,,,2.233,0.407,,,,,,,1.1,1.029,0.051,0.575
PRPHA-Cluster_1_yearly_False_window_7_lags_3_sinusoidal_yes_quadratic,False,7,quadratic_lags_3_sinusoidal_yes,0.603,0.011,426.248,434.241,True,True,False,0.819,-0.209,0,2.881,4.688,0.019,,,,,2.61,0.448,,,,,1.197,1.0,0.044,0.475
PRPHA-Cluster_1_yearly_False_window_7_lags_4_sinusoidal_yes_quadratic,False,7,quadratic_lags_4_sinusoidal_yes,0.465,0.06,411.32,419.095,True,True,False,0.812,-0.29,0,3.359,4.669,0.024,,,,,,,2.238,0.216,,,1.069,1.003,0.038,0.433
PRPHA-Cluster_1_yearly_False_window_7_lags_5_sinusoidal_yes_quadratic,False,7,quadratic_lags_5_sinusoidal_yes,0.537,0.268,403.348,410.896,True,True,False,0.716,0.034,0,2.652,3.923,0.006,,,,,,,,,2.231,0.145,1.011,1.03,0.114,0.334
PRPHA-Cluster_1_yearly_True_window_7_lags_none_sinusoidal_no_quadratic,True,7,quadratic_lags_none_sinusoidal_no,0.317,0.003,472.695,476.997,True,True,False,0.626,0.143,0,2.389,2.389,0.286,,,,,,,,,,,,,,
PRPHA-Cluster_1_yearly_True_window_7_lags_1_sinusoidal_no_quadratic,True,7,quadratic_lags_1_sinusoidal_no,0.335,0.003,467.793,473.398,True,True,False,0.557,0.112,0,2.702,2.73,0.415,1.027,0.517,,,,,,,,,,,,
PRPHA-Cluster_1_yearly_True_window_7_lags_2_sinusoidal_no_quadratic,True,7,quadratic_lags_2_sinusoidal_no,0.6,0.001,440.294,445.763,True,True,False,0.997,0.47,0,3.007,4.099,0.016,,,2.092,0.617,,,,,,,,,,
PRPHA-Cluster_1_yearly_True_window_7_lags_3_sinusoidal_no_quadratic,True,7,quadratic_lags_3_sinusoidal_no,0.512,0.022,428.069,433.398,True,True,False,0.884,0.226,0,2.571,3.915,0.098,,,,,2.344,0.899,,,,,,,,
PRPHA-Cluster_1_yearly_True_window_7_lags_4_sinusoidal_no_quadratic,True,7,quadratic_lags_4_sinusoidal_no,0.321,0.06,413.736,418.92,True,True,False,0.799,0.004,0,3.202,4.357,0.078,,,,,,,2.156,0.33,,,,,,
PRPHA-Cluster_1_yearly_True_window_7_lags_5_sinusoidal_no_quadratic,True,7,quadratic_lags_5_sinusoidal_no,0.451,0.125,403.775,408.807,True,True,False,0.805,-0.031,0,2.587,3.77,0.008,,,,,,,,,2.183,0.107,,,,
PRPHA-Cluster_1_yearly_True_window_7_lags_none_sinusoidal_yes_quadratic,True,7,quadratic_lags_none_sinusoidal_yes,0.399,0.009,472.745,479.914,True,True,False,0.474,0.08,0,2.446,2.487,0.203,,,,,,,,,,,1.016,1.025,0.088,0.53
PRPHA-Cluster_1_yearly_True_window_7_lags_1_sinusoidal_yes_quadratic,True,7,quadratic_lags_1_sinusoidal_yes,0.416,0.008,467.936,476.344,True,True,False,0.432,0.036,0,2.808,2.899,0.319,1.029,0.495,,,,,,,,,1.032,1.03,0.116,0.441
PRPHA-Cluster_1_yearly_True_window_7_lags_2_sinusoidal_yes_quadratic,True,7,quadratic_lags_2_sinusoidal_yes,0.668,0.001,438.917,447.121,True,True,False,0.956,0.194,0,3.266,4.629,0.005,,,2.233,0.407,,,,,,,1.1,1.029,0.051,0.575
PRPHA-Cluster_1_yearly_True_window_7_lags_3_sinusoidal_yes_quadratic,True,7,quadratic_lags_3_sinusoidal_yes,0.603,0.011,426.248,434.241,True,True,False,0.819,-0.209,0,2.881,4.688,0.019,,,,,2.61,0.448,,,,,1.197,1.0,0.044,0.475
PRPHA-Cluster_1_yearly_True_window_7_lags_4_sinusoidal_yes_quadratic,True,7,quadratic_lags_4_sinusoidal_yes,0.465,0.06,411.32,419.095,True,True,False,0.812,-0.29,0,3.359,4.669,0.024,,,,,,,2.238,0.216,,,1.069,1.003,0.038,0.433
PRPHA-Cluster_1_yearly_True_window_7_lags_5_sinusoidal_yes_quadratic,True,7,quadratic_lags_5_sinusoidal_yes,0.537,0.268,403.348,410.896,True,True,False,0.716,0.034,0,2.652,3.923,0.006,,,,,,,,,2.231,0.145,1.011,1.03,0.114,0.334
PRPHA-Cluster_1_yearly_False_window_8_lags_none_sinusoidal_no_quadratic,False,8,quadratic_lags_none_sinusoidal_no,0.241,0.007,465.269,469.571,True,True,False,0.611,0.089,0,1.97,1.97,0.543,,,,,,,,,,,,,,
PRPHA-Cluster_1_yearly_False_window_8_lags_1_sinusoidal_no_quadratic,False,8,quadratic_lags_1_sinusoidal_no,0.264,0.01,463.123,468.728,True,True,False,0.494,-0.228,0,2.173,2.211,0.667,1.038,0.775,,,,,,,,,,,,
PRPHA-Cluster_1_yearly_False_window_8_lags_2_sinusoidal_no_quadratic,False,8,quadratic_lags_2_sinusoidal_no,0.593,0.002,433.921,439.39,True,True,False,0.876,0.319,0,2.502,3.281,0.018,,,1.779,0.736,,,,,,,,,,
PRPHA-Cluster_1_yearly_False_window_8_lags_3_sinusoidal_no_quadratic,False,8,quadratic_lags_3_sinusoidal_no,0.507,0.023,420.973,426.302,True,False,False,0.845,0.496,0,2.156,2.969,0.064,,,,,1.813,0.909,,,,,,,,
PRPHA-Cluster_1_yearly_False_window_8_lags_4_sinusoidal_no_quadratic,False,8,quadratic_lags_4_sinusoidal_no,0.281,0.026,406.364,411.547,False,True,False,0.74,0.184,0,2.415,3.046,0.065,,,,,,,1.631,0.142,,,,,,
PRPHA-Cluster_1_yearly_False_window_8_lags_5_sinusoidal_no_quadratic,False,8,quadratic_lags_5_sinusoidal_no,0.342,0.073,403.887,408.92,True,True,False,0.59,-0.021,0,1.95,2.444,0.027,,,,,,,,,1.495,0.156,,,,
PRPHA-Cluster_1_yearly_False_window_8_lags_none_sinusoidal_yes_quadratic,False,8,quadratic_lags_none_sinusoidal_yes,0.303,0.029,466.633,473.803,True,True,False,0.502,-0.068,0,2.084,2.202,0.526,,,,,,,,,,,1.073,1.045,0.347,0.253
PRPHA-Cluster_1_yearly_False_window_8_lags_1_sinusoidal_yes_quadratic,False,8,quadratic_lags_1_sinusoidal_yes,0.325,0.028,464.556,472.963,True,True,False,0.395,-0.325,0,2.398,2.635,0.618,1.045,0.716,,,,,,,,,1.155,1.037,0.387,0.277
PRPHA-Cluster_1_yearly_False_window_8_lags_2_sinusoidal_yes_quadratic,False,8,quadratic_lags_2_sinusoidal_yes,0.647,0.001,433.834,442.038,True,True,False,0.803,0.032,0,2.739,3.799,0.009,,,1.902,0.53,,,,,,,1.158,1.0,0.219,0.19
PRPHA-Cluster_1_yearly_False_window_8_lags_3_sinusoidal_yes_quadratic,False,8,quadratic_lags_3_sinusoidal_yes,0.576,0.011,420.711,428.704,True,True,False,0.86,0.417,0,2.381,3.546,0.026,,,,,1.971,0.571,,,,,1.192,1.003,0.259,0.137
PRPHA-Cluster_1_yearly_False_window_8_lags_4_sinusoidal_yes_quadratic,False,8,quadratic_lags_4_sinusoidal_yes,0.431,0.016,404.036,411.811,True,False,False,0.713,-0.247,0,2.766,3.802,0.031,,,,,,,1.788,0.08,,,1.241,1.007,0.205,0.07
PRPHA-Cluster_1_yearly_False_window_8_lags_5_sinusoidal_yes_quadratic,False,8,quadratic_lags_5_sinusoidal_yes,0.422,0.15,404.535,412.084,True,True,False,0.522,-0.117,0,2.127,2.9,0.034,,,,,,,,,1.587,0.216,1.149,1.038,0.436,0.17
PRPHA-Cluster_1_yearly_True_window_8_lags_none_sinusoidal_no_quadratic,True,8,quadratic_lags_none_sinusoidal_no,0.241,0.007,465.269,469.571,True,True,False,0.611,0.089,0,1.97,1.97,0.543,,,,,,,,,,,,,,
PRPHA-Cluster_1_yearly_True_window_8_lags_1_sinusoidal_no_quadratic,True,8,quadratic_lags_1_sinusoidal_no,0.264,0.01,463.123,468.728,True,True,False,0.494,-0.228,0,2.173,2.211,0.667,1.038,0.775,,,,,,,,,,,,
PRPHA-Cluster_1_yearly_True_window_8_lags_2_sinusoidal_no_quadratic,True,8,quadratic_lags_2_sinusoidal_no,0.593,0.002,433.921,439.39,True,True,False,0.876,0.319,0,2.502,3.281,0.018,,,1.779,0.736,,,,,,,,,,
PRPHA-Cluster_1_yearly_True_window_8_lags_3_sinusoidal_no_quadratic,True,8,quadratic_lags_3_sinusoidal_no,0.507,0.023,420.973,426.302,True,False,False,0.845,0.496,0,2.156,2.969,0.064,,,,,1.813,0.909,,,,,,,,
PRPHA-Cluster_1_yearly_True_window_8_lags_4_sinusoidal_no_quadratic,True,8,quadratic_lags_4_sinusoidal_no,0.281,0.026,406.364,411.547,False,True,False,0.74,0.184,0,2.415,3.046,0.065,,,,,,,1.631,0.142,,,,,,
PRPHA-Cluster_1_yearly_True_window_8_lags_5_sinusoidal_no_quadratic,True,8,quadratic_lags_5_sinusoidal_no,0.342,0.073,403.887,408.92,True,True,False,0.59,-0.021,0,1.95,2.444,0.027,,,,,,,,,1.495,0.156,,,,
PRPHA-Cluster_1_yearly_True_window_8_lags_none_sinusoidal_yes_quadratic,True,8,quadratic_lags_none_sinusoidal_yes,0.303,0.029,466.633,473.803,True,True,False,0.502,-0.068,0,2.084,2.202,0.526,,,,,,,,,,,1.073,1.045,0.347,0.253
PRPHA-Cluster_1_yearly_True_window_8_lags_1_sinusoidal_yes_quadratic,True,8,quadratic_lags_1_sinusoidal_yes,0.325,0.028,464.556,472.963,True,True,False,0.395,-0.325,0,2.398,2.635,0.618,1.045,0.716,,,,,,,,,1.155,1.037,0.387,0.277
PRPHA-Cluster_1_yearly_True_window_8_lags_2_sinusoidal_yes_quadratic,True,8,quadratic_lags_2_sinusoidal_yes,0.647,0.001,433.834,442.038,True,True,False,0.803,0.032,0,2.739,3.799,0.009,,,1.902,0.53,,,,,,,1.158,1.0,0.219,0.19
PRPHA-Cluster_1_yearly_True_window_8_lags_3_sinusoidal_yes_quadratic,True,8,quadratic_lags_3_sinusoidal_yes,0.576,0.011,420.711,428.704,True,True,False,0.86,0.417,0,2.381,3.546,0.026,,,,,1.971,0.571,,,,,1.192,1.003,0.259,0.137
PRPHA-Cluster_1_yearly_True_window_8_lags_4_sinusoidal_yes_quadratic,True,8,quadratic_lags_4_sinusoidal_yes,0.431,0.016,404.036,411.811,True,False,False,0.713,-0.247,0,2.766,3.802,0.031,,,,,,,1.788,0.08,,,1.241,1.007,0.205,0.07
PRPHA-Cluster_1_yearly_True_window_8_lags_5_sinusoidal_yes_quadratic,True,8,quadratic_lags_5_sinusoidal_yes,0.422,0.15,404.535,412.084,True,True,False,0.522,-0.117,0,2.127,2.9,0.034,,,,,,,,,1.587,0.216,1.149,1.038,0.436,0.17
PRPHA-Cluster_1_yearly_False_window_9_lags_none_sinusoidal_no_quadratic,False,9,quadratic_lags_none_sinusoidal_no,0.227,0.008,460.361,464.663,True,True,False,0.616,0.103,0,1.797,1.797,0.617,,,,,,,,,,,,,,
PRPHA-Cluster_1_yearly_False_window_9_lags_1_sinusoidal_no_quadratic,False,9,quadratic_lags_1_sinusoidal_no,0.302,0.003,450.852,456.457,True,True,False,0.537,0.23,0,1.956,2.013,0.299,1.056,0.294,,,,,,,,,,,,
PRPHA-Cluster_1_yearly_False_window_9_lags_2_sinusoidal_no_quadratic,False,9,quadratic_lags_2_sinusoidal_no,0.429,0.002,430.041,435.51,True,True,False,0.964,0.127,0,2.013,2.179,0.045,,,1.166,0.506,,,,,,,,,,
PRPHA-Cluster_1_yearly_False_window_9_lags_3_sinusoidal_no_quadratic,False,9,quadratic_lags_3_sinusoidal_no,0.26,0.035,414.104,419.433,True,False,False,0.795,-0.285,0,1.827,2.021,0.395,,,,,1.193,0.747,,,,,,,,
PRPHA-Cluster_1_yearly_False_window_9_lags_4_sinusoidal_no_quadratic,False,9,quadratic_lags_4_sinusoidal_no,0.225,0.034,402.393,407.577,True,True,False,0.782,0.169,0,1.821,1.895,0.115,,,,,,,1.074,0.21,,,,,,
PRPHA-Cluster_1_yearly_False_window_9_lags_5_sinusoidal_no_quadratic,False,9,quadratic_lags_5_sinusoidal_no,0.22,0.097,403.16,408.193,True,True,False,0.406,0.028,0,1.72,1.877,0.098,,,,,,,,,1.156,0.324,,,,
PRPHA-Cluster_1_yearly_False_window_9_lags_none_sinusoidal_yes_quadratic,False,9,quadratic_lags_none_sinusoidal_yes,0.25,0.017,463.422,470.592,True,True,False,0.643,-0.414,0,1.856,1.93,0.543,,,,,,,,,,,1.014,1.06,0.396,0.815
PRPHA-Cluster_1_yearly_False_window_9_lags_1_sinusoidal_yes_quadratic,False,9,quadratic_lags_1_sinusoidal_yes,0.348,0.006,452.812,461.219,True,True,False,0.534,0.051,0,2.08,2.273,0.233,1.063,0.296,,,,,,,,,1.029,1.1,0.212,0.829
PRPHA-Cluster_1_yearly_False_window_9_lags_2_sinusoidal_yes_quadratic,False,9,quadratic_lags_2_sinusoidal_yes,0.451,0.004,432.922,441.126,True,True,False,0.991,-0.366,0,2.178,2.534,0.054,,,1.193,0.499,,,,,,,1.025,1.138,0.351,0.965
PRPHA-Cluster_1_yearly_False_window_9_lags_3_sinusoidal_yes_quadratic,False,9,quadratic_lags_3_sinusoidal_yes,0.277,0.04,417.432,425.425,True,False,False,0.827,-0.667,0,1.943,2.303,0.437,,,,,1.22,0.743,,,,,1.067,1.073,0.606,0.639
PRPHA-Cluster_1_yearly_False_window_9_lags_4_sinusoidal_yes_quadratic,False,9,quadratic_lags_4_sinusoidal_yes,0.286,0.03,404.153,411.928,True,True,False,0.817,-0.546,0,1.918,2.119,0.139,,,,,,,1.083,0.197,,,1.045,1.073,0.342,0.389
PRPHA-Cluster_1_yearly_False_window_9_lags_5_sinusoidal_yes_quadratic,False,9,quadratic_lags_5_sinusoidal_yes,0.255,0.115,405.988,413.537,True,True,False,0.441,-0.235,0,1.854,2.226,0.153,,,,,,,,,1.186,0.354,1.081,1.105,0.571,0.486
PRPHA-Cluster_1_yearly_True_window_9_lags_none_sinusoidal_no_quadratic,True,9,quadratic_lags_none_sinusoidal_no,0.227,0.008,460.361,464.663,True,True,False,0.616,0.103,0,1.797,1.797,0.617,,,,,,,,,,,,,,
PRPHA-Cluster_1_yearly_True_window_9_lags_1_sinusoidal_no_quadratic,True,9,quadratic_lags_1_sinusoidal_no,0.302,0.003,450.852,456.457,True,True,False,0.537,0.23,0,1.956,2.013,0.299,1.056,0.294,,,,,,,,,,,,
PRPHA-Cluster_1_yearly_True_window_9_lags_2_sinusoidal_no_quadratic,True,9,quadratic_lags_2_sinusoidal_no,0.429,0.002,430.041,435.51,True,True,False,0.964,0.127,0,2.013,2.179,0.045,,,1.166,0.506,,,,,,,,,,
PRPHA-Cluster_1_yearly_True_window_9_lags_3_sinusoidal_no_quadratic,True,9,quadratic_lags_3_sinusoidal_no,0.26,0.035,414.104,419.433,True,False,False,0.795,-0.285,0,1.827,2.021,0.395,,,,,1.193,0.747,,,,,,,,
PRPHA-Cluster_1_yearly_True_window_9_lags_4_sinusoidal_no_quadratic,True,9,quadratic_lags_4_sinusoidal_no,0.225,0.034,402.393,407.577,True,True,False,0.782,0.169,0,1.821,1.895,0.115,,,,,,,1.074,0.21,,,,,,
PRPHA-Cluster_1_yearly_True_window_9_lags_5_sinusoidal_no_quadratic,True,9,quadratic_lags_5_sinusoidal_no,0.22,0.097,403.16,408.193,True,True,False,0.406,0.028,0,1.72,1.877,0.098,,,,,,,,,1.156,0.324,,,,
PRPHA-Cluster_1_yearly_True_window_9_lags_none_sinusoidal_yes_quadratic,True,9,quadratic_lags_none_sinusoidal_yes,0.25,0.017,463.422,470.592,True,True,False,0.643,-0.414,0,1.856,1.93,0.543,,,,,,,,,,,1.014,1.06,0.396,0.815
PRPHA-Cluster_1_yearly_True_window_9_lags_1_sinusoidal_yes_quadratic,True,9,quadratic_lags_1_sinusoidal_yes,0.348,0.006,452.812,461.219,True,True,False,0.534,0.051,0,2.08,2.273,0.233,1.063,0.296,,,,,,,,,1.029,1.1,0.212,0.829
PRPHA-Cluster_1_yearly_True_window_9_lags_2_sinusoidal_yes_quadratic,True,9,quadratic_lags_2_sinusoidal_yes,0.451,0.004,432.922,441.126,True,True,False,0.991,-0.366,0,2.178,2.534,0.054,,,1.193,0.499,,,,,,,1.025,1.138,0.351,0.965
PRPHA-Cluster_1_yearly_True_window_9_lags_3_sinusoidal_yes_quadratic,True,9,quadratic_lags_3_sinusoidal_yes,0.277,0.04,417.432,425.425,True,False,False,0.827,-0.667,0,1.943,2.303,0.437,,,,,1.22,0.743,,,,,1.067,1.073,0.606,0.639
PRPHA-Cluster_1_yearly_True_window_9_lags_4_sinusoidal_yes_quadratic,True,9,quadratic_lags_4_sinusoidal_yes,0.286,0.03,404.153,411.928,True,True,False,0.817,-0.546,0,1.918,2.119,0.139,,,,,,,1.083,0.197,,,1.045,1.073,0.342,0.389
PRPHA-Cluster_1_yearly_True_window_9_lags_5_sinusoidal_yes_quadratic,True,9,quadratic_lags_5_sinusoidal_yes,0.255,0.115,405.988,413.537,True,True,False,0.441,-0.235,0,1.854,2.226,0.153,,,,,,,,,1.186,0.354,1.081,1.105,0.571,0.486
PRPHA-Cluster_1_yearly_False_window_10_lags_none_sinusoidal_no_quadratic,False,10,quadratic_lags_none_sinusoidal_no,0.18,0.02,452.566,456.868,True,True,False,0.518,0.044,0,1.737,1.737,0.405,,,,,,,,,,,,,,
PRPHA-Cluster_1_yearly_False_window_10_lags_1_sinusoidal_no_quadratic,False,10,quadratic_lags_1_sinusoidal_no,0.267,0.005,443.749,449.354,True,True,False,0.466,0.043,0,1.827,1.831,0.161,1.004,0.465,,,,,,,,,,,,
PRPHA-Cluster_1_yearly_False_window_10_lags_2_sinusoidal_no_quadratic,False,10,quadratic_lags_2_sinusoidal_no,0.449,0.002,420.32,425.789,True,True,False,0.904,0.144,0,1.78,1.823,0.011,,,1.043,0.535,,,,,,,,,,
PRPHA-Cluster_1_yearly_False_window_10_lags_3_sinusoidal_no_quadratic,False,10,quadratic_lags_3_sinusoidal_no,0.25,0.02,402.502,407.831,True,True,False,0.733,-0.2,0,1.659,1.72,0.206,,,,,1.062,0.34,,,,,,,,
PRPHA-Cluster_1_yearly_False_window_10_lags_4_sinusoidal_no_quadratic,False,10,quadratic_lags_4_sinusoidal_no,0.142,0.089,395.204,400.388,True,True,False,0.572,-0.052,0,1.812,1.849,0.211,,,,,,,1.037,0.308,,,,,,
PRPHA-Cluster_1_yearly_False_window_10_lags_5_sinusoidal_no_quadratic,False,10,quadratic_lags_5_sinusoidal_no,0.179,0.154,401.792,406.824,True,True,False,0.289,-3.283,0,1.723,1.723,0.1,,,,,,,,,1.0,0.538,,,,
PRPHA-Cluster_1_yearly_False_window_10_lags_none_sinusoidal_yes_quadratic,False,10,quadratic_lags_none_sinusoidal_yes,0.209,0.021,455.426,462.596,True,False,False,0.527,-0.213,0,1.774,1.825,0.321,,,,,,,,,,,1.044,1.007,0.543,0.448
PRPHA-Cluster_1_yearly_False_window_10_lags_1_sinusoidal_yes_quadratic,False,10,quadratic_lags_1_sinusoidal_yes,0.294,0.007,446.628,455.035,True,True,False,0.443,-0.215,0,1.862,1.909,0.13,1.004,0.465,,,,,,,,,1.039,1.004,0.383,0.728
PRPHA-Cluster_1_yearly_False_window_10_lags_2_sinusoidal_yes_quadratic,False,10,quadratic_lags_2_sinusoidal_yes,0.455,0.002,423.976,432.18,True,True,False,0.892,-0.025,0,1.81,1.894,0.014,,,1.044,0.53,,,,,,,1.013,1.026,0.632,0.839
PRPHA-Cluster_1_yearly_False_window_10_lags_3_sinusoidal_yes_quadratic,False,10,quadratic_lags_3_sinusoidal_yes,0.251,0.027,406.461,414.454,True,False,False,0.739,-0.557,0,1.699,1.825,0.253,,,,,1.065,0.368,,,,,1.044,1.018,0.958,0.864
PRPHA-Cluster_1_yearly_False_window_10_lags_4_sinusoidal_yes_quadratic,False,10,quadratic_lags_4_sinusoidal_yes,0.156,0.088,398.74,406.515,True,False,False,0.596,-1.638,0,1.88,2.004,0.239,,,,,,,1.04,0.301,,,1.069,1.014,0.831,0.582
PRPHA-Cluster_1_yearly_False_window_10_lags_5_sinusoidal_yes_quadratic,False,10,quadratic_lags_5_sinusoidal_yes,0.188,0.18,405.522,413.07,True,True,False,0.309,-4.266,0,1.852,2.03,0.127,,,,,,,,,1.0,0.562,1.163,1.016,0.773,0.744
PRPHA-Cluster_1_yearly_True_window_10_lags_none_sinusoidal_no_quadratic,True,10,quadratic_lags_none_sinusoidal_no,0.18,0.02,452.566,456.868,True,True,False,0.518,0.044,0,1.737,1.737,0.405,,,,,,,,,,,,,,
PRPHA-Cluster_1_yearly_True_window_10_lags_1_sinusoidal_no_quadratic,True,10,quadratic_lags_1_sinusoidal_no,0.267,0.005,443.749,449.354,True,True,False,0.466,0.043,0,1.827,1.831,0.161,1.004,0.465,,,,,,,,,,,,
PRPHA-Cluster_1_yearly_True_window_10_lags_2_sinusoidal_no_quadratic,True,10,quadratic_lags_2_sinusoidal_no,0.449,0.002,420.32,425.789,True,True,False,0.904,0.144,0,1.78,1.823,0.011,,,1.043,0.535,,,,,,,,,,
PRPHA-Cluster_1_yearly_True_window_10_lags_3_sinusoidal_no_quadratic,True,10,quadratic_lags_3_sinusoidal_no,0.25,0.02,402.502,407.831,True,True,False,0.733,-0.2,0,1.659,1.72,0.206,,,,,1.062,0.34,,,,,,,,
PRPHA-Cluster_1_yearly_True_window_10_lags_4_sinusoidal_no_quadratic,True,10,quadratic_lags_4_sinusoidal_no,0.142,0.089,395.204,400.388,True,True,False,0.572,-0.052,0,1.812,1.849,0.211,,,,,,,1.037,0.308,,,,,,
PRPHA-Cluster_1_yearly_True_window_10_lags_5_sinusoidal_no_quadratic,True,10,quadratic_lags_5_sinusoidal_no,0.179,0.154,401.792,406.824,True,True,False,0.289,-3.283,0,1.723,1.723,0.1,,,,,,,,,1.0,0.538,,,,
PRPHA-Cluster_1_yearly_True_window_10_lags_none_sinusoidal_yes_quadratic,True,10,quadratic_lags_none_sinusoidal_yes,0.209,0.021,455.426,462.596,True,False,False,0.527,-0.213,0,1.774,1.825,0.321,,,,,,,,,,,1.044,1.007,0.543,0.448
PRPHA-Cluster_1_yearly_True_window_10_lags_1_sinusoidal_yes_quadratic,True,10,quadratic_lags_1_sinusoidal_yes,0.294,0.007,446.628,455.035,True,True,False,0.443,-0.215,0,1.862,1.909,0.13,1.004,0.465,,,,,,,,,1.039,1.004,0.383,0.728
PRPHA-Cluster_1_yearly_True_window_10_lags_2_sinusoidal_yes_quadratic,True,10,quadratic_lags_2_sinusoidal_yes,0.455,0.002,423.976,432.18,True,True,False,0.892,-0.025,0,1.81,1.894,0.014,,,1.044,0.53,,,,,,,1.013,1.026,0.632,0.839
PRPHA-Cluster_1_yearly_True_window_10_lags_3_sinusoidal_yes_quadratic,True,10,quadratic_lags_3_sinusoidal_yes,0.251,0.027,406.461,414.454,True,False,False,0.739,-0.557,0,1.699,1.825,0.253,,,,,1.065,0.368,,,,,1.044,1.018,0.958,0.864
PRPHA-Cluster_1_yearly_True_window_10_lags_4_sinusoidal_yes_quadratic,True,10,quadratic_lags_4_sinusoidal_yes,0.156,0.088,398.74,406.515,True,False,False,0.596,-1.638,0,1.88,2.004,0.239,,,,,,,1.04,0.301,,,1.069,1.014,0.831,0.582
PRPHA-Cluster_1_yearly_True_window_10_lags_5_sinusoidal_yes_quadratic,True,10,quadratic_lags_5_sinusoidal_yes,0.188,0.18,405.522,413.07,True,True,False,0.309,-4.266,0,1.852,2.03,0.127,,,,,,,,,1.0,0.562,1.163,1.016,0.773,0.744
