analysis_name,yearly_aggregate,window_size,config_type,r_squared,p_value,aic,bic,is_normal,is_homoscedastic,no_autocorrelation,durbin_watson,cv_r2_score,cv_r2_std,vif_PPT,vif_spline_0,vif_spline_1,vif_spline_2,p_value_spline_0,p_value_spline_1,p_value_spline_2,knots,vif_ortho_PPT_lag1,p_value_lag1,vif_ortho_PPT_lag2,p_value_lag2,vif_ortho_PPT_lag3,p_value_lag3,vif_ortho_PPT_lag4,p_value_lag4,vif_ortho_PPT_lag5,p_value_lag5,vif_ortho_sin_cycle,vif_ortho_cos_cycle,p_value_sin,p_value_cos
PRPHA-Cluster_1_yearly_False_window_1_lags_none_sinusoidal_no_spline,False,1,spline_lags_none_sinusoidal_no,0.292,0.088,555.792,562.962,True,True,True,2.336,0.013,0,1.0,1.0,1.0,1.0,0.058,0.435,0.671,"[np.float64(482.346), np.float64(642.8232), np.float64(719.684), np.float64(812.749), np.float64(1016.948004)]",,,,,,,,,,,,,,
PRPHA-Cluster_1_yearly_False_window_1_lags_1_sinusoidal_no_spline,False,1,spline_lags_1_sinusoidal_no,0.424,0.009,534.168,542.575,True,True,True,2.26,0.138,0,1.0,1.028,1.0,1.001,0.087,0.16,0.382,"[np.float64(482.346), np.float64(623.816), np.float64(712.7625), np.float64(799.210452), np.float64(1016.948004)]",1.029,0.033,,,,,,,,,,,,
PRPHA-Cluster_1_yearly_False_window_1_lags_2_sinusoidal_no_spline,False,1,spline_lags_2_sinusoidal_no,0.281,0.548,523.941,532.145,True,True,True,2.302,-1.038,0,1.0,1.477,1.138,1.03,0.127,0.654,0.765,"[np.float64(482.346), np.float64(617.929), np.float64(683.489), np.float64(795.2734), np.float64(1016.948004)]",,,1.646,0.664,,,,,,,,,,
PRPHA-Cluster_1_yearly_False_window_1_lags_3_sinusoidal_no_spline,False,1,spline_lags_3_sinusoidal_no,0.453,0.368,499.606,507.599,True,True,True,2.217,-0.534,0,1.0,1.082,1.18,1.039,0.027,0.458,0.981,"[np.float64(482.346), np.float64(641.61162), np.float64(694.678), np.float64(783.96625), np.float64(1016.948004)]",,,,,1.301,0.019,,,,,,,,
PRPHA-Cluster_1_yearly_False_window_1_lags_4_sinusoidal_no_spline,False,1,spline_lags_4_sinusoidal_no,0.234,0.57,490.377,498.152,True,False,True,2.289,-0.229,0,1.0,1.065,1.048,1.02,0.118,0.623,0.707,"[np.float64(500.913), np.float64(642.55396), np.float64(705.841), np.float64(815.6552), np.float64(1016.948004)]",,,,,,,1.134,0.897,,,,,,
PRPHA-Cluster_1_yearly_False_window_1_lags_5_sinusoidal_no_spline,False,1,spline_lags_5_sinusoidal_no,0.171,0.389,471.947,479.496,True,True,True,2.263,-3.802,0,1.0,1.025,1.055,1.032,0.216,0.659,0.98,"[np.float64(500.913), np.float64(641.81355), np.float64(712.7625), np.float64(798.73375), np.float64(1016.948004)]",,,,,,,,,1.112,0.677,,,,
PRPHA-Cluster_1_yearly_False_window_1_lags_none_sinusoidal_yes_spline,False,1,spline_lags_none_sinusoidal_yes,0.462,0.393,551.292,561.33,True,True,True,2.38,0.208,0,1.0,1.013,1.136,1.025,0.019,0.226,0.563,"[np.float64(482.346), np.float64(642.8232), np.float64(719.684), np.float64(812.749), np.float64(1016.948004)]",,,,,,,,,,,1.038,1.135,0.018,0.261
PRPHA-Cluster_1_yearly_False_window_1_lags_1_sinusoidal_yes_spline,False,1,spline_lags_1_sinusoidal_yes,0.548,0.081,530.864,542.074,True,True,True,2.42,-0.003,0,1.0,1.03,1.149,1.023,0.035,0.11,0.389,"[np.float64(482.346), np.float64(623.816), np.float64(712.7625), np.float64(799.210452), np.float64(1016.948004)]",1.029,0.115,,,,,,,,,1.044,1.128,0.024,0.456
PRPHA-Cluster_1_yearly_False_window_1_lags_2_sinusoidal_yes_spline,False,1,spline_lags_2_sinusoidal_yes,0.461,0.86,519.576,530.514,True,True,True,2.328,-2.852,0,1.0,1.512,1.255,1.064,0.04,0.415,0.973,"[np.float64(482.346), np.float64(617.929), np.float64(683.489), np.float64(795.2734), np.float64(1016.948004)]",,,1.658,0.506,,,,,,,1.037,1.136,0.025,0.225
PRPHA-Cluster_1_yearly_False_window_1_lags_3_sinusoidal_yes_spline,False,1,spline_lags_3_sinusoidal_yes,0.621,0.16,493.339,503.997,True,True,True,2.286,-0.142,0,1.0,1.116,1.243,1.07,0.005,0.259,0.889,"[np.float64(482.346), np.float64(641.61162), np.float64(694.678), np.float64(783.96625), np.float64(1016.948004)]",,,,,1.301,0.004,,,,,1.003,1.125,0.022,0.109
PRPHA-Cluster_1_yearly_False_window_1_lags_4_sinusoidal_yes_spline,False,1,spline_lags_4_sinusoidal_yes,0.473,0.846,484.259,494.625,True,True,True,2.427,-0.527,0,1.0,1.069,1.081,1.035,0.047,0.494,0.453,"[np.float64(500.913), np.float64(642.55396), np.float64(705.841), np.float64(815.6552), np.float64(1016.948004)]",,,,,,,1.136,0.4,,,1.009,1.039,0.019,0.173
PRPHA-Cluster_1_yearly_False_window_1_lags_5_sinusoidal_yes_spline,False,1,spline_lags_5_sinusoidal_yes,0.414,0.979,466.923,476.987,True,True,True,2.204,-5.673,0,1.0,1.027,1.097,1.084,0.094,0.538,0.665,"[np.float64(500.913), np.float64(641.81355), np.float64(712.7625), np.float64(798.73375), np.float64(1016.948004)]",,,,,,,,,1.114,0.809,1.063,1.03,0.031,0.142
PRPHA-Cluster_1_yearly_True_window_1_lags_none_sinusoidal_no_spline,True,1,spline_lags_none_sinusoidal_no,0.292,0.088,555.792,562.962,True,True,True,2.336,0.013,0,1.0,1.0,1.0,1.0,0.058,0.435,0.671,"[np.float64(482.346), np.float64(642.8232), np.float64(719.684), np.float64(812.749), np.float64(1016.948004)]",,,,,,,,,,,,,,
PRPHA-Cluster_1_yearly_True_window_1_lags_1_sinusoidal_no_spline,True,1,spline_lags_1_sinusoidal_no,0.424,0.009,534.168,542.575,True,True,True,2.26,0.138,0,1.0,1.028,1.0,1.001,0.087,0.16,0.382,"[np.float64(482.346), np.float64(623.816), np.float64(712.7625), np.float64(799.210452), np.float64(1016.948004)]",1.029,0.033,,,,,,,,,,,,
PRPHA-Cluster_1_yearly_True_window_1_lags_2_sinusoidal_no_spline,True,1,spline_lags_2_sinusoidal_no,0.281,0.548,523.941,532.145,True,True,True,2.302,-1.038,0,1.0,1.477,1.138,1.03,0.127,0.654,0.765,"[np.float64(482.346), np.float64(617.929), np.float64(683.489), np.float64(795.2734), np.float64(1016.948004)]",,,1.646,0.664,,,,,,,,,,
PRPHA-Cluster_1_yearly_True_window_1_lags_3_sinusoidal_no_spline,True,1,spline_lags_3_sinusoidal_no,0.453,0.368,499.606,507.599,True,True,True,2.217,-0.534,0,1.0,1.082,1.18,1.039,0.027,0.458,0.981,"[np.float64(482.346), np.float64(641.61162), np.float64(694.678), np.float64(783.96625), np.float64(1016.948004)]",,,,,1.301,0.019,,,,,,,,
PRPHA-Cluster_1_yearly_True_window_1_lags_4_sinusoidal_no_spline,True,1,spline_lags_4_sinusoidal_no,0.234,0.57,490.377,498.152,True,False,True,2.289,-0.229,0,1.0,1.065,1.048,1.02,0.118,0.623,0.707,"[np.float64(500.913), np.float64(642.55396), np.float64(705.841), np.float64(815.6552), np.float64(1016.948004)]",,,,,,,1.134,0.897,,,,,,
PRPHA-Cluster_1_yearly_True_window_1_lags_5_sinusoidal_no_spline,True,1,spline_lags_5_sinusoidal_no,0.171,0.389,471.947,479.496,True,True,True,2.263,-3.802,0,1.0,1.025,1.055,1.032,0.216,0.659,0.98,"[np.float64(500.913), np.float64(641.81355), np.float64(712.7625), np.float64(798.73375), np.float64(1016.948004)]",,,,,,,,,1.112,0.677,,,,
PRPHA-Cluster_1_yearly_True_window_1_lags_none_sinusoidal_yes_spline,True,1,spline_lags_none_sinusoidal_yes,0.462,0.393,551.292,561.33,True,True,True,2.38,0.208,0,1.0,1.013,1.136,1.025,0.019,0.226,0.563,"[np.float64(482.346), np.float64(642.8232), np.float64(719.684), np.float64(812.749), np.float64(1016.948004)]",,,,,,,,,,,1.038,1.135,0.018,0.261
PRPHA-Cluster_1_yearly_True_window_1_lags_1_sinusoidal_yes_spline,True,1,spline_lags_1_sinusoidal_yes,0.548,0.081,530.864,542.074,True,True,True,2.42,-0.003,0,1.0,1.03,1.149,1.023,0.035,0.11,0.389,"[np.float64(482.346), np.float64(623.816), np.float64(712.7625), np.float64(799.210452), np.float64(1016.948004)]",1.029,0.115,,,,,,,,,1.044,1.128,0.024,0.456
PRPHA-Cluster_1_yearly_True_window_1_lags_2_sinusoidal_yes_spline,True,1,spline_lags_2_sinusoidal_yes,0.461,0.86,519.576,530.514,True,True,True,2.328,-2.852,0,1.0,1.512,1.255,1.064,0.04,0.415,0.973,"[np.float64(482.346), np.float64(617.929), np.float64(683.489), np.float64(795.2734), np.float64(1016.948004)]",,,1.658,0.506,,,,,,,1.037,1.136,0.025,0.225
PRPHA-Cluster_1_yearly_True_window_1_lags_3_sinusoidal_yes_spline,True,1,spline_lags_3_sinusoidal_yes,0.621,0.16,493.339,503.997,True,True,True,2.286,-0.142,0,1.0,1.116,1.243,1.07,0.005,0.259,0.889,"[np.float64(482.346), np.float64(641.61162), np.float64(694.678), np.float64(783.96625), np.float64(1016.948004)]",,,,,1.301,0.004,,,,,1.003,1.125,0.022,0.109
PRPHA-Cluster_1_yearly_True_window_1_lags_4_sinusoidal_yes_spline,True,1,spline_lags_4_sinusoidal_yes,0.473,0.846,484.259,494.625,True,True,True,2.427,-0.527,0,1.0,1.069,1.081,1.035,0.047,0.494,0.453,"[np.float64(500.913), np.float64(642.55396), np.float64(705.841), np.float64(815.6552), np.float64(1016.948004)]",,,,,,,1.136,0.4,,,1.009,1.039,0.019,0.173
PRPHA-Cluster_1_yearly_True_window_1_lags_5_sinusoidal_yes_spline,True,1,spline_lags_5_sinusoidal_yes,0.414,0.979,466.923,476.987,True,True,True,2.204,-5.673,0,1.0,1.027,1.097,1.084,0.094,0.538,0.665,"[np.float64(500.913), np.float64(641.81355), np.float64(712.7625), np.float64(798.73375), np.float64(1016.948004)]",,,,,,,,,1.114,0.809,1.063,1.03,0.031,0.142
PRPHA-Cluster_1_yearly_False_window_2_lags_none_sinusoidal_no_spline,False,2,spline_lags_none_sinusoidal_no,0.503,0.001,527.385,534.555,True,True,False,1.441,0.122,0,1.0,1.0,1.0,1.0,0.062,0.549,0.851,"[np.float64(512.6990000000001), np.float64(661.885), np.float64(703.543), np.float64(815.48025), np.float64(912.597)]",,,,,,,,,,,,,,
PRPHA-Cluster_1_yearly_False_window_2_lags_1_sinusoidal_no_spline,False,2,spline_lags_1_sinusoidal_no,0.506,0.004,511.613,520.02,True,True,False,1.464,-0.058,0,1.0,1.005,1.055,1.005,0.103,0.388,0.663,"[np.float64(512.6990000000001), np.float64(645.132126), np.float64(733.11425), np.float64(819.782975), np.float64(1012.173011)]",1.065,0.627,,,,,,,,,,,,
PRPHA-Cluster_1_yearly_False_window_2_lags_2_sinusoidal_no_spline,False,2,spline_lags_2_sinusoidal_no,0.498,0.03,495.875,504.079,True,True,True,1.51,-0.202,0,1.0,1.032,1.067,1.022,0.234,0.321,0.749,"[np.float64(512.6990000000001), np.float64(658.8526), np.float64(720.904999), np.float64(801.961901), np.float64(912.597)]",,,1.121,0.44,,,,,,,,,,
PRPHA-Cluster_1_yearly_False_window_2_lags_3_sinusoidal_no_spline,False,2,spline_lags_3_sinusoidal_no,0.636,0.485,473.527,481.52,True,True,False,1.336,-0.128,0,1.0,1.009,1.095,1.011,0.058,0.688,0.676,"[np.float64(482.346), np.float64(623.72575), np.float64(703.543), np.float64(793.63435), np.float64(912.597)]",,,,,1.115,0.021,,,,,,,,
PRPHA-Cluster_1_yearly_False_window_2_lags_4_sinusoidal_no_spline,False,2,spline_lags_4_sinusoidal_no,0.511,0.039,464.169,471.944,True,True,True,1.702,-0.698,0,1.0,1.031,1.1,1.022,0.161,0.181,0.646,"[np.float64(543.052), np.float64(643.7565), np.float64(720.904999), np.float64(805.8448), np.float64(912.597)]",,,,,,,1.153,0.845,,,,,,
PRPHA-Cluster_1_yearly_False_window_2_lags_5_sinusoidal_no_spline,False,2,spline_lags_5_sinusoidal_no,0.325,0.033,448.018,455.567,True,True,False,1.371,-1.84,0,1.0,1.012,1.254,1.008,0.551,0.782,0.819,"[np.float64(570.064), np.float64(674.144749), np.float64(733.11425), np.float64(812.406875), np.float64(912.597)]",,,,,,,,,1.274,0.552,,,,
PRPHA-Cluster_1_yearly_False_window_2_lags_none_sinusoidal_yes_spline,False,2,spline_lags_none_sinusoidal_yes,0.547,0.008,528.536,538.574,True,True,False,1.459,0.05,0,1.0,1.039,1.129,1.215,0.047,0.38,0.96,"[np.float64(512.6990000000001), np.float64(661.885), np.float64(703.543), np.float64(815.48025), np.float64(912.597)]",,,,,,,,,,,1.288,1.094,0.396,0.199
PRPHA-Cluster_1_yearly_False_window_2_lags_1_sinusoidal_yes_spline,False,2,spline_lags_1_sinusoidal_yes,0.583,0.013,510.491,521.701,True,True,True,1.566,-1.015,0,1.0,1.057,1.326,1.042,0.137,0.159,0.52,"[np.float64(512.6990000000001), np.float64(645.132126), np.float64(733.11425), np.float64(819.782975), np.float64(1012.173011)]",1.084,0.981,,,,,,,,,1.063,1.278,0.228,0.103
PRPHA-Cluster_1_yearly_False_window_2_lags_2_sinusoidal_yes_spline,False,2,spline_lags_2_sinusoidal_yes,0.572,0.056,495.27,506.209,True,True,False,1.433,-0.537,0,1.0,1.06,1.243,1.192,0.216,0.133,0.741,"[np.float64(512.6990000000001), np.float64(658.8526), np.float64(720.904999), np.float64(801.961901), np.float64(912.597)]",,,1.126,0.287,,,,,,,1.051,1.318,0.538,0.084
PRPHA-Cluster_1_yearly_False_window_2_lags_3_sinusoidal_yes_spline,False,2,spline_lags_3_sinusoidal_yes,0.723,0.341,469.861,480.518,True,True,False,1.321,0.068,0,1.0,1.108,1.474,1.029,0.016,0.116,0.752,"[np.float64(482.346), np.float64(623.72575), np.float64(703.543), np.float64(793.63435), np.float64(912.597)]",,,,,1.14,0.012,,,,,1.076,1.395,0.313,0.029
PRPHA-Cluster_1_yearly_False_window_2_lags_4_sinusoidal_yes_spline,False,2,spline_lags_4_sinusoidal_yes,0.656,0.181,458.707,469.074,True,True,True,1.726,-0.518,0,1.0,1.07,1.336,1.07,0.111,0.021,0.859,"[np.float64(543.052), np.float64(643.7565), np.float64(720.904999), np.float64(805.8448), np.float64(912.597)]",,,,,,,1.185,0.239,,,1.106,1.186,0.112,0.022
PRPHA-Cluster_1_yearly_False_window_2_lags_5_sinusoidal_yes_spline,False,2,spline_lags_5_sinusoidal_yes,0.492,0.462,444.64,454.705,True,True,True,1.65,-2.121,0,1.0,1.047,1.757,1.091,0.5,0.166,0.816,"[np.float64(570.064), np.float64(674.144749), np.float64(733.11425), np.float64(812.406875), np.float64(912.597)]",,,,,,,,,1.384,0.427,1.363,1.147,0.222,0.031
PRPHA-Cluster_1_yearly_True_window_2_lags_none_sinusoidal_no_spline,True,2,spline_lags_none_sinusoidal_no,0.503,0.001,527.385,534.555,True,True,False,1.441,0.122,0,1.0,1.0,1.0,1.0,0.062,0.549,0.851,"[np.float64(512.6990000000001), np.float64(661.885), np.float64(703.543), np.float64(815.48025), np.float64(912.597)]",,,,,,,,,,,,,,
PRPHA-Cluster_1_yearly_True_window_2_lags_1_sinusoidal_no_spline,True,2,spline_lags_1_sinusoidal_no,0.506,0.004,511.613,520.02,True,True,False,1.464,-0.058,0,1.0,1.005,1.055,1.005,0.103,0.388,0.663,"[np.float64(512.6990000000001), np.float64(645.132126), np.float64(733.11425), np.float64(819.782975), np.float64(1012.173011)]",1.065,0.627,,,,,,,,,,,,
PRPHA-Cluster_1_yearly_True_window_2_lags_2_sinusoidal_no_spline,True,2,spline_lags_2_sinusoidal_no,0.498,0.03,495.875,504.079,True,True,True,1.51,-0.202,0,1.0,1.032,1.067,1.022,0.234,0.321,0.749,"[np.float64(512.6990000000001), np.float64(658.8526), np.float64(720.904999), np.float64(801.961901), np.float64(912.597)]",,,1.121,0.44,,,,,,,,,,
PRPHA-Cluster_1_yearly_True_window_2_lags_3_sinusoidal_no_spline,True,2,spline_lags_3_sinusoidal_no,0.636,0.485,473.527,481.52,True,True,False,1.336,-0.128,0,1.0,1.009,1.095,1.011,0.058,0.688,0.676,"[np.float64(482.346), np.float64(623.72575), np.float64(703.543), np.float64(793.63435), np.float64(912.597)]",,,,,1.115,0.021,,,,,,,,
PRPHA-Cluster_1_yearly_True_window_2_lags_4_sinusoidal_no_spline,True,2,spline_lags_4_sinusoidal_no,0.511,0.039,464.169,471.944,True,True,True,1.702,-0.698,0,1.0,1.031,1.1,1.022,0.161,0.181,0.646,"[np.float64(543.052), np.float64(643.7565), np.float64(720.904999), np.float64(805.8448), np.float64(912.597)]",,,,,,,1.153,0.845,,,,,,
PRPHA-Cluster_1_yearly_True_window_2_lags_5_sinusoidal_no_spline,True,2,spline_lags_5_sinusoidal_no,0.325,0.033,448.018,455.567,True,True,False,1.371,-1.84,0,1.0,1.012,1.254,1.008,0.551,0.782,0.819,"[np.float64(570.064), np.float64(674.144749), np.float64(733.11425), np.float64(812.406875), np.float64(912.597)]",,,,,,,,,1.274,0.552,,,,
PRPHA-Cluster_1_yearly_True_window_2_lags_none_sinusoidal_yes_spline,True,2,spline_lags_none_sinusoidal_yes,0.547,0.008,528.536,538.574,True,True,False,1.459,0.05,0,1.0,1.039,1.129,1.215,0.047,0.38,0.96,"[np.float64(512.6990000000001), np.float64(661.885), np.float64(703.543), np.float64(815.48025), np.float64(912.597)]",,,,,,,,,,,1.288,1.094,0.396,0.199
PRPHA-Cluster_1_yearly_True_window_2_lags_1_sinusoidal_yes_spline,True,2,spline_lags_1_sinusoidal_yes,0.583,0.013,510.491,521.701,True,True,True,1.566,-1.015,0,1.0,1.057,1.326,1.042,0.137,0.159,0.52,"[np.float64(512.6990000000001), np.float64(645.132126), np.float64(733.11425), np.float64(819.782975), np.float64(1012.173011)]",1.084,0.981,,,,,,,,,1.063,1.278,0.228,0.103
PRPHA-Cluster_1_yearly_True_window_2_lags_2_sinusoidal_yes_spline,True,2,spline_lags_2_sinusoidal_yes,0.572,0.056,495.27,506.209,True,True,False,1.433,-0.537,0,1.0,1.06,1.243,1.192,0.216,0.133,0.741,"[np.float64(512.6990000000001), np.float64(658.8526), np.float64(720.904999), np.float64(801.961901), np.float64(912.597)]",,,1.126,0.287,,,,,,,1.051,1.318,0.538,0.084
PRPHA-Cluster_1_yearly_True_window_2_lags_3_sinusoidal_yes_spline,True,2,spline_lags_3_sinusoidal_yes,0.723,0.341,469.861,480.518,True,True,False,1.321,0.068,0,1.0,1.108,1.474,1.029,0.016,0.116,0.752,"[np.float64(482.346), np.float64(623.72575), np.float64(703.543), np.float64(793.63435), np.float64(912.597)]",,,,,1.14,0.012,,,,,1.076,1.395,0.313,0.029
PRPHA-Cluster_1_yearly_True_window_2_lags_4_sinusoidal_yes_spline,True,2,spline_lags_4_sinusoidal_yes,0.656,0.181,458.707,469.074,True,True,True,1.726,-0.518,0,1.0,1.07,1.336,1.07,0.111,0.021,0.859,"[np.float64(543.052), np.float64(643.7565), np.float64(720.904999), np.float64(805.8448), np.float64(912.597)]",,,,,,,1.185,0.239,,,1.106,1.186,0.112,0.022
PRPHA-Cluster_1_yearly_True_window_2_lags_5_sinusoidal_yes_spline,True,2,spline_lags_5_sinusoidal_yes,0.492,0.462,444.64,454.705,True,True,True,1.65,-2.121,0,1.0,1.047,1.757,1.091,0.5,0.166,0.816,"[np.float64(570.064), np.float64(674.144749), np.float64(733.11425), np.float64(812.406875), np.float64(912.597)]",,,,,,,,,1.384,0.427,1.363,1.147,0.222,0.031
PRPHA-Cluster_1_yearly_False_window_3_lags_none_sinusoidal_no_spline,False,3,spline_lags_none_sinusoidal_no,0.541,0.0,510.429,517.598,True,True,False,1.249,-0.276,0,1.0,1.0,1.0,1.0,0.407,0.107,0.619,"[np.float64(539.6333331333334), np.float64(671.694667), np.float64(756.437835), np.float64(819.586001), np.float64(887.0250036499999)]",,,,,,,,,,,,,,
PRPHA-Cluster_1_yearly_False_window_3_lags_1_sinusoidal_no_spline,False,3,spline_lags_1_sinusoidal_no,0.564,0.0,493.94,502.348,True,True,False,1.333,-1.42,0,1.0,1.001,1.041,1.079,0.039,0.445,0.137,"[np.float64(539.6333331333334), np.float64(668.710167), np.float64(734.864867), np.float64(795.263801), np.float64(906.1460064)]",1.121,0.835,,,,,,,,,,,,
PRPHA-Cluster_1_yearly_False_window_3_lags_2_sinusoidal_no_spline,False,3,spline_lags_2_sinusoidal_no,0.605,0.005,476.924,485.128,True,True,False,1.235,0.321,0,1.0,1.001,1.151,1.022,0.047,0.284,0.386,"[np.float64(539.6333331333334), np.float64(670.500867), np.float64(733.877707), np.float64(819.586001), np.float64(883.3029999999999)]",,,1.174,0.274,,,,,,,,,,
PRPHA-Cluster_1_yearly_False_window_3_lags_3_sinusoidal_no_spline,False,3,spline_lags_3_sinusoidal_no,0.656,0.028,460.42,468.413,True,True,False,1.383,-1.922,0,1.0,1.01,1.207,1.014,0.036,0.102,0.896,"[np.float64(512.6990000000001), np.float64(664.215), np.float64(738.319927), np.float64(783.323968), np.float64(883.3029999999999)]",,,,,1.232,0.202,,,,,,,,
PRPHA-Cluster_1_yearly_False_window_3_lags_4_sinusoidal_no_spline,False,3,spline_lags_4_sinusoidal_no,0.554,0.263,444.368,452.143,True,True,False,1.276,-0.024,0,1.0,1.004,1.271,1.0,0.033,0.433,0.72,"[np.float64(568.2769997), np.float64(671.694667), np.float64(729.929067), np.float64(769.491567), np.float64(883.3029999999999)]",,,,,,,1.275,0.143,,,,,,
PRPHA-Cluster_1_yearly_False_window_3_lags_5_sinusoidal_no_spline,False,3,spline_lags_5_sinusoidal_no,0.41,0.024,430.669,438.217,True,True,False,1.124,-1.077,0,1.0,1.003,1.525,1.018,0.168,0.388,0.481,"[np.float64(568.8756666666667), np.float64(675.930999), np.float64(745.947417), np.float64(802.213001), np.float64(883.303)]",,,,,,,,,1.546,0.842,,,,
PRPHA-Cluster_1_yearly_False_window_3_lags_none_sinusoidal_yes_spline,False,3,spline_lags_none_sinusoidal_yes,0.568,0.0,512.534,522.572,True,True,False,1.186,-0.338,0,1.0,1.142,1.043,1.085,0.411,0.129,0.919,"[np.float64(539.6333331333334), np.float64(671.694667), np.float64(756.437835), np.float64(819.586001), np.float64(887.0250036499999)]",,,,,,,,,,,1.124,1.146,0.231,0.973
PRPHA-Cluster_1_yearly_False_window_3_lags_1_sinusoidal_yes_spline,False,3,spline_lags_1_sinusoidal_yes,0.641,0.003,492.143,503.353,True,True,False,1.221,-1.967,0,1.0,1.05,1.176,1.202,0.027,0.548,0.039,"[np.float64(539.6333331333334), np.float64(668.710167), np.float64(734.864867), np.float64(795.263801), np.float64(906.1460064)]",1.13,0.964,,,,,,,,,1.121,1.177,0.042,0.825
PRPHA-Cluster_1_yearly_False_window_3_lags_2_sinusoidal_yes_spline,False,3,spline_lags_2_sinusoidal_yes,0.645,0.014,477.874,488.812,True,True,False,1.171,0.299,0,1.0,1.055,1.25,1.044,0.04,0.353,0.341,"[np.float64(539.6333331333334), np.float64(670.500867), np.float64(733.877707), np.float64(819.586001), np.float64(883.3029999999999)]",,,1.185,0.2,,,,,,,1.026,1.138,0.162,0.656
PRPHA-Cluster_1_yearly_False_window_3_lags_3_sinusoidal_yes_spline,False,3,spline_lags_3_sinusoidal_yes,0.712,0.027,459.44,470.098,False,True,False,1.296,-2.201,0,1.0,1.051,1.438,1.024,0.029,0.059,0.956,"[np.float64(512.6990000000001), np.float64(664.215), np.float64(738.319927), np.float64(783.323968), np.float64(883.3029999999999)]",,,,,1.263,0.156,,,,,1.03,1.219,0.081,0.478
PRPHA-Cluster_1_yearly_False_window_3_lags_4_sinusoidal_yes_spline,False,3,spline_lags_4_sinusoidal_yes,0.67,0.799,440.251,450.618,True,True,False,1.157,-4.411,0,1.0,1.029,1.374,1.019,0.017,0.406,0.975,"[np.float64(568.2769997), np.float64(671.694667), np.float64(729.929067), np.float64(769.491567), np.float64(883.3029999999999)]",,,,,,,1.295,0.028,,,1.017,1.11,0.023,0.515
PRPHA-Cluster_1_yearly_False_window_3_lags_5_sinusoidal_yes_spline,False,3,spline_lags_5_sinusoidal_yes,0.547,0.104,427.807,437.871,True,True,False,1.045,-0.501,0,1.0,1.096,1.585,1.054,0.129,0.229,0.271,"[np.float64(568.8756666666667), np.float64(675.930999), np.float64(745.947417), np.float64(802.213001), np.float64(883.303)]",,,,,,,,,1.564,0.407,1.077,1.094,0.041,0.432
PRPHA-Cluster_1_yearly_True_window_3_lags_none_sinusoidal_no_spline,True,3,spline_lags_none_sinusoidal_no,0.541,0.0,510.429,517.598,True,True,False,1.249,-0.276,0,1.0,1.0,1.0,1.0,0.407,0.107,0.619,"[np.float64(539.6333331333334), np.float64(671.694667), np.float64(756.437835), np.float64(819.586001), np.float64(887.0250036499999)]",,,,,,,,,,,,,,
PRPHA-Cluster_1_yearly_True_window_3_lags_1_sinusoidal_no_spline,True,3,spline_lags_1_sinusoidal_no,0.564,0.0,493.94,502.348,True,True,False,1.333,-1.42,0,1.0,1.001,1.041,1.079,0.039,0.445,0.137,"[np.float64(539.6333331333334), np.float64(668.710167), np.float64(734.864867), np.float64(795.263801), np.float64(906.1460064)]",1.121,0.835,,,,,,,,,,,,
PRPHA-Cluster_1_yearly_True_window_3_lags_2_sinusoidal_no_spline,True,3,spline_lags_2_sinusoidal_no,0.605,0.005,476.924,485.128,True,True,False,1.235,0.321,0,1.0,1.001,1.151,1.022,0.047,0.284,0.386,"[np.float64(539.6333331333334), np.float64(670.500867), np.float64(733.877707), np.float64(819.586001), np.float64(883.3029999999999)]",,,1.174,0.274,,,,,,,,,,
PRPHA-Cluster_1_yearly_True_window_3_lags_3_sinusoidal_no_spline,True,3,spline_lags_3_sinusoidal_no,0.656,0.028,460.42,468.413,True,True,False,1.383,-1.922,0,1.0,1.01,1.207,1.014,0.036,0.102,0.896,"[np.float64(512.6990000000001), np.float64(664.215), np.float64(738.319927), np.float64(783.323968), np.float64(883.3029999999999)]",,,,,1.232,0.202,,,,,,,,
PRPHA-Cluster_1_yearly_True_window_3_lags_4_sinusoidal_no_spline,True,3,spline_lags_4_sinusoidal_no,0.554,0.263,444.368,452.143,True,True,False,1.276,-0.024,0,1.0,1.004,1.271,1.0,0.033,0.433,0.72,"[np.float64(568.2769997), np.float64(671.694667), np.float64(729.929067), np.float64(769.491567), np.float64(883.3029999999999)]",,,,,,,1.275,0.143,,,,,,
PRPHA-Cluster_1_yearly_True_window_3_lags_5_sinusoidal_no_spline,True,3,spline_lags_5_sinusoidal_no,0.41,0.024,430.669,438.217,True,True,False,1.124,-1.077,0,1.0,1.003,1.525,1.018,0.168,0.388,0.481,"[np.float64(568.8756666666667), np.float64(675.930999), np.float64(745.947417), np.float64(802.213001), np.float64(883.303)]",,,,,,,,,1.546,0.842,,,,
PRPHA-Cluster_1_yearly_True_window_3_lags_none_sinusoidal_yes_spline,True,3,spline_lags_none_sinusoidal_yes,0.568,0.0,512.534,522.572,True,True,False,1.186,-0.338,0,1.0,1.142,1.043,1.085,0.411,0.129,0.919,"[np.float64(539.6333331333334), np.float64(671.694667), np.float64(756.437835), np.float64(819.586001), np.float64(887.0250036499999)]",,,,,,,,,,,1.124,1.146,0.231,0.973
PRPHA-Cluster_1_yearly_True_window_3_lags_1_sinusoidal_yes_spline,True,3,spline_lags_1_sinusoidal_yes,0.641,0.003,492.143,503.353,True,True,False,1.221,-1.967,0,1.0,1.05,1.176,1.202,0.027,0.548,0.039,"[np.float64(539.6333331333334), np.float64(668.710167), np.float64(734.864867), np.float64(795.263801), np.float64(906.1460064)]",1.13,0.964,,,,,,,,,1.121,1.177,0.042,0.825
PRPHA-Cluster_1_yearly_True_window_3_lags_2_sinusoidal_yes_spline,True,3,spline_lags_2_sinusoidal_yes,0.645,0.014,477.874,488.812,True,True,False,1.171,0.299,0,1.0,1.055,1.25,1.044,0.04,0.353,0.341,"[np.float64(539.6333331333334), np.float64(670.500867), np.float64(733.877707), np.float64(819.586001), np.float64(883.3029999999999)]",,,1.185,0.2,,,,,,,1.026,1.138,0.162,0.656
PRPHA-Cluster_1_yearly_True_window_3_lags_3_sinusoidal_yes_spline,True,3,spline_lags_3_sinusoidal_yes,0.712,0.027,459.44,470.098,False,True,False,1.296,-2.201,0,1.0,1.051,1.438,1.024,0.029,0.059,0.956,"[np.float64(512.6990000000001), np.float64(664.215), np.float64(738.319927), np.float64(783.323968), np.float64(883.3029999999999)]",,,,,1.263,0.156,,,,,1.03,1.219,0.081,0.478
PRPHA-Cluster_1_yearly_True_window_3_lags_4_sinusoidal_yes_spline,True,3,spline_lags_4_sinusoidal_yes,0.67,0.799,440.251,450.618,True,True,False,1.157,-4.411,0,1.0,1.029,1.374,1.019,0.017,0.406,0.975,"[np.float64(568.2769997), np.float64(671.694667), np.float64(729.929067), np.float64(769.491567), np.float64(883.3029999999999)]",,,,,,,1.295,0.028,,,1.017,1.11,0.023,0.515
PRPHA-Cluster_1_yearly_True_window_3_lags_5_sinusoidal_yes_spline,True,3,spline_lags_5_sinusoidal_yes,0.547,0.104,427.807,437.871,True,True,False,1.045,-0.501,0,1.0,1.096,1.585,1.054,0.129,0.229,0.271,"[np.float64(568.8756666666667), np.float64(675.930999), np.float64(745.947417), np.float64(802.213001), np.float64(883.303)]",,,,,,,,,1.564,0.407,1.077,1.094,0.041,0.432
PRPHA-Cluster_1_yearly_False_window_4_lags_none_sinusoidal_no_spline,False,4,spline_lags_none_sinusoidal_no,0.528,0.0,496.71,503.88,True,True,False,0.919,0.264,0,1.0,1.0,1.0,1.0,0.292,0.34,0.445,"[np.float64(581.139), np.float64(711.656625), np.float64(756.69825), np.float64(798.976375), np.float64(887.0250036499999)]",,,,,,,,,,,,,,
PRPHA-Cluster_1_yearly_False_window_4_lags_1_sinusoidal_no_spline,False,4,spline_lags_1_sinusoidal_no,0.513,0.002,482.489,490.896,True,True,False,0.972,-0.154,0,1.0,1.0,1.035,1.102,0.063,0.773,0.185,"[np.float64(581.139), np.float64(702.571625), np.float64(739.464159), np.float64(788.471915), np.float64(906.1460064)]",1.137,0.91,,,,,,,,,,,,
PRPHA-Cluster_1_yearly_False_window_4_lags_2_sinusoidal_no_spline,False,4,spline_lags_2_sinusoidal_no,0.666,0.002,461.101,469.305,True,True,False,1.127,0.04,0,1.0,1.001,1.07,1.026,0.014,0.453,0.439,"[np.float64(581.139), np.float64(683.78405), np.float64(737.55714), np.float64(791.34405), np.float64(868.401)]",,,1.097,0.157,,,,,,,,,,
PRPHA-Cluster_1_yearly_False_window_4_lags_3_sinusoidal_no_spline,False,4,spline_lags_3_sinusoidal_no,0.766,0.025,441.95,449.944,True,False,False,1.049,-0.015,0,1.0,1.001,1.114,1.0,0.015,0.078,0.927,"[np.float64(512.6990000000001), np.float64(665.339187), np.float64(728.686283), np.float64(784.8234), np.float64(868.401)]",,,,,1.116,0.044,,,,,,,,
PRPHA-Cluster_1_yearly_False_window_4_lags_4_sinusoidal_no_spline,False,4,spline_lags_4_sinusoidal_no,0.632,0.265,427.748,435.523,True,False,False,1.322,-1.172,0,1.0,1.001,1.291,1.06,0.066,0.122,0.65,"[np.float64(568.2769997), np.float64(705.85925), np.float64(750.470676), np.float64(795.0459), np.float64(868.401)]",,,,,,,1.352,0.05,,,,,,
PRPHA-Cluster_1_yearly_False_window_4_lags_5_sinusoidal_no_spline,False,4,spline_lags_5_sinusoidal_no,0.499,0.082,414.185,421.733,True,True,False,1.016,-34.608,0,1.0,1.0,1.375,1.034,0.099,0.287,0.022,"[np.float64(581.139), np.float64(709.32075), np.float64(752.677813), np.float64(789.292525), np.float64(868.4010000000001)]",,,,,,,,,1.409,0.345,,,,
PRPHA-Cluster_1_yearly_False_window_4_lags_none_sinusoidal_yes_spline,False,4,spline_lags_none_sinusoidal_yes,0.542,0.0,499.766,509.804,True,True,False,0.888,0.095,0,1.0,1.063,1.048,1.002,0.311,0.354,0.452,"[np.float64(581.139), np.float64(711.656625), np.float64(756.69825), np.float64(798.976375), np.float64(887.0250036499999)]",,,,,,,,,,,1.051,1.062,0.431,0.768
PRPHA-Cluster_1_yearly_False_window_4_lags_1_sinusoidal_yes_spline,False,4,spline_lags_1_sinusoidal_yes,0.545,0.006,484.457,495.666,True,True,False,0.929,-1.257,0,1.0,1.07,1.039,1.193,0.061,0.84,0.128,"[np.float64(581.139), np.float64(702.571625), np.float64(739.464159), np.float64(788.471915), np.float64(906.1460064)]",1.143,0.885,,,,,,,,,1.115,1.044,0.291,0.544
PRPHA-Cluster_1_yearly_False_window_4_lags_2_sinusoidal_yes_spline,False,4,spline_lags_2_sinusoidal_yes,0.711,0.005,460.911,471.849,True,True,False,1.153,-3.983,0,1.0,1.085,1.082,1.155,0.007,0.635,0.223,"[np.float64(581.139), np.float64(683.78405), np.float64(737.55714), np.float64(791.34405), np.float64(868.401)]",,,1.104,0.125,,,,,,,1.079,1.139,0.332,0.136
PRPHA-Cluster_1_yearly_False_window_4_lags_3_sinusoidal_yes_spline,False,4,spline_lags_3_sinusoidal_yes,0.796,0.018,442.006,452.663,True,True,False,0.919,-0.391,0,1.0,1.066,1.197,1.094,0.011,0.038,0.793,"[np.float64(512.6990000000001), np.float64(665.339187), np.float64(728.686283), np.float64(784.8234), np.float64(868.401)]",,,,,1.124,0.048,,,,,1.157,1.076,0.32,0.173
PRPHA-Cluster_1_yearly_False_window_4_lags_4_sinusoidal_yes_spline,False,4,spline_lags_4_sinusoidal_yes,0.721,0.417,424.314,434.681,True,True,False,1.326,-0.184,0,1.0,1.076,1.298,1.072,0.021,0.083,0.578,"[np.float64(568.2769997), np.float64(705.85925), np.float64(750.470676), np.float64(795.0459), np.float64(868.401)]",,,,,,,1.353,0.018,,,1.081,1.012,0.104,0.092
PRPHA-Cluster_1_yearly_False_window_4_lags_5_sinusoidal_yes_spline,False,4,spline_lags_5_sinusoidal_yes,0.609,0.15,411.728,421.792,True,True,False,0.973,-22.605,0,1.0,1.098,1.455,1.084,0.045,0.244,0.009,"[np.float64(581.139), np.float64(709.32075), np.float64(752.677813), np.float64(789.292525), np.float64(868.4010000000001)]",,,,,,,,,1.427,0.177,1.167,1.042,0.304,0.063
PRPHA-Cluster_1_yearly_True_window_4_lags_none_sinusoidal_no_spline,True,4,spline_lags_none_sinusoidal_no,0.528,0.0,496.71,503.88,True,True,False,0.919,0.264,0,1.0,1.0,1.0,1.0,0.292,0.34,0.445,"[np.float64(581.139), np.float64(711.656625), np.float64(756.69825), np.float64(798.976375), np.float64(887.0250036499999)]",,,,,,,,,,,,,,
PRPHA-Cluster_1_yearly_True_window_4_lags_1_sinusoidal_no_spline,True,4,spline_lags_1_sinusoidal_no,0.513,0.002,482.489,490.896,True,True,False,0.972,-0.154,0,1.0,1.0,1.035,1.102,0.063,0.773,0.185,"[np.float64(581.139), np.float64(702.571625), np.float64(739.464159), np.float64(788.471915), np.float64(906.1460064)]",1.137,0.91,,,,,,,,,,,,
PRPHA-Cluster_1_yearly_True_window_4_lags_2_sinusoidal_no_spline,True,4,spline_lags_2_sinusoidal_no,0.666,0.002,461.101,469.305,True,True,False,1.127,0.04,0,1.0,1.001,1.07,1.026,0.014,0.453,0.439,"[np.float64(581.139), np.float64(683.78405), np.float64(737.55714), np.float64(791.34405), np.float64(868.401)]",,,1.097,0.157,,,,,,,,,,
PRPHA-Cluster_1_yearly_True_window_4_lags_3_sinusoidal_no_spline,True,4,spline_lags_3_sinusoidal_no,0.766,0.025,441.95,449.944,True,False,False,1.049,-0.015,0,1.0,1.001,1.114,1.0,0.015,0.078,0.927,"[np.float64(512.6990000000001), np.float64(665.339187), np.float64(728.686283), np.float64(784.8234), np.float64(868.401)]",,,,,1.116,0.044,,,,,,,,
PRPHA-Cluster_1_yearly_True_window_4_lags_4_sinusoidal_no_spline,True,4,spline_lags_4_sinusoidal_no,0.632,0.265,427.748,435.523,True,False,False,1.322,-1.172,0,1.0,1.001,1.291,1.06,0.066,0.122,0.65,"[np.float64(568.2769997), np.float64(705.85925), np.float64(750.470676), np.float64(795.0459), np.float64(868.401)]",,,,,,,1.352,0.05,,,,,,
PRPHA-Cluster_1_yearly_True_window_4_lags_5_sinusoidal_no_spline,True,4,spline_lags_5_sinusoidal_no,0.499,0.082,414.185,421.733,True,True,False,1.016,-34.608,0,1.0,1.0,1.375,1.034,0.099,0.287,0.022,"[np.float64(581.139), np.float64(709.32075), np.float64(752.677813), np.float64(789.292525), np.float64(868.4010000000001)]",,,,,,,,,1.409,0.345,,,,
PRPHA-Cluster_1_yearly_True_window_4_lags_none_sinusoidal_yes_spline,True,4,spline_lags_none_sinusoidal_yes,0.542,0.0,499.766,509.804,True,True,False,0.888,0.095,0,1.0,1.063,1.048,1.002,0.311,0.354,0.452,"[np.float64(581.139), np.float64(711.656625), np.float64(756.69825), np.float64(798.976375), np.float64(887.0250036499999)]",,,,,,,,,,,1.051,1.062,0.431,0.768
PRPHA-Cluster_1_yearly_True_window_4_lags_1_sinusoidal_yes_spline,True,4,spline_lags_1_sinusoidal_yes,0.545,0.006,484.457,495.666,True,True,False,0.929,-1.257,0,1.0,1.07,1.039,1.193,0.061,0.84,0.128,"[np.float64(581.139), np.float64(702.571625), np.float64(739.464159), np.float64(788.471915), np.float64(906.1460064)]",1.143,0.885,,,,,,,,,1.115,1.044,0.291,0.544
PRPHA-Cluster_1_yearly_True_window_4_lags_2_sinusoidal_yes_spline,True,4,spline_lags_2_sinusoidal_yes,0.711,0.005,460.911,471.849,True,True,False,1.153,-3.983,0,1.0,1.085,1.082,1.155,0.007,0.635,0.223,"[np.float64(581.139), np.float64(683.78405), np.float64(737.55714), np.float64(791.34405), np.float64(868.401)]",,,1.104,0.125,,,,,,,1.079,1.139,0.332,0.136
PRPHA-Cluster_1_yearly_True_window_4_lags_3_sinusoidal_yes_spline,True,4,spline_lags_3_sinusoidal_yes,0.796,0.018,442.006,452.663,True,True,False,0.919,-0.391,0,1.0,1.066,1.197,1.094,0.011,0.038,0.793,"[np.float64(512.6990000000001), np.float64(665.339187), np.float64(728.686283), np.float64(784.8234), np.float64(868.401)]",,,,,1.124,0.048,,,,,1.157,1.076,0.32,0.173
PRPHA-Cluster_1_yearly_True_window_4_lags_4_sinusoidal_yes_spline,True,4,spline_lags_4_sinusoidal_yes,0.721,0.417,424.314,434.681,True,True,False,1.326,-0.184,0,1.0,1.076,1.298,1.072,0.021,0.083,0.578,"[np.float64(568.2769997), np.float64(705.85925), np.float64(750.470676), np.float64(795.0459), np.float64(868.401)]",,,,,,,1.353,0.018,,,1.081,1.012,0.104,0.092
PRPHA-Cluster_1_yearly_True_window_4_lags_5_sinusoidal_yes_spline,True,4,spline_lags_5_sinusoidal_yes,0.609,0.15,411.728,421.792,True,True,False,0.973,-22.605,0,1.0,1.098,1.455,1.084,0.045,0.244,0.009,"[np.float64(581.139), np.float64(709.32075), np.float64(752.677813), np.float64(789.292525), np.float64(868.4010000000001)]",,,,,,,,,1.427,0.177,1.167,1.042,0.304,0.063
PRPHA-Cluster_1_yearly_False_window_5_lags_none_sinusoidal_no_spline,False,5,spline_lags_none_sinusoidal_no,0.477,0.001,486.572,493.742,True,True,False,0.878,0.248,0,1.0,1.0,1.0,1.0,0.106,0.689,0.168,"[np.float64(606.0794), np.float64(719.0624), np.float64(761.1079), np.float64(791.34405), np.float64(858.0563363666666)]",,,,,,,,,,,,,,
PRPHA-Cluster_1_yearly_False_window_5_lags_1_sinusoidal_no_spline,False,5,spline_lags_1_sinusoidal_no,0.469,0.013,476.237,484.644,True,True,False,0.891,-0.489,0,1.0,1.015,1.001,1.025,0.06,0.25,0.233,"[np.float64(606.0794), np.float64(705.865192), np.float64(734.31544), np.float64(768.410291), np.float64(835.8889999999999)]",1.042,0.802,,,,,,,,,,,,
PRPHA-Cluster_1_yearly_False_window_5_lags_2_sinusoidal_no_spline,False,5,spline_lags_2_sinusoidal_no,0.64,0.004,455.974,464.178,True,True,False,1.104,-0.122,0,1.0,1.0,1.002,1.029,0.007,0.769,0.885,"[np.float64(604.7547503000001), np.float64(683.73024), np.float64(735.889401), np.float64(769.079601), np.float64(835.8889999999999)]",,,1.031,0.264,,,,,,,,,,
PRPHA-Cluster_1_yearly_False_window_5_lags_3_sinusoidal_no_spline,False,5,spline_lags_3_sinusoidal_no,0.684,0.03,436.278,444.271,True,True,False,1.024,-3.79,0,1.0,1.0,1.067,1.001,0.026,0.171,0.86,"[np.float64(539.6333331333334), np.float64(699.71456), np.float64(736.0848), np.float64(770.93804), np.float64(835.8889999999999)]",,,,,1.069,0.105,,,,,,,,
PRPHA-Cluster_1_yearly_False_window_5_lags_4_sinusoidal_no_spline,False,5,spline_lags_4_sinusoidal_no,0.57,0.409,419.928,427.703,True,True,False,0.996,-6.773,0,1.0,1.001,1.136,1.0,0.009,0.988,0.362,"[np.float64(606.0794), np.float64(686.036), np.float64(735.39236), np.float64(771.40544), np.float64(835.8889999999999)]",,,,,,,1.137,0.056,,,,,,
PRPHA-Cluster_1_yearly_False_window_5_lags_5_sinusoidal_no_spline,False,5,spline_lags_5_sinusoidal_no,0.343,0.07,416.238,423.786,True,True,False,0.728,-2.542,0,1.0,1.0,1.167,1.003,0.052,0.516,0.583,"[np.float64(606.0794), np.float64(705.222), np.float64(742.02665), np.float64(776.9202), np.float64(835.8889999999999)]",,,,,,,,,1.171,0.681,,,,
PRPHA-Cluster_1_yearly_False_window_5_lags_none_sinusoidal_yes_spline,False,5,spline_lags_none_sinusoidal_yes,0.488,0.002,489.942,499.98,True,True,False,0.892,0.049,0,1.0,1.004,1.199,1.292,0.111,0.742,0.145,"[np.float64(606.0794), np.float64(719.0624), np.float64(761.1079), np.float64(791.34405), np.float64(858.0563363666666)]",,,,,,,,,,,1.269,1.226,0.501,0.916
PRPHA-Cluster_1_yearly_False_window_5_lags_1_sinusoidal_yes_spline,False,5,spline_lags_1_sinusoidal_yes,0.473,0.024,479.993,491.203,True,True,False,0.903,-0.549,0,1.0,1.033,1.161,1.073,0.08,0.248,0.232,"[np.float64(606.0794), np.float64(705.865192), np.float64(734.31544), np.float64(768.410291), np.float64(835.8889999999999)]",1.046,0.817,,,,,,,,,1.012,1.209,0.975,0.679
PRPHA-Cluster_1_yearly_False_window_5_lags_2_sinusoidal_yes_spline,False,5,spline_lags_2_sinusoidal_yes,0.641,0.005,459.921,470.86,True,True,False,1.111,-0.174,0,1.0,1.036,1.024,1.064,0.011,0.764,0.877,"[np.float64(604.7547503000001), np.float64(683.73024), np.float64(735.889401), np.float64(769.079601), np.float64(835.8889999999999)]",,,1.032,0.286,,,,,,,1.032,1.059,0.916,0.871
PRPHA-Cluster_1_yearly_False_window_5_lags_3_sinusoidal_yes_spline,False,5,spline_lags_3_sinusoidal_yes,0.685,0.04,440.248,450.905,True,True,False,1.029,-6.656,0,1.0,1.044,1.072,1.072,0.036,0.195,0.899,"[np.float64(539.6333331333334), np.float64(699.71456), np.float64(736.0848), np.float64(770.93804), np.float64(835.8889999999999)]",,,,,1.069,0.121,,,,,1.08,1.04,0.894,0.951
PRPHA-Cluster_1_yearly_False_window_5_lags_4_sinusoidal_yes_spline,False,5,spline_lags_4_sinusoidal_yes,0.574,0.445,423.675,434.041,True,True,False,0.99,-4.501,0,1.0,1.034,1.202,1.063,0.013,0.969,0.365,"[np.float64(606.0794), np.float64(686.036), np.float64(735.39236), np.float64(771.40544), np.float64(835.8889999999999)]",,,,,,,1.146,0.068,,,1.026,1.127,0.687,0.911
PRPHA-Cluster_1_yearly_False_window_5_lags_5_sinusoidal_yes_spline,False,5,spline_lags_5_sinusoidal_yes,0.347,0.083,420.058,430.123,True,True,False,0.745,-4.418,0,1.0,1.059,1.278,1.172,0.072,0.505,0.634,"[np.float64(606.0794), np.float64(705.222), np.float64(742.02665), np.float64(776.9202), np.float64(835.8889999999999)]",,,,,,,,,1.183,0.704,1.172,1.152,0.881,0.767
PRPHA-Cluster_1_yearly_True_window_5_lags_none_sinusoidal_no_spline,True,5,spline_lags_none_sinusoidal_no,0.477,0.001,486.572,493.742,True,True,False,0.878,0.248,0,1.0,1.0,1.0,1.0,0.106,0.689,0.168,"[np.float64(606.0794), np.float64(719.0624), np.float64(761.1079), np.float64(791.34405), np.float64(858.0563363666666)]",,,,,,,,,,,,,,
PRPHA-Cluster_1_yearly_True_window_5_lags_1_sinusoidal_no_spline,True,5,spline_lags_1_sinusoidal_no,0.469,0.013,476.237,484.644,True,True,False,0.891,-0.489,0,1.0,1.015,1.001,1.025,0.06,0.25,0.233,"[np.float64(606.0794), np.float64(705.865192), np.float64(734.31544), np.float64(768.410291), np.float64(835.8889999999999)]",1.042,0.802,,,,,,,,,,,,
PRPHA-Cluster_1_yearly_True_window_5_lags_2_sinusoidal_no_spline,True,5,spline_lags_2_sinusoidal_no,0.64,0.004,455.974,464.178,True,True,False,1.104,-0.122,0,1.0,1.0,1.002,1.029,0.007,0.769,0.885,"[np.float64(604.7547503000001), np.float64(683.73024), np.float64(735.889401), np.float64(769.079601), np.float64(835.8889999999999)]",,,1.031,0.264,,,,,,,,,,
PRPHA-Cluster_1_yearly_True_window_5_lags_3_sinusoidal_no_spline,True,5,spline_lags_3_sinusoidal_no,0.684,0.03,436.278,444.271,True,True,False,1.024,-3.79,0,1.0,1.0,1.067,1.001,0.026,0.171,0.86,"[np.float64(539.6333331333334), np.float64(699.71456), np.float64(736.0848), np.float64(770.93804), np.float64(835.8889999999999)]",,,,,1.069,0.105,,,,,,,,
PRPHA-Cluster_1_yearly_True_window_5_lags_4_sinusoidal_no_spline,True,5,spline_lags_4_sinusoidal_no,0.57,0.409,419.928,427.703,True,True,False,0.996,-6.773,0,1.0,1.001,1.136,1.0,0.009,0.988,0.362,"[np.float64(606.0794), np.float64(686.036), np.float64(735.39236), np.float64(771.40544), np.float64(835.8889999999999)]",,,,,,,1.137,0.056,,,,,,
PRPHA-Cluster_1_yearly_True_window_5_lags_5_sinusoidal_no_spline,True,5,spline_lags_5_sinusoidal_no,0.343,0.07,416.238,423.786,True,True,False,0.728,-2.542,0,1.0,1.0,1.167,1.003,0.052,0.516,0.583,"[np.float64(606.0794), np.float64(705.222), np.float64(742.02665), np.float64(776.9202), np.float64(835.8889999999999)]",,,,,,,,,1.171,0.681,,,,
PRPHA-Cluster_1_yearly_True_window_5_lags_none_sinusoidal_yes_spline,True,5,spline_lags_none_sinusoidal_yes,0.488,0.002,489.942,499.98,True,True,False,0.892,0.049,0,1.0,1.004,1.199,1.292,0.111,0.742,0.145,"[np.float64(606.0794), np.float64(719.0624), np.float64(761.1079), np.float64(791.34405), np.float64(858.0563363666666)]",,,,,,,,,,,1.269,1.226,0.501,0.916
PRPHA-Cluster_1_yearly_True_window_5_lags_1_sinusoidal_yes_spline,True,5,spline_lags_1_sinusoidal_yes,0.473,0.024,479.993,491.203,True,True,False,0.903,-0.549,0,1.0,1.033,1.161,1.073,0.08,0.248,0.232,"[np.float64(606.0794), np.float64(705.865192), np.float64(734.31544), np.float64(768.410291), np.float64(835.8889999999999)]",1.046,0.817,,,,,,,,,1.012,1.209,0.975,0.679
PRPHA-Cluster_1_yearly_True_window_5_lags_2_sinusoidal_yes_spline,True,5,spline_lags_2_sinusoidal_yes,0.641,0.005,459.921,470.86,True,True,False,1.111,-0.174,0,1.0,1.036,1.024,1.064,0.011,0.764,0.877,"[np.float64(604.7547503000001), np.float64(683.73024), np.float64(735.889401), np.float64(769.079601), np.float64(835.8889999999999)]",,,1.032,0.286,,,,,,,1.032,1.059,0.916,0.871
PRPHA-Cluster_1_yearly_True_window_5_lags_3_sinusoidal_yes_spline,True,5,spline_lags_3_sinusoidal_yes,0.685,0.04,440.248,450.905,True,True,False,1.029,-6.656,0,1.0,1.044,1.072,1.072,0.036,0.195,0.899,"[np.float64(539.6333331333334), np.float64(699.71456), np.float64(736.0848), np.float64(770.93804), np.float64(835.8889999999999)]",,,,,1.069,0.121,,,,,1.08,1.04,0.894,0.951
PRPHA-Cluster_1_yearly_True_window_5_lags_4_sinusoidal_yes_spline,True,5,spline_lags_4_sinusoidal_yes,0.574,0.445,423.675,434.041,True,True,False,0.99,-4.501,0,1.0,1.034,1.202,1.063,0.013,0.969,0.365,"[np.float64(606.0794), np.float64(686.036), np.float64(735.39236), np.float64(771.40544), np.float64(835.8889999999999)]",,,,,,,1.146,0.068,,,1.026,1.127,0.687,0.911
PRPHA-Cluster_1_yearly_True_window_5_lags_5_sinusoidal_yes_spline,True,5,spline_lags_5_sinusoidal_yes,0.347,0.083,420.058,430.123,True,True,False,0.745,-4.418,0,1.0,1.059,1.278,1.172,0.072,0.505,0.634,"[np.float64(606.0794), np.float64(705.222), np.float64(742.02665), np.float64(776.9202), np.float64(835.8889999999999)]",,,,,,,,,1.183,0.704,1.172,1.152,0.881,0.767
PRPHA-Cluster_1_yearly_False_window_6_lags_none_sinusoidal_no_spline,False,6,spline_lags_none_sinusoidal_no,0.355,0.007,484.081,491.251,True,False,False,0.731,-1.654,0,1.0,1.0,1.0,1.0,0.582,0.865,0.71,"[np.float64(640.5243333333333), np.float64(694.286084), np.float64(731.6005), np.float64(764.128752), np.float64(858.0563363666666)]",,,,,,,,,,,,,,
PRPHA-Cluster_1_yearly_False_window_6_lags_1_sinusoidal_no_spline,False,6,spline_lags_1_sinusoidal_no,0.361,0.028,475.481,483.889,True,False,False,0.716,0.025,0,1.0,1.003,1.002,1.015,0.262,0.271,0.619,"[np.float64(640.5243333333333), np.float64(687.257177), np.float64(731.56615), np.float64(758.813435), np.float64(806.6790000000001)]",1.02,0.51,,,,,,,,,,,,
PRPHA-Cluster_1_yearly_False_window_6_lags_2_sinusoidal_no_spline,False,6,spline_lags_2_sinusoidal_no,0.69,0.004,448.054,456.258,True,True,False,1.029,0.246,0,1.0,1.716,1.0,1.023,0.01,0.698,0.509,"[np.float64(604.7547503000001), np.float64(656.877433), np.float64(688.172733), np.float64(745.676767), np.float64(806.6790000000001)]",,,1.74,0.863,,,,,,,,,,
PRPHA-Cluster_1_yearly_False_window_6_lags_3_sinusoidal_no_spline,False,6,spline_lags_3_sinusoidal_no,0.676,0.035,433.505,441.499,True,True,False,0.929,-2.973,0,1.0,1.023,1.043,1.0,0.077,0.277,0.649,"[np.float64(539.6333331333334), np.float64(665.982367), np.float64(725.188667), np.float64(752.474317), np.float64(806.679)]",,,,,1.066,0.366,,,,,,,,
PRPHA-Cluster_1_yearly_False_window_6_lags_4_sinusoidal_no_spline,False,6,spline_lags_4_sinusoidal_no,0.53,0.067,417.29,425.065,True,True,False,0.817,-0.165,0,1.0,1.018,1.009,1.001,0.042,0.545,0.084,"[np.float64(631.6379994666667), np.float64(713.31262), np.float64(731.615767), np.float64(767.699401), np.float64(806.679)]",,,,,,,1.029,0.603,,,,,,
PRPHA-Cluster_1_yearly_False_window_6_lags_5_sinusoidal_no_spline,False,6,spline_lags_5_sinusoidal_no,0.374,0.013,414.162,421.71,True,True,False,0.865,-0.952,0,1.0,1.023,1.08,1.002,0.033,0.361,0.86,"[np.float64(640.5243333333334), np.float64(698.441292), np.float64(739.6345), np.float64(767.71455), np.float64(806.679)]",,,,,,,,,1.105,0.156,,,,
PRPHA-Cluster_1_yearly_False_window_6_lags_none_sinusoidal_yes_spline,False,6,spline_lags_none_sinusoidal_yes,0.406,0.016,485.563,495.601,True,True,False,0.777,-1.185,0,1.0,1.08,1.121,1.136,0.329,0.693,0.912,"[np.float64(640.5243333333333), np.float64(694.286084), np.float64(731.6005), np.float64(764.128752), np.float64(858.0563363666666)]",,,,,,,,,,,1.024,1.312,0.865,0.174
PRPHA-Cluster_1_yearly_False_window_6_lags_1_sinusoidal_yes_spline,False,6,spline_lags_1_sinusoidal_yes,0.402,0.028,477.487,488.697,True,True,False,0.634,-0.071,0,1.0,1.048,1.137,1.072,0.196,0.453,0.612,"[np.float64(640.5243333333333), np.float64(687.257177), np.float64(731.56615), np.float64(758.813435), np.float64(806.6790000000001)]",1.022,0.525,,,,,,,,,1.063,1.173,0.668,0.276
PRPHA-Cluster_1_yearly_False_window_6_lags_2_sinusoidal_yes_spline,False,6,spline_lags_2_sinusoidal_yes,0.724,0.005,448.649,459.587,True,True,False,0.927,-0.31,0,1.0,1.795,1.036,1.147,0.005,0.499,0.31,"[np.float64(604.7547503000001), np.float64(656.877433), np.float64(688.172733), np.float64(745.676767), np.float64(806.6790000000001)]",,,1.787,0.964,,,,,,,1.062,1.129,0.911,0.121
PRPHA-Cluster_1_yearly_False_window_6_lags_3_sinusoidal_yes_spline,False,6,spline_lags_3_sinusoidal_yes,0.702,0.034,435.087,445.744,True,True,False,0.87,-0.797,0,1.0,1.114,1.047,1.061,0.044,0.285,0.583,"[np.float64(539.6333331333334), np.float64(665.982367), np.float64(725.188667), np.float64(752.474317), np.float64(806.679)]",,,,,1.069,0.415,,,,,1.046,1.106,0.841,0.201
PRPHA-Cluster_1_yearly_False_window_6_lags_4_sinusoidal_yes_spline,False,6,spline_lags_4_sinusoidal_yes,0.56,0.071,419.505,429.872,True,True,False,0.74,-0.98,0,1.0,1.041,1.032,1.072,0.038,0.458,0.146,"[np.float64(631.6379994666667), np.float64(713.31262), np.float64(731.615767), np.float64(767.699401), np.float64(806.679)]",,,,,,,1.029,0.619,,,1.017,1.099,0.691,0.305
PRPHA-Cluster_1_yearly_False_window_6_lags_5_sinusoidal_yes_spline,False,6,spline_lags_5_sinusoidal_yes,0.469,0.016,413.899,423.964,True,True,False,0.746,-1.295,0,1.0,1.027,1.337,1.03,0.025,0.2,0.927,"[np.float64(640.5243333333334), np.float64(698.441292), np.float64(739.6345), np.float64(767.71455), np.float64(806.679)]",,,,,,,,,1.124,0.207,1.141,1.129,0.887,0.09
PRPHA-Cluster_1_yearly_True_window_6_lags_none_sinusoidal_no_spline,True,6,spline_lags_none_sinusoidal_no,0.355,0.007,484.081,491.251,True,False,False,0.731,-1.654,0,1.0,1.0,1.0,1.0,0.582,0.865,0.71,"[np.float64(640.5243333333333), np.float64(694.286084), np.float64(731.6005), np.float64(764.128752), np.float64(858.0563363666666)]",,,,,,,,,,,,,,
PRPHA-Cluster_1_yearly_True_window_6_lags_1_sinusoidal_no_spline,True,6,spline_lags_1_sinusoidal_no,0.361,0.028,475.481,483.889,True,False,False,0.716,0.025,0,1.0,1.003,1.002,1.015,0.262,0.271,0.619,"[np.float64(640.5243333333333), np.float64(687.257177), np.float64(731.56615), np.float64(758.813435), np.float64(806.6790000000001)]",1.02,0.51,,,,,,,,,,,,
PRPHA-Cluster_1_yearly_True_window_6_lags_2_sinusoidal_no_spline,True,6,spline_lags_2_sinusoidal_no,0.69,0.004,448.054,456.258,True,True,False,1.029,0.246,0,1.0,1.716,1.0,1.023,0.01,0.698,0.509,"[np.float64(604.7547503000001), np.float64(656.877433), np.float64(688.172733), np.float64(745.676767), np.float64(806.6790000000001)]",,,1.74,0.863,,,,,,,,,,
PRPHA-Cluster_1_yearly_True_window_6_lags_3_sinusoidal_no_spline,True,6,spline_lags_3_sinusoidal_no,0.676,0.035,433.505,441.499,True,True,False,0.929,-2.973,0,1.0,1.023,1.043,1.0,0.077,0.277,0.649,"[np.float64(539.6333331333334), np.float64(665.982367), np.float64(725.188667), np.float64(752.474317), np.float64(806.679)]",,,,,1.066,0.366,,,,,,,,
PRPHA-Cluster_1_yearly_True_window_6_lags_4_sinusoidal_no_spline,True,6,spline_lags_4_sinusoidal_no,0.53,0.067,417.29,425.065,True,True,False,0.817,-0.165,0,1.0,1.018,1.009,1.001,0.042,0.545,0.084,"[np.float64(631.6379994666667), np.float64(713.31262), np.float64(731.615767), np.float64(767.699401), np.float64(806.679)]",,,,,,,1.029,0.603,,,,,,
PRPHA-Cluster_1_yearly_True_window_6_lags_5_sinusoidal_no_spline,True,6,spline_lags_5_sinusoidal_no,0.374,0.013,414.162,421.71,True,True,False,0.865,-0.952,0,1.0,1.023,1.08,1.002,0.033,0.361,0.86,"[np.float64(640.5243333333334), np.float64(698.441292), np.float64(739.6345), np.float64(767.71455), np.float64(806.679)]",,,,,,,,,1.105,0.156,,,,
PRPHA-Cluster_1_yearly_True_window_6_lags_none_sinusoidal_yes_spline,True,6,spline_lags_none_sinusoidal_yes,0.406,0.016,485.563,495.601,True,True,False,0.777,-1.185,0,1.0,1.08,1.121,1.136,0.329,0.693,0.912,"[np.float64(640.5243333333333), np.float64(694.286084), np.float64(731.6005), np.float64(764.128752), np.float64(858.0563363666666)]",,,,,,,,,,,1.024,1.312,0.865,0.174
PRPHA-Cluster_1_yearly_True_window_6_lags_1_sinusoidal_yes_spline,True,6,spline_lags_1_sinusoidal_yes,0.402,0.028,477.487,488.697,True,True,False,0.634,-0.071,0,1.0,1.048,1.137,1.072,0.196,0.453,0.612,"[np.float64(640.5243333333333), np.float64(687.257177), np.float64(731.56615), np.float64(758.813435), np.float64(806.6790000000001)]",1.022,0.525,,,,,,,,,1.063,1.173,0.668,0.276
PRPHA-Cluster_1_yearly_True_window_6_lags_2_sinusoidal_yes_spline,True,6,spline_lags_2_sinusoidal_yes,0.724,0.005,448.649,459.587,True,True,False,0.927,-0.31,0,1.0,1.795,1.036,1.147,0.005,0.499,0.31,"[np.float64(604.7547503000001), np.float64(656.877433), np.float64(688.172733), np.float64(745.676767), np.float64(806.6790000000001)]",,,1.787,0.964,,,,,,,1.062,1.129,0.911,0.121
PRPHA-Cluster_1_yearly_True_window_6_lags_3_sinusoidal_yes_spline,True,6,spline_lags_3_sinusoidal_yes,0.702,0.034,435.087,445.744,True,True,False,0.87,-0.797,0,1.0,1.114,1.047,1.061,0.044,0.285,0.583,"[np.float64(539.6333331333334), np.float64(665.982367), np.float64(725.188667), np.float64(752.474317), np.float64(806.679)]",,,,,1.069,0.415,,,,,1.046,1.106,0.841,0.201
PRPHA-Cluster_1_yearly_True_window_6_lags_4_sinusoidal_yes_spline,True,6,spline_lags_4_sinusoidal_yes,0.56,0.071,419.505,429.872,True,True,False,0.74,-0.98,0,1.0,1.041,1.032,1.072,0.038,0.458,0.146,"[np.float64(631.6379994666667), np.float64(713.31262), np.float64(731.615767), np.float64(767.699401), np.float64(806.679)]",,,,,,,1.029,0.619,,,1.017,1.099,0.691,0.305
PRPHA-Cluster_1_yearly_True_window_6_lags_5_sinusoidal_yes_spline,True,6,spline_lags_5_sinusoidal_yes,0.469,0.016,413.899,423.964,True,True,False,0.746,-1.295,0,1.0,1.027,1.337,1.03,0.025,0.2,0.927,"[np.float64(640.5243333333334), np.float64(698.441292), np.float64(739.6345), np.float64(767.71455), np.float64(806.679)]",,,,,,,,,1.124,0.207,1.141,1.129,0.887,0.09
PRPHA-Cluster_1_yearly_False_window_7_lags_none_sinusoidal_no_spline,False,7,spline_lags_none_sinusoidal_no,0.393,0.003,473.013,480.183,True,True,False,0.759,0.151,0,1.0,1.0,1.0,1.0,0.584,0.31,0.098,"[np.float64(650.5047142857144), np.float64(706.022358), np.float64(757.610714), np.float64(771.797714), np.float64(809.3607142857143)]",,,,,,,,,,,,,,
PRPHA-Cluster_1_yearly_False_window_7_lags_1_sinusoidal_no_spline,False,7,spline_lags_1_sinusoidal_no,0.367,0.02,470.35,478.757,True,True,False,0.605,-2.095,0,1.0,1.029,1.0,1.0,0.26,0.549,0.624,"[np.float64(650.5047142857144), np.float64(696.005786), np.float64(727.867), np.float64(773.435929), np.float64(809.3607142857143)]",1.03,0.532,,,,,,,,,,,,
PRPHA-Cluster_1_yearly_False_window_7_lags_2_sinusoidal_no_spline,False,7,spline_lags_2_sinusoidal_no,0.601,0.001,444.224,452.428,True,True,False,0.984,0.367,0,1.0,1.042,1.018,1.059,0.435,0.039,0.957,"[np.float64(604.7547503000001), np.float64(689.342286), np.float64(736.975572), np.float64(769.762766), np.float64(809.3607142857143)]",,,1.119,0.69,,,,,,,,,,
PRPHA-Cluster_1_yearly_False_window_7_lags_3_sinusoidal_no_spline,False,7,spline_lags_3_sinusoidal_no,0.533,0.012,430.806,438.799,True,True,False,0.821,-0.366,0,1.0,1.2,1.026,1.001,0.126,0.26,0.454,"[np.float64(594.3149996), np.float64(686.909131), np.float64(721.491), np.float64(770.653056), np.float64(809.3607142857143)]",,,,,1.227,0.832,,,,,,,,
PRPHA-Cluster_1_yearly_False_window_7_lags_4_sinusoidal_no_spline,False,7,spline_lags_4_sinusoidal_no,0.346,0.049,416.734,424.509,True,True,False,0.779,-0.696,0,1.0,1.141,1.002,1.0,0.059,0.62,0.868,"[np.float64(644.5909994), np.float64(699.176786), np.float64(735.3516), np.float64(771.543346), np.float64(809.3607142857143)]",,,,,,,1.143,0.386,,,,,,
PRPHA-Cluster_1_yearly_False_window_7_lags_5_sinusoidal_no_spline,False,7,spline_lags_5_sinusoidal_no,0.482,0.003,406.252,413.801,True,True,False,0.822,-2.025,0,1.0,1.049,1.002,1.054,0.055,0.023,0.552,"[np.float64(650.5047142857142), np.float64(717.596357), np.float64(755.282429), np.float64(773.162893), np.float64(809.3607142857143)]",,,,,,,,,1.105,0.09,,,,
PRPHA-Cluster_1_yearly_False_window_7_lags_none_sinusoidal_yes_spline,False,7,spline_lags_none_sinusoidal_yes,0.471,0.006,472.751,482.789,True,True,False,0.602,0.041,0,1.0,1.0,1.051,1.102,0.509,0.266,0.105,"[np.float64(650.5047142857144), np.float64(706.022358), np.float64(757.610714), np.float64(771.797714), np.float64(809.3607142857143)]",,,,,,,,,,,1.088,1.066,0.149,0.287
PRPHA-Cluster_1_yearly_False_window_7_lags_1_sinusoidal_yes_spline,False,7,spline_lags_1_sinusoidal_yes,0.448,0.048,470.214,481.424,True,True,False,0.47,-3.0,0,1.0,1.077,1.018,1.044,0.181,0.501,0.9,"[np.float64(650.5047142857144), np.float64(696.005786), np.float64(727.867), np.float64(773.435929), np.float64(809.3607142857143)]",1.032,0.512,,,,,,,,,1.078,1.029,0.127,0.39
PRPHA-Cluster_1_yearly_False_window_7_lags_2_sinusoidal_yes_spline,False,7,spline_lags_2_sinusoidal_yes,0.674,0.001,442.35,453.288,True,True,False,0.966,0.004,0,1.0,1.119,1.042,1.185,0.199,0.016,0.915,"[np.float64(604.7547503000001), np.float64(689.342286), np.float64(736.975572), np.float64(769.762766), np.float64(809.3607142857143)]",,,1.126,0.504,,,,,,,1.121,1.099,0.051,0.607
PRPHA-Cluster_1_yearly_False_window_7_lags_3_sinusoidal_yes_spline,False,7,spline_lags_3_sinusoidal_yes,0.636,0.002,427.881,438.539,True,True,False,0.876,0.071,0,1.0,1.315,1.064,1.007,0.02,0.086,0.554,"[np.float64(594.3149996), np.float64(686.909131), np.float64(721.491), np.float64(770.653056), np.float64(809.3607142857143)]",,,,,1.244,0.336,,,,,1.108,1.033,0.037,0.397
PRPHA-Cluster_1_yearly_False_window_7_lags_4_sinusoidal_yes_spline,False,7,spline_lags_4_sinusoidal_yes,0.535,0.017,411.534,421.901,True,True,False,0.899,-0.554,0,1.0,1.163,1.089,1.452,0.016,0.288,0.146,"[np.float64(644.5909994), np.float64(699.176786), np.float64(735.3516), np.float64(771.543346), np.float64(809.3607142857143)]",,,,,,,1.145,0.216,,,1.22,1.339,0.021,0.148
PRPHA-Cluster_1_yearly_False_window_7_lags_5_sinusoidal_yes_spline,False,7,spline_lags_5_sinusoidal_yes,0.608,0.002,402.994,413.059,True,True,False,0.751,-7.545,0,1.0,1.05,1.084,1.287,0.035,0.008,0.134,"[np.float64(650.5047142857142), np.float64(717.596357), np.float64(755.282429), np.float64(773.162893), np.float64(809.3607142857143)]",,,,,,,,,1.115,0.055,1.282,1.025,0.046,0.25
PRPHA-Cluster_1_yearly_True_window_7_lags_none_sinusoidal_no_spline,True,7,spline_lags_none_sinusoidal_no,0.393,0.003,473.013,480.183,True,True,False,0.759,0.151,0,1.0,1.0,1.0,1.0,0.584,0.31,0.098,"[np.float64(650.5047142857144), np.float64(706.022358), np.float64(757.610714), np.float64(771.797714), np.float64(809.3607142857143)]",,,,,,,,,,,,,,
PRPHA-Cluster_1_yearly_True_window_7_lags_1_sinusoidal_no_spline,True,7,spline_lags_1_sinusoidal_no,0.367,0.02,470.35,478.757,True,True,False,0.605,-2.095,0,1.0,1.029,1.0,1.0,0.26,0.549,0.624,"[np.float64(650.5047142857144), np.float64(696.005786), np.float64(727.867), np.float64(773.435929), np.float64(809.3607142857143)]",1.03,0.532,,,,,,,,,,,,
PRPHA-Cluster_1_yearly_True_window_7_lags_2_sinusoidal_no_spline,True,7,spline_lags_2_sinusoidal_no,0.601,0.001,444.224,452.428,True,True,False,0.984,0.367,0,1.0,1.042,1.018,1.059,0.435,0.039,0.957,"[np.float64(604.7547503000001), np.float64(689.342286), np.float64(736.975572), np.float64(769.762766), np.float64(809.3607142857143)]",,,1.119,0.69,,,,,,,,,,
PRPHA-Cluster_1_yearly_True_window_7_lags_3_sinusoidal_no_spline,True,7,spline_lags_3_sinusoidal_no,0.533,0.012,430.806,438.799,True,True,False,0.821,-0.366,0,1.0,1.2,1.026,1.001,0.126,0.26,0.454,"[np.float64(594.3149996), np.float64(686.909131), np.float64(721.491), np.float64(770.653056), np.float64(809.3607142857143)]",,,,,1.227,0.832,,,,,,,,
PRPHA-Cluster_1_yearly_True_window_7_lags_4_sinusoidal_no_spline,True,7,spline_lags_4_sinusoidal_no,0.346,0.049,416.734,424.509,True,True,False,0.779,-0.696,0,1.0,1.141,1.002,1.0,0.059,0.62,0.868,"[np.float64(644.5909994), np.float64(699.176786), np.float64(735.3516), np.float64(771.543346), np.float64(809.3607142857143)]",,,,,,,1.143,0.386,,,,,,
PRPHA-Cluster_1_yearly_True_window_7_lags_5_sinusoidal_no_spline,True,7,spline_lags_5_sinusoidal_no,0.482,0.003,406.252,413.801,True,True,False,0.822,-2.025,0,1.0,1.049,1.002,1.054,0.055,0.023,0.552,"[np.float64(650.5047142857142), np.float64(717.596357), np.float64(755.282429), np.float64(773.162893), np.float64(809.3607142857143)]",,,,,,,,,1.105,0.09,,,,
PRPHA-Cluster_1_yearly_True_window_7_lags_none_sinusoidal_yes_spline,True,7,spline_lags_none_sinusoidal_yes,0.471,0.006,472.751,482.789,True,True,False,0.602,0.041,0,1.0,1.0,1.051,1.102,0.509,0.266,0.105,"[np.float64(650.5047142857144), np.float64(706.022358), np.float64(757.610714), np.float64(771.797714), np.float64(809.3607142857143)]",,,,,,,,,,,1.088,1.066,0.149,0.287
PRPHA-Cluster_1_yearly_True_window_7_lags_1_sinusoidal_yes_spline,True,7,spline_lags_1_sinusoidal_yes,0.448,0.048,470.214,481.424,True,True,False,0.47,-3.0,0,1.0,1.077,1.018,1.044,0.181,0.501,0.9,"[np.float64(650.5047142857144), np.float64(696.005786), np.float64(727.867), np.float64(773.435929), np.float64(809.3607142857143)]",1.032,0.512,,,,,,,,,1.078,1.029,0.127,0.39
PRPHA-Cluster_1_yearly_True_window_7_lags_2_sinusoidal_yes_spline,True,7,spline_lags_2_sinusoidal_yes,0.674,0.001,442.35,453.288,True,True,False,0.966,0.004,0,1.0,1.119,1.042,1.185,0.199,0.016,0.915,"[np.float64(604.7547503000001), np.float64(689.342286), np.float64(736.975572), np.float64(769.762766), np.float64(809.3607142857143)]",,,1.126,0.504,,,,,,,1.121,1.099,0.051,0.607
PRPHA-Cluster_1_yearly_True_window_7_lags_3_sinusoidal_yes_spline,True,7,spline_lags_3_sinusoidal_yes,0.636,0.002,427.881,438.539,True,True,False,0.876,0.071,0,1.0,1.315,1.064,1.007,0.02,0.086,0.554,"[np.float64(594.3149996), np.float64(686.909131), np.float64(721.491), np.float64(770.653056), np.float64(809.3607142857143)]",,,,,1.244,0.336,,,,,1.108,1.033,0.037,0.397
PRPHA-Cluster_1_yearly_True_window_7_lags_4_sinusoidal_yes_spline,True,7,spline_lags_4_sinusoidal_yes,0.535,0.017,411.534,421.901,True,True,False,0.899,-0.554,0,1.0,1.163,1.089,1.452,0.016,0.288,0.146,"[np.float64(644.5909994), np.float64(699.176786), np.float64(735.3516), np.float64(771.543346), np.float64(809.3607142857143)]",,,,,,,1.145,0.216,,,1.22,1.339,0.021,0.148
PRPHA-Cluster_1_yearly_True_window_7_lags_5_sinusoidal_yes_spline,True,7,spline_lags_5_sinusoidal_yes,0.608,0.002,402.994,413.059,True,True,False,0.751,-7.545,0,1.0,1.05,1.084,1.287,0.035,0.008,0.134,"[np.float64(650.5047142857142), np.float64(717.596357), np.float64(755.282429), np.float64(773.162893), np.float64(809.3607142857143)]",,,,,,,,,1.115,0.055,1.282,1.025,0.046,0.25
PRPHA-Cluster_1_yearly_False_window_8_lags_none_sinusoidal_no_spline,False,8,spline_lags_none_sinusoidal_no,0.248,0.025,468.974,476.144,True,True,False,0.641,0.101,0,1.0,1.0,1.0,1.0,0.477,0.835,0.836,"[np.float64(646.43275), np.float64(701.602355), np.float64(735.059875), np.float64(762.46575), np.float64(810.7715)]",,,,,,,,,,,,,,
PRPHA-Cluster_1_yearly_False_window_8_lags_1_sinusoidal_no_spline,False,8,spline_lags_1_sinusoidal_no,0.37,0.031,462.484,470.892,True,True,False,0.754,-0.219,0,1.0,1.048,1.027,1.006,0.41,0.432,0.099,"[np.float64(646.4327499999999), np.float64(696.30614), np.float64(736.184558), np.float64(758.8793), np.float64(810.7715000000001)]",1.081,0.957,,,,,,,,,,,,
PRPHA-Cluster_1_yearly_False_window_8_lags_2_sinusoidal_no_spline,False,8,spline_lags_2_sinusoidal_no,0.607,0.002,436.952,445.156,True,True,False,0.787,0.423,0,1.0,1.076,1.001,1.014,0.079,0.054,0.486,"[np.float64(604.7547503000001), np.float64(690.172), np.float64(730.293001), np.float64(756.00917), np.float64(810.7715000000001)]",,,1.092,0.791,,,,,,,,,,
PRPHA-Cluster_1_yearly_False_window_8_lags_3_sinusoidal_no_spline,False,8,spline_lags_3_sinusoidal_no,0.534,0.007,423.361,431.354,True,True,False,0.656,-0.319,0,1.0,1.068,1.048,1.014,0.189,0.084,0.275,"[np.float64(594.3149996), np.float64(687.531417), np.float64(730.286094), np.float64(756.592392), np.float64(810.7715)]",,,,,1.13,0.753,,,,,,,,
PRPHA-Cluster_1_yearly_False_window_8_lags_4_sinusoidal_no_spline,False,8,spline_lags_4_sinusoidal_no,0.283,0.036,410.276,418.051,False,True,False,0.708,-0.143,0,1.0,1.1,1.003,1.008,0.075,0.56,0.868,"[np.float64(644.5909994), np.float64(700.74642), np.float64(735.059875), np.float64(757.175615), np.float64(810.7715000000001)]",,,,,,,1.11,0.188,,,,,,
PRPHA-Cluster_1_yearly_False_window_8_lags_5_sinusoidal_no_spline,False,8,spline_lags_5_sinusoidal_no,0.563,0.002,397.277,404.826,True,False,False,0.908,-0.212,0,1.0,1.008,1.025,1.011,0.008,0.216,0.006,"[np.float64(646.4327499999999), np.float64(721.64004), np.float64(748.240437), np.float64(762.46575), np.float64(810.7715)]",,,,,,,,,1.044,0.053,,,,
PRPHA-Cluster_1_yearly_False_window_8_lags_none_sinusoidal_yes_spline,False,8,spline_lags_none_sinusoidal_yes,0.309,0.071,470.364,480.402,True,True,False,0.52,-0.154,0,1.0,1.089,1.044,1.046,0.469,0.847,0.981,"[np.float64(646.43275), np.float64(701.602355), np.float64(735.059875), np.float64(762.46575), np.float64(810.7715)]",,,,,,,,,,,1.152,1.027,0.39,0.263
PRPHA-Cluster_1_yearly_False_window_8_lags_1_sinusoidal_yes_spline,False,8,spline_lags_1_sinusoidal_yes,0.402,0.075,464.918,476.127,True,True,False,0.629,-0.357,0,1.0,1.197,1.051,1.112,0.389,0.437,0.222,"[np.float64(646.4327499999999), np.float64(696.30614), np.float64(736.184558), np.float64(758.8793), np.float64(810.7715000000001)]",1.085,0.897,,,,,,,,,1.171,1.104,0.483,0.431
PRPHA-Cluster_1_yearly_False_window_8_lags_2_sinusoidal_yes_spline,False,8,spline_lags_2_sinusoidal_yes,0.652,0.001,437.382,448.32,True,False,False,0.727,-0.063,0,1.0,1.304,1.014,1.027,0.043,0.043,0.595,"[np.float64(604.7547503000001), np.float64(690.172), np.float64(730.293001), np.float64(756.00917), np.float64(810.7715000000001)]",,,1.109,0.615,,,,,,,1.221,1.015,0.289,0.229
PRPHA-Cluster_1_yearly_False_window_8_lags_3_sinusoidal_yes_spline,False,8,spline_lags_3_sinusoidal_yes,0.601,0.003,423.069,433.727,True,False,False,0.672,0.124,0,1.0,1.247,1.067,1.03,0.068,0.052,0.294,"[np.float64(594.3149996), np.float64(687.531417), np.float64(730.286094), np.float64(756.592392), np.float64(810.7715)]",,,,,1.139,0.44,,,,,1.166,1.038,0.236,0.174
PRPHA-Cluster_1_yearly_False_window_8_lags_4_sinusoidal_yes_spline,False,8,spline_lags_4_sinusoidal_yes,0.468,0.012,406.235,416.601,True,False,False,0.547,-2.577,0,1.0,1.279,1.052,1.158,0.024,0.33,0.272,"[np.float64(644.5909994), np.float64(700.74642), np.float64(735.059875), np.float64(757.175615), np.float64(810.7715000000001)]",,,,,,,1.13,0.073,,,1.279,1.08,0.14,0.049
PRPHA-Cluster_1_yearly_False_window_8_lags_5_sinusoidal_yes_spline,False,8,spline_lags_5_sinusoidal_yes,0.624,0.003,397.359,407.424,True,True,False,0.86,-0.134,0,1.0,1.109,1.133,1.147,0.005,0.129,0.008,"[np.float64(646.4327499999999), np.float64(721.64004), np.float64(748.240437), np.float64(762.46575), np.float64(810.7715)]",,,,,,,,,1.046,0.057,1.244,1.099,0.147,0.547
PRPHA-Cluster_1_yearly_True_window_8_lags_none_sinusoidal_no_spline,True,8,spline_lags_none_sinusoidal_no,0.248,0.025,468.974,476.144,True,True,False,0.641,0.101,0,1.0,1.0,1.0,1.0,0.477,0.835,0.836,"[np.float64(646.43275), np.float64(701.602355), np.float64(735.059875), np.float64(762.46575), np.float64(810.7715)]",,,,,,,,,,,,,,
PRPHA-Cluster_1_yearly_True_window_8_lags_1_sinusoidal_no_spline,True,8,spline_lags_1_sinusoidal_no,0.37,0.031,462.484,470.892,True,True,False,0.754,-0.219,0,1.0,1.048,1.027,1.006,0.41,0.432,0.099,"[np.float64(646.4327499999999), np.float64(696.30614), np.float64(736.184558), np.float64(758.8793), np.float64(810.7715000000001)]",1.081,0.957,,,,,,,,,,,,
PRPHA-Cluster_1_yearly_True_window_8_lags_2_sinusoidal_no_spline,True,8,spline_lags_2_sinusoidal_no,0.607,0.002,436.952,445.156,True,True,False,0.787,0.423,0,1.0,1.076,1.001,1.014,0.079,0.054,0.486,"[np.float64(604.7547503000001), np.float64(690.172), np.float64(730.293001), np.float64(756.00917), np.float64(810.7715000000001)]",,,1.092,0.791,,,,,,,,,,
PRPHA-Cluster_1_yearly_True_window_8_lags_3_sinusoidal_no_spline,True,8,spline_lags_3_sinusoidal_no,0.534,0.007,423.361,431.354,True,True,False,0.656,-0.319,0,1.0,1.068,1.048,1.014,0.189,0.084,0.275,"[np.float64(594.3149996), np.float64(687.531417), np.float64(730.286094), np.float64(756.592392), np.float64(810.7715)]",,,,,1.13,0.753,,,,,,,,
PRPHA-Cluster_1_yearly_True_window_8_lags_4_sinusoidal_no_spline,True,8,spline_lags_4_sinusoidal_no,0.283,0.036,410.276,418.051,False,True,False,0.708,-0.143,0,1.0,1.1,1.003,1.008,0.075,0.56,0.868,"[np.float64(644.5909994), np.float64(700.74642), np.float64(735.059875), np.float64(757.175615), np.float64(810.7715000000001)]",,,,,,,1.11,0.188,,,,,,
PRPHA-Cluster_1_yearly_True_window_8_lags_5_sinusoidal_no_spline,True,8,spline_lags_5_sinusoidal_no,0.563,0.002,397.277,404.826,True,False,False,0.908,-0.212,0,1.0,1.008,1.025,1.011,0.008,0.216,0.006,"[np.float64(646.4327499999999), np.float64(721.64004), np.float64(748.240437), np.float64(762.46575), np.float64(810.7715)]",,,,,,,,,1.044,0.053,,,,
PRPHA-Cluster_1_yearly_True_window_8_lags_none_sinusoidal_yes_spline,True,8,spline_lags_none_sinusoidal_yes,0.309,0.071,470.364,480.402,True,True,False,0.52,-0.154,0,1.0,1.089,1.044,1.046,0.469,0.847,0.981,"[np.float64(646.43275), np.float64(701.602355), np.float64(735.059875), np.float64(762.46575), np.float64(810.7715)]",,,,,,,,,,,1.152,1.027,0.39,0.263
PRPHA-Cluster_1_yearly_True_window_8_lags_1_sinusoidal_yes_spline,True,8,spline_lags_1_sinusoidal_yes,0.402,0.075,464.918,476.127,True,True,False,0.629,-0.357,0,1.0,1.197,1.051,1.112,0.389,0.437,0.222,"[np.float64(646.4327499999999), np.float64(696.30614), np.float64(736.184558), np.float64(758.8793), np.float64(810.7715000000001)]",1.085,0.897,,,,,,,,,1.171,1.104,0.483,0.431
PRPHA-Cluster_1_yearly_True_window_8_lags_2_sinusoidal_yes_spline,True,8,spline_lags_2_sinusoidal_yes,0.652,0.001,437.382,448.32,True,False,False,0.727,-0.063,0,1.0,1.304,1.014,1.027,0.043,0.043,0.595,"[np.float64(604.7547503000001), np.float64(690.172), np.float64(730.293001), np.float64(756.00917), np.float64(810.7715000000001)]",,,1.109,0.615,,,,,,,1.221,1.015,0.289,0.229
PRPHA-Cluster_1_yearly_True_window_8_lags_3_sinusoidal_yes_spline,True,8,spline_lags_3_sinusoidal_yes,0.601,0.003,423.069,433.727,True,False,False,0.672,0.124,0,1.0,1.247,1.067,1.03,0.068,0.052,0.294,"[np.float64(594.3149996), np.float64(687.531417), np.float64(730.286094), np.float64(756.592392), np.float64(810.7715)]",,,,,1.139,0.44,,,,,1.166,1.038,0.236,0.174
PRPHA-Cluster_1_yearly_True_window_8_lags_4_sinusoidal_yes_spline,True,8,spline_lags_4_sinusoidal_yes,0.468,0.012,406.235,416.601,True,False,False,0.547,-2.577,0,1.0,1.279,1.052,1.158,0.024,0.33,0.272,"[np.float64(644.5909994), np.float64(700.74642), np.float64(735.059875), np.float64(757.175615), np.float64(810.7715000000001)]",,,,,,,1.13,0.073,,,1.279,1.08,0.14,0.049
PRPHA-Cluster_1_yearly_True_window_8_lags_5_sinusoidal_yes_spline,True,8,spline_lags_5_sinusoidal_yes,0.624,0.003,397.359,407.424,True,True,False,0.86,-0.134,0,1.0,1.109,1.133,1.147,0.005,0.129,0.008,"[np.float64(646.4327499999999), np.float64(721.64004), np.float64(748.240437), np.float64(762.46575), np.float64(810.7715)]",,,,,,,,,1.046,0.057,1.244,1.099,0.147,0.547
PRPHA-Cluster_1_yearly_False_window_9_lags_none_sinusoidal_no_spline,False,9,spline_lags_none_sinusoidal_no,0.285,0.045,461.921,469.091,True,True,False,0.741,-0.514,0,1.0,1.0,1.0,1.0,0.545,0.395,0.26,"[np.float64(653.0336666666667), np.float64(707.347001), np.float64(731.215222), np.float64(755.6759), np.float64(814.3582222222223)]",,,,,,,,,,,,,,
PRPHA-Cluster_1_yearly_False_window_9_lags_1_sinusoidal_no_spline,False,9,spline_lags_1_sinusoidal_no,0.396,0.022,450.507,458.915,True,True,False,0.823,0.067,0,1.0,1.083,1.0,1.031,0.263,0.379,0.109,"[np.float64(653.0336666666667), np.float64(706.157511), np.float64(732.309778), np.float64(756.651963), np.float64(814.3582222222223)]",1.114,0.485,,,,,,,,,,,,
PRPHA-Cluster_1_yearly_False_window_9_lags_2_sinusoidal_no_spline,False,9,spline_lags_2_sinusoidal_no,0.475,0.003,431.612,439.816,True,True,False,0.949,0.049,0,1.0,1.147,1.0,1.006,0.052,0.294,0.289,"[np.float64(635.47580004), np.float64(696.825286), np.float64(723.567378), np.float64(746.08878), np.float64(814.3582222222223)]",,,1.153,0.446,,,,,,,,,,
PRPHA-Cluster_1_yearly_False_window_9_lags_3_sinusoidal_no_spline,False,9,spline_lags_3_sinusoidal_no,0.293,0.066,416.811,424.804,True,True,False,0.821,-1.406,0,1.0,1.025,1.029,1.003,0.372,0.925,0.337,"[np.float64(612.14199952), np.float64(693.549028), np.float64(728.151722), np.float64(750.283145), np.float64(814.3582222222223)]",,,,,1.056,0.741,,,,,,,,
PRPHA-Cluster_1_yearly_False_window_9_lags_4_sinusoidal_no_spline,False,9,spline_lags_4_sinusoidal_no,0.307,0.023,403.365,411.14,True,True,False,0.881,-0.205,0,1.0,1.046,1.004,1.004,0.111,0.247,0.202,"[np.float64(653.0336666666667), np.float64(717.995054), np.float64(735.506934), np.float64(760.994361), np.float64(814.3582222222223)]",,,,,,,1.054,0.107,,,,,,
PRPHA-Cluster_1_yearly_False_window_9_lags_5_sinusoidal_no_spline,False,9,spline_lags_5_sinusoidal_no,0.351,0.046,402.401,409.949,True,True,False,0.531,-3.232,0,1.0,1.001,1.0,1.036,0.071,0.494,0.061,"[np.float64(653.0336666666667), np.float64(723.042028), np.float64(742.87225), np.float64(769.259214), np.float64(814.3582222222223)]",,,,,,,,,1.038,0.182,,,,
PRPHA-Cluster_1_yearly_False_window_9_lags_none_sinusoidal_yes_spline,False,9,spline_lags_none_sinusoidal_yes,0.304,0.076,465.098,475.136,True,True,False,0.742,-1.76,0,1.0,1.071,1.027,1.001,0.5,0.442,0.286,"[np.float64(653.0336666666667), np.float64(707.347001), np.float64(731.215222), np.float64(755.6759), np.float64(814.3582222222223)]",,,,,,,,,,,1.026,1.074,0.438,0.877
PRPHA-Cluster_1_yearly_False_window_9_lags_1_sinusoidal_yes_spline,False,9,spline_lags_1_sinusoidal_yes,0.408,0.035,453.914,465.124,True,True,False,0.761,-0.27,0,1.0,1.233,1.031,1.29,0.236,0.453,0.238,"[np.float64(653.0336666666667), np.float64(706.157511), np.float64(732.309778), np.float64(756.651963), np.float64(814.3582222222223)]",1.135,0.457,,,,,,,,,1.275,1.143,0.559,0.788
PRPHA-Cluster_1_yearly_False_window_9_lags_2_sinusoidal_yes_spline,False,9,spline_lags_2_sinusoidal_yes,0.484,0.005,435.106,446.044,True,True,False,0.973,-1.378,0,1.0,1.33,1.023,1.084,0.06,0.349,0.376,"[np.float64(635.47580004), np.float64(696.825286), np.float64(723.567378), np.float64(746.08878), np.float64(814.3582222222223)]",,,1.177,0.436,,,,,,,1.115,1.145,0.584,0.809
PRPHA-Cluster_1_yearly_False_window_9_lags_3_sinusoidal_yes_spline,False,9,spline_lags_3_sinusoidal_yes,0.312,0.087,420.05,430.708,True,True,False,0.825,-1.889,0,1.0,1.161,1.044,1.105,0.461,0.992,0.359,"[np.float64(612.14199952), np.float64(693.549028), np.float64(728.151722), np.float64(750.283145), np.float64(814.3582222222223)]",,,,,1.058,0.774,,,,,1.155,1.098,0.772,0.525
PRPHA-Cluster_1_yearly_False_window_9_lags_4_sinusoidal_yes_spline,False,9,spline_lags_4_sinusoidal_yes,0.346,0.025,405.812,416.179,True,True,False,0.912,-0.792,0,1.0,1.16,1.021,1.073,0.144,0.267,0.332,"[np.float64(653.0336666666667), np.float64(717.995054), np.float64(735.506934), np.float64(760.994361), np.float64(814.3582222222223)]",,,,,,,1.06,0.114,,,1.1,1.094,0.466,0.471
PRPHA-Cluster_1_yearly_False_window_9_lags_5_sinusoidal_yes_spline,False,9,spline_lags_5_sinusoidal_yes,0.387,0.056,404.9,414.965,True,True,False,0.562,-4.595,0,1.0,1.177,1.053,1.084,0.085,0.489,0.067,"[np.float64(653.0336666666667), np.float64(723.042028), np.float64(742.87225), np.float64(769.259214), np.float64(814.3582222222223)]",,,,,,,,,1.04,0.199,1.131,1.142,0.382,0.692
PRPHA-Cluster_1_yearly_True_window_9_lags_none_sinusoidal_no_spline,True,9,spline_lags_none_sinusoidal_no,0.285,0.045,461.921,469.091,True,True,False,0.741,-0.514,0,1.0,1.0,1.0,1.0,0.545,0.395,0.26,"[np.float64(653.0336666666667), np.float64(707.347001), np.float64(731.215222), np.float64(755.6759), np.float64(814.3582222222223)]",,,,,,,,,,,,,,
PRPHA-Cluster_1_yearly_True_window_9_lags_1_sinusoidal_no_spline,True,9,spline_lags_1_sinusoidal_no,0.396,0.022,450.507,458.915,True,True,False,0.823,0.067,0,1.0,1.083,1.0,1.031,0.263,0.379,0.109,"[np.float64(653.0336666666667), np.float64(706.157511), np.float64(732.309778), np.float64(756.651963), np.float64(814.3582222222223)]",1.114,0.485,,,,,,,,,,,,
PRPHA-Cluster_1_yearly_True_window_9_lags_2_sinusoidal_no_spline,True,9,spline_lags_2_sinusoidal_no,0.475,0.003,431.612,439.816,True,True,False,0.949,0.049,0,1.0,1.147,1.0,1.006,0.052,0.294,0.289,"[np.float64(635.47580004), np.float64(696.825286), np.float64(723.567378), np.float64(746.08878), np.float64(814.3582222222223)]",,,1.153,0.446,,,,,,,,,,
PRPHA-Cluster_1_yearly_True_window_9_lags_3_sinusoidal_no_spline,True,9,spline_lags_3_sinusoidal_no,0.293,0.066,416.811,424.804,True,True,False,0.821,-1.406,0,1.0,1.025,1.029,1.003,0.372,0.925,0.337,"[np.float64(612.14199952), np.float64(693.549028), np.float64(728.151722), np.float64(750.283145), np.float64(814.3582222222223)]",,,,,1.056,0.741,,,,,,,,
PRPHA-Cluster_1_yearly_True_window_9_lags_4_sinusoidal_no_spline,True,9,spline_lags_4_sinusoidal_no,0.307,0.023,403.365,411.14,True,True,False,0.881,-0.205,0,1.0,1.046,1.004,1.004,0.111,0.247,0.202,"[np.float64(653.0336666666667), np.float64(717.995054), np.float64(735.506934), np.float64(760.994361), np.float64(814.3582222222223)]",,,,,,,1.054,0.107,,,,,,
PRPHA-Cluster_1_yearly_True_window_9_lags_5_sinusoidal_no_spline,True,9,spline_lags_5_sinusoidal_no,0.351,0.046,402.401,409.949,True,True,False,0.531,-3.232,0,1.0,1.001,1.0,1.036,0.071,0.494,0.061,"[np.float64(653.0336666666667), np.float64(723.042028), np.float64(742.87225), np.float64(769.259214), np.float64(814.3582222222223)]",,,,,,,,,1.038,0.182,,,,
PRPHA-Cluster_1_yearly_True_window_9_lags_none_sinusoidal_yes_spline,True,9,spline_lags_none_sinusoidal_yes,0.304,0.076,465.098,475.136,True,True,False,0.742,-1.76,0,1.0,1.071,1.027,1.001,0.5,0.442,0.286,"[np.float64(653.0336666666667), np.float64(707.347001), np.float64(731.215222), np.float64(755.6759), np.float64(814.3582222222223)]",,,,,,,,,,,1.026,1.074,0.438,0.877
PRPHA-Cluster_1_yearly_True_window_9_lags_1_sinusoidal_yes_spline,True,9,spline_lags_1_sinusoidal_yes,0.408,0.035,453.914,465.124,True,True,False,0.761,-0.27,0,1.0,1.233,1.031,1.29,0.236,0.453,0.238,"[np.float64(653.0336666666667), np.float64(706.157511), np.float64(732.309778), np.float64(756.651963), np.float64(814.3582222222223)]",1.135,0.457,,,,,,,,,1.275,1.143,0.559,0.788
PRPHA-Cluster_1_yearly_True_window_9_lags_2_sinusoidal_yes_spline,True,9,spline_lags_2_sinusoidal_yes,0.484,0.005,435.106,446.044,True,True,False,0.973,-1.378,0,1.0,1.33,1.023,1.084,0.06,0.349,0.376,"[np.float64(635.47580004), np.float64(696.825286), np.float64(723.567378), np.float64(746.08878), np.float64(814.3582222222223)]",,,1.177,0.436,,,,,,,1.115,1.145,0.584,0.809
PRPHA-Cluster_1_yearly_True_window_9_lags_3_sinusoidal_yes_spline,True,9,spline_lags_3_sinusoidal_yes,0.312,0.087,420.05,430.708,True,True,False,0.825,-1.889,0,1.0,1.161,1.044,1.105,0.461,0.992,0.359,"[np.float64(612.14199952), np.float64(693.549028), np.float64(728.151722), np.float64(750.283145), np.float64(814.3582222222223)]",,,,,1.058,0.774,,,,,1.155,1.098,0.772,0.525
PRPHA-Cluster_1_yearly_True_window_9_lags_4_sinusoidal_yes_spline,True,9,spline_lags_4_sinusoidal_yes,0.346,0.025,405.812,416.179,True,True,False,0.912,-0.792,0,1.0,1.16,1.021,1.073,0.144,0.267,0.332,"[np.float64(653.0336666666667), np.float64(717.995054), np.float64(735.506934), np.float64(760.994361), np.float64(814.3582222222223)]",,,,,,,1.06,0.114,,,1.1,1.094,0.466,0.471
PRPHA-Cluster_1_yearly_True_window_9_lags_5_sinusoidal_yes_spline,True,9,spline_lags_5_sinusoidal_yes,0.387,0.056,404.9,414.965,True,True,False,0.562,-4.595,0,1.0,1.177,1.053,1.084,0.085,0.489,0.067,"[np.float64(653.0336666666667), np.float64(723.042028), np.float64(742.87225), np.float64(769.259214), np.float64(814.3582222222223)]",,,,,,,,,1.04,0.199,1.131,1.142,0.382,0.692
PRPHA-Cluster_1_yearly_False_window_10_lags_none_sinusoidal_no_spline,False,10,spline_lags_none_sinusoidal_no,0.214,0.158,455.226,462.396,True,True,False,0.543,-0.658,0,1.0,1.0,1.0,1.0,0.364,0.335,0.662,"[np.float64(667.1365), np.float64(715.8987), np.float64(731.675), np.float64(761.7082), np.float64(815.6504)]",,,,,,,,,,,,,,
PRPHA-Cluster_1_yearly_False_window_10_lags_1_sinusoidal_no_spline,False,10,spline_lags_1_sinusoidal_no,0.349,0.062,444.213,452.62,True,True,False,0.63,0.085,0,1.0,1.053,1.012,1.0,0.138,0.604,0.118,"[np.float64(667.1365), np.float64(712.56888), np.float64(733.10756), np.float64(764.72435), np.float64(815.6504)]",1.065,0.57,,,,,,,,,,,,
PRPHA-Cluster_1_yearly_False_window_10_lags_2_sinusoidal_no_spline,False,10,spline_lags_2_sinusoidal_no,0.488,0.008,422.212,430.415,True,True,False,1.132,0.312,0,1.0,1.162,1.001,1.062,0.012,0.295,0.655,"[np.float64(635.47580004), np.float64(696.825286), np.float64(716.01156), np.float64(747.5081), np.float64(815.6504)]",,,1.226,0.425,,,,,,,,,,
PRPHA-Cluster_1_yearly_False_window_10_lags_3_sinusoidal_no_spline,False,10,spline_lags_3_sinusoidal_no,0.261,0.053,406.09,414.083,True,True,False,0.669,-0.078,0,1.0,1.036,1.022,1.003,0.229,0.974,0.574,"[np.float64(612.14199952), np.float64(694.616925), np.float64(716.35014), np.float64(733.64477), np.float64(815.6504000000001)]",,,,,1.061,0.395,,,,,,,,
PRPHA-Cluster_1_yearly_False_window_10_lags_4_sinusoidal_no_spline,False,10,spline_lags_4_sinusoidal_no,0.369,0.032,390.899,398.674,True,True,False,0.982,-0.725,0,1.0,1.026,1.028,1.026,0.238,0.124,0.022,"[np.float64(667.1365), np.float64(718.40279), np.float64(731.629933), np.float64(768.497264), np.float64(815.6504)]",,,,,,,1.08,0.037,,,,,,
PRPHA-Cluster_1_yearly_False_window_10_lags_5_sinusoidal_no_spline,False,10,spline_lags_5_sinusoidal_no,0.212,0.568,404.728,412.277,True,True,False,0.337,-20.248,0,1.0,1.019,1.012,1.022,0.098,0.712,0.496,"[np.float64(667.1365), np.float64(724.687425), np.float64(735.207269), np.float64(768.497264), np.float64(815.6504000000001)]",,,,,,,,,1.052,0.749,,,,
PRPHA-Cluster_1_yearly_False_window_10_lags_none_sinusoidal_yes_spline,False,10,spline_lags_none_sinusoidal_yes,0.231,0.171,458.539,468.577,True,True,False,0.552,-1.024,0,1.0,1.043,1.063,1.035,0.32,0.462,0.703,"[np.float64(667.1365), np.float64(715.8987), np.float64(731.675), np.float64(761.7082), np.float64(815.6504)]",,,,,,,,,,,1.073,1.068,0.655,0.566
PRPHA-Cluster_1_yearly_False_window_10_lags_1_sinusoidal_yes_spline,False,10,spline_lags_1_sinusoidal_yes,0.374,0.08,447.027,458.236,True,True,False,0.603,-0.297,0,1.0,1.099,1.077,1.002,0.117,0.755,0.12,"[np.float64(667.1365), np.float64(712.56888), np.float64(733.10756), np.float64(764.72435), np.float64(815.6504)]",1.071,0.55,,,,,,,,,1.049,1.059,0.375,0.778
PRPHA-Cluster_1_yearly_False_window_10_lags_2_sinusoidal_yes_spline,False,10,spline_lags_2_sinusoidal_yes,0.496,0.011,425.729,436.668,True,False,False,1.143,-3.463,0,1.0,1.219,1.061,1.105,0.014,0.302,0.612,"[np.float64(635.47580004), np.float64(696.825286), np.float64(716.01156), np.float64(747.5081), np.float64(815.6504)]",,,1.229,0.406,,,,,,,1.053,1.103,0.869,0.58
PRPHA-Cluster_1_yearly_False_window_10_lags_3_sinusoidal_yes_spline,False,10,spline_lags_3_sinusoidal_yes,0.261,0.067,410.085,420.742,True,False,False,0.669,-2.081,0,1.0,1.102,1.091,1.096,0.264,0.989,0.609,"[np.float64(612.14199952), np.float64(694.616925), np.float64(716.35014), np.float64(733.64477), np.float64(815.6504000000001)]",,,,,1.065,0.419,,,,,1.124,1.1,0.964,0.969
PRPHA-Cluster_1_yearly_False_window_10_lags_4_sinusoidal_yes_spline,False,10,spline_lags_4_sinusoidal_yes,0.379,0.038,394.474,404.841,True,True,False,0.992,-1.029,0,1.0,1.098,1.081,1.033,0.281,0.16,0.029,"[np.float64(667.1365), np.float64(718.40279), np.float64(731.629933), np.float64(768.497264), np.float64(815.6504)]",,,,,,,1.083,0.045,,,1.08,1.05,0.953,0.593
PRPHA-Cluster_1_yearly_False_window_10_lags_5_sinusoidal_yes_spline,False,10,spline_lags_5_sinusoidal_yes,0.222,0.634,408.39,418.455,True,True,False,0.353,-20.176,0,1.0,1.163,1.118,1.031,0.131,0.662,0.549,"[np.float64(667.1365), np.float64(724.687425), np.float64(735.207269), np.float64(768.497264), np.float64(815.6504000000001)]",,,,,,,,,1.058,0.803,1.175,1.08,0.848,0.671
PRPHA-Cluster_1_yearly_True_window_10_lags_none_sinusoidal_no_spline,True,10,spline_lags_none_sinusoidal_no,0.214,0.158,455.226,462.396,True,True,False,0.543,-0.658,0,1.0,1.0,1.0,1.0,0.364,0.335,0.662,"[np.float64(667.1365), np.float64(715.8987), np.float64(731.675), np.float64(761.7082), np.float64(815.6504)]",,,,,,,,,,,,,,
PRPHA-Cluster_1_yearly_True_window_10_lags_1_sinusoidal_no_spline,True,10,spline_lags_1_sinusoidal_no,0.349,0.062,444.213,452.62,True,True,False,0.63,0.085,0,1.0,1.053,1.012,1.0,0.138,0.604,0.118,"[np.float64(667.1365), np.float64(712.56888), np.float64(733.10756), np.float64(764.72435), np.float64(815.6504)]",1.065,0.57,,,,,,,,,,,,
PRPHA-Cluster_1_yearly_True_window_10_lags_2_sinusoidal_no_spline,True,10,spline_lags_2_sinusoidal_no,0.488,0.008,422.212,430.415,True,True,False,1.132,0.312,0,1.0,1.162,1.001,1.062,0.012,0.295,0.655,"[np.float64(635.47580004), np.float64(696.825286), np.float64(716.01156), np.float64(747.5081), np.float64(815.6504)]",,,1.226,0.425,,,,,,,,,,
PRPHA-Cluster_1_yearly_True_window_10_lags_3_sinusoidal_no_spline,True,10,spline_lags_3_sinusoidal_no,0.261,0.053,406.09,414.083,True,True,False,0.669,-0.078,0,1.0,1.036,1.022,1.003,0.229,0.974,0.574,"[np.float64(612.14199952), np.float64(694.616925), np.float64(716.35014), np.float64(733.64477), np.float64(815.6504000000001)]",,,,,1.061,0.395,,,,,,,,
PRPHA-Cluster_1_yearly_True_window_10_lags_4_sinusoidal_no_spline,True,10,spline_lags_4_sinusoidal_no,0.369,0.032,390.899,398.674,True,True,False,0.982,-0.725,0,1.0,1.026,1.028,1.026,0.238,0.124,0.022,"[np.float64(667.1365), np.float64(718.40279), np.float64(731.629933), np.float64(768.497264), np.float64(815.6504)]",,,,,,,1.08,0.037,,,,,,
PRPHA-Cluster_1_yearly_True_window_10_lags_5_sinusoidal_no_spline,True,10,spline_lags_5_sinusoidal_no,0.212,0.568,404.728,412.277,True,True,False,0.337,-20.248,0,1.0,1.019,1.012,1.022,0.098,0.712,0.496,"[np.float64(667.1365), np.float64(724.687425), np.float64(735.207269), np.float64(768.497264), np.float64(815.6504000000001)]",,,,,,,,,1.052,0.749,,,,
PRPHA-Cluster_1_yearly_True_window_10_lags_none_sinusoidal_yes_spline,True,10,spline_lags_none_sinusoidal_yes,0.231,0.171,458.539,468.577,True,True,False,0.552,-1.024,0,1.0,1.043,1.063,1.035,0.32,0.462,0.703,"[np.float64(667.1365), np.float64(715.8987), np.float64(731.675), np.float64(761.7082), np.float64(815.6504)]",,,,,,,,,,,1.073,1.068,0.655,0.566
PRPHA-Cluster_1_yearly_True_window_10_lags_1_sinusoidal_yes_spline,True,10,spline_lags_1_sinusoidal_yes,0.374,0.08,447.027,458.236,True,True,False,0.603,-0.297,0,1.0,1.099,1.077,1.002,0.117,0.755,0.12,"[np.float64(667.1365), np.float64(712.56888), np.float64(733.10756), np.float64(764.72435), np.float64(815.6504)]",1.071,0.55,,,,,,,,,1.049,1.059,0.375,0.778
PRPHA-Cluster_1_yearly_True_window_10_lags_2_sinusoidal_yes_spline,True,10,spline_lags_2_sinusoidal_yes,0.496,0.011,425.729,436.668,True,False,False,1.143,-3.463,0,1.0,1.219,1.061,1.105,0.014,0.302,0.612,"[np.float64(635.47580004), np.float64(696.825286), np.float64(716.01156), np.float64(747.5081), np.float64(815.6504)]",,,1.229,0.406,,,,,,,1.053,1.103,0.869,0.58
PRPHA-Cluster_1_yearly_True_window_10_lags_3_sinusoidal_yes_spline,True,10,spline_lags_3_sinusoidal_yes,0.261,0.067,410.085,420.742,True,False,False,0.669,-2.081,0,1.0,1.102,1.091,1.096,0.264,0.989,0.609,"[np.float64(612.14199952), np.float64(694.616925), np.float64(716.35014), np.float64(733.64477), np.float64(815.6504000000001)]",,,,,1.065,0.419,,,,,1.124,1.1,0.964,0.969
PRPHA-Cluster_1_yearly_True_window_10_lags_4_sinusoidal_yes_spline,True,10,spline_lags_4_sinusoidal_yes,0.379,0.038,394.474,404.841,True,True,False,0.992,-1.029,0,1.0,1.098,1.081,1.033,0.281,0.16,0.029,"[np.float64(667.1365), np.float64(718.40279), np.float64(731.629933), np.float64(768.497264), np.float64(815.6504)]",,,,,,,1.083,0.045,,,1.08,1.05,0.953,0.593
PRPHA-Cluster_1_yearly_True_window_10_lags_5_sinusoidal_yes_spline,True,10,spline_lags_5_sinusoidal_yes,0.222,0.634,408.39,418.455,True,True,False,0.353,-20.176,0,1.0,1.163,1.118,1.031,0.131,0.662,0.549,"[np.float64(667.1365), np.float64(724.687425), np.float64(735.207269), np.float64(768.497264), np.float64(815.6504000000001)]",,,,,,,,,1.058,0.803,1.175,1.08,0.848,0.671
