analysis_name,yearly_aggregate,window_size,config_type,r_squared,p_value,aic,bic,is_normal,is_homoscedastic,no_autocorrelation,durbin_watson,cv_r2_score,cv_r2_std,vif_PPT,vif_segment,p_value_segment,breakpoint,vif_ortho_PPT_lag1,p_value_lag1,vif_ortho_PPT_lag2,p_value_lag2,vif_ortho_PPT_lag3,p_value_lag3,vif_ortho_PPT_lag4,p_value_lag4,vif_ortho_PPT_lag5,p_value_lag5,vif_ortho_sin_cycle,vif_ortho_cos_cycle,p_value_sin,p_value_cos
Rangelands_yearly_False_window_1_lags_none_sinusoidal_no_piecewise,False,1,piecewise_lags_none_sinusoidal_no,0.457,0.0,1624.003,1631.758,False,False,True,1.7,0.409,0,1.553,1.553,0.259,902.6010197238384,,,,,,,,,,,,,,
Rangelands_yearly_False_window_1_lags_1_sinusoidal_no_piecewise,False,1,piecewise_lags_1_sinusoidal_no,0.475,0.001,1607.087,1617.386,False,False,True,1.678,0.311,0,1.571,1.604,0.117,904.5385363866669,1.032,0.072,,,,,,,,,,,,
Rangelands_yearly_False_window_1_lags_2_sinusoidal_no_piecewise,False,1,piecewise_lags_2_sinusoidal_no,0.456,0.0,1594.957,1605.214,False,False,True,1.704,0.376,0,1.67,1.882,0.269,906.4760530494949,,,1.212,0.957,,,,,,,,,,
Rangelands_yearly_False_window_1_lags_3_sinusoidal_no_piecewise,False,1,piecewise_lags_3_sinusoidal_no,0.461,0.0,1578.405,1588.621,False,False,True,1.745,0.311,0,1.629,1.771,0.325,908.4135697123235,,,,,1.142,0.326,,,,,,,,
Rangelands_yearly_False_window_1_lags_4_sinusoidal_no_piecewise,False,1,piecewise_lags_4_sinusoidal_no,0.477,0.0,1559.788,1569.961,False,False,True,1.772,0.174,0,1.669,1.854,0.424,903.0919109881819,,,,,,,1.186,0.049,,,,,,
Rangelands_yearly_False_window_1_lags_5_sinusoidal_no_piecewise,False,1,piecewise_lags_5_sinusoidal_no,0.454,0.0,1547.981,1558.112,False,False,True,1.725,0.356,0,1.674,1.873,0.281,905.0067285375757,,,,,,,,,1.198,0.608,,,,
Rangelands_yearly_False_window_1_lags_none_sinusoidal_yes_piecewise,False,1,piecewise_lags_none_sinusoidal_yes,0.487,0.0,1622.321,1635.246,False,False,True,1.821,0.432,0,1.56,1.573,0.307,902.6010197238384,,,,,,,,,,,1.005,1.008,0.032,0.355
Rangelands_yearly_False_window_1_lags_1_sinusoidal_yes_piecewise,False,1,piecewise_lags_1_sinusoidal_yes,0.509,0.001,1604.592,1620.04,False,False,True,1.803,0.34,0,1.579,1.625,0.131,904.5385363866669,1.033,0.045,,,,,,,,,1.004,1.009,0.028,0.25
Rangelands_yearly_False_window_1_lags_2_sinusoidal_yes_piecewise,False,1,piecewise_lags_2_sinusoidal_yes,0.487,0.0,1593.265,1608.651,False,False,True,1.833,0.366,0,1.679,1.906,0.324,906.4760530494949,,,1.214,0.812,,,,,,,1.004,1.009,0.034,0.351
Rangelands_yearly_False_window_1_lags_3_sinusoidal_yes_piecewise,False,1,piecewise_lags_3_sinusoidal_yes,0.493,0.0,1576.673,1591.997,False,False,True,1.873,0.304,0,1.639,1.798,0.386,908.4135697123235,,,,,1.144,0.258,,,,,1.003,1.012,0.035,0.318
Rangelands_yearly_False_window_1_lags_4_sinusoidal_yes_piecewise,False,1,piecewise_lags_4_sinusoidal_yes,0.506,0.0,1558.273,1573.533,False,False,True,1.889,0.193,0,1.678,1.881,0.5,903.0919109881819,,,,,,,1.188,0.036,,,1.001,1.013,0.047,0.261
Rangelands_yearly_False_window_1_lags_5_sinusoidal_yes_piecewise,False,1,piecewise_lags_5_sinusoidal_yes,0.485,0.0,1546.513,1561.708,False,False,True,1.842,0.359,0,1.679,1.884,0.333,905.0067285375757,,,,,,,,,1.199,0.568,1.002,1.005,0.036,0.391
Rangelands_yearly_True_window_1_lags_none_sinusoidal_no_piecewise,True,1,piecewise_lags_none_sinusoidal_no,0.523,0.0,555.83,560.896,True,True,True,1.619,0.292,0,2.135,2.135,0.0,364.1810146389899,,,,,,,,,,,,,,
Rangelands_yearly_True_window_1_lags_1_sinusoidal_no_piecewise,True,1,piecewise_lags_1_sinusoidal_no,0.525,0.0,544.68,551.335,True,True,True,1.584,0.507,0,2.577,2.947,0.0,363.8539787729293,1.37,0.554,,,,,,,,,,,,
Rangelands_yearly_True_window_1_lags_2_sinusoidal_no_piecewise,True,1,piecewise_lags_2_sinusoidal_no,0.517,0.0,532.298,538.849,True,True,True,1.617,0.456,0,2.747,3.219,0.001,363.52694290686867,,,1.472,0.988,,,,,,,,,,
Rangelands_yearly_True_window_1_lags_3_sinusoidal_no_piecewise,True,1,piecewise_lags_3_sinusoidal_no,0.524,0.0,518.989,525.432,False,True,True,1.59,0.435,0,2.802,3.269,0.001,363.19990704080806,,,,,1.467,0.609,,,,,,,,
Rangelands_yearly_True_window_1_lags_4_sinusoidal_no_piecewise,True,1,piecewise_lags_4_sinusoidal_no,0.519,0.0,505.737,512.071,True,True,True,1.72,0.336,0,3.067,3.712,0.001,363.3344166487374,,,,,,,1.645,0.434,,,,,,
Rangelands_yearly_True_window_1_lags_5_sinusoidal_no_piecewise,True,1,piecewise_lags_5_sinusoidal_no,0.572,0.0,488.236,494.457,True,False,True,1.911,0.388,0,3.052,3.623,0.001,363.04292926484845,,,,,,,,,1.571,0.041,,,,
Rangelands_yearly_True_window_1_lags_none_sinusoidal_yes_piecewise,True,1,piecewise_lags_none_sinusoidal_yes,0.536,0.0,558.729,567.173,True,True,True,1.561,0.204,0,2.181,2.222,0.0,364.1810146389899,,,,,,,,,,,1.003,1.038,0.39,0.634
Rangelands_yearly_True_window_1_lags_1_sinusoidal_yes_piecewise,True,1,piecewise_lags_1_sinusoidal_yes,0.543,0.0,547.128,557.11,True,True,True,1.508,0.493,0,2.652,3.087,0.001,363.8539787729293,1.387,0.56,,,,,,,,,1.016,1.031,0.295,0.666
Rangelands_yearly_True_window_1_lags_2_sinusoidal_yes_piecewise,True,1,piecewise_lags_2_sinusoidal_yes,0.534,0.0,534.984,544.81,True,True,True,1.531,0.068,0,2.765,3.252,0.002,363.52694290686867,,,1.477,0.973,,,,,,,1.009,1.002,0.384,0.557
Rangelands_yearly_True_window_1_lags_3_sinusoidal_yes_piecewise,True,1,piecewise_lags_3_sinusoidal_yes,0.536,0.0,522.039,531.704,False,True,True,1.541,0.442,0,2.845,3.346,0.001,363.19990704080806,,,,,1.478,0.714,,,,,1.015,1.009,0.435,0.669
Rangelands_yearly_True_window_1_lags_4_sinusoidal_yes_piecewise,True,1,piecewise_lags_4_sinusoidal_yes,0.536,0.0,508.419,517.92,True,True,True,1.663,0.18,0,3.289,4.112,0.001,363.3344166487374,,,,,,,1.715,0.369,,,1.0,1.108,0.393,0.544
Rangelands_yearly_True_window_1_lags_5_sinusoidal_yes_piecewise,True,1,piecewise_lags_5_sinusoidal_yes,0.576,0.001,491.943,501.275,True,False,True,1.859,0.356,0,3.106,3.718,0.002,363.04292926484845,,,,,,,,,1.586,0.052,1.017,1.01,0.638,0.898
Rangelands_yearly_False_window_2_lags_none_sinusoidal_no_piecewise,False,2,piecewise_lags_none_sinusoidal_no,0.439,0.0,1567.424,1575.179,False,False,False,0.808,0.316,0,1.347,1.347,0.169,767.3264570710605,,,,,,,,,,,,,,
Rangelands_yearly_False_window_2_lags_1_sinusoidal_no_piecewise,False,2,piecewise_lags_1_sinusoidal_no,0.45,0.0,1552.432,1562.731,False,False,False,0.808,0.356,0,1.445,1.682,0.287,762.7446404046466,1.237,0.161,,,,,,,,,,,,
Rangelands_yearly_False_window_2_lags_2_sinusoidal_no_piecewise,False,2,piecewise_lags_2_sinusoidal_no,0.446,0.0,1538.258,1548.516,False,False,False,0.85,0.383,0,1.466,1.754,0.23,763.1071666671717,,,1.288,0.269,,,,,,,,,,
Rangelands_yearly_False_window_2_lags_3_sinusoidal_no_piecewise,False,2,piecewise_lags_3_sinusoidal_no,0.463,0.0,1520.377,1530.592,False,False,False,0.878,0.266,0,1.457,1.718,0.393,763.4514989903031,,,,,1.26,0.045,,,,,,,,
Rangelands_yearly_False_window_2_lags_4_sinusoidal_no_piecewise,False,2,piecewise_lags_4_sinusoidal_no,0.475,0.0,1502.706,1512.879,False,False,False,0.863,0.391,0,1.525,1.973,0.734,763.8736989909091,,,,,,,1.448,0.01,,,,,,
Rangelands_yearly_False_window_2_lags_5_sinusoidal_no_piecewise,False,2,piecewise_lags_5_sinusoidal_no,0.446,0.0,1492.096,1502.227,False,False,False,0.87,0.367,0,1.451,1.691,0.23,764.240684849495,,,,,,,,,1.24,0.128,,,,
Rangelands_yearly_False_window_2_lags_none_sinusoidal_yes_piecewise,False,2,piecewise_lags_none_sinusoidal_yes,0.494,0.0,1561.402,1574.326,False,False,False,0.901,0.386,0,1.356,1.383,0.253,767.3264570710605,,,,,,,,,,,1.01,1.016,0.012,0.061
Rangelands_yearly_False_window_2_lags_1_sinusoidal_yes_piecewise,False,2,piecewise_lags_1_sinusoidal_yes,0.508,0.0,1545.645,1561.093,False,False,False,0.904,0.408,0,1.457,1.726,0.439,762.7446404046466,1.243,0.083,,,,,,,,,1.008,1.018,0.011,0.044
Rangelands_yearly_False_window_2_lags_2_sinusoidal_yes_piecewise,False,2,piecewise_lags_2_sinusoidal_yes,0.506,0.0,1531.354,1546.74,False,False,False,0.964,0.42,0,1.479,1.804,0.364,763.1071666671717,,,1.296,0.128,,,,,,,1.008,1.02,0.011,0.041
Rangelands_yearly_False_window_2_lags_3_sinusoidal_yes_piecewise,False,2,piecewise_lags_3_sinusoidal_yes,0.521,0.0,1513.553,1528.877,False,False,False,0.98,0.281,0,1.47,1.765,0.557,763.4514989903031,,,,,1.268,0.018,,,,,1.004,1.024,0.015,0.032
Rangelands_yearly_False_window_2_lags_4_sinusoidal_yes_piecewise,False,2,piecewise_lags_4_sinusoidal_yes,0.525,0.0,1497.165,1512.425,False,False,False,0.949,0.449,0,1.532,1.999,0.886,763.8736989909091,,,,,,,1.454,0.005,,,1.001,1.012,0.023,0.046
Rangelands_yearly_False_window_2_lags_5_sinusoidal_yes_piecewise,False,2,piecewise_lags_5_sinusoidal_yes,0.5,0.0,1486.611,1501.806,False,False,False,0.944,0.396,0,1.456,1.71,0.33,764.240684849495,,,,,,,,,1.243,0.088,1.005,1.006,0.015,0.078
Rangelands_yearly_True_window_2_lags_none_sinusoidal_no_piecewise,True,2,piecewise_lags_none_sinusoidal_no,0.6,0.0,536.023,541.09,True,True,False,0.814,0.492,0,2.625,2.625,0.0,332.1945952872727,,,,,,,,,,,,,,
Rangelands_yearly_True_window_2_lags_1_sinusoidal_no_piecewise,True,2,piecewise_lags_1_sinusoidal_no,0.599,0.0,525.586,532.24,True,True,False,0.81,0.486,0,2.825,2.972,0.001,332.49896836848484,1.147,0.72,,,,,,,,,,,,
Rangelands_yearly_True_window_2_lags_2_sinusoidal_no_piecewise,True,2,piecewise_lags_2_sinusoidal_no,0.592,0.0,513.54,520.09,True,True,False,0.782,0.532,0,3.302,3.702,0.001,329.52998885909096,,,1.4,0.749,,,,,,,,,,
Rangelands_yearly_True_window_2_lags_3_sinusoidal_no_piecewise,True,2,piecewise_lags_3_sinusoidal_no,0.603,0.0,500.959,507.403,True,True,False,0.795,0.545,0,3.539,4.057,0.001,332.18641066545456,,,,,1.518,0.985,,,,,,,,
Rangelands_yearly_True_window_2_lags_4_sinusoidal_no_piecewise,True,2,piecewise_lags_4_sinusoidal_no,0.604,0.0,487.393,493.727,True,True,False,0.853,0.512,0,3.734,4.331,0.002,332.05019891060607,,,,,,,1.597,0.203,,,,,,
Rangelands_yearly_True_window_2_lags_5_sinusoidal_no_piecewise,True,2,piecewise_lags_5_sinusoidal_no,0.683,0.001,466.332,472.553,True,True,False,0.893,0.628,0,3.915,4.474,0.004,328.59269198343435,,,,,,,,,1.558,0.004,,,,
Rangelands_yearly_True_window_2_lags_none_sinusoidal_yes_piecewise,True,2,piecewise_lags_none_sinusoidal_yes,0.602,0.0,539.861,548.306,True,True,False,0.806,0.465,0,2.665,2.69,0.001,332.1945952872727,,,,,,,,,,,1.006,1.019,0.758,0.832
Rangelands_yearly_True_window_2_lags_1_sinusoidal_yes_piecewise,True,2,piecewise_lags_1_sinusoidal_yes,0.6,0.0,529.487,539.468,True,True,False,0.804,0.425,0,2.896,3.088,0.001,332.49896836848484,1.153,0.739,,,,,,,,,1.038,1.0,0.832,0.843
Rangelands_yearly_True_window_2_lags_2_sinusoidal_yes_piecewise,True,2,piecewise_lags_2_sinusoidal_yes,0.596,0.0,517.183,527.008,True,True,False,0.755,0.312,0,3.317,3.725,0.002,329.52998885909096,,,1.402,0.747,,,,,,,1.001,1.005,0.852,0.608
Rangelands_yearly_True_window_2_lags_3_sinusoidal_yes_piecewise,True,2,piecewise_lags_3_sinusoidal_yes,0.605,0.0,504.784,514.45,True,True,False,0.781,0.524,0,3.581,4.125,0.003,332.18641066545456,,,,,1.527,0.948,,,,,1.0,1.016,0.788,0.784
Rangelands_yearly_True_window_2_lags_4_sinusoidal_yes_piecewise,True,2,piecewise_lags_4_sinusoidal_yes,0.608,0.001,490.993,500.494,True,True,False,0.833,0.458,0,3.9,4.594,0.004,332.05019891060607,,,,,,,1.633,0.198,,,1.035,1.026,0.947,0.571
Rangelands_yearly_True_window_2_lags_5_sinusoidal_yes_piecewise,True,2,piecewise_lags_5_sinusoidal_yes,0.684,0.001,470.161,479.493,True,True,False,0.901,0.575,0,3.974,4.563,0.005,328.59269198343435,,,,,,,,,1.57,0.006,1.017,1.003,0.853,0.747
Rangelands_yearly_False_window_3_lags_none_sinusoidal_no_piecewise,False,3,piecewise_lags_none_sinusoidal_no,0.392,0.0,1502.023,1509.778,False,False,False,0.954,0.277,0,1.392,1.392,0.046,801.779,,,,,,,,,,,,,,
Rangelands_yearly_False_window_3_lags_1_sinusoidal_no_piecewise,False,3,piecewise_lags_1_sinusoidal_no,0.393,0.0,1489.696,1499.994,False,False,False,0.955,0.205,0,1.415,1.463,0.049,802.372,1.048,0.991,,,,,,,,,,,,
Rangelands_yearly_False_window_3_lags_2_sinusoidal_no_piecewise,False,3,piecewise_lags_2_sinusoidal_no,0.409,0.002,1472.957,1483.214,False,False,False,0.961,0.091,0,1.492,1.729,0.081,802.9649999999999,,,1.237,0.126,,,,,,,,,,
Rangelands_yearly_False_window_3_lags_3_sinusoidal_no_piecewise,False,3,piecewise_lags_3_sinusoidal_no,0.403,0.004,1459.383,1469.599,False,False,False,0.978,0.084,0,1.484,1.701,0.062,803.558,,,,,1.216,0.2,,,,,,,,
Rangelands_yearly_False_window_3_lags_4_sinusoidal_no_piecewise,False,3,piecewise_lags_4_sinusoidal_no,0.393,0.001,1446.036,1456.209,False,False,False,0.96,-0.132,0,1.507,1.778,0.073,804.151,,,,,,,1.271,0.476,,,,,,
Rangelands_yearly_False_window_3_lags_5_sinusoidal_no_piecewise,False,3,piecewise_lags_5_sinusoidal_no,0.391,0.0,1431.587,1441.718,False,False,False,0.939,0.271,0,1.494,1.726,0.041,804.7439999999999,,,,,,,,,1.232,0.494,,,,
Rangelands_yearly_False_window_3_lags_none_sinusoidal_yes_piecewise,False,3,piecewise_lags_none_sinusoidal_yes,0.419,0.0,1501.625,1514.55,False,False,False,1.04,0.269,0,1.405,1.436,0.083,801.779,,,,,,,,,,,1.024,1.008,0.042,0.905
Rangelands_yearly_False_window_3_lags_1_sinusoidal_yes_piecewise,False,3,piecewise_lags_1_sinusoidal_yes,0.419,0.0,1489.384,1504.832,False,False,False,1.037,0.234,0,1.426,1.504,0.089,802.372,1.05,0.95,,,,,,,,,1.021,1.007,0.045,0.917
Rangelands_yearly_False_window_3_lags_2_sinusoidal_yes_piecewise,False,3,piecewise_lags_2_sinusoidal_yes,0.433,0.001,1472.965,1488.351,False,False,False,1.039,0.068,0,1.501,1.763,0.125,802.9649999999999,,,1.242,0.107,,,,,,,1.013,1.007,0.054,0.992
Rangelands_yearly_False_window_3_lags_3_sinusoidal_yes_piecewise,False,3,piecewise_lags_3_sinusoidal_yes,0.427,0.004,1459.416,1474.74,False,False,False,1.053,0.068,0,1.494,1.734,0.1,803.558,,,,,1.22,0.181,,,,,1.013,1.007,0.055,0.982
Rangelands_yearly_False_window_3_lags_4_sinusoidal_yes_piecewise,False,3,piecewise_lags_4_sinusoidal_yes,0.417,0.0,1446.174,1461.434,False,False,False,1.039,-0.11,0,1.516,1.808,0.112,804.151,,,,,,,1.275,0.46,,,1.007,1.01,0.058,0.909
Rangelands_yearly_False_window_3_lags_5_sinusoidal_yes_piecewise,False,3,piecewise_lags_5_sinusoidal_yes,0.42,0.0,1430.94,1446.135,False,False,False,1.028,0.265,0,1.508,1.775,0.074,804.7439999999999,,,,,,,,,1.239,0.532,1.012,1.016,0.038,0.865
Rangelands_yearly_True_window_3_lags_none_sinusoidal_no_piecewise,True,3,piecewise_lags_none_sinusoidal_no,0.572,0.0,532.322,537.389,False,True,False,0.831,0.516,0,1.643,1.643,0.0,401.7291408987879,,,,,,,,,,,,,,
Rangelands_yearly_True_window_3_lags_1_sinusoidal_no_piecewise,True,3,piecewise_lags_1_sinusoidal_no,0.58,0.0,520.992,527.646,False,True,False,0.787,0.465,0,1.709,1.751,0.0,400.7622605858586,1.042,0.327,,,,,,,,,,,,
Rangelands_yearly_True_window_3_lags_2_sinusoidal_no_piecewise,True,3,piecewise_lags_2_sinusoidal_no,0.573,0.0,509.663,516.213,True,True,False,0.829,0.488,0,1.875,2.12,0.0,401.94819693939394,,,1.245,0.97,,,,,,,,,,
Rangelands_yearly_True_window_3_lags_3_sinusoidal_no_piecewise,True,3,piecewise_lags_3_sinusoidal_no,0.578,0.0,497.263,503.707,True,True,False,0.856,0.487,0,1.944,2.245,0.0,401.0041454149495,,,,,1.302,0.81,,,,,,,,
Rangelands_yearly_True_window_3_lags_4_sinusoidal_no_piecewise,True,3,piecewise_lags_4_sinusoidal_no,0.604,0.0,481.497,487.832,False,True,False,0.912,0.55,0,2.038,2.445,0.001,402.2655984353535,,,,,,,1.407,0.084,,,,,,
Rangelands_yearly_True_window_3_lags_5_sinusoidal_no_piecewise,True,3,piecewise_lags_5_sinusoidal_no,0.662,0.006,463.162,469.384,True,True,False,1.049,0.638,0,1.956,2.198,0.008,401.14065448727274,,,,,,,,,1.242,0.006,,,,
Rangelands_yearly_True_window_3_lags_none_sinusoidal_yes_piecewise,True,3,piecewise_lags_none_sinusoidal_yes,0.575,0.0,536.024,544.468,False,True,False,0.823,0.501,0,1.644,1.646,0.0,401.7291408987879,,,,,,,,,,,1.001,1.0,0.953,0.615
Rangelands_yearly_True_window_3_lags_1_sinusoidal_yes_piecewise,True,3,piecewise_lags_1_sinusoidal_yes,0.583,0.0,524.743,534.724,False,True,False,0.776,0.413,0,1.709,1.751,0.0,400.7622605858586,1.042,0.342,,,,,,,,,1.0,1.0,0.696,0.815
Rangelands_yearly_True_window_3_lags_2_sinusoidal_yes_piecewise,True,3,piecewise_lags_2_sinusoidal_yes,0.576,0.0,513.405,523.23,True,True,False,0.819,0.414,0,1.881,2.135,0.0,401.94819693939394,,,1.247,0.96,,,,,,,1.007,1.0,0.872,0.664
Rangelands_yearly_True_window_3_lags_3_sinusoidal_yes_piecewise,True,3,piecewise_lags_3_sinusoidal_yes,0.58,0.0,501.089,510.754,True,True,False,0.843,0.43,0,1.949,2.259,0.001,401.0041454149495,,,,,1.303,0.829,,,,,1.0,1.005,0.861,0.736
Rangelands_yearly_True_window_3_lags_4_sinusoidal_yes_piecewise,True,3,piecewise_lags_4_sinusoidal_yes,0.608,0.0,485.08,494.581,False,True,False,0.897,0.445,0,2.045,2.46,0.001,402.2655984353535,,,,,,,1.409,0.087,,,1.006,1.0,0.761,0.616
Rangelands_yearly_True_window_3_lags_5_sinusoidal_yes_piecewise,True,3,piecewise_lags_5_sinusoidal_yes,0.669,0.01,466.492,475.824,True,True,False,1.036,0.535,0,1.956,2.198,0.012,401.14065448727274,,,,,,,,,1.242,0.007,1.0,1.0,0.834,0.477
Rangelands_yearly_False_window_4_lags_none_sinusoidal_no_piecewise,False,4,piecewise_lags_none_sinusoidal_no,0.28,0.222,1469.96,1477.715,False,True,False,0.702,0.199,0,5.413,5.413,0.499,319.127793939394,,,,,,,,,,,,,,
Rangelands_yearly_False_window_4_lags_1_sinusoidal_no_piecewise,False,4,piecewise_lags_1_sinusoidal_no,0.297,0.169,1455.854,1466.153,False,False,False,0.744,0.244,0,6.375,6.597,0.374,319.1028060606061,1.222,0.153,,,,,,,,,,,,
Rangelands_yearly_False_window_4_lags_2_sinusoidal_no_piecewise,False,4,piecewise_lags_2_sinusoidal_no,0.323,0.129,1438.924,1449.181,False,False,False,0.808,0.227,0,7.041,7.374,0.283,318.1788181818182,,,1.333,0.026,,,,,,,,,,
Rangelands_yearly_False_window_4_lags_3_sinusoidal_no_piecewise,False,4,piecewise_lags_3_sinusoidal_no,0.335,0.158,1423.139,1433.355,False,False,False,0.768,0.228,0,7.131,7.454,0.324,318.02400606060604,,,,,1.324,0.009,,,,,,,,
Rangelands_yearly_False_window_4_lags_4_sinusoidal_no_piecewise,False,4,piecewise_lags_4_sinusoidal_no,0.304,0.002,1412.2,1422.374,False,False,False,0.799,0.205,0,1.416,1.672,0.818,629.070494949495,,,,,,,1.256,0.055,,,,,,
Rangelands_yearly_False_window_4_lags_5_sinusoidal_no_piecewise,False,4,piecewise_lags_5_sinusoidal_no,0.279,0.001,1400.676,1410.806,False,False,False,0.775,0.15,0,1.424,1.695,0.666,628.9339090909091,,,,,,,,,1.27,0.307,,,,
Rangelands_yearly_False_window_4_lags_none_sinusoidal_yes_piecewise,False,4,piecewise_lags_none_sinusoidal_yes,0.338,0.165,1465.793,1478.718,False,True,False,0.813,0.14,0,5.499,5.518,0.389,319.127793939394,,,,,,,,,,,1.009,1.01,0.009,0.292
Rangelands_yearly_False_window_4_lags_1_sinusoidal_yes_piecewise,False,4,piecewise_lags_1_sinusoidal_yes,0.357,0.111,1451.23,1466.678,False,False,False,0.859,0.291,0,6.518,6.773,0.259,319.1028060606061,1.228,0.101,,,,,,,,,1.004,1.022,0.011,0.18
Rangelands_yearly_False_window_4_lags_2_sinusoidal_yes_piecewise,False,4,piecewise_lags_2_sinusoidal_yes,0.375,0.085,1435.224,1450.61,False,False,False,0.897,0.228,0,7.177,7.54,0.196,318.1788181818182,,,1.34,0.016,,,,,,,1.0,1.022,0.021,0.161
Rangelands_yearly_False_window_4_lags_3_sinusoidal_yes_piecewise,False,4,piecewise_lags_3_sinusoidal_yes,0.384,0.119,1419.875,1435.198,False,False,False,0.873,0.262,0,7.251,7.601,0.253,318.02400606060604,,,,,1.33,0.005,,,,,1.0,1.019,0.024,0.186
Rangelands_yearly_False_window_4_lags_4_sinusoidal_yes_piecewise,False,4,piecewise_lags_4_sinusoidal_yes,0.352,0.001,1409.592,1424.852,False,False,False,0.867,0.213,0,1.426,1.712,0.903,629.070494949495,,,,,,,1.262,0.037,,,1.024,1.0,0.023,0.316
Rangelands_yearly_False_window_4_lags_5_sinusoidal_yes_piecewise,False,4,piecewise_lags_5_sinusoidal_yes,0.333,0.001,1397.507,1412.703,False,True,False,0.853,0.167,0,1.437,1.746,0.97,628.9339090909091,,,,,,,,,1.279,0.223,1.03,1.0,0.016,0.342
Rangelands_yearly_True_window_4_lags_none_sinusoidal_no_piecewise,True,4,piecewise_lags_none_sinusoidal_no,0.655,0.0,517.97,523.036,False,True,False,0.633,0.629,0,1.919,1.919,0.0,372.12479226560606,,,,,,,,,,,,,,
Rangelands_yearly_True_window_4_lags_1_sinusoidal_no_piecewise,True,4,piecewise_lags_1_sinusoidal_no,0.654,0.0,507.833,514.488,True,True,False,0.656,0.601,0,1.975,2.011,0.0,370.57753345636365,1.036,0.825,,,,,,,,,,,,
Rangelands_yearly_True_window_4_lags_2_sinusoidal_no_piecewise,True,4,piecewise_lags_2_sinusoidal_no,0.658,0.0,496.229,502.779,True,True,False,0.653,0.554,0,2.277,2.591,0.0,371.8143687440909,,,1.314,0.952,,,,,,,,,,
Rangelands_yearly_True_window_4_lags_3_sinusoidal_no_piecewise,True,4,piecewise_lags_3_sinusoidal_no,0.672,0.0,483.34,489.784,True,True,False,0.691,0.62,0,2.449,2.89,0.0,371.46497594,,,,,1.441,0.292,,,,,,,,
Rangelands_yearly_True_window_4_lags_4_sinusoidal_no_piecewise,True,4,piecewise_lags_4_sinusoidal_no,0.676,0.0,469.597,475.931,True,True,False,0.713,0.613,0,2.411,2.789,0.0,371.9086971818182,,,,,,,1.378,0.066,,,,,,
Rangelands_yearly_True_window_4_lags_5_sinusoidal_no_piecewise,True,4,piecewise_lags_5_sinusoidal_no,0.737,0.011,449.677,455.899,True,False,False,0.572,0.717,0,2.315,2.546,0.02,372.3185638781818,,,,,,,,,1.231,0.003,,,,
Rangelands_yearly_True_window_4_lags_none_sinusoidal_yes_piecewise,True,4,piecewise_lags_none_sinusoidal_yes,0.661,0.0,521.312,529.756,False,True,False,0.603,0.603,0,1.92,1.921,0.0,372.12479226560606,,,,,,,,,,,1.001,1.0,0.648,0.548
Rangelands_yearly_True_window_4_lags_1_sinusoidal_yes_piecewise,True,4,piecewise_lags_1_sinusoidal_yes,0.657,0.0,511.46,521.442,True,True,False,0.639,0.507,0,1.976,2.012,0.0,370.57753345636365,1.036,0.827,,,,,,,,,1.0,1.0,0.735,0.657
Rangelands_yearly_True_window_4_lags_2_sinusoidal_yes_piecewise,True,4,piecewise_lags_2_sinusoidal_yes,0.661,0.0,499.952,509.777,True,True,False,0.644,0.497,0,2.286,2.609,0.0,371.8143687440909,,,1.317,0.968,,,,,,,1.007,1.0,0.753,0.717
Rangelands_yearly_True_window_4_lags_3_sinusoidal_yes_piecewise,True,4,piecewise_lags_3_sinusoidal_yes,0.677,0.0,486.737,496.403,True,True,False,0.666,0.598,0,2.454,2.9,0.0,371.46497594,,,,,1.442,0.293,,,,,1.0,1.003,0.657,0.582
Rangelands_yearly_True_window_4_lags_4_sinusoidal_yes_piecewise,True,4,piecewise_lags_4_sinusoidal_yes,0.68,0.0,473.135,482.636,True,True,False,0.692,0.519,0,2.415,2.797,0.001,371.9086971818182,,,,,,,1.379,0.08,,,1.003,1.0,0.718,0.617
Rangelands_yearly_True_window_4_lags_5_sinusoidal_yes_piecewise,True,4,piecewise_lags_5_sinusoidal_yes,0.744,0.015,452.729,462.061,True,False,False,0.519,0.649,0,2.315,2.546,0.027,372.3185638781818,,,,,,,,,1.231,0.003,1.0,1.0,0.397,0.82
Rangelands_yearly_False_window_5_lags_none_sinusoidal_no_piecewise,False,5,piecewise_lags_none_sinusoidal_no,0.243,0.0,1435.071,1442.826,False,True,False,0.729,0.19,0,1.322,1.322,0.433,762.8672727272728,,,,,,,,,,,,,,
Rangelands_yearly_False_window_5_lags_1_sinusoidal_no_piecewise,False,5,piecewise_lags_1_sinusoidal_no,0.251,0.004,1422.753,1433.052,False,True,False,0.738,0.131,0,1.378,1.54,0.478,762.8672727272728,1.162,0.41,,,,,,,,,,,,
Rangelands_yearly_False_window_5_lags_2_sinusoidal_no_piecewise,False,5,piecewise_lags_2_sinusoidal_no,0.25,0.003,1409.836,1420.093,False,True,False,0.745,0.215,0,1.404,1.64,0.52,762.8672727272728,,,1.236,0.526,,,,,,,,,,
Rangelands_yearly_False_window_5_lags_3_sinusoidal_no_piecewise,False,5,piecewise_lags_3_sinusoidal_no,0.246,0.002,1396.326,1406.541,False,True,False,0.758,0.111,0,1.344,1.391,0.436,762.8672727272728,,,,,1.047,0.632,,,,,,,,
Rangelands_yearly_False_window_5_lags_4_sinusoidal_no_piecewise,False,5,piecewise_lags_4_sinusoidal_no,0.278,0.006,1377.381,1387.554,False,True,False,0.81,0.163,0,1.442,1.721,0.828,758.0009090909091,,,,,,,1.279,0.029,,,,,,
Rangelands_yearly_False_window_5_lags_5_sinusoidal_no_piecewise,False,5,piecewise_lags_5_sinusoidal_no,0.257,0.031,1365.47,1375.601,False,False,False,0.767,0.204,0,1.438,1.697,0.559,758.0009090909091,,,,,,,,,1.259,0.109,,,,
Rangelands_yearly_False_window_5_lags_none_sinusoidal_yes_piecewise,False,5,piecewise_lags_none_sinusoidal_yes,0.275,0.0,1434.713,1447.638,False,True,False,0.817,0.203,0,1.338,1.386,0.667,762.8672727272728,,,,,,,,,,,1.037,1.011,0.044,0.827
Rangelands_yearly_False_window_5_lags_1_sinusoidal_yes_piecewise,False,5,piecewise_lags_1_sinusoidal_yes,0.286,0.004,1422.099,1437.547,False,True,False,0.829,0.178,0,1.398,1.623,0.729,762.8672727272728,1.171,0.33,,,,,,,,,1.045,1.009,0.04,0.753
Rangelands_yearly_False_window_5_lags_2_sinusoidal_yes_piecewise,False,5,piecewise_lags_2_sinusoidal_yes,0.283,0.002,1409.444,1424.83,False,True,False,0.833,0.198,0,1.419,1.698,0.754,762.8672727272728,,,1.245,0.463,,,,,,,1.03,1.005,0.046,0.782
Rangelands_yearly_False_window_5_lags_3_sinusoidal_yes_piecewise,False,5,piecewise_lags_3_sinusoidal_yes,0.278,0.001,1396.092,1411.416,False,True,False,0.832,0.057,0,1.358,1.447,0.663,762.8672727272728,,,,,1.049,0.626,,,,,1.031,1.009,0.051,0.751
Rangelands_yearly_False_window_5_lags_4_sinusoidal_yes_piecewise,False,5,piecewise_lags_4_sinusoidal_yes,0.308,0.004,1377.482,1392.742,False,True,False,0.877,0.201,0,1.459,1.787,0.943,758.0009090909091,,,,,,,1.289,0.023,,,1.026,1.013,0.06,0.784
Rangelands_yearly_False_window_5_lags_5_sinusoidal_yes_piecewise,False,5,piecewise_lags_5_sinusoidal_yes,0.292,0.023,1364.943,1380.139,False,True,False,0.855,0.237,0,1.457,1.769,0.803,758.0009090909091,,,,,,,,,1.27,0.087,1.034,1.009,0.044,0.731
Rangelands_yearly_True_window_5_lags_none_sinusoidal_no_piecewise,True,5,piecewise_lags_none_sinusoidal_no,0.617,0.0,517.532,522.598,True,True,False,0.57,0.562,0,2.048,2.048,0.0,363.4189302961616,,,,,,,,,,,,,,
Rangelands_yearly_True_window_5_lags_1_sinusoidal_no_piecewise,True,5,piecewise_lags_1_sinusoidal_no,0.618,0.0,507.646,514.3,True,False,False,0.567,0.517,0,2.094,2.096,0.0,362.02409998666667,1.002,0.775,,,,,,,,,,,,
Rangelands_yearly_True_window_5_lags_2_sinusoidal_no_piecewise,True,5,piecewise_lags_2_sinusoidal_no,0.628,0.0,495.599,502.15,True,False,False,0.588,0.437,0,2.373,2.595,0.0,362.88364998,,,1.222,0.983,,,,,,,,,,
Rangelands_yearly_True_window_5_lags_3_sinusoidal_no_piecewise,True,5,piecewise_lags_3_sinusoidal_no,0.631,0.0,483.501,489.945,True,False,False,0.61,0.6,0,2.589,2.969,0.0,363.74319997333333,,,,,1.38,0.343,,,,,,,,
Rangelands_yearly_True_window_5_lags_4_sinusoidal_no_piecewise,True,5,piecewise_lags_4_sinusoidal_no,0.636,0.0,469.986,476.32,True,True,False,0.654,0.451,0,2.634,3.013,0.001,363.9726464323232,,,,,,,1.379,0.129,,,,,,
Rangelands_yearly_True_window_5_lags_5_sinusoidal_no_piecewise,True,5,piecewise_lags_5_sinusoidal_no,0.677,0.021,452.819,459.04,True,False,False,0.59,0.581,0,2.553,2.793,0.047,363.07768480969696,,,,,,,,,1.239,0.012,,,,
Rangelands_yearly_True_window_5_lags_none_sinusoidal_yes_piecewise,True,5,piecewise_lags_none_sinusoidal_yes,0.621,0.0,521.165,529.61,True,True,False,0.55,0.514,0,2.049,2.05,0.0,363.4189302961616,,,,,,,,,,,1.0,1.001,0.581,0.912
Rangelands_yearly_True_window_5_lags_1_sinusoidal_yes_piecewise,True,5,piecewise_lags_1_sinusoidal_yes,0.62,0.0,511.468,521.449,True,True,False,0.545,0.398,0,2.097,2.1,0.0,362.02409998666667,1.002,0.785,,,,,,,,,1.0,1.002,0.77,0.803
Rangelands_yearly_True_window_5_lags_2_sinusoidal_yes_piecewise,True,5,piecewise_lags_2_sinusoidal_yes,0.63,0.0,499.351,509.177,True,True,False,0.572,0.368,0,2.378,2.605,0.0,362.88364998,,,1.223,0.973,,,,,,,1.002,1.002,0.702,0.81
Rangelands_yearly_True_window_5_lags_3_sinusoidal_yes_piecewise,True,5,piecewise_lags_3_sinusoidal_yes,0.634,0.0,487.249,496.914,True,True,False,0.589,0.587,0,2.596,2.981,0.0,363.74319997333333,,,,,1.381,0.34,,,,,1.001,1.003,0.688,0.827
Rangelands_yearly_True_window_5_lags_4_sinusoidal_yes_piecewise,True,5,piecewise_lags_4_sinusoidal_yes,0.639,0.0,473.635,483.136,True,True,False,0.633,0.232,0,2.641,3.027,0.002,363.9726464323232,,,,,,,1.381,0.141,,,1.002,1.002,0.65,0.775
Rangelands_yearly_True_window_5_lags_5_sinusoidal_yes_piecewise,True,5,piecewise_lags_5_sinusoidal_yes,0.68,0.029,456.517,465.849,True,True,False,0.576,0.464,0,2.554,2.794,0.06,363.07768480969696,,,,,,,,,1.24,0.015,1.0,1.0,0.642,0.862
Rangelands_yearly_False_window_6_lags_none_sinusoidal_no_piecewise,False,6,piecewise_lags_none_sinusoidal_no,0.269,0.015,1383.694,1391.449,False,True,False,0.665,0.258,0,5.166,5.166,0.058,318.73840000000007,,,,,,,,,,,,,,
Rangelands_yearly_False_window_6_lags_1_sinusoidal_no_piecewise,False,6,piecewise_lags_1_sinusoidal_no,0.284,0.02,1371.534,1381.833,False,True,False,0.676,0.115,0,6.082,6.296,0.066,318.7134121212122,1.215,0.257,,,,,,,,,,,,
Rangelands_yearly_False_window_6_lags_2_sinusoidal_no_piecewise,False,6,piecewise_lags_2_sinusoidal_no,0.294,0.024,1358.275,1368.532,False,True,False,0.698,0.249,0,6.49,6.769,0.073,318.6884242424242,,,1.279,0.161,,,,,,,,,,
Rangelands_yearly_False_window_6_lags_3_sinusoidal_no_piecewise,False,6,piecewise_lags_3_sinusoidal_no,0.303,0.022,1343.594,1353.809,False,True,False,0.745,0.229,0,6.197,6.378,0.068,318.56348484848485,,,,,1.181,0.062,,,,,,,,
Rangelands_yearly_False_window_6_lags_4_sinusoidal_no_piecewise,False,6,piecewise_lags_4_sinusoidal_no,0.322,0.015,1325.818,1335.991,False,False,False,0.774,0.211,0,6.217,6.393,0.047,319.8837090909091,,,,,,,1.176,0.006,,,,,,
Rangelands_yearly_False_window_6_lags_5_sinusoidal_no_piecewise,False,6,piecewise_lags_5_sinusoidal_no,0.313,0.017,1312.222,1322.352,False,False,False,0.755,0.202,0,7.54,7.955,0.043,318.56348484848485,,,,,,,,,1.415,0.01,,,,
Rangelands_yearly_False_window_6_lags_none_sinusoidal_yes_piecewise,False,6,piecewise_lags_none_sinusoidal_yes,0.31,0.013,1382.101,1395.026,False,True,False,0.764,0.28,0,5.216,5.228,0.05,318.73840000000007,,,,,,,,,,,1.004,1.008,0.032,0.399
Rangelands_yearly_False_window_6_lags_1_sinusoidal_yes_piecewise,False,6,piecewise_lags_1_sinusoidal_yes,0.327,0.015,1369.477,1384.925,False,True,False,0.781,0.039,0,6.187,6.426,0.049,318.7134121212122,1.219,0.211,,,,,,,,,1.002,1.018,0.031,0.309
Rangelands_yearly_False_window_6_lags_2_sinusoidal_yes_piecewise,False,6,piecewise_lags_2_sinusoidal_yes,0.331,0.018,1357.043,1372.429,False,True,False,0.791,0.197,0,6.585,6.887,0.056,318.6884242424242,,,1.284,0.141,,,,,,,1.0,1.017,0.046,0.338
Rangelands_yearly_False_window_6_lags_3_sinusoidal_yes_piecewise,False,6,piecewise_lags_3_sinusoidal_yes,0.341,0.014,1342.318,1357.641,False,True,False,0.848,0.251,0,6.282,6.483,0.046,318.56348484848485,,,,,1.184,0.052,,,,,1.0,1.016,0.051,0.284
Rangelands_yearly_False_window_6_lags_4_sinusoidal_yes_piecewise,False,6,piecewise_lags_4_sinusoidal_yes,0.353,0.012,1325.392,1340.652,False,False,False,0.84,0.218,0,6.288,6.48,0.038,319.8837090909091,,,,,,,1.178,0.005,,,1.0,1.013,0.091,0.261
Rangelands_yearly_False_window_6_lags_5_sinusoidal_yes_piecewise,False,6,piecewise_lags_5_sinusoidal_yes,0.346,0.014,1311.606,1326.801,False,False,False,0.833,0.219,0,7.579,8.001,0.037,318.56348484848485,,,,,,,,,1.417,0.008,1.0,1.006,0.059,0.393
Rangelands_yearly_True_window_6_lags_none_sinusoidal_no_piecewise,True,6,piecewise_lags_none_sinusoidal_no,0.665,0.0,507.195,512.261,True,True,False,0.422,0.614,0,1.534,1.534,0.0,416.89186750631313,,,,,,,,,,,,,,
Rangelands_yearly_True_window_6_lags_1_sinusoidal_no_piecewise,True,6,piecewise_lags_1_sinusoidal_no,0.665,0.0,497.823,504.477,True,False,False,0.432,0.605,0,1.58,1.599,0.0,415.70224652929295,1.019,0.699,,,,,,,,,,,,
Rangelands_yearly_True_window_6_lags_2_sinusoidal_no_piecewise,True,6,piecewise_lags_2_sinusoidal_no,0.692,0.0,484.25,490.8,True,False,False,0.529,0.631,0,1.77,2.064,0.0,414.4884705022727,,,1.294,0.257,,,,,,,,,,
Rangelands_yearly_True_window_6_lags_3_sinusoidal_no_piecewise,True,6,piecewise_lags_3_sinusoidal_no,0.714,0.0,470.272,476.716,True,False,False,0.537,0.625,0,1.826,2.181,0.0,414.85648184999997,,,,,1.354,0.046,,,,,,,,
Rangelands_yearly_True_window_6_lags_4_sinusoidal_no_piecewise,True,6,piecewise_lags_4_sinusoidal_no,0.725,0.0,455.917,462.251,True,False,False,0.598,0.655,0,1.769,2.016,0.0,416.0102386522727,,,,,,,1.247,0.011,,,,,,
Rangelands_yearly_True_window_6_lags_5_sinusoidal_no_piecewise,True,6,piecewise_lags_5_sinusoidal_no,0.744,0.004,440.741,446.962,True,True,False,0.44,0.701,0,1.731,1.872,0.012,415.8103227272727,,,,,,,,,1.14,0.002,,,,
Rangelands_yearly_True_window_6_lags_none_sinusoidal_yes_piecewise,True,6,piecewise_lags_none_sinusoidal_yes,0.665,0.0,511.122,519.567,True,True,False,0.423,0.545,0,1.536,1.539,0.0,416.89186750631313,,,,,,,,,,,1.003,1.0,0.812,0.94
Rangelands_yearly_True_window_6_lags_1_sinusoidal_yes_piecewise,True,6,piecewise_lags_1_sinusoidal_yes,0.665,0.0,501.821,511.802,True,True,False,0.43,0.581,0,1.581,1.601,0.0,415.70224652929295,1.019,0.708,,,,,,,,,1.001,1.0,0.989,0.964
Rangelands_yearly_True_window_6_lags_2_sinusoidal_yes_piecewise,True,6,piecewise_lags_2_sinusoidal_yes,0.693,0.0,488.055,497.88,True,True,False,0.539,0.554,0,1.787,2.109,0.0,414.4884705022727,,,1.3,0.259,,,,,,,1.016,1.006,0.692,0.944
Rangelands_yearly_True_window_6_lags_3_sinusoidal_yes_piecewise,True,6,piecewise_lags_3_sinusoidal_yes,0.715,0.0,474.144,483.809,True,True,False,0.53,0.599,0,1.832,2.194,0.0,414.85648184999997,,,,,1.357,0.051,,,,,1.005,1.002,0.82,0.815
Rangelands_yearly_True_window_6_lags_4_sinusoidal_yes_piecewise,True,6,piecewise_lags_4_sinusoidal_yes,0.726,0.0,459.897,469.398,True,True,False,0.596,0.578,0,1.769,2.017,0.0,416.0102386522727,,,,,,,1.247,0.013,,,1.0,1.0,0.973,0.9
Rangelands_yearly_True_window_6_lags_5_sinusoidal_yes_piecewise,True,6,piecewise_lags_5_sinusoidal_yes,0.746,0.006,444.469,453.801,True,True,False,0.439,0.532,0,1.733,1.875,0.016,415.8103227272727,,,,,,,,,1.141,0.002,1.001,1.0,0.821,0.681
Rangelands_yearly_False_window_7_lags_none_sinusoidal_no_piecewise,False,7,piecewise_lags_none_sinusoidal_no,0.195,0.0,1352.871,1360.626,False,True,False,0.699,0.124,0,1.455,1.455,0.024,589.0589574836363,,,,,,,,,,,,,,
Rangelands_yearly_False_window_7_lags_1_sinusoidal_no_piecewise,False,7,piecewise_lags_1_sinusoidal_no,0.202,0.0,1342.439,1352.738,False,True,False,0.695,0.146,0,1.563,1.783,0.021,587.2638746278792,1.22,0.713,,,,,,,,,,,,
Rangelands_yearly_False_window_7_lags_2_sinusoidal_no_piecewise,False,7,piecewise_lags_2_sinusoidal_no,0.204,0.0,1330.042,1340.299,False,False,False,0.697,0.087,0,1.612,1.923,0.019,585.1430907636363,,,1.31,0.58,,,,,,,,,,
Rangelands_yearly_False_window_7_lags_3_sinusoidal_no_piecewise,False,7,piecewise_lags_3_sinusoidal_no,0.201,0.0,1317.67,1327.886,False,True,False,0.693,0.125,0,1.552,1.718,0.022,582.6966058909095,,,,,1.165,0.815,,,,,,,,
Rangelands_yearly_False_window_7_lags_4_sinusoidal_no_piecewise,False,7,piecewise_lags_4_sinusoidal_no,0.191,0.0,1303.275,1313.449,False,True,False,0.694,0.142,0,1.591,1.854,0.025,589.2194462666669,,,,,,,1.263,0.517,,,,,,
Rangelands_yearly_False_window_7_lags_5_sinusoidal_no_piecewise,False,7,piecewise_lags_5_sinusoidal_no,0.181,0.0,1290.16,1300.29,False,True,False,0.702,0.126,0,1.654,2.042,0.036,589.7787391709089,,,,,,,,,1.389,0.792,,,,
Rangelands_yearly_False_window_7_lags_none_sinusoidal_yes_piecewise,False,7,piecewise_lags_none_sinusoidal_yes,0.235,0.0,1351.782,1364.707,False,True,False,0.792,0.122,0,1.463,1.48,0.012,589.0589574836363,,,,,,,,,,,1.017,1.0,0.056,0.273
Rangelands_yearly_False_window_7_lags_1_sinusoidal_yes_piecewise,False,7,piecewise_lags_1_sinusoidal_yes,0.243,0.0,1341.279,1356.728,False,True,False,0.783,0.193,0,1.574,1.819,0.01,587.2638746278792,1.225,0.63,,,,,,,,,1.017,1.004,0.061,0.238
Rangelands_yearly_False_window_7_lags_2_sinusoidal_yes_piecewise,False,7,piecewise_lags_2_sinusoidal_yes,0.247,0.0,1328.726,1344.112,False,False,False,0.788,0.111,0,1.619,1.942,0.01,585.1430907636363,,,1.314,0.518,,,,,,,1.008,1.002,0.056,0.242
Rangelands_yearly_False_window_7_lags_3_sinusoidal_yes_piecewise,False,7,piecewise_lags_3_sinusoidal_yes,0.245,0.0,1316.24,1331.564,False,False,False,0.791,0.135,0,1.563,1.751,0.011,582.6966058909095,,,,,1.169,0.733,,,,,1.014,1.005,0.059,0.206
Rangelands_yearly_False_window_7_lags_4_sinusoidal_yes_piecewise,False,7,piecewise_lags_4_sinusoidal_yes,0.235,0.0,1302.094,1317.354,True,True,False,0.779,0.139,0,1.603,1.891,0.012,589.2194462666669,,,,,,,1.268,0.44,,,1.012,1.007,0.069,0.203
Rangelands_yearly_False_window_7_lags_5_sinusoidal_yes_piecewise,False,7,piecewise_lags_5_sinusoidal_yes,0.224,0.0,1289.174,1304.37,True,False,False,0.796,0.135,0,1.665,2.076,0.018,589.7787391709089,,,,,,,,,1.395,0.695,1.013,1.004,0.06,0.277
Rangelands_yearly_True_window_7_lags_none_sinusoidal_no_piecewise,True,7,piecewise_lags_none_sinusoidal_no,0.614,0.0,507.488,512.554,True,True,False,0.294,0.56,0,1.526,1.526,0.0,419.4709959318182,,,,,,,,,,,,,,
Rangelands_yearly_True_window_7_lags_1_sinusoidal_no_piecewise,True,7,piecewise_lags_1_sinusoidal_no,0.643,0.0,495.552,502.206,True,True,False,0.426,0.548,0,1.543,1.544,0.001,419.883430939798,1.001,0.164,,,,,,,,,,,,
Rangelands_yearly_True_window_7_lags_2_sinusoidal_no_piecewise,True,7,piecewise_lags_2_sinusoidal_no,0.666,0.0,482.53,489.081,True,True,False,0.432,0.569,0,1.716,2.001,0.0,420.23873959767684,,,1.286,0.073,,,,,,,,,,
Rangelands_yearly_True_window_7_lags_3_sinusoidal_no_piecewise,True,7,piecewise_lags_3_sinusoidal_no,0.684,0.0,469.224,475.668,True,False,False,0.42,0.611,0,1.783,2.124,0.0,418.7499924345454,,,,,1.34,0.033,,,,,,,,
Rangelands_yearly_True_window_7_lags_4_sinusoidal_no_piecewise,True,7,piecewise_lags_4_sinusoidal_no,0.667,0.0,457.81,464.144,True,False,False,0.39,0.506,0,2.683,3.066,0.002,354.9112573166667,,,,,,,1.382,0.046,,,,,,
Rangelands_yearly_True_window_7_lags_5_sinusoidal_no_piecewise,True,7,piecewise_lags_5_sinusoidal_no,0.698,0.009,441.486,447.707,True,False,False,0.336,0.661,0,1.667,1.783,0.03,420.9619074707071,,,,,,,,,1.116,0.002,,,,
Rangelands_yearly_True_window_7_lags_none_sinusoidal_yes_piecewise,True,7,piecewise_lags_none_sinusoidal_yes,0.615,0.0,511.397,519.841,True,True,False,0.293,0.512,0,1.53,1.538,0.0,419.4709959318182,,,,,,,,,,,1.008,1.0,0.814,0.878
Rangelands_yearly_True_window_7_lags_1_sinusoidal_yes_piecewise,True,7,piecewise_lags_1_sinusoidal_yes,0.647,0.0,499.118,509.099,True,True,False,0.437,0.401,0,1.547,1.557,0.001,419.883430939798,1.001,0.172,,,,,,,,,1.008,1.001,0.872,0.563
Rangelands_yearly_True_window_7_lags_2_sinusoidal_yes_piecewise,True,7,piecewise_lags_2_sinusoidal_yes,0.67,0.0,486.014,495.84,True,True,False,0.425,0.524,0,1.729,2.039,0.0,420.23873959767684,,,1.291,0.075,,,,,,,1.017,1.002,0.617,0.671
Rangelands_yearly_True_window_7_lags_3_sinusoidal_yes_piecewise,True,7,piecewise_lags_3_sinusoidal_yes,0.686,0.0,473.027,482.693,True,False,False,0.412,0.559,0,1.791,2.144,0.0,418.7499924345454,,,,,1.343,0.037,,,,,1.009,1.0,0.711,0.873
Rangelands_yearly_True_window_7_lags_4_sinusoidal_yes_piecewise,True,7,piecewise_lags_4_sinusoidal_yes,0.667,0.001,461.789,471.29,True,False,False,0.387,0.4,0,2.686,3.07,0.003,354.9112573166667,,,,,,,1.383,0.054,,,1.001,1.001,0.948,0.908
Rangelands_yearly_True_window_7_lags_5_sinusoidal_yes_piecewise,True,7,piecewise_lags_5_sinusoidal_yes,0.703,0.012,444.864,454.196,True,False,False,0.316,0.45,0,1.672,1.796,0.036,420.9619074707071,,,,,,,,,1.117,0.003,1.007,1.0,0.795,0.508
Rangelands_yearly_False_window_8_lags_none_sinusoidal_no_piecewise,False,8,piecewise_lags_none_sinusoidal_no,0.216,0.0,1345.073,1352.828,False,True,False,0.531,0.183,0,1.881,1.881,0.092,482.7242559030303,,,,,,,,,,,,,,
Rangelands_yearly_False_window_8_lags_1_sinusoidal_no_piecewise,False,8,piecewise_lags_1_sinusoidal_no,0.233,0.0,1333.75,1344.048,False,True,False,0.543,0.146,0,2.351,2.865,0.046,482.5921811555556,1.513,0.328,,,,,,,,,,,,
Rangelands_yearly_False_window_8_lags_2_sinusoidal_no_piecewise,False,8,piecewise_lags_2_sinusoidal_no,0.243,0.0,1320.449,1330.706,False,True,False,0.572,0.121,0,2.355,2.845,0.027,481.7997326707071,,,1.49,0.151,,,,,,,,,,
Rangelands_yearly_False_window_8_lags_3_sinusoidal_no_piecewise,False,8,piecewise_lags_3_sinusoidal_no,0.236,0.028,1308.731,1318.947,False,True,False,0.502,0.161,0,5.372,5.559,0.054,318.155853769697,,,,,1.186,0.268,,,,,,,,
Rangelands_yearly_False_window_8_lags_4_sinusoidal_no_piecewise,False,8,piecewise_lags_4_sinusoidal_no,0.233,0.0,1293.099,1303.272,False,True,False,0.587,0.179,0,2.287,2.701,0.028,483.46244075151515,,,,,,,1.414,0.089,,,,,,
Rangelands_yearly_False_window_8_lags_5_sinusoidal_no_piecewise,False,8,piecewise_lags_5_sinusoidal_no,0.22,0.001,1279.934,1290.064,False,True,False,0.562,0.161,0,2.446,3.001,0.045,482.0638821656566,,,,,,,,,1.555,0.111,,,,
Rangelands_yearly_False_window_8_lags_none_sinusoidal_yes_piecewise,False,8,piecewise_lags_none_sinusoidal_yes,0.263,0.0,1342.969,1355.894,False,True,False,0.634,0.214,0,1.892,1.905,0.055,482.7242559030303,,,,,,,,,,,1.012,1.001,0.116,0.066
Rangelands_yearly_False_window_8_lags_1_sinusoidal_yes_piecewise,False,8,piecewise_lags_1_sinusoidal_yes,0.284,0.0,1331.065,1346.514,False,True,False,0.663,0.218,0,2.377,2.919,0.021,482.5921811555556,1.523,0.242,,,,,,,,,1.017,1.001,0.104,0.054
Rangelands_yearly_False_window_8_lags_2_sinusoidal_yes_piecewise,False,8,piecewise_lags_2_sinusoidal_yes,0.293,0.0,1317.968,1333.354,False,True,False,0.683,0.189,0,2.366,2.869,0.015,481.7997326707071,,,1.494,0.117,,,,,,,1.008,1.0,0.107,0.06
Rangelands_yearly_False_window_8_lags_3_sinusoidal_yes_piecewise,False,8,piecewise_lags_3_sinusoidal_yes,0.3,0.009,1304.466,1319.789,False,True,False,0.627,0.189,0,5.425,5.626,0.018,318.155853769697,,,,,1.189,0.197,,,,,1.002,1.011,0.144,0.016
Rangelands_yearly_False_window_8_lags_4_sinusoidal_yes_piecewise,False,8,piecewise_lags_4_sinusoidal_yes,0.28,0.0,1291.154,1306.414,False,True,False,0.691,0.191,0,2.291,2.71,0.017,483.46244075151515,,,,,,,1.416,0.07,,,1.003,1.001,0.166,0.055
Rangelands_yearly_False_window_8_lags_5_sinusoidal_yes_piecewise,False,8,piecewise_lags_5_sinusoidal_yes,0.268,0.0,1278.008,1293.203,False,True,False,0.671,0.179,0,2.454,3.016,0.027,482.0638821656566,,,,,,,,,1.557,0.09,1.005,1.0,0.136,0.066
Rangelands_yearly_True_window_8_lags_none_sinusoidal_no_piecewise,True,8,piecewise_lags_none_sinusoidal_no,0.722,0.0,489.254,494.321,True,True,False,0.521,0.689,0,1.484,1.484,0.0,422.3675960611111,,,,,,,,,,,,,,
Rangelands_yearly_True_window_8_lags_1_sinusoidal_no_piecewise,True,8,piecewise_lags_1_sinusoidal_no,0.74,0.0,478.5,485.154,True,True,False,0.648,0.68,0,1.513,1.532,0.0,422.3073132328283,1.019,0.274,,,,,,,,,,,,
Rangelands_yearly_True_window_8_lags_2_sinusoidal_no_piecewise,True,8,piecewise_lags_2_sinusoidal_no,0.771,0.0,463.859,470.409,True,True,False,0.775,0.737,0,1.603,1.793,0.0,423.70495868888884,,,1.19,0.041,,,,,,,,,,
Rangelands_yearly_True_window_8_lags_3_sinusoidal_no_piecewise,True,8,piecewise_lags_3_sinusoidal_no,0.794,0.0,449.509,455.952,True,True,False,0.652,0.76,0,1.602,1.73,0.0,422.5876905117676,,,,,1.128,0.008,,,,,,,,
Rangelands_yearly_True_window_8_lags_4_sinusoidal_no_piecewise,True,8,piecewise_lags_4_sinusoidal_no,0.786,0.0,437.726,444.06,True,False,False,0.792,0.736,0,1.59,1.669,0.001,422.4278788893939,,,,,,,1.079,0.007,,,,,,
Rangelands_yearly_True_window_8_lags_5_sinusoidal_no_piecewise,True,8,piecewise_lags_5_sinusoidal_no,0.778,0.01,426.424,432.646,True,True,False,0.471,0.687,0,1.513,1.548,0.04,428.6222263730303,,,,,,,,,1.035,0.002,,,,
Rangelands_yearly_True_window_8_lags_none_sinusoidal_yes_piecewise,True,8,piecewise_lags_none_sinusoidal_yes,0.726,0.0,492.705,501.15,True,True,False,0.509,0.64,0,1.494,1.516,0.0,422.3675960611111,,,,,,,,,,,1.014,1.008,0.728,0.549
Rangelands_yearly_True_window_8_lags_1_sinusoidal_yes_piecewise,True,8,piecewise_lags_1_sinusoidal_yes,0.744,0.0,481.859,491.84,True,True,False,0.646,0.584,0,1.525,1.569,0.0,422.3073132328283,1.02,0.285,,,,,,,,,1.022,1.002,0.561,0.653
Rangelands_yearly_True_window_8_lags_2_sinusoidal_yes_piecewise,True,8,piecewise_lags_2_sinusoidal_yes,0.773,0.0,467.522,477.347,True,True,False,0.768,0.681,0,1.612,1.821,0.0,423.70495868888884,,,1.193,0.048,,,,,,,1.015,1.0,0.619,0.851
Rangelands_yearly_True_window_8_lags_3_sinusoidal_yes_piecewise,True,8,piecewise_lags_3_sinusoidal_yes,0.794,0.0,453.339,463.005,True,False,False,0.642,0.709,0,1.61,1.752,0.0,422.5876905117676,,,,,1.13,0.011,,,,,1.01,1.003,0.817,0.765
Rangelands_yearly_True_window_8_lags_4_sinusoidal_yes_piecewise,True,8,piecewise_lags_4_sinusoidal_yes,0.789,0.0,441.187,450.688,True,False,False,0.764,0.63,0,1.602,1.704,0.001,422.4278788893939,,,,,,,1.081,0.009,,,1.015,1.006,0.759,0.552
Rangelands_yearly_True_window_8_lags_5_sinusoidal_yes_piecewise,True,8,piecewise_lags_5_sinusoidal_yes,0.781,0.01,429.996,439.328,True,True,False,0.461,0.564,0,1.525,1.585,0.039,428.6222263730303,,,,,,,,,1.035,0.004,1.018,1.006,0.659,0.686
Rangelands_yearly_False_window_9_lags_none_sinusoidal_no_piecewise,False,9,piecewise_lags_none_sinusoidal_no,0.233,0.0,1344.649,1352.404,False,True,False,0.62,0.18,0,1.292,1.292,0.001,695.9521814545454,,,,,,,,,,,,,,
Rangelands_yearly_False_window_9_lags_1_sinusoidal_no_piecewise,False,9,piecewise_lags_1_sinusoidal_no,0.238,0.0,1334.066,1344.365,False,True,False,0.622,-0.042,0,1.328,1.443,0.001,695.9521814545454,1.115,0.565,,,,,,,,,,,,
Rangelands_yearly_False_window_9_lags_2_sinusoidal_no_piecewise,False,9,piecewise_lags_2_sinusoidal_no,0.253,0.0,1319.968,1330.225,False,False,False,0.655,0.155,0,1.411,1.793,0.0,695.6659087272727,,,1.382,0.151,,,,,,,,,,
Rangelands_yearly_False_window_9_lags_3_sinusoidal_no_piecewise,False,9,piecewise_lags_3_sinusoidal_no,0.247,0.0,1307.679,1317.894,False,True,False,0.662,0.165,0,1.429,1.86,0.001,695.4413087272728,,,,,1.431,0.213,,,,,,,,
Rangelands_yearly_False_window_9_lags_4_sinusoidal_no_piecewise,False,9,piecewise_lags_4_sinusoidal_no,0.237,0.0,1293.414,1303.587,False,True,False,0.669,0.149,0,1.452,1.959,0.001,695.9521814545454,,,,,,,1.507,0.179,,,,,,
Rangelands_yearly_False_window_9_lags_5_sinusoidal_no_piecewise,False,9,piecewise_lags_5_sinusoidal_no,0.22,0.0,1281.317,1291.448,False,True,False,0.64,0.193,0,1.405,1.825,0.002,700.3378279151516,,,,,,,,,1.42,0.459,,,,
Rangelands_yearly_False_window_9_lags_none_sinusoidal_yes_piecewise,False,9,piecewise_lags_none_sinusoidal_yes,0.287,0.0,1341.514,1354.439,False,True,False,0.723,0.223,0,1.295,1.304,0.002,695.9521814545454,,,,,,,,,,,1.002,1.007,0.027,0.17
Rangelands_yearly_False_window_9_lags_1_sinusoidal_yes_piecewise,False,9,piecewise_lags_1_sinusoidal_yes,0.292,0.0,1330.994,1346.442,False,True,False,0.722,0.146,0,1.333,1.463,0.001,695.9521814545454,1.117,0.512,,,,,,,,,1.004,1.01,0.027,0.18
Rangelands_yearly_False_window_9_lags_2_sinusoidal_yes_piecewise,False,9,piecewise_lags_2_sinusoidal_yes,0.304,0.0,1317.136,1332.522,False,False,False,0.747,0.225,0,1.421,1.834,0.001,695.6659087272727,,,1.391,0.151,,,,,,,1.001,1.022,0.026,0.229
Rangelands_yearly_False_window_9_lags_3_sinusoidal_yes_piecewise,False,9,piecewise_lags_3_sinusoidal_yes,0.309,0.0,1303.553,1318.876,False,False,False,0.772,0.173,0,1.433,1.877,0.001,695.4413087272728,,,,,1.434,0.171,,,,,1.004,1.005,0.021,0.125
Rangelands_yearly_False_window_9_lags_4_sinusoidal_yes_piecewise,False,9,piecewise_lags_4_sinusoidal_yes,0.287,0.0,1291.129,1306.388,False,True,False,0.752,0.083,0,1.46,1.995,0.001,695.9521814545454,,,,,,,1.517,0.204,,,1.0,1.018,0.041,0.185
Rangelands_yearly_False_window_9_lags_5_sinusoidal_yes_piecewise,False,9,piecewise_lags_5_sinusoidal_yes,0.273,0.0,1278.754,1293.95,False,False,False,0.729,0.229,0,1.413,1.861,0.003,700.3378279151516,,,,,,,,,1.428,0.497,1.0,1.02,0.033,0.201
Rangelands_yearly_True_window_9_lags_none_sinusoidal_no_piecewise,True,9,piecewise_lags_none_sinusoidal_no,0.757,0.0,479.086,484.153,True,True,False,0.576,0.719,0,1.616,1.616,0.0,411.3842633575758,,,,,,,,,,,,,,
Rangelands_yearly_True_window_9_lags_1_sinusoidal_no_piecewise,True,9,piecewise_lags_1_sinusoidal_no,0.768,0.0,469.216,475.871,True,True,False,0.668,0.738,0,1.647,1.669,0.0,413.06614763636367,1.022,0.391,,,,,,,,,,,,
Rangelands_yearly_True_window_9_lags_2_sinusoidal_no_piecewise,True,9,piecewise_lags_2_sinusoidal_no,0.778,0.0,457.968,464.518,True,False,False,0.67,0.733,0,1.8,2.015,0.0,412.4955086828283,,,1.215,0.272,,,,,,,,,,
Rangelands_yearly_True_window_9_lags_3_sinusoidal_no_piecewise,True,9,piecewise_lags_3_sinusoidal_no,0.787,0.0,445.407,451.851,True,False,False,0.633,0.696,0,1.796,1.968,0.0,412.9113182141414,,,,,1.173,0.11,,,,,,,,
Rangelands_yearly_True_window_9_lags_4_sinusoidal_no_piecewise,True,9,piecewise_lags_4_sinusoidal_no,0.783,0.0,432.963,439.297,True,False,False,0.666,0.682,0,1.785,1.918,0.001,413.06614763636367,,,,,,,1.133,0.058,,,,,,
Rangelands_yearly_True_window_9_lags_5_sinusoidal_no_piecewise,True,9,piecewise_lags_5_sinusoidal_no,0.767,0.001,423.375,429.596,True,False,False,0.61,0.692,0,1.797,1.914,0.004,413.9089167636364,,,,,,,,,1.117,0.034,,,,
Rangelands_yearly_True_window_9_lags_none_sinusoidal_yes_piecewise,True,9,piecewise_lags_none_sinusoidal_yes,0.757,0.0,483.083,491.527,True,True,False,0.576,0.635,0,1.627,1.646,0.0,411.3842633575758,,,,,,,,,,,1.008,1.01,0.976,0.968
Rangelands_yearly_True_window_9_lags_1_sinusoidal_yes_piecewise,True,9,piecewise_lags_1_sinusoidal_yes,0.77,0.0,473.042,483.024,True,True,False,0.699,0.699,0,1.667,1.722,0.0,413.06614763636367,1.023,0.394,,,,,,,,,1.03,1.002,0.708,0.946
Rangelands_yearly_True_window_9_lags_2_sinusoidal_yes_piecewise,True,9,piecewise_lags_2_sinusoidal_yes,0.779,0.0,461.807,471.632,True,False,False,0.677,0.681,0,1.814,2.05,0.0,412.4955086828283,,,1.219,0.268,,,,,,,1.012,1.005,0.969,0.716
Rangelands_yearly_True_window_9_lags_3_sinusoidal_yes_piecewise,True,9,piecewise_lags_3_sinusoidal_yes,0.788,0.0,449.173,458.839,True,False,False,0.626,0.659,0,1.798,1.975,0.0,412.9113182141414,,,,,1.173,0.111,,,,,1.002,1.002,0.669,0.908
Rangelands_yearly_True_window_9_lags_4_sinusoidal_yes_piecewise,True,9,piecewise_lags_4_sinusoidal_yes,0.784,0.0,436.827,446.328,True,False,False,0.663,0.645,0,1.803,1.962,0.001,413.06614763636367,,,,,,,1.136,0.063,,,1.011,1.012,0.879,0.767
Rangelands_yearly_True_window_9_lags_5_sinusoidal_yes_piecewise,True,9,piecewise_lags_5_sinusoidal_yes,0.768,0.001,427.339,436.671,True,False,False,0.611,0.596,0,1.813,1.954,0.006,413.9089167636364,,,,,,,,,1.12,0.042,1.018,1.003,0.864,0.999
Rangelands_yearly_False_window_10_lags_none_sinusoidal_no_piecewise,False,10,piecewise_lags_none_sinusoidal_no,0.186,0.014,1325.049,1332.804,False,True,False,0.319,0.111,0,4.221,4.221,0.024,318.0211192387879,,,,,,,,,,,,,,
Rangelands_yearly_False_window_10_lags_1_sinusoidal_no_piecewise,False,10,piecewise_lags_1_sinusoidal_no,0.201,0.008,1314.219,1324.518,False,True,False,0.327,0.025,0,4.839,5.003,0.014,317.99955292444446,1.164,0.57,,,,,,,,,,,,
Rangelands_yearly_False_window_10_lags_2_sinusoidal_no_piecewise,False,10,piecewise_lags_2_sinusoidal_no,0.218,0.003,1300.422,1310.679,False,True,False,0.327,0.103,0,4.908,5.062,0.006,318.0362340848485,,,1.154,0.389,,,,,,,,,,
Rangelands_yearly_False_window_10_lags_3_sinusoidal_no_piecewise,False,10,piecewise_lags_3_sinusoidal_no,0.22,0.002,1287.719,1297.934,False,True,False,0.337,0.14,0,5.11,5.298,0.004,318.1947839321212,,,,,1.188,0.695,,,,,,,,
Rangelands_yearly_False_window_10_lags_4_sinusoidal_no_piecewise,False,10,piecewise_lags_4_sinusoidal_no,0.184,0.01,1275.385,1285.558,False,True,False,0.336,0.076,0,5.032,5.182,0.018,318.3777075167677,,,,,,,1.15,0.905,,,,,,
Rangelands_yearly_False_window_10_lags_5_sinusoidal_no_piecewise,False,10,piecewise_lags_5_sinusoidal_no,0.174,0.012,1261.967,1272.097,False,True,False,0.327,0.1,0,5.461,5.705,0.021,318.48750988929294,,,,,,,,,1.244,0.812,,,,
Rangelands_yearly_False_window_10_lags_none_sinusoidal_yes_piecewise,False,10,piecewise_lags_none_sinusoidal_yes,0.231,0.017,1323.486,1336.411,False,True,False,0.419,0.149,0,4.222,4.222,0.029,318.0211192387879,,,,,,,,,,,1.0,1.0,0.61,0.025
Rangelands_yearly_False_window_10_lags_1_sinusoidal_yes_piecewise,False,10,piecewise_lags_1_sinusoidal_yes,0.242,0.01,1313.053,1328.501,False,True,False,0.424,0.073,0,4.843,5.009,0.018,317.99955292444446,1.164,0.578,,,,,,,,,1.001,1.001,0.62,0.032
Rangelands_yearly_False_window_10_lags_2_sinusoidal_yes_piecewise,False,10,piecewise_lags_2_sinusoidal_yes,0.261,0.003,1298.899,1314.285,False,True,False,0.423,0.155,0,4.908,5.063,0.006,318.0362340848485,,,1.154,0.385,,,,,,,1.0,1.0,0.559,0.028
Rangelands_yearly_False_window_10_lags_3_sinusoidal_yes_piecewise,False,10,piecewise_lags_3_sinusoidal_yes,0.269,0.002,1285.516,1300.839,False,True,False,0.438,0.138,0,5.11,5.298,0.005,318.1947839321212,,,,,1.188,0.694,,,,,1.0,1.0,0.565,0.019
Rangelands_yearly_False_window_10_lags_4_sinusoidal_yes_piecewise,False,10,piecewise_lags_4_sinusoidal_yes,0.232,0.012,1273.693,1288.953,False,True,False,0.439,0.042,0,5.044,5.198,0.022,318.3777075167677,,,,,,,1.151,0.873,,,1.003,1.0,0.587,0.025
Rangelands_yearly_False_window_10_lags_5_sinusoidal_yes_piecewise,False,10,piecewise_lags_5_sinusoidal_yes,0.228,0.009,1259.658,1274.853,False,True,False,0.433,0.073,0,5.462,5.707,0.015,318.48750988929294,,,,,,,,,1.244,0.791,1.0,1.0,0.575,0.018
Rangelands_yearly_True_window_10_lags_none_sinusoidal_no_piecewise,True,10,piecewise_lags_none_sinusoidal_no,0.827,0.0,460.5,465.567,True,True,False,0.518,0.811,0,1.573,1.573,0.0,407.1402131940909,,,,,,,,,,,,,,
Rangelands_yearly_True_window_10_lags_1_sinusoidal_no_piecewise,True,10,piecewise_lags_1_sinusoidal_no,0.836,0.0,451.261,457.915,True,True,False,0.581,0.821,0,1.608,1.636,0.0,408.0917324517172,1.028,0.355,,,,,,,,,,,,
Rangelands_yearly_True_window_10_lags_2_sinusoidal_no_piecewise,True,10,piecewise_lags_2_sinusoidal_no,0.848,0.0,439.672,446.222,True,True,False,0.578,0.806,0,1.738,1.94,0.0,407.797533615303,,,1.201,0.14,,,,,,,,,,
Rangelands_yearly_True_window_10_lags_3_sinusoidal_no_piecewise,True,10,piecewise_lags_3_sinusoidal_no,0.852,0.0,428.272,434.716,True,True,False,0.591,0.758,0,1.737,1.911,0.0,409.7128774679798,,,,,1.174,0.078,,,,,,,,
Rangelands_yearly_True_window_10_lags_4_sinusoidal_no_piecewise,True,10,piecewise_lags_4_sinusoidal_no,0.86,0.0,413.431,419.765,True,True,False,0.771,0.809,0,1.793,2.005,0.001,406.81373229166667,,,,,,,1.213,0.015,,,,,,
Rangelands_yearly_True_window_10_lags_5_sinusoidal_no_piecewise,True,10,piecewise_lags_5_sinusoidal_no,0.843,0.002,405.69,411.911,True,True,False,0.388,0.738,0,1.746,1.883,0.011,411.29070073939397,,,,,,,,,1.138,0.003,,,,
Rangelands_yearly_True_window_10_lags_none_sinusoidal_yes_piecewise,True,10,piecewise_lags_none_sinusoidal_yes,0.827,0.0,464.48,472.924,True,True,False,0.519,0.76,0,1.58,1.593,0.0,407.1402131940909,,,,,,,,,,,1.013,1.0,0.969,0.898
Rangelands_yearly_True_window_10_lags_1_sinusoidal_yes_piecewise,True,10,piecewise_lags_1_sinusoidal_yes,0.836,0.0,455.211,465.192,True,True,False,0.586,0.752,0,1.616,1.66,0.0,408.0917324517172,1.029,0.365,,,,,,,,,1.012,1.002,0.984,0.839
Rangelands_yearly_True_window_10_lags_2_sinusoidal_yes_piecewise,True,10,piecewise_lags_2_sinusoidal_yes,0.849,0.0,443.397,453.222,True,True,False,0.581,0.77,0,1.741,1.945,0.0,407.797533615303,,,1.202,0.137,,,,,,,1.001,1.002,0.652,0.871
Rangelands_yearly_True_window_10_lags_3_sinusoidal_yes_piecewise,True,10,piecewise_lags_3_sinusoidal_yes,0.853,0.0,432.021,441.687,True,True,False,0.588,0.716,0,1.74,1.92,0.0,409.7128774679798,,,,,1.175,0.078,,,,,1.004,1.0,0.667,0.878
Rangelands_yearly_True_window_10_lags_4_sinusoidal_yes_piecewise,True,10,piecewise_lags_4_sinusoidal_yes,0.86,0.0,417.357,426.858,True,True,False,0.774,0.775,0,1.804,2.033,0.001,406.81373229166667,,,,,,,1.216,0.018,,,1.014,1.0,0.884,0.842
Rangelands_yearly_True_window_10_lags_5_sinusoidal_yes_piecewise,True,10,piecewise_lags_5_sinusoidal_yes,0.844,0.003,409.48,418.812,True,True,False,0.394,0.663,0,1.755,1.907,0.016,411.29070073939397,,,,,,,,,1.139,0.005,1.012,1.001,0.77,0.771
