analysis_name,yearly_aggregate,window_size,config_type,r_squared,p_value,aic,bic,is_normal,is_homoscedastic,no_autocorrelation,durbin_watson,cv_r2_score,cv_r2_std,vif_PPT,vif_spline_0,vif_spline_1,vif_spline_2,p_value_spline_0,p_value_spline_1,p_value_spline_2,knots,vif_ortho_PPT_lag1,p_value_lag1,vif_ortho_PPT_lag2,p_value_lag2,vif_ortho_PPT_lag3,p_value_lag3,vif_ortho_PPT_lag4,p_value_lag4,vif_ortho_PPT_lag5,p_value_lag5,vif_ortho_sin_cycle,vif_ortho_cos_cycle,p_value_sin,p_value_cos
Rangelands_yearly_False_window_1_lags_none_sinusoidal_no_spline,False,1,spline_lags_none_sinusoidal_no,0.465,0.0,1626.462,1639.387,False,False,True,1.718,0.434,0,1.0,1.0,1.0,1.0,0.422,0.681,0.152,"[np.float64(115.31), np.float64(343.420699), np.float64(476.57665), np.float64(792.0796), np.float64(1419.352)]",,,,,,,,,,,,,,
Rangelands_yearly_False_window_1_lags_1_sinusoidal_no_spline,False,1,spline_lags_1_sinusoidal_no,0.48,0.0,1610.223,1625.672,False,False,True,1.687,0.281,0,1.0,1.526,1.163,1.002,0.213,0.426,0.204,"[np.float64(115.31), np.float64(342.5756), np.float64(478.7022), np.float64(793.4228), np.float64(1419.352)]",1.692,0.073,,,,,,,,,,,,
Rangelands_yearly_False_window_1_lags_2_sinusoidal_no_spline,False,1,spline_lags_2_sinusoidal_no,0.454,0.0,1599.393,1614.779,False,False,True,1.723,0.186,0,1.0,1.266,1.062,1.001,0.438,0.702,0.682,"[np.float64(115.31), np.float64(342.06925), np.float64(480.82775), np.float64(794.766), np.float64(1419.352)]",,,1.329,0.942,,,,,,,,,,
Rangelands_yearly_False_window_1_lags_3_sinusoidal_no_spline,False,1,spline_lags_3_sinusoidal_no,0.462,0.0,1582.208,1597.532,False,False,True,1.778,0.271,0,1.0,1.141,1.0,1.002,0.475,0.884,0.434,"[np.float64(115.31), np.float64(342.7634), np.float64(484.3018), np.float64(795.8128), np.float64(1419.352)]",,,,,1.143,0.281,,,,,,,,
Rangelands_yearly_False_window_1_lags_4_sinusoidal_no_spline,False,1,spline_lags_4_sinusoidal_no,0.477,0.0,1563.684,1578.944,False,False,True,1.779,-0.046,0,1.0,1.071,1.057,1.0,0.667,0.702,0.491,"[np.float64(115.31), np.float64(343.796299), np.float64(491.1471), np.float64(796.8596), np.float64(1419.352)]",,,,,,,1.128,0.045,,,,,,
Rangelands_yearly_False_window_1_lags_5_sinusoidal_no_spline,False,1,spline_lags_5_sinusoidal_no,0.461,0.0,1550.738,1565.933,False,False,True,1.745,0.078,0,1.0,1.319,1.097,1.005,0.444,0.696,0.193,"[np.float64(115.31), np.float64(344.114799), np.float64(497.9924), np.float64(797.9064), np.float64(1419.352)]",,,,,,,,,1.421,0.52,,,,
Rangelands_yearly_False_window_1_lags_none_sinusoidal_yes_spline,False,1,spline_lags_none_sinusoidal_yes,0.499,0.0,1624.019,1642.113,False,False,True,1.841,0.461,0,1.0,1.0,1.011,1.01,0.535,0.678,0.1,"[np.float64(115.31), np.float64(343.420699), np.float64(476.57665), np.float64(792.0796), np.float64(1419.352)]",,,,,,,,,,,1.01,1.011,0.027,0.285
Rangelands_yearly_False_window_1_lags_1_sinusoidal_yes_spline,False,1,spline_lags_1_sinusoidal_yes,0.511,0.0,1608.226,1628.824,False,False,True,1.805,0.324,0,1.0,1.529,1.174,1.012,0.26,0.41,0.278,"[np.float64(115.31), np.float64(342.5756), np.float64(478.7022), np.float64(793.4228), np.float64(1419.352)]",1.693,0.049,,,,,,,,,1.011,1.011,0.034,0.304
Rangelands_yearly_False_window_1_lags_2_sinusoidal_yes_spline,False,1,spline_lags_2_sinusoidal_yes,0.484,0.0,1597.862,1618.377,False,False,True,1.847,0.189,0,1.0,1.267,1.077,1.022,0.554,0.683,0.929,"[np.float64(115.31), np.float64(342.06925), np.float64(480.82775), np.float64(794.766), np.float64(1419.352)]",,,1.33,0.802,,,,,,,1.026,1.01,0.038,0.363
Rangelands_yearly_False_window_1_lags_3_sinusoidal_yes_spline,False,1,spline_lags_3_sinusoidal_yes,0.493,0.0,1580.675,1601.106,False,False,True,1.902,0.298,0,1.0,1.144,1.015,1.01,0.592,0.877,0.505,"[np.float64(115.31), np.float64(342.7634), np.float64(484.3018), np.float64(795.8128), np.float64(1419.352)]",,,,,1.143,0.231,,,,,1.019,1.007,0.045,0.304
Rangelands_yearly_False_window_1_lags_4_sinusoidal_yes_spline,False,1,spline_lags_4_sinusoidal_yes,0.505,0.0,1562.504,1582.851,False,False,True,1.89,-0.023,0,1.0,1.074,1.066,1.04,0.809,0.696,0.792,"[np.float64(115.31), np.float64(343.796299), np.float64(491.1471), np.float64(796.8596), np.float64(1419.352)]",,,,,,,1.128,0.033,,,1.031,1.02,0.055,0.285
Rangelands_yearly_False_window_1_lags_5_sinusoidal_yes_spline,False,1,spline_lags_5_sinusoidal_yes,0.489,0.0,1549.688,1569.949,False,False,True,1.852,-0.029,0,1.0,1.324,1.113,1.017,0.555,0.669,0.262,"[np.float64(115.31), np.float64(344.114799), np.float64(497.9924), np.float64(797.9064), np.float64(1419.352)]",,,,,,,,,1.423,0.491,1.023,1.008,0.05,0.387
Rangelands_yearly_True_window_1_lags_none_sinusoidal_no_spline,True,1,spline_lags_none_sinusoidal_no,0.519,0.051,560.154,568.598,True,True,True,1.768,0.1,0,1.0,1.0,1.0,1.0,0.001,0.966,0.717,"[np.float64(170.3429997), np.float64(318.22895), np.float64(375.0712), np.float64(483.026909), np.float64(881.7)]",,,,,,,,,,,,,,
Rangelands_yearly_True_window_1_lags_1_sinusoidal_no_spline,True,1,spline_lags_1_sinusoidal_no,0.518,0.073,549.242,559.224,True,True,True,1.761,-1.167,0,1.0,1.045,1.0,1.008,0.002,0.834,0.924,"[np.float64(170.3429997), np.float64(317.8429), np.float64(372.1169), np.float64(483.707817), np.float64(881.7)]",1.053,0.638,,,,,,,,,,,,
Rangelands_yearly_True_window_1_lags_2_sinusoidal_no_spline,True,1,spline_lags_2_sinusoidal_no,0.513,0.127,536.639,546.464,True,True,True,1.744,0.37,0,1.0,1.017,1.034,1.006,0.002,0.999,0.804,"[np.float64(170.3429997), np.float64(301.369), np.float64(367.68885), np.float64(484.388726), np.float64(881.7)]",,,1.057,0.955,,,,,,,,,,
Rangelands_yearly_True_window_1_lags_3_sinusoidal_no_spline,True,1,spline_lags_3_sinusoidal_no,0.525,0.063,522.915,532.58,False,True,True,1.757,0.094,0,1.0,1.166,1.107,1.001,0.001,0.733,0.528,"[np.float64(170.3429997), np.float64(318.1738), np.float64(371.3118), np.float64(457.473), np.float64(881.7)]",,,,,1.274,0.595,,,,,,,,
Rangelands_yearly_True_window_1_lags_4_sinusoidal_no_spline,True,1,spline_lags_4_sinusoidal_no,0.519,0.256,509.763,519.264,True,True,True,1.792,-0.458,0,1.0,1.039,1.044,1.002,0.002,0.924,0.551,"[np.float64(170.3429997), np.float64(322.08275), np.float64(393.9685), np.float64(485.750544), np.float64(881.7)]",,,,,,,1.085,0.462,,,,,,
Rangelands_yearly_True_window_1_lags_5_sinusoidal_no_spline,True,1,spline_lags_5_sinusoidal_no,0.563,0.798,492.97,502.302,True,True,True,1.946,-0.053,0,1.0,1.252,1.018,1.005,0.002,0.725,0.728,"[np.float64(170.3429997), np.float64(331.0989), np.float64(384.22), np.float64(488.981235), np.float64(881.7)]",,,,,,,,,1.276,0.058,,,,
Rangelands_yearly_True_window_1_lags_none_sinusoidal_yes_spline,True,1,spline_lags_none_sinusoidal_yes,0.538,0.094,562.551,574.373,False,True,True,1.652,0.142,0,1.0,1.015,1.017,1.093,0.001,0.891,0.999,"[np.float64(170.3429997), np.float64(318.22895), np.float64(375.0712), np.float64(483.026909), np.float64(881.7)]",,,,,,,,,,,1.101,1.025,0.275,0.692
Rangelands_yearly_True_window_1_lags_1_sinusoidal_yes_spline,True,1,spline_lags_1_sinusoidal_yes,0.544,0.076,551.034,564.343,False,True,True,1.661,-1.148,0,1.0,1.051,1.018,1.105,0.003,0.89,0.932,"[np.float64(170.3429997), np.float64(317.8429), np.float64(372.1169), np.float64(483.707817), np.float64(881.7)]",1.053,0.639,,,,,,,,,1.015,1.105,0.206,0.709
Rangelands_yearly_True_window_1_lags_2_sinusoidal_yes_spline,True,1,spline_lags_2_sinusoidal_yes,0.536,0.126,538.807,551.908,False,True,True,1.628,-0.162,0,1.0,1.021,1.051,1.073,0.003,0.922,0.893,"[np.float64(170.3429997), np.float64(301.369), np.float64(367.68885), np.float64(484.388726), np.float64(881.7)]",,,1.057,0.982,,,,,,,1.021,1.067,0.272,0.641
Rangelands_yearly_True_window_1_lags_3_sinusoidal_yes_spline,True,1,spline_lags_3_sinusoidal_yes,0.544,0.123,525.372,538.259,False,True,True,1.669,-0.003,0,1.0,1.183,1.114,1.004,0.001,0.621,0.516,"[np.float64(170.3429997), np.float64(318.1738), np.float64(371.3118), np.float64(457.473), np.float64(881.7)]",,,,,1.275,0.728,,,,,1.019,1.007,0.3,0.727
Rangelands_yearly_True_window_1_lags_4_sinusoidal_yes_spline,True,1,spline_lags_4_sinusoidal_yes,0.547,0.417,511.544,524.212,False,True,True,1.676,-0.194,0,1.0,1.046,1.081,1.063,0.002,0.892,0.456,"[np.float64(170.3429997), np.float64(322.08275), np.float64(393.9685), np.float64(485.750544), np.float64(881.7)]",,,,,,,1.088,0.38,,,1.057,1.044,0.219,0.663
Rangelands_yearly_True_window_1_lags_5_sinusoidal_yes_spline,True,1,spline_lags_5_sinusoidal_yes,0.575,0.783,496.062,508.505,True,True,True,1.874,-0.169,0,1.0,1.264,1.039,1.029,0.003,0.683,0.649,"[np.float64(170.3429997), np.float64(331.0989), np.float64(384.22), np.float64(488.981235), np.float64(881.7)]",,,,,,,,,1.278,0.071,1.047,1.006,0.408,0.962
Rangelands_yearly_False_window_2_lags_none_sinusoidal_no_spline,False,2,spline_lags_none_sinusoidal_no,0.45,0.0,1569.483,1582.408,False,False,False,0.787,0.316,0,1.0,1.0,1.0,1.0,0.253,0.269,0.184,"[np.float64(160.834), np.float64(365.0133), np.float64(532.84), np.float64(616.2195), np.float64(1172.643)]",,,,,,,,,,,,,,
Rangelands_yearly_False_window_2_lags_1_sinusoidal_no_spline,False,2,spline_lags_1_sinusoidal_no,0.451,0.0,1556.267,1571.716,False,False,False,0.801,0.355,0,1.0,1.06,1.004,1.002,0.389,0.407,0.653,"[np.float64(160.834), np.float64(360.6754), np.float64(501.95), np.float64(597.5659), np.float64(1172.643)]",1.066,0.173,,,,,,,,,,,,
Rangelands_yearly_False_window_2_lags_2_sinusoidal_no_spline,False,2,spline_lags_2_sinusoidal_no,0.447,0.0,1542.131,1557.517,False,False,False,0.839,0.249,0,1.0,1.085,1.065,1.0,0.312,0.354,0.823,"[np.float64(160.834), np.float64(391.3755), np.float64(538.0), np.float64(662.55), np.float64(1172.643)]",,,1.15,0.274,,,,,,,,,,
Rangelands_yearly_False_window_2_lags_3_sinusoidal_no_spline,False,2,spline_lags_3_sinusoidal_no,0.474,0.0,1522.477,1537.8,False,False,False,0.89,0.143,0,1.0,1.008,1.041,1.0,0.508,0.366,0.22,"[np.float64(160.834), np.float64(392.7876), np.float64(539.9192), np.float64(663.295), np.float64(1172.643)]",,,,,1.05,0.042,,,,,,,,
Rangelands_yearly_False_window_2_lags_4_sinusoidal_no_spline,False,2,spline_lags_4_sinusoidal_no,0.484,0.0,1505.079,1520.338,False,False,False,0.873,0.326,0,1.0,1.001,1.04,1.002,0.962,0.48,0.298,"[np.float64(160.834), np.float64(365.76775), np.float64(518.728725), np.float64(602.22215), np.float64(1172.643)]",,,,,,,1.043,0.007,,,,,,
Rangelands_yearly_False_window_2_lags_5_sinusoidal_no_spline,False,2,spline_lags_5_sinusoidal_no,0.447,0.0,1495.874,1511.069,False,False,False,0.861,0.343,0,1.0,1.08,1.14,1.008,0.459,0.218,0.985,"[np.float64(160.834), np.float64(367.6642), np.float64(470.294), np.float64(604.6001), np.float64(1172.643)]",,,,,,,,,1.228,0.121,,,,
Rangelands_yearly_False_window_2_lags_none_sinusoidal_yes_spline,False,2,spline_lags_none_sinusoidal_yes,0.503,0.0,1563.526,1581.621,False,False,False,0.887,0.364,0,1.0,1.007,1.005,1.001,0.401,0.312,0.193,"[np.float64(160.834), np.float64(365.0133), np.float64(532.84), np.float64(616.2195), np.float64(1172.643)]",,,,,,,,,,,1.009,1.004,0.013,0.067
Rangelands_yearly_False_window_2_lags_1_sinusoidal_yes_spline,False,2,spline_lags_1_sinusoidal_yes,0.508,0.0,1549.708,1570.305,False,False,False,0.897,0.41,0,1.0,1.071,1.009,1.029,0.593,0.538,0.846,"[np.float64(160.834), np.float64(360.6754), np.float64(501.95), np.float64(597.5659), np.float64(1172.643)]",1.066,0.093,,,,,,,,,1.009,1.034,0.012,0.055
Rangelands_yearly_False_window_2_lags_2_sinusoidal_yes_spline,False,2,spline_lags_2_sinusoidal_yes,0.507,0.0,1534.983,1555.498,False,False,False,0.951,0.332,0,1.0,1.092,1.072,1.01,0.521,0.39,0.632,"[np.float64(160.834), np.float64(391.3755), np.float64(538.0), np.float64(662.55), np.float64(1172.643)]",,,1.15,0.128,,,,,,,1.021,1.003,0.01,0.047
Rangelands_yearly_False_window_2_lags_3_sinusoidal_yes_spline,False,2,spline_lags_3_sinusoidal_yes,0.529,0.0,1515.919,1536.35,False,False,False,1.002,0.113,0,1.0,1.017,1.046,1.004,0.736,0.414,0.281,"[np.float64(160.834), np.float64(392.7876), np.float64(539.9192), np.float64(663.295), np.float64(1172.643)]",,,,,1.05,0.017,,,,,1.011,1.006,0.017,0.039
Rangelands_yearly_False_window_2_lags_4_sinusoidal_yes_spline,False,2,spline_lags_4_sinusoidal_yes,0.53,0.0,1500.237,1520.583,True,False,False,0.959,0.344,0,1.0,1.011,1.044,1.039,0.836,0.535,0.596,"[np.float64(160.834), np.float64(365.76775), np.float64(518.728725), np.float64(602.22215), np.float64(1172.643)]",,,,,,,1.043,0.004,,,1.022,1.029,0.026,0.066
Rangelands_yearly_False_window_2_lags_5_sinusoidal_yes_spline,False,2,spline_lags_5_sinusoidal_yes,0.502,0.0,1490.128,1510.388,False,False,False,0.938,0.356,0,1.0,1.088,1.147,1.038,0.67,0.271,0.695,"[np.float64(160.834), np.float64(367.6642), np.float64(470.294), np.float64(604.6001), np.float64(1172.643)]",,,,,,,,,1.229,0.073,1.037,1.007,0.013,0.091
Rangelands_yearly_True_window_2_lags_none_sinusoidal_no_spline,True,2,spline_lags_none_sinusoidal_no,0.642,0.0,535.593,544.038,True,True,False,0.915,0.525,0,1.0,1.0,1.0,1.0,0.001,0.356,0.106,"[np.float64(235.79349985000002), np.float64(328.14955), np.float64(387.7384), np.float64(442.6068), np.float64(694.5375)]",,,,,,,,,,,,,,
Rangelands_yearly_True_window_2_lags_1_sinusoidal_no_spline,True,2,spline_lags_1_sinusoidal_no,0.618,0.001,527.679,537.66,True,True,False,0.862,0.451,0,1.0,1.001,1.02,1.075,0.001,0.304,0.675,"[np.float64(235.79349985000002), np.float64(344.3092), np.float64(391.9408), np.float64(446.9366), np.float64(694.5375)]",1.097,0.604,,,,,,,,,,,,
Rangelands_yearly_True_window_2_lags_2_sinusoidal_no_spline,True,2,spline_lags_2_sinusoidal_no,0.609,0.002,515.952,525.778,True,True,False,0.842,0.46,0,1.0,1.012,1.0,1.001,0.004,0.255,0.505,"[np.float64(235.79349985000002), np.float64(328.8766), np.float64(394.028), np.float64(451.2664), np.float64(694.5375)]",,,1.013,0.904,,,,,,,,,,
Rangelands_yearly_True_window_2_lags_3_sinusoidal_no_spline,True,2,spline_lags_3_sinusoidal_no,0.617,0.002,503.684,513.35,True,True,False,0.86,0.245,0,1.0,1.06,1.018,1.004,0.003,0.289,0.991,"[np.float64(235.79349985000002), np.float64(330.4646), np.float64(394.626), np.float64(455.5962), np.float64(694.5375)]",,,,,1.082,0.783,,,,,,,,
Rangelands_yearly_True_window_2_lags_4_sinusoidal_no_spline,True,2,spline_lags_4_sinusoidal_no,0.632,0.047,488.711,498.213,True,True,False,0.966,0.469,0,1.0,1.066,1.016,1.0,0.001,0.836,0.703,"[np.float64(235.79349985000002), np.float64(326.21075), np.float64(385.56), np.float64(433.276375), np.float64(694.5375)]",,,,,,,1.082,0.119,,,,,,
Rangelands_yearly_True_window_2_lags_5_sinusoidal_no_spline,True,2,spline_lags_5_sinusoidal_no,0.727,0.518,465.043,474.375,True,True,False,0.918,0.487,0,1.0,1.12,1.005,1.001,0.001,0.357,0.758,"[np.float64(235.79349985000002), np.float64(331.23785), np.float64(390.4614), np.float64(434.94325), np.float64(694.5375)]",,,,,,,,,1.125,0.001,,,,
Rangelands_yearly_True_window_2_lags_none_sinusoidal_yes_spline,True,2,spline_lags_none_sinusoidal_yes,0.646,0.0,539.125,550.947,True,True,False,0.89,0.529,0,1.0,1.009,1.022,1.0,0.001,0.434,0.115,"[np.float64(235.79349985000002), np.float64(328.14955), np.float64(387.7384), np.float64(442.6068), np.float64(694.5375)]",,,,,,,,,,,1.002,1.029,0.691,0.642
Rangelands_yearly_True_window_2_lags_1_sinusoidal_yes_spline,True,2,spline_lags_1_sinusoidal_yes,0.62,0.001,531.493,544.801,True,True,False,0.84,0.41,0,1.0,1.014,1.082,1.127,0.002,0.374,0.674,"[np.float64(235.79349985000002), np.float64(344.3092), np.float64(391.9408), np.float64(446.9366), np.float64(694.5375)]",1.103,0.626,,,,,,,,,1.032,1.088,0.879,0.729
Rangelands_yearly_True_window_2_lags_2_sinusoidal_yes_spline,True,2,spline_lags_2_sinusoidal_yes,0.616,0.002,519.225,532.326,True,True,False,0.79,0.294,0,1.0,1.014,1.029,1.042,0.005,0.32,0.468,"[np.float64(235.79349985000002), np.float64(328.8766), np.float64(394.028), np.float64(451.2664), np.float64(694.5375)]",,,1.013,0.91,,,,,,,1.013,1.06,0.787,0.486
Rangelands_yearly_True_window_2_lags_3_sinusoidal_yes_spline,True,2,spline_lags_3_sinusoidal_yes,0.622,0.006,507.174,520.062,True,True,False,0.823,0.131,0,1.0,1.071,1.041,1.024,0.004,0.371,0.927,"[np.float64(235.79349985000002), np.float64(330.4646), np.float64(394.626), np.float64(455.5962), np.float64(694.5375)]",,,,,1.082,0.733,,,,,1.023,1.031,0.649,0.658
Rangelands_yearly_True_window_2_lags_4_sinusoidal_yes_spline,True,2,spline_lags_4_sinusoidal_yes,0.641,0.092,491.793,504.461,True,True,False,0.92,0.33,0,1.0,1.071,1.032,1.051,0.002,0.982,0.691,"[np.float64(235.79349985000002), np.float64(326.21075), np.float64(385.56), np.float64(433.276375), np.float64(694.5375)]",,,,,,,1.082,0.111,,,1.052,1.019,0.814,0.429
Rangelands_yearly_True_window_2_lags_5_sinusoidal_yes_spline,True,2,spline_lags_5_sinusoidal_yes,0.727,0.527,469.027,481.47,True,True,False,0.919,0.392,0,1.0,1.121,1.023,1.07,0.001,0.388,0.794,"[np.float64(235.79349985000002), np.float64(331.23785), np.float64(390.4614), np.float64(434.94325), np.float64(694.5375)]",,,,,,,,,1.125,0.002,1.068,1.02,0.913,0.985
Rangelands_yearly_False_window_3_lags_none_sinusoidal_no_spline,False,3,spline_lags_none_sinusoidal_no,0.412,0.0,1502.75,1515.675,False,False,False,0.928,0.263,0,1.0,1.0,1.0,1.0,0.242,0.011,0.914,"[np.float64(172.466), np.float64(348.2), np.float64(455.6), np.float64(700.854235), np.float64(984.1)]",,,,,,,,,,,,,,
Rangelands_yearly_False_window_3_lags_1_sinusoidal_no_spline,False,3,spline_lags_1_sinusoidal_no,0.421,0.0,1489.132,1504.58,False,False,False,0.944,0.151,0,1.0,1.058,1.079,1.001,0.717,0.009,0.255,"[np.float64(172.466), np.float64(348.2), np.float64(432.5638), np.float64(559.29), np.float64(984.1)]",1.138,0.948,,,,,,,,,,,,
Rangelands_yearly_False_window_3_lags_2_sinusoidal_no_spline,False,3,spline_lags_2_sinusoidal_no,0.428,0.0,1473.736,1489.122,False,False,False,0.947,0.147,0,1.0,1.047,1.044,1.0,0.847,0.016,0.933,"[np.float64(172.466), np.float64(348.2), np.float64(438.673), np.float64(559.29), np.float64(984.1)]",,,1.092,0.124,,,,,,,,,,
Rangelands_yearly_False_window_3_lags_3_sinusoidal_no_spline,False,3,spline_lags_3_sinusoidal_no,0.428,0.0,1459.296,1474.619,False,False,False,0.961,-0.004,0,1.0,1.026,1.133,1.0,0.996,0.009,0.951,"[np.float64(172.466), np.float64(348.2), np.float64(438.673), np.float64(559.29), np.float64(984.1)]",,,,,1.159,0.113,,,,,,,,
Rangelands_yearly_False_window_3_lags_4_sinusoidal_no_spline,False,3,spline_lags_4_sinusoidal_no,0.431,0.0,1443.818,1459.078,False,False,False,0.937,-0.18,0,1.0,1.002,1.07,1.003,0.999,0.012,0.117,"[np.float64(172.466), np.float64(348.2), np.float64(438.673), np.float64(559.29), np.float64(984.1)]",,,,,,,1.074,0.268,,,,,,
Rangelands_yearly_False_window_3_lags_5_sinusoidal_no_spline,False,3,spline_lags_5_sinusoidal_no,0.421,0.0,1430.756,1445.952,False,False,False,0.933,-0.039,0,1.0,1.066,1.011,1.002,0.195,0.011,0.223,"[np.float64(172.466), np.float64(358.7564), np.float64(441.1084), np.float64(735.423), np.float64(984.1)]",,,,,,,,,1.078,0.494,,,,
Rangelands_yearly_False_window_3_lags_none_sinusoidal_yes_spline,False,3,spline_lags_none_sinusoidal_yes,0.438,0.0,1502.391,1520.486,False,False,False,1.01,0.227,0,1.0,1.006,1.012,1.02,0.353,0.019,0.696,"[np.float64(172.466), np.float64(348.2), np.float64(455.6), np.float64(700.854235), np.float64(984.1)]",,,,,,,,,,,1.023,1.015,0.045,0.884
Rangelands_yearly_False_window_3_lags_1_sinusoidal_yes_spline,False,3,spline_lags_1_sinusoidal_yes,0.448,0.0,1488.41,1509.008,False,False,False,1.034,0.121,0,1.0,1.063,1.105,1.025,0.878,0.02,0.181,"[np.float64(172.466), np.float64(348.2), np.float64(432.5638), np.float64(559.29), np.float64(984.1)]",1.141,0.908,,,,,,,,,1.012,1.04,0.04,0.736
Rangelands_yearly_False_window_3_lags_2_sinusoidal_yes_spline,False,3,spline_lags_2_sinusoidal_yes,0.451,0.0,1473.833,1494.348,False,False,False,1.021,0.141,0,1.0,1.052,1.066,1.004,0.984,0.028,0.994,"[np.float64(172.466), np.float64(348.2), np.float64(438.673), np.float64(559.29), np.float64(984.1)]",,,1.094,0.104,,,,,,,1.009,1.02,0.059,0.975
Rangelands_yearly_False_window_3_lags_3_sinusoidal_yes_spline,False,3,spline_lags_3_sinusoidal_yes,0.451,0.0,1459.414,1479.845,False,False,False,1.03,0.009,0,1.0,1.032,1.169,1.028,0.88,0.017,0.805,"[np.float64(172.466), np.float64(348.2), np.float64(438.673), np.float64(559.29), np.float64(984.1)]",,,,,1.165,0.1,,,,,1.038,1.026,0.06,0.971
Rangelands_yearly_False_window_3_lags_4_sinusoidal_yes_spline,False,3,spline_lags_4_sinusoidal_yes,0.459,0.0,1443.228,1463.574,False,False,False,1.018,-0.146,0,1.0,1.005,1.097,1.016,0.892,0.024,0.071,"[np.float64(172.466), np.float64(348.2), np.float64(438.673), np.float64(559.29), np.float64(984.1)]",,,,,,,1.076,0.246,,,1.024,1.018,0.042,0.858
Rangelands_yearly_False_window_3_lags_5_sinusoidal_yes_spline,False,3,spline_lags_5_sinusoidal_yes,0.446,0.0,1430.662,1450.923,False,False,False,1.017,0.037,0,1.0,1.078,1.021,1.017,0.291,0.016,0.317,"[np.float64(172.466), np.float64(358.7564), np.float64(441.1084), np.float64(735.423), np.float64(984.1)]",,,,,,,,,1.08,0.531,1.021,1.014,0.054,0.859
Rangelands_yearly_True_window_3_lags_none_sinusoidal_no_spline,True,3,spline_lags_none_sinusoidal_no,0.552,0.017,538.106,546.55,True,True,False,0.887,-0.15,0,1.0,1.0,1.0,1.0,0.001,0.628,0.889,"[np.float64(195.326), np.float64(317.512), np.float64(381.1646), np.float64(455.9746), np.float64(659.8499999999999)]",,,,,,,,,,,,,,
Rangelands_yearly_True_window_3_lags_1_sinusoidal_no_spline,True,3,spline_lags_1_sinusoidal_no,0.559,0.005,526.926,536.908,True,True,False,0.837,0.29,0,1.0,1.089,1.006,1.006,0.001,0.948,0.894,"[np.float64(195.326), np.float64(317.512), np.float64(390.24), np.float64(456.3492), np.float64(659.8499999999999)]",1.102,0.356,,,,,,,,,,,,
Rangelands_yearly_True_window_3_lags_2_sinusoidal_no_spline,True,3,spline_lags_2_sinusoidal_no,0.553,0.103,515.399,525.224,True,True,False,0.896,0.322,0,1.0,1.076,1.038,1.018,0.001,0.364,0.728,"[np.float64(195.326), np.float64(317.0415), np.float64(356.0805), np.float64(456.7238), np.float64(659.8499999999999)]",,,1.132,0.919,,,,,,,,,,
Rangelands_yearly_True_window_3_lags_3_sinusoidal_no_spline,True,3,spline_lags_3_sinusoidal_no,0.557,0.198,503.018,512.684,True,True,False,0.921,-2.989,0,1.0,1.268,1.0,1.005,0.001,0.414,0.936,"[np.float64(195.326), np.float64(317.512), np.float64(371.394), np.float64(455.6), np.float64(659.8499999999999)]",,,,,1.273,0.618,,,,,,,,
Rangelands_yearly_True_window_3_lags_4_sinusoidal_no_spline,True,3,spline_lags_4_sinusoidal_no,0.593,0.426,486.476,495.977,True,True,False,0.963,-0.773,0,1.0,1.195,1.096,1.02,0.002,0.567,0.567,"[np.float64(195.326), np.float64(312.807), np.float64(381.9625), np.float64(455.6), np.float64(659.8499999999999)]",,,,,,,1.31,0.065,,,,,,
Rangelands_yearly_True_window_3_lags_5_sinusoidal_no_spline,True,3,spline_lags_5_sinusoidal_no,0.67,0.836,466.398,475.73,True,True,False,1.025,0.628,0,1.0,1.496,1.003,1.006,0.02,0.147,0.544,"[np.float64(195.326), np.float64(317.5637), np.float64(388.735), np.float64(455.6), np.float64(659.8499999999999)]",,,,,,,,,1.505,0.003,,,,
Rangelands_yearly_True_window_3_lags_none_sinusoidal_yes_spline,True,3,spline_lags_none_sinusoidal_yes,0.556,0.02,541.79,553.612,True,True,False,0.885,-0.39,0,1.0,1.006,1.009,1.125,0.001,0.652,0.975,"[np.float64(195.326), np.float64(317.512), np.float64(381.1646), np.float64(455.9746), np.float64(659.8499999999999)]",,,,,,,,,,,1.11,1.031,0.943,0.614
Rangelands_yearly_True_window_3_lags_1_sinusoidal_yes_spline,True,3,spline_lags_1_sinusoidal_yes,0.562,0.007,530.668,543.977,True,True,False,0.825,0.152,0,1.0,1.092,1.014,1.13,0.001,0.973,0.997,"[np.float64(195.326), np.float64(317.512), np.float64(390.24), np.float64(456.3492), np.float64(659.8499999999999)]",1.103,0.371,,,,,,,,,1.12,1.014,0.765,0.73
Rangelands_yearly_True_window_3_lags_2_sinusoidal_yes_spline,True,3,spline_lags_2_sinusoidal_yes,0.557,0.112,519.103,532.204,True,True,False,0.887,0.11,0,1.0,1.078,1.063,1.052,0.001,0.394,0.791,"[np.float64(195.326), np.float64(317.0415), np.float64(356.0805), np.float64(456.7238), np.float64(659.8499999999999)]",,,1.132,0.92,,,,,,,1.038,1.023,0.975,0.633
Rangelands_yearly_True_window_3_lags_3_sinusoidal_yes_spline,True,3,spline_lags_3_sinusoidal_yes,0.56,0.204,506.79,519.678,True,True,False,0.908,-3.12,0,1.0,1.272,1.014,1.056,0.002,0.456,0.942,"[np.float64(195.326), np.float64(317.512), np.float64(371.394), np.float64(455.6), np.float64(659.8499999999999)]",,,,,1.273,0.655,,,,,1.05,1.018,0.876,0.702
Rangelands_yearly_True_window_3_lags_4_sinusoidal_yes_spline,True,3,spline_lags_4_sinusoidal_yes,0.598,0.455,490.026,502.694,True,True,False,0.952,-1.593,0,1.0,1.195,1.119,1.144,0.002,0.595,0.628,"[np.float64(195.326), np.float64(312.807), np.float64(381.9625), np.float64(455.6), np.float64(659.8499999999999)]",,,,,,,1.316,0.071,,,1.136,1.006,0.92,0.563
Rangelands_yearly_True_window_3_lags_5_sinusoidal_yes_spline,True,3,spline_lags_5_sinusoidal_yes,0.676,0.818,469.673,482.116,True,True,False,1.01,0.443,0,1.0,1.511,1.015,1.053,0.027,0.161,0.621,"[np.float64(195.326), np.float64(317.5637), np.float64(388.735), np.float64(455.6), np.float64(659.8499999999999)]",,,,,,,,,1.509,0.003,1.057,1.014,0.934,0.46
Rangelands_yearly_False_window_4_lags_none_sinusoidal_no_spline,False,4,spline_lags_none_sinusoidal_no,0.283,0.0,1473.541,1486.466,False,True,False,0.719,0.165,0,1.0,1.0,1.0,1.0,0.693,0.369,0.935,"[np.float64(242.075), np.float64(377.5839), np.float64(488.915053), np.float64(575.256748), np.float64(899.0)]",,,,,,,,,,,,,,
Rangelands_yearly_False_window_4_lags_1_sinusoidal_no_spline,False,4,spline_lags_1_sinusoidal_no,0.3,0.0,1459.469,1474.917,False,False,False,0.747,0.242,0,1.0,1.0,1.099,1.004,0.893,0.308,0.758,"[np.float64(242.075), np.float64(365.878), np.float64(492.983709), np.float64(577.633998), np.float64(899.0)]",1.104,0.163,,,,,,,,,,,,
Rangelands_yearly_False_window_4_lags_2_sinusoidal_no_spline,False,4,spline_lags_2_sinusoidal_no,0.333,0.001,1441.494,1456.88,False,False,False,0.835,0.248,0,1.0,1.003,1.045,1.0,0.67,0.457,0.216,"[np.float64(242.075), np.float64(368.9585), np.float64(494.792), np.float64(579.531748), np.float64(899.0)]",,,1.049,0.039,,,,,,,,,,
Rangelands_yearly_False_window_4_lags_3_sinusoidal_no_spline,False,4,spline_lags_3_sinusoidal_no,0.339,0.002,1426.5,1441.823,False,False,False,0.763,0.116,0,1.0,1.013,1.099,1.005,0.739,0.307,0.849,"[np.float64(242.075), np.float64(376.9678), np.float64(457.473), np.float64(558.8862), np.float64(899.0)]",,,,,1.117,0.009,,,,,,,,
Rangelands_yearly_False_window_4_lags_4_sinusoidal_no_spline,False,4,spline_lags_4_sinusoidal_no,0.319,0.003,1414.204,1429.463,False,False,False,0.775,0.019,0,1.0,1.018,1.144,1.0,0.839,0.3,0.455,"[np.float64(242.075), np.float64(378.2), np.float64(457.473), np.float64(560.485), np.float64(899.0)]",,,,,,,1.161,0.031,,,,,,
Rangelands_yearly_False_window_4_lags_5_sinusoidal_no_spline,False,4,spline_lags_5_sinusoidal_no,0.286,0.001,1403.812,1419.008,False,True,False,0.761,0.152,0,1.0,1.022,1.146,1.012,0.968,0.343,0.904,"[np.float64(242.075), np.float64(378.3518), np.float64(457.473), np.float64(560.74), np.float64(899.0)]",,,,,,,,,1.181,0.228,,,,
Rangelands_yearly_False_window_4_lags_none_sinusoidal_yes_spline,False,4,spline_lags_none_sinusoidal_yes,0.345,0.0,1468.762,1486.857,False,True,False,0.81,0.156,0,1.0,1.025,1.039,1.039,0.947,0.246,0.631,"[np.float64(242.075), np.float64(377.5839), np.float64(488.915053), np.float64(575.256748), np.float64(899.0)]",,,,,,,,,,,1.069,1.034,0.008,0.264
Rangelands_yearly_False_window_4_lags_1_sinusoidal_yes_spline,False,4,spline_lags_1_sinusoidal_yes,0.365,0.0,1454.071,1474.669,False,False,False,0.856,0.248,0,1.0,1.028,1.154,1.037,0.733,0.168,0.929,"[np.float64(242.075), np.float64(365.878), np.float64(492.983709), np.float64(577.633998), np.float64(899.0)]",1.107,0.084,,,,,,,,,1.032,1.08,0.008,0.179
Rangelands_yearly_False_window_4_lags_2_sinusoidal_yes_spline,False,4,spline_lags_2_sinusoidal_yes,0.399,0.002,1435.541,1456.056,False,False,False,0.943,0.285,0,1.0,1.024,1.091,1.021,0.426,0.252,0.1,"[np.float64(242.075), np.float64(368.9585), np.float64(494.792), np.float64(579.531748), np.float64(899.0)]",,,1.051,0.017,,,,,,,1.03,1.055,0.008,0.121
Rangelands_yearly_False_window_4_lags_3_sinusoidal_yes_spline,False,4,spline_lags_3_sinusoidal_yes,0.396,0.006,1421.951,1442.382,False,False,False,0.878,0.148,0,1.0,1.039,1.14,1.066,0.445,0.222,0.655,"[np.float64(242.075), np.float64(376.9678), np.float64(457.473), np.float64(558.8862), np.float64(899.0)]",,,,,1.122,0.003,,,,,1.083,1.04,0.014,0.175
Rangelands_yearly_False_window_4_lags_4_sinusoidal_yes_spline,False,4,spline_lags_4_sinusoidal_yes,0.383,0.006,1408.972,1429.318,False,False,False,0.858,0.008,0,1.0,1.046,1.181,1.057,0.516,0.214,0.186,"[np.float64(242.075), np.float64(378.2), np.float64(457.473), np.float64(560.485), np.float64(899.0)]",,,,,,,1.167,0.014,,,1.038,1.079,0.01,0.151
Rangelands_yearly_False_window_4_lags_5_sinusoidal_yes_spline,False,4,spline_lags_5_sinusoidal_yes,0.348,0.003,1399.364,1419.625,False,True,False,0.861,0.198,0,1.0,1.046,1.186,1.021,0.661,0.266,0.823,"[np.float64(242.075), np.float64(378.3518), np.float64(457.473), np.float64(560.74), np.float64(899.0)]",,,,,,,,,1.187,0.138,1.028,1.037,0.011,0.268
Rangelands_yearly_True_window_4_lags_none_sinusoidal_no_spline,True,4,spline_lags_none_sinusoidal_no,0.67,0.008,520.175,528.619,True,True,False,0.652,0.634,0,1.0,1.0,1.0,1.0,0.0,0.534,0.769,"[np.float64(248.28500000000003), np.float64(322.209113), np.float64(377.144225), np.float64(422.24425), np.float64(596.5057499)]",,,,,,,,,,,,,,
Rangelands_yearly_True_window_4_lags_1_sinusoidal_no_spline,True,4,spline_lags_1_sinusoidal_no,0.668,0.006,510.193,520.174,True,True,False,0.667,-1.064,0,1.0,1.017,1.0,1.06,0.0,0.866,0.515,"[np.float64(248.28500000000003), np.float64(325.094951), np.float64(380.7669), np.float64(427.5885), np.float64(596.5057499)]",1.077,0.919,,,,,,,,,,,,
Rangelands_yearly_True_window_4_lags_2_sinusoidal_no_spline,True,4,spline_lags_2_sinusoidal_no,0.671,0.018,498.757,508.582,True,True,False,0.689,0.414,0,1.0,1.055,1.0,1.004,0.0,0.963,0.705,"[np.float64(248.28500000000003), np.float64(323.357851), np.float64(385.0154), np.float64(432.93275), np.float64(596.5057499)]",,,1.06,0.705,,,,,,,,,,
Rangelands_yearly_True_window_4_lags_3_sinusoidal_no_spline,True,4,spline_lags_3_sinusoidal_no,0.702,0.309,483.864,493.529,True,True,False,0.728,0.328,0,1.0,1.199,1.0,1.012,0.0,0.345,0.373,"[np.float64(248.28500000000003), np.float64(317.3997), np.float64(367.4886), np.float64(438.277), np.float64(596.5057499)]",,,,,1.21,0.156,,,,,,,,
Rangelands_yearly_True_window_4_lags_4_sinusoidal_no_spline,True,4,spline_lags_4_sinusoidal_no,0.7,0.479,470.805,480.307,True,True,False,0.784,0.627,0,1.0,1.389,1.001,1.017,0.0,0.33,0.914,"[np.float64(248.28500000000003), np.float64(317.371625), np.float64(375.074125), np.float64(442.23), np.float64(596.5057499)]",,,,,,,1.407,0.036,,,,,,
Rangelands_yearly_True_window_4_lags_5_sinusoidal_no_spline,True,4,spline_lags_5_sinusoidal_no,0.765,0.84,449.817,459.149,True,True,False,0.671,0.74,0,1.0,2.009,1.006,1.038,0.016,0.222,0.396,"[np.float64(248.28500000000003), np.float64(324.123676), np.float64(379.73185), np.float64(446.183), np.float64(596.5057499)]",,,,,,,,,2.053,0.001,,,,
Rangelands_yearly_True_window_4_lags_none_sinusoidal_yes_spline,True,4,spline_lags_none_sinusoidal_yes,0.672,0.009,523.917,535.74,True,True,False,0.634,0.586,0,1.0,1.004,1.027,1.07,0.0,0.595,0.868,"[np.float64(248.28500000000003), np.float64(322.209113), np.float64(377.144225), np.float64(422.24425), np.float64(596.5057499)]",,,,,,,,,,,1.057,1.044,0.653,0.917
Rangelands_yearly_True_window_4_lags_1_sinusoidal_yes_spline,True,4,spline_lags_1_sinusoidal_yes,0.67,0.008,514.002,527.31,True,True,False,0.658,-0.282,0,1.0,1.02,1.032,1.092,0.0,0.913,0.547,"[np.float64(248.28500000000003), np.float64(325.094951), np.float64(380.7669), np.float64(427.5885), np.float64(596.5057499)]",1.08,0.929,,,,,,,,,1.017,1.047,0.702,0.951
Rangelands_yearly_True_window_4_lags_2_sinusoidal_yes_spline,True,4,spline_lags_2_sinusoidal_yes,0.675,0.025,502.279,515.379,True,True,False,0.686,0.241,0,1.0,1.064,1.021,1.049,0.0,0.971,0.652,"[np.float64(248.28500000000003), np.float64(323.357851), np.float64(385.0154), np.float64(432.93275), np.float64(596.5057499)]",,,1.06,0.691,,,,,,,1.038,1.035,0.547,0.94
Rangelands_yearly_True_window_4_lags_3_sinusoidal_yes_spline,True,4,spline_lags_3_sinusoidal_yes,0.703,0.32,487.736,500.624,True,True,False,0.715,0.261,0,1.0,1.206,1.025,1.137,0.0,0.391,0.449,"[np.float64(248.28500000000003), np.float64(317.3997), np.float64(367.4886), np.float64(438.277), np.float64(596.5057499)]",,,,,1.212,0.169,,,,,1.116,1.04,0.794,0.869
Rangelands_yearly_True_window_4_lags_4_sinusoidal_yes_spline,True,4,spline_lags_4_sinusoidal_yes,0.701,0.484,474.688,487.356,True,True,False,0.771,0.492,0,1.0,1.398,1.042,1.178,0.0,0.38,0.954,"[np.float64(248.28500000000003), np.float64(317.371625), np.float64(375.074125), np.float64(442.23), np.float64(596.5057499)]",,,,,,,1.414,0.045,,,1.081,1.123,0.777,0.945
Rangelands_yearly_True_window_4_lags_5_sinusoidal_yes_spline,True,4,spline_lags_5_sinusoidal_yes,0.77,0.848,453.019,465.462,True,True,False,0.619,0.661,0,1.0,2.017,1.043,1.075,0.02,0.258,0.478,"[np.float64(248.28500000000003), np.float64(324.123676), np.float64(379.73185), np.float64(446.183), np.float64(596.5057499)]",,,,,,,,,2.057,0.002,1.023,1.054,0.458,0.821
Rangelands_yearly_False_window_5_lags_none_sinusoidal_no_spline,False,5,spline_lags_none_sinusoidal_no,0.245,0.0,1438.742,1451.667,False,True,False,0.732,-0.217,0,1.0,1.0,1.0,1.0,0.597,0.398,0.777,"[np.float64(172.466), np.float64(370.925599), np.float64(455.6), np.float64(652.487635), np.float64(984.1)]",,,,,,,,,,,,,,
Rangelands_yearly_False_window_5_lags_1_sinusoidal_no_spline,False,5,spline_lags_1_sinusoidal_no,0.256,0.001,1426.182,1441.63,False,True,False,0.735,0.096,0,1.0,1.035,1.127,1.001,0.861,0.361,0.665,"[np.float64(172.466), np.float64(368.358797), np.float64(432.5638), np.float64(559.29), np.float64(984.1)]",1.163,0.372,,,,,,,,,,,,
Rangelands_yearly_False_window_5_lags_2_sinusoidal_no_spline,False,5,spline_lags_2_sinusoidal_no,0.298,0.001,1407.397,1422.783,False,True,False,0.77,0.16,0,1.0,1.047,1.056,1.0,0.849,0.424,0.016,"[np.float64(172.466), np.float64(371.495999), np.float64(438.673), np.float64(560.4425), np.float64(984.1)]",,,1.103,0.492,,,,,,,,,,
Rangelands_yearly_False_window_5_lags_3_sinusoidal_no_spline,False,5,spline_lags_3_sinusoidal_no,0.267,0.0,1397.604,1412.927,False,True,False,0.767,0.075,0,1.0,1.048,1.074,1.005,0.748,0.372,0.126,"[np.float64(172.466), np.float64(375.7654), np.float64(438.673), np.float64(561.595), np.float64(984.1)]",,,,,1.127,0.709,,,,,,,,
Rangelands_yearly_False_window_5_lags_4_sinusoidal_no_spline,False,5,spline_lags_4_sinusoidal_no,0.283,0.008,1380.749,1396.009,False,True,False,0.818,0.155,0,1.0,1.008,1.032,1.0,0.902,0.51,0.73,"[np.float64(172.466), np.float64(380.9783), np.float64(455.6), np.float64(662.432), np.float64(984.1)]",,,,,,,1.041,0.025,,,,,,
Rangelands_yearly_False_window_5_lags_5_sinusoidal_no_spline,False,5,spline_lags_5_sinusoidal_no,0.281,0.012,1366.455,1381.651,False,True,False,0.783,-0.075,0,1.0,1.097,1.081,1.004,0.783,0.368,0.125,"[np.float64(172.466), np.float64(347.7496), np.float64(441.1084), np.float64(666.242), np.float64(984.1)]",,,,,,,,,1.181,0.071,,,,
Rangelands_yearly_False_window_5_lags_none_sinusoidal_yes_spline,False,5,spline_lags_none_sinusoidal_yes,0.276,0.0,1438.633,1456.728,False,True,False,0.821,-0.158,0,1.0,1.006,1.045,1.015,0.84,0.618,0.969,"[np.float64(172.466), np.float64(370.925599), np.float64(455.6), np.float64(652.487635), np.float64(984.1)]",,,,,,,,,,,1.036,1.03,0.053,0.823
Rangelands_yearly_False_window_5_lags_1_sinusoidal_yes_spline,False,5,spline_lags_1_sinusoidal_yes,0.288,0.002,1425.834,1446.432,False,True,False,0.833,0.13,0,1.0,1.039,1.188,1.031,0.901,0.599,0.938,"[np.float64(172.466), np.float64(368.358797), np.float64(432.5638), np.float64(559.29), np.float64(984.1)]",1.169,0.297,,,,,,,,,1.051,1.038,0.05,0.72
Rangelands_yearly_False_window_5_lags_2_sinusoidal_yes_spline,False,5,spline_lags_2_sinusoidal_yes,0.322,0.002,1408.127,1428.642,False,True,False,0.832,0.132,0,1.0,1.051,1.123,1.054,0.961,0.605,0.029,"[np.float64(172.466), np.float64(371.495999), np.float64(438.673), np.float64(560.4425), np.float64(984.1)]",,,1.107,0.418,,,,,,,1.064,1.057,0.112,0.532
Rangelands_yearly_False_window_5_lags_3_sinusoidal_yes_spline,False,5,spline_lags_3_sinusoidal_yes,0.295,0.0,1397.923,1418.354,False,True,False,0.842,0.038,0,1.0,1.053,1.15,1.043,0.933,0.63,0.167,"[np.float64(172.466), np.float64(375.7654), np.float64(438.673), np.float64(561.595), np.float64(984.1)]",,,,,1.134,0.706,,,,,1.04,1.072,0.067,0.95
Rangelands_yearly_False_window_5_lags_4_sinusoidal_yes_spline,False,5,spline_lags_4_sinusoidal_yes,0.313,0.014,1380.766,1401.112,False,True,False,0.894,0.155,0,1.0,1.017,1.086,1.023,0.68,0.718,0.602,"[np.float64(172.466), np.float64(380.9783), np.float64(455.6), np.float64(662.432), np.float64(984.1)]",,,,,,,1.043,0.019,,,1.036,1.047,0.064,0.666
Rangelands_yearly_False_window_5_lags_5_sinusoidal_yes_spline,False,5,spline_lags_5_sinusoidal_yes,0.305,0.022,1367.26,1387.521,False,True,False,0.854,0.004,0,1.0,1.11,1.155,1.081,0.994,0.526,0.264,"[np.float64(172.466), np.float64(347.7496), np.float64(441.1084), np.float64(666.242), np.float64(984.1)]",,,,,,,,,1.194,0.063,1.11,1.041,0.107,0.621
Rangelands_yearly_True_window_5_lags_none_sinusoidal_no_spline,True,5,spline_lags_none_sinusoidal_no,0.603,0.009,523.001,531.445,True,True,False,0.63,0.443,0,1.0,1.0,1.0,1.0,0.0,0.151,0.909,"[np.float64(229.362), np.float64(317.512), np.float64(368.49395), np.float64(396.1865), np.float64(596.5057499)]",,,,,,,,,,,,,,
Rangelands_yearly_True_window_5_lags_1_sinusoidal_no_spline,True,5,spline_lags_1_sinusoidal_no,0.604,0.028,513.047,523.028,True,True,False,0.628,0.289,0,1.0,1.111,1.001,1.16,0.001,0.048,0.583,"[np.float64(229.362), np.float64(308.7665), np.float64(341.677001), np.float64(398.165), np.float64(596.5057499)]",1.271,0.939,,,,,,,,,,,,
Rangelands_yearly_True_window_5_lags_2_sinusoidal_no_spline,True,5,spline_lags_2_sinusoidal_no,0.615,0.087,500.815,510.641,True,True,False,0.625,0.319,0,1.0,1.12,1.018,1.059,0.001,0.028,0.582,"[np.float64(229.362), np.float64(307.853), np.float64(342.923501), np.float64(393.25), np.float64(596.5057499)]",,,1.198,0.558,,,,,,,,,,
Rangelands_yearly_True_window_5_lags_3_sinusoidal_no_spline,True,5,spline_lags_3_sinusoidal_no,0.633,0.356,487.31,496.975,True,True,False,0.659,0.545,0,1.0,1.204,1.005,1.033,0.001,0.047,0.875,"[np.float64(229.362), np.float64(313.748), np.float64(344.17), np.float64(411.7624), np.float64(596.5057499)]",,,,,1.241,0.143,,,,,,,,
Rangelands_yearly_True_window_5_lags_4_sinusoidal_no_spline,True,5,spline_lags_4_sinusoidal_no,0.646,0.376,472.962,482.463,True,True,False,0.73,-0.238,0,1.0,1.259,1.003,1.008,0.001,0.257,0.877,"[np.float64(229.362), np.float64(317.78775), np.float64(378.004), np.float64(428.2015), np.float64(596.5057499)]",,,,,,,1.271,0.041,,,,,,
Rangelands_yearly_True_window_5_lags_5_sinusoidal_no_spline,True,5,spline_lags_5_sinusoidal_no,0.698,0.629,454.443,463.775,True,True,False,0.736,0.55,0,1.0,1.824,1.002,1.009,0.037,0.253,0.484,"[np.float64(229.362), np.float64(317.5637), np.float64(364.871), np.float64(444.6406), np.float64(596.5057499)]",,,,,,,,,1.835,0.003,,,,
Rangelands_yearly_True_window_5_lags_none_sinusoidal_yes_spline,True,5,spline_lags_none_sinusoidal_yes,0.605,0.013,526.79,538.612,True,True,False,0.606,0.457,0,1.0,1.017,1.039,1.034,0.0,0.151,0.96,"[np.float64(229.362), np.float64(317.512), np.float64(368.49395), np.float64(396.1865), np.float64(596.5057499)]",,,,,,,,,,,1.061,1.028,0.685,0.932
Rangelands_yearly_True_window_5_lags_1_sinusoidal_yes_spline,True,5,spline_lags_1_sinusoidal_yes,0.605,0.034,516.969,530.277,True,True,False,0.615,0.22,0,1.0,1.147,1.039,1.206,0.002,0.059,0.594,"[np.float64(229.362), np.float64(308.7665), np.float64(341.677001), np.float64(398.165), np.float64(596.5057499)]",1.277,0.931,,,,,,,,,1.049,1.067,0.825,0.918
Rangelands_yearly_True_window_5_lags_2_sinusoidal_yes_spline,True,5,spline_lags_2_sinusoidal_yes,0.618,0.116,504.591,517.692,True,True,False,0.612,0.117,0,1.0,1.185,1.053,1.078,0.002,0.033,0.608,"[np.float64(229.362), np.float64(307.853), np.float64(342.923501), np.float64(393.25), np.float64(596.5057499)]",,,1.201,0.542,,,,,,,1.075,1.04,0.677,0.954
Rangelands_yearly_True_window_5_lags_3_sinusoidal_yes_spline,True,5,spline_lags_3_sinusoidal_yes,0.637,0.44,490.888,503.775,True,True,False,0.618,0.525,0,1.0,1.267,1.049,1.074,0.001,0.047,0.976,"[np.float64(229.362), np.float64(313.748), np.float64(344.17), np.float64(411.7624), np.float64(596.5057499)]",,,,,1.256,0.133,,,,,1.109,1.024,0.569,0.96
Rangelands_yearly_True_window_5_lags_4_sinusoidal_yes_spline,True,5,spline_lags_4_sinusoidal_yes,0.649,0.406,476.717,489.385,True,True,False,0.703,-0.419,0,1.0,1.267,1.046,1.109,0.002,0.252,0.954,"[np.float64(229.362), np.float64(317.78775), np.float64(378.004), np.float64(428.2015), np.float64(596.5057499)]",,,,,,,1.275,0.046,,,1.072,1.075,0.666,0.986
Rangelands_yearly_True_window_5_lags_5_sinusoidal_yes_spline,True,5,spline_lags_5_sinusoidal_yes,0.705,0.733,457.69,470.133,True,True,False,0.697,0.474,0,1.0,1.839,1.068,1.04,0.047,0.201,0.565,"[np.float64(229.362), np.float64(317.5637), np.float64(364.871), np.float64(444.6406), np.float64(596.5057499)]",,,,,,,,,1.839,0.003,1.079,1.029,0.586,0.58
Rangelands_yearly_False_window_6_lags_none_sinusoidal_no_spline,False,6,spline_lags_none_sinusoidal_no,0.264,0.0,1388.419,1401.344,False,True,False,0.645,0.122,0,1.0,1.0,1.0,1.0,0.867,0.094,0.886,"[np.float64(207.39100000000002), np.float64(374.465673), np.float64(509.7098), np.float64(559.87075), np.float64(747.9614998)]",,,,,,,,,,,,,,
Rangelands_yearly_False_window_6_lags_1_sinusoidal_no_spline,False,6,spline_lags_1_sinusoidal_no,0.281,0.0,1375.923,1391.371,False,True,False,0.662,0.186,0,1.0,1.058,1.064,1.0,0.869,0.088,0.892,"[np.float64(207.39100000000002), np.float64(372.062399), np.float64(514.3794), np.float64(560.4), np.float64(747.9614998)]",1.122,0.221,,,,,,,,,,,,
Rangelands_yearly_False_window_6_lags_2_sinusoidal_no_spline,False,6,spline_lags_2_sinusoidal_no,0.294,0.0,1362.329,1377.715,False,True,False,0.695,0.24,0,1.0,1.009,1.069,1.0,0.982,0.079,0.956,"[np.float64(207.39100000000002), np.float64(375.656748), np.float64(519.049), np.float64(560.4), np.float64(747.9614998)]",,,1.078,0.11,,,,,,,,,,
Rangelands_yearly_False_window_6_lags_3_sinusoidal_no_spline,False,6,spline_lags_3_sinusoidal_no,0.301,0.0,1347.91,1363.233,False,True,False,0.738,0.181,0,1.0,1.006,1.003,1.01,0.356,0.213,0.833,"[np.float64(207.39100000000002), np.float64(377.8609), np.float64(461.91975), np.float64(560.4), np.float64(747.9614998)]",,,,,1.02,0.051,,,,,,,,
Rangelands_yearly_False_window_6_lags_4_sinusoidal_no_spline,False,6,spline_lags_4_sinusoidal_no,0.343,0.001,1326.797,1342.056,False,False,False,0.818,0.275,0,1.0,1.039,1.014,1.019,0.209,0.187,0.106,"[np.float64(207.39100000000002), np.float64(378.2), np.float64(466.889857), np.float64(560.4), np.float64(747.9614998)]",,,,,,,1.072,0.009,,,,,,
Rangelands_yearly_False_window_6_lags_5_sinusoidal_no_spline,False,6,spline_lags_5_sinusoidal_no,0.325,0.004,1314.596,1329.792,False,False,False,0.788,0.223,0,1.0,1.02,1.067,1.004,0.288,0.098,0.261,"[np.float64(207.39100000000002), np.float64(378.3518), np.float64(476.874926), np.float64(560.4), np.float64(747.9614998)]",,,,,,,,,1.091,0.007,,,,
Rangelands_yearly_False_window_6_lags_none_sinusoidal_yes_spline,False,6,spline_lags_none_sinusoidal_yes,0.304,0.0,1386.854,1404.948,False,True,False,0.745,0.199,0,1.0,1.026,1.016,1.01,0.838,0.083,0.947,"[np.float64(207.39100000000002), np.float64(374.465673), np.float64(509.7098), np.float64(559.87075), np.float64(747.9614998)]",,,,,,,,,,,1.028,1.024,0.031,0.465
Rangelands_yearly_False_window_6_lags_1_sinusoidal_yes_spline,False,6,spline_lags_1_sinusoidal_yes,0.328,0.0,1373.33,1393.928,False,True,False,0.781,0.176,0,1.0,1.095,1.089,1.024,0.524,0.064,0.699,"[np.float64(207.39100000000002), np.float64(372.062399), np.float64(514.3794), np.float64(560.4), np.float64(747.9614998)]",1.128,0.138,,,,,,,,,1.021,1.058,0.023,0.306
Rangelands_yearly_False_window_6_lags_2_sinusoidal_yes_spline,False,6,spline_lags_2_sinusoidal_yes,0.332,0.0,1360.916,1381.431,False,True,False,0.793,0.153,0,1.0,1.034,1.09,1.03,0.715,0.063,0.743,"[np.float64(207.39100000000002), np.float64(375.656748), np.float64(519.049), np.float64(560.4), np.float64(747.9614998)]",,,1.081,0.084,,,,,,,1.038,1.034,0.04,0.358
Rangelands_yearly_False_window_6_lags_3_sinusoidal_yes_spline,False,6,spline_lags_3_sinusoidal_yes,0.339,0.001,1346.474,1366.905,False,True,False,0.856,0.217,0,1.0,1.019,1.011,1.012,0.211,0.222,0.897,"[np.float64(207.39100000000002), np.float64(377.8609), np.float64(461.91975), np.float64(560.4), np.float64(747.9614998)]",,,,,1.02,0.035,,,,,1.008,1.015,0.044,0.319
Rangelands_yearly_False_window_6_lags_4_sinusoidal_yes_spline,False,6,spline_lags_4_sinusoidal_yes,0.374,0.002,1326.36,1346.707,False,False,False,0.912,0.255,0,1.0,1.055,1.024,1.038,0.115,0.202,0.164,"[np.float64(207.39100000000002), np.float64(378.2), np.float64(466.889857), np.float64(560.4), np.float64(747.9614998)]",,,,,,,1.074,0.005,,,1.025,1.018,0.092,0.259
Rangelands_yearly_False_window_6_lags_5_sinusoidal_yes_spline,False,6,spline_lags_5_sinusoidal_yes,0.356,0.007,1314.107,1334.368,True,True,False,0.89,0.242,0,1.0,1.038,1.075,1.086,0.173,0.103,0.41,"[np.float64(207.39100000000002), np.float64(378.3518), np.float64(476.874926), np.float64(560.4), np.float64(747.9614998)]",,,,,,,,,1.092,0.004,1.066,1.041,0.077,0.343
Rangelands_yearly_True_window_6_lags_none_sinusoidal_no_spline,True,6,spline_lags_none_sinusoidal_no,0.677,0.006,509.686,518.131,True,True,False,0.517,0.437,0,1.0,1.0,1.0,1.0,0.0,0.799,0.509,"[np.float64(265.303), np.float64(322.307375), np.float64(373.9003), np.float64(435.37575), np.float64(596.5057499)]",,,,,,,,,,,,,,
Rangelands_yearly_True_window_6_lags_1_sinusoidal_no_spline,True,6,spline_lags_1_sinusoidal_no,0.673,0.016,500.843,510.825,True,True,False,0.538,0.341,0,1.0,1.148,1.009,1.001,0.0,0.766,0.803,"[np.float64(265.303), np.float64(327.058375), np.float64(365.258101), np.float64(441.6135), np.float64(596.5057499)]",1.159,0.791,,,,,,,,,,,,
Rangelands_yearly_True_window_6_lags_2_sinusoidal_no_spline,True,6,spline_lags_2_sinusoidal_no,0.693,0.054,488.043,497.868,True,True,False,0.579,0.306,0,1.0,1.16,1.0,1.015,0.0,0.733,0.563,"[np.float64(265.303), np.float64(323.357851), np.float64(370.921401), np.float64(447.85125), np.float64(596.5057499)]",,,1.176,0.396,,,,,,,,,,
Rangelands_yearly_True_window_6_lags_3_sinusoidal_no_spline,True,6,spline_lags_3_sinusoidal_no,0.708,0.428,475.025,484.691,True,True,False,0.573,0.177,0,1.0,1.291,1.003,1.002,0.0,0.036,0.998,"[np.float64(265.303), np.float64(317.3997), np.float64(353.7516), np.float64(400.8108), np.float64(596.5057499)]",,,,,1.295,0.085,,,,,,,,
Rangelands_yearly_True_window_6_lags_4_sinusoidal_no_spline,True,6,spline_lags_4_sinusoidal_no,0.727,0.427,459.678,469.179,True,True,False,0.59,-0.067,0,1.0,1.385,1.002,1.0,0.0,0.204,0.472,"[np.float64(265.303), np.float64(325.91675), np.float64(382.837), np.float64(411.4335), np.float64(596.5057499)]",,,,,,,1.387,0.016,,,,,,
Rangelands_yearly_True_window_6_lags_5_sinusoidal_no_spline,True,6,spline_lags_5_sinusoidal_no,0.756,0.917,442.998,452.33,True,True,False,0.625,0.279,0,1.0,2.284,1.001,1.001,0.039,0.093,0.334,"[np.float64(265.303), np.float64(324.123676), np.float64(363.9159), np.float64(422.0562), np.float64(596.5057499)]",,,,,,,,,2.286,0.002,,,,
Rangelands_yearly_True_window_6_lags_none_sinusoidal_yes_spline,True,6,spline_lags_none_sinusoidal_yes,0.677,0.009,513.663,525.485,True,True,False,0.52,0.379,0,1.0,1.015,1.058,1.044,0.0,0.789,0.519,"[np.float64(265.303), np.float64(322.307375), np.float64(373.9003), np.float64(435.37575), np.float64(596.5057499)]",,,,,,,,,,,1.086,1.031,0.952,0.901
Rangelands_yearly_True_window_6_lags_1_sinusoidal_yes_spline,True,6,spline_lags_1_sinusoidal_yes,0.674,0.019,504.751,518.06,True,True,False,0.548,0.286,0,1.0,1.15,1.098,1.025,0.0,0.719,0.801,"[np.float64(265.303), np.float64(327.058375), np.float64(365.258101), np.float64(441.6135), np.float64(596.5057499)]",1.16,0.792,,,,,,,,,1.073,1.04,0.807,0.905
Rangelands_yearly_True_window_6_lags_2_sinusoidal_yes_spline,True,6,spline_lags_2_sinusoidal_yes,0.694,0.084,491.887,504.988,True,True,False,0.592,0.376,0,1.0,1.163,1.08,1.066,0.0,0.794,0.537,"[np.float64(265.303), np.float64(323.357851), np.float64(370.921401), np.float64(447.85125), np.float64(596.5057499)]",,,1.177,0.392,,,,,,,1.069,1.063,0.846,0.774
Rangelands_yearly_True_window_6_lags_3_sinusoidal_yes_spline,True,6,spline_lags_3_sinusoidal_yes,0.709,0.526,478.892,491.779,True,True,False,0.566,0.156,0,1.0,1.357,1.078,1.031,0.0,0.047,0.972,"[np.float64(265.303), np.float64(317.3997), np.float64(353.7516), np.float64(400.8108), np.float64(596.5057499)]",,,,,1.307,0.091,,,,,1.124,1.035,0.774,0.869
Rangelands_yearly_True_window_6_lags_4_sinusoidal_yes_spline,True,6,spline_lags_4_sinusoidal_yes,0.727,0.451,463.672,476.341,True,True,False,0.591,-0.151,0,1.0,1.401,1.056,1.084,0.001,0.234,0.507,"[np.float64(265.303), np.float64(325.91675), np.float64(382.837), np.float64(411.4335), np.float64(596.5057499)]",,,,,,,1.391,0.021,,,1.064,1.086,0.951,0.981
Rangelands_yearly_True_window_6_lags_5_sinusoidal_yes_spline,True,6,spline_lags_5_sinusoidal_yes,0.758,0.996,446.647,459.09,True,True,False,0.617,0.025,0,1.0,2.307,1.069,1.071,0.05,0.095,0.438,"[np.float64(265.303), np.float64(324.123676), np.float64(363.9159), np.float64(422.0562), np.float64(596.5057499)]",,,,,,,,,2.298,0.002,1.104,1.045,0.666,0.766
Rangelands_yearly_False_window_7_lags_none_sinusoidal_no_spline,False,7,spline_lags_none_sinusoidal_no,0.194,0.086,1356.995,1369.919,False,True,False,0.698,0.029,0,1.0,1.0,1.0,1.0,0.053,0.13,0.718,"[np.float64(242.316), np.float64(343.8411), np.float64(423.4), np.float64(474.2057), np.float64(896.3)]",,,,,,,,,,,,,,
Rangelands_yearly_False_window_7_lags_1_sinusoidal_no_spline,False,7,spline_lags_1_sinusoidal_no,0.2,0.147,1346.649,1362.097,False,True,False,0.698,0.136,0,1.0,1.007,1.064,1.003,0.037,0.163,0.926,"[np.float64(242.316), np.float64(343.1176), np.float64(438.673), np.float64(476.273), np.float64(896.3)]",1.074,0.676,,,,,,,,,,,,
Rangelands_yearly_False_window_7_lags_2_sinusoidal_no_spline,False,7,spline_lags_2_sinusoidal_no,0.207,0.261,1333.646,1349.032,False,True,False,0.705,0.039,0,1.0,1.023,1.003,1.002,0.03,0.133,0.513,"[np.float64(242.316), np.float64(344.100999), np.float64(438.673), np.float64(476.273), np.float64(896.3)]",,,1.027,0.487,,,,,,,,,,
Rangelands_yearly_False_window_7_lags_3_sinusoidal_no_spline,False,7,spline_lags_3_sinusoidal_no,0.205,0.165,1321.18,1336.503,False,True,False,0.723,0.044,0,1.0,1.024,1.029,1.004,0.043,0.121,0.467,"[np.float64(242.316), np.float64(344.1608), np.float64(414.2), np.float64(476.273), np.float64(896.3)]",,,,,1.058,0.767,,,,,,,,
Rangelands_yearly_False_window_7_lags_4_sinusoidal_no_spline,False,7,spline_lags_4_sinusoidal_no,0.191,0.262,1307.372,1322.632,False,True,False,0.703,0.096,0,1.0,1.006,1.066,1.014,0.06,0.112,0.758,"[np.float64(242.316), np.float64(346.3865), np.float64(414.2), np.float64(476.273), np.float64(896.3)]",,,,,,,1.086,0.521,,,,,,
Rangelands_yearly_False_window_7_lags_5_sinusoidal_no_spline,False,7,spline_lags_5_sinusoidal_no,0.183,0.305,1293.918,1309.114,False,True,False,0.703,0.094,0,1.0,1.02,1.009,1.0,0.077,0.121,0.53,"[np.float64(242.316), np.float64(348.2), np.float64(414.2), np.float64(476.273), np.float64(896.3)]",,,,,,,,,1.029,0.68,,,,
Rangelands_yearly_False_window_7_lags_none_sinusoidal_yes_spline,False,7,spline_lags_none_sinusoidal_yes,0.232,0.118,1356.155,1374.25,False,True,False,0.779,0.045,0,1.0,1.039,1.022,1.007,0.032,0.125,0.592,"[np.float64(242.316), np.float64(343.8411), np.float64(423.4), np.float64(474.2057), np.float64(896.3)]",,,,,,,,,,,1.009,1.06,0.065,0.311
Rangelands_yearly_False_window_7_lags_1_sinusoidal_yes_spline,False,7,spline_lags_1_sinusoidal_yes,0.239,0.204,1345.896,1366.494,False,True,False,0.777,0.188,0,1.0,1.039,1.103,1.028,0.02,0.168,0.872,"[np.float64(242.316), np.float64(343.1176), np.float64(438.673), np.float64(476.273), np.float64(896.3)]",1.076,0.595,,,,,,,,,1.005,1.089,0.08,0.268
Rangelands_yearly_False_window_7_lags_2_sinusoidal_yes_spline,False,7,spline_lags_2_sinusoidal_yes,0.243,0.289,1333.179,1353.694,False,False,False,0.782,0.054,0,1.0,1.054,1.027,1.026,0.02,0.144,0.734,"[np.float64(242.316), np.float64(344.100999), np.float64(438.673), np.float64(476.273), np.float64(896.3)]",,,1.028,0.471,,,,,,,1.02,1.059,0.081,0.304
Rangelands_yearly_False_window_7_lags_3_sinusoidal_yes_spline,False,7,spline_lags_3_sinusoidal_yes,0.245,0.228,1320.194,1340.625,True,False,False,0.812,0.108,0,1.0,1.052,1.058,1.021,0.026,0.114,0.482,"[np.float64(242.316), np.float64(344.1608), np.float64(414.2), np.float64(476.273), np.float64(896.3)]",,,,,1.058,0.695,,,,,1.005,1.068,0.069,0.269
Rangelands_yearly_False_window_7_lags_4_sinusoidal_yes_spline,False,7,spline_lags_4_sinusoidal_yes,0.234,0.339,1306.203,1326.55,True,True,False,0.792,0.106,0,1.0,1.044,1.102,1.058,0.033,0.107,0.498,"[np.float64(242.316), np.float64(346.3865), np.float64(414.2), np.float64(476.273), np.float64(896.3)]",,,,,,,1.088,0.475,,,1.046,1.069,0.07,0.232
Rangelands_yearly_False_window_7_lags_5_sinusoidal_yes_spline,False,7,spline_lags_5_sinusoidal_yes,0.221,0.379,1293.481,1313.741,True,True,False,0.786,0.083,0,1.0,1.066,1.027,1.008,0.049,0.111,0.596,"[np.float64(242.316), np.float64(348.2), np.float64(414.2), np.float64(476.273), np.float64(896.3)]",,,,,,,,,1.029,0.619,1.008,1.064,0.082,0.32
Rangelands_yearly_True_window_7_lags_none_sinusoidal_no_spline,True,7,spline_lags_none_sinusoidal_no,0.636,0.024,509.183,517.627,True,True,False,0.303,0.472,0,1.0,1.0,1.0,1.0,0.0,0.223,0.197,"[np.float64(286.77), np.float64(337.870676), np.float64(372.922), np.float64(393.25), np.float64(596.5057499)]",,,,,,,,,,,,,,
Rangelands_yearly_True_window_7_lags_1_sinusoidal_no_spline,True,7,spline_lags_1_sinusoidal_no,0.648,0.024,499.058,509.039,True,False,False,0.417,0.12,0,1.0,1.152,1.0,1.015,0.002,0.504,0.872,"[np.float64(286.77), np.float64(344.17), np.float64(372.922), np.float64(455.6), np.float64(596.5057499)]",1.167,0.154,,,,,,,,,,,,
Rangelands_yearly_True_window_7_lags_2_sinusoidal_no_spline,True,7,spline_lags_2_sinusoidal_no,0.663,0.059,486.81,496.636,True,True,False,0.411,-2.632,0,1.0,1.092,1.002,1.0,0.0,0.469,0.58,"[np.float64(286.77), np.float64(367.68885), np.float64(393.25), np.float64(455.6), np.float64(596.5057499)]",,,1.093,0.12,,,,,,,,,,
Rangelands_yearly_True_window_7_lags_3_sinusoidal_no_spline,True,7,spline_lags_3_sinusoidal_no,0.685,0.231,473.116,482.781,True,False,False,0.442,0.214,0,1.0,1.116,1.02,1.002,0.0,0.84,0.763,"[np.float64(286.476), np.float64(371.3118), np.float64(393.25), np.float64(455.6), np.float64(596.5057499)]",,,,,1.138,0.046,,,,,,,,
Rangelands_yearly_True_window_7_lags_4_sinusoidal_no_spline,True,7,spline_lags_4_sinusoidal_no,0.707,0.415,457.215,466.716,True,False,False,0.439,0.495,0,1.0,1.265,1.039,1.011,0.001,0.952,0.43,"[np.float64(286.77), np.float64(354.5205), np.float64(393.25), np.float64(456.06825), np.float64(596.5057499)]",,,,,,,1.316,0.014,,,,,,
Rangelands_yearly_True_window_7_lags_5_sinusoidal_no_spline,True,7,spline_lags_5_sinusoidal_no,0.707,0.677,444.377,453.709,True,False,False,0.402,-3.309,0,1.0,1.679,1.052,1.015,0.028,0.461,0.96,"[np.float64(286.623), np.float64(364.871), np.float64(393.25), np.float64(456.5365), np.float64(596.5057499)]",,,,,,,,,1.745,0.002,,,,
Rangelands_yearly_True_window_7_lags_none_sinusoidal_yes_spline,True,7,spline_lags_none_sinusoidal_yes,0.637,0.033,513.093,524.915,True,True,False,0.297,0.454,0,1.0,1.003,1.012,1.012,0.0,0.227,0.215,"[np.float64(286.77), np.float64(337.870676), np.float64(372.922), np.float64(393.25), np.float64(596.5057499)]",,,,,,,,,,,1.009,1.018,0.788,0.981
Rangelands_yearly_True_window_7_lags_1_sinusoidal_yes_spline,True,7,spline_lags_1_sinusoidal_yes,0.652,0.03,502.566,515.875,True,True,False,0.421,0.243,0,1.0,1.167,1.008,1.079,0.003,0.519,0.765,"[np.float64(286.77), np.float64(344.17), np.float64(372.922), np.float64(455.6), np.float64(596.5057499)]",1.17,0.157,,,,,,,,,1.032,1.05,0.823,0.561
Rangelands_yearly_True_window_7_lags_2_sinusoidal_yes_spline,True,7,spline_lags_2_sinusoidal_yes,0.669,0.095,490.191,503.292,True,True,False,0.405,-2.249,0,1.0,1.102,1.01,1.061,0.001,0.563,0.547,"[np.float64(286.77), np.float64(367.68885), np.float64(393.25), np.float64(455.6), np.float64(596.5057499)]",,,1.094,0.115,,,,,,,1.045,1.033,0.508,0.849
Rangelands_yearly_True_window_7_lags_3_sinusoidal_yes_spline,True,7,spline_lags_3_sinusoidal_yes,0.689,0.297,476.597,489.484,True,True,False,0.44,-0.342,0,1.0,1.129,1.026,1.071,0.0,0.924,0.684,"[np.float64(286.476), np.float64(371.3118), np.float64(393.25), np.float64(455.6), np.float64(596.5057499)]",,,,,1.14,0.047,,,,,1.05,1.036,0.531,0.92
Rangelands_yearly_True_window_7_lags_4_sinusoidal_yes_spline,True,7,spline_lags_4_sinusoidal_yes,0.708,0.447,461.085,473.753,True,False,False,0.437,0.158,0,1.0,1.287,1.044,1.071,0.001,0.927,0.431,"[np.float64(286.77), np.float64(354.5205), np.float64(393.25), np.float64(456.06825), np.float64(596.5057499)]",,,,,,,1.321,0.018,,,1.05,1.032,0.754,0.988
Rangelands_yearly_True_window_7_lags_5_sinusoidal_yes_spline,True,7,spline_lags_5_sinusoidal_yes,0.714,0.746,447.584,460.027,True,False,False,0.379,-4.193,0,1.0,1.735,1.054,1.156,0.033,0.435,0.889,"[np.float64(286.623), np.float64(364.871), np.float64(393.25), np.float64(456.5365), np.float64(596.5057499)]",,,,,,,,,1.774,0.002,1.033,1.136,0.659,0.532
Rangelands_yearly_False_window_8_lags_none_sinusoidal_no_spline,False,8,spline_lags_none_sinusoidal_no,0.218,0.006,1348.736,1361.66,False,True,False,0.531,-0.034,0,1.0,1.0,1.0,1.0,0.126,0.831,0.395,"[np.float64(266.573), np.float64(409.9015), np.float64(486.666166), np.float64(559.5532), np.float64(899.0)]",,,,,,,,,,,,,,
Rangelands_yearly_False_window_8_lags_1_sinusoidal_no_spline,False,8,spline_lags_1_sinusoidal_no,0.228,0.017,1338.283,1353.731,False,True,False,0.534,0.086,0,1.0,1.0,1.307,1.001,0.084,0.88,0.59,"[np.float64(266.573), np.float64(395.4336), np.float64(493.075526), np.float64(559.9766), np.float64(899.0)]",1.308,0.427,,,,,,,,,,,,
Rangelands_yearly_False_window_8_lags_2_sinusoidal_no_spline,False,8,spline_lags_2_sinusoidal_no,0.244,0.029,1324.295,1339.681,False,True,False,0.563,0.051,0,1.0,1.007,1.144,1.0,0.051,0.831,0.354,"[np.float64(266.573), np.float64(398.43275), np.float64(499.484886), np.float64(560.4), np.float64(899.0)]",,,1.151,0.186,,,,,,,,,,
Rangelands_yearly_False_window_8_lags_3_sinusoidal_no_spline,False,8,spline_lags_3_sinusoidal_no,0.242,0.015,1312.011,1327.334,False,True,False,0.574,0.172,0,1.0,1.006,1.081,1.0,0.054,0.786,0.665,"[np.float64(266.573), np.float64(399.796), np.float64(504.063), np.float64(560.4), np.float64(899.0)]",,,,,1.087,0.145,,,,,,,,
Rangelands_yearly_False_window_8_lags_4_sinusoidal_no_spline,False,8,spline_lags_4_sinusoidal_no,0.232,0.098,1297.209,1312.469,False,True,False,0.606,-0.128,0,1.0,1.047,1.032,1.001,0.033,0.802,0.904,"[np.float64(266.573), np.float64(399.796), np.float64(504.063), np.float64(560.4), np.float64(899.0)]",,,,,,,1.08,0.08,,,,,,
Rangelands_yearly_False_window_8_lags_5_sinusoidal_no_spline,False,8,spline_lags_5_sinusoidal_no,0.216,0.258,1284.402,1299.598,False,True,False,0.559,0.061,0,1.0,1.002,1.114,1.0,0.068,0.686,0.714,"[np.float64(266.573), np.float64(378.959), np.float64(467.3184), np.float64(560.4), np.float64(899.0)]",,,,,,,,,1.116,0.137,,,,
Rangelands_yearly_False_window_8_lags_none_sinusoidal_yes_spline,False,8,spline_lags_none_sinusoidal_yes,0.263,0.004,1346.976,1365.071,False,True,False,0.622,0.022,0,1.0,1.008,1.047,1.017,0.121,0.795,0.403,"[np.float64(266.573), np.float64(409.9015), np.float64(486.666166), np.float64(559.5532), np.float64(899.0)]",,,,,,,,,,,1.032,1.039,0.161,0.063
Rangelands_yearly_False_window_8_lags_1_sinusoidal_yes_spline,False,8,spline_lags_1_sinusoidal_yes,0.279,0.017,1335.703,1356.301,False,True,False,0.637,0.134,0,1.0,1.008,1.39,1.023,0.066,0.467,0.554,"[np.float64(266.573), np.float64(395.4336), np.float64(493.075526), np.float64(559.9766), np.float64(899.0)]",1.328,0.272,,,,,,,,,1.036,1.058,0.138,0.047
Rangelands_yearly_False_window_8_lags_2_sinusoidal_yes_spline,False,8,spline_lags_2_sinusoidal_yes,0.292,0.021,1322.096,1342.611,False,True,False,0.656,0.134,0,1.0,1.012,1.191,1.04,0.051,0.487,0.369,"[np.float64(266.573), np.float64(398.43275), np.float64(499.484886), np.float64(560.4), np.float64(899.0)]",,,1.157,0.145,,,,,,,1.043,1.044,0.171,0.05
Rangelands_yearly_False_window_8_lags_3_sinusoidal_yes_spline,False,8,spline_lags_3_sinusoidal_yes,0.301,0.014,1308.353,1328.784,False,True,False,0.693,0.182,0,1.0,1.013,1.143,1.026,0.044,0.41,0.743,"[np.float64(266.573), np.float64(399.796), np.float64(504.063), np.float64(560.4), np.float64(899.0)]",,,,,1.092,0.094,,,,,1.026,1.063,0.118,0.03
Rangelands_yearly_False_window_8_lags_4_sinusoidal_yes_spline,False,8,spline_lags_4_sinusoidal_yes,0.275,0.063,1295.744,1316.09,True,True,False,0.682,-0.032,0,1.0,1.054,1.078,1.026,0.04,0.799,0.662,"[np.float64(266.573), np.float64(399.796), np.float64(504.063), np.float64(560.4), np.float64(899.0)]",,,,,,,1.082,0.082,,,1.017,1.059,0.199,0.062
Rangelands_yearly_False_window_8_lags_5_sinusoidal_yes_spline,False,8,spline_lags_5_sinusoidal_yes,0.26,0.221,1282.984,1303.245,False,True,False,0.642,0.054,0,1.0,1.008,1.165,1.038,0.06,0.963,0.919,"[np.float64(266.573), np.float64(378.959), np.float64(467.3184), np.float64(560.4), np.float64(899.0)]",,,,,,,,,1.121,0.112,1.051,1.039,0.174,0.073
Rangelands_yearly_True_window_8_lags_none_sinusoidal_no_spline,True,8,spline_lags_none_sinusoidal_no,0.706,0.001,495.496,503.94,True,True,False,0.416,0.607,0,1.0,1.0,1.0,1.0,0.0,0.339,0.199,"[np.float64(289.32399999999996), np.float64(339.603125), np.float64(367.463501), np.float64(434.6177), np.float64(533.1614998)]",,,,,,,,,,,,,,
Rangelands_yearly_True_window_8_lags_1_sinusoidal_no_spline,True,8,spline_lags_1_sinusoidal_no,0.708,0.0,486.983,496.964,True,True,False,0.538,0.483,0,1.0,1.147,1.001,1.003,0.0,0.948,0.877,"[np.float64(289.32399999999996), np.float64(338.69425), np.float64(382.9864), np.float64(440.0974), np.float64(533.1614998)]",1.151,0.361,,,,,,,,,,,,
Rangelands_yearly_True_window_8_lags_2_sinusoidal_no_spline,True,8,spline_lags_2_sinusoidal_no,0.758,0.06,470.063,479.888,True,True,False,0.746,-0.006,0,1.0,1.172,1.027,1.0,0.0,0.116,0.96,"[np.float64(286.77), np.float64(339.603125), np.float64(368.232176), np.float64(445.5771), np.float64(533.1614998)]",,,1.199,0.018,,,,,,,,,,
Rangelands_yearly_True_window_8_lags_3_sinusoidal_no_spline,True,8,spline_lags_3_sinusoidal_no,0.786,0.059,454.756,464.421,True,True,False,0.712,0.578,0,1.0,1.417,1.018,1.031,0.0,0.132,0.902,"[np.float64(286.476), np.float64(337.60525), np.float64(373.6129), np.float64(451.0568), np.float64(533.1614998)]",,,,,1.466,0.004,,,,,,,,
Rangelands_yearly_True_window_8_lags_4_sinusoidal_no_spline,True,8,spline_lags_4_sinusoidal_no,0.785,0.064,441.908,451.409,True,False,False,0.848,0.462,0,1.0,1.696,1.021,1.055,0.003,0.298,0.544,"[np.float64(286.77), np.float64(345.594), np.float64(378.993625), np.float64(456.5365), np.float64(533.1614998)]",,,,,,,1.771,0.004,,,,,,
Rangelands_yearly_True_window_8_lags_5_sinusoidal_no_spline,True,8,spline_lags_5_sinusoidal_no,0.811,0.437,424.784,434.116,True,True,False,0.696,0.647,0,1.0,2.032,1.036,1.04,0.167,0.028,0.424,"[np.float64(286.623), np.float64(339.239575), np.float64(382.8619), np.float64(456.5365), np.float64(533.1614998)]",,,,,,,,,2.109,0.0,,,,
Rangelands_yearly_True_window_8_lags_none_sinusoidal_yes_spline,True,8,spline_lags_none_sinusoidal_yes,0.71,0.002,498.937,510.759,True,True,False,0.411,0.505,0,1.0,1.01,1.005,1.021,0.0,0.322,0.183,"[np.float64(289.32399999999996), np.float64(339.603125), np.float64(367.463501), np.float64(434.6177), np.float64(533.1614998)]",,,,,,,,,,,1.034,1.001,0.553,0.742
Rangelands_yearly_True_window_8_lags_1_sinusoidal_yes_spline,True,8,spline_lags_1_sinusoidal_yes,0.711,0.0,490.542,503.851,True,True,False,0.549,0.409,0,1.0,1.153,1.004,1.056,0.0,0.902,0.957,"[np.float64(289.32399999999996), np.float64(338.69425), np.float64(382.9864), np.float64(440.0974), np.float64(533.1614998)]",1.152,0.368,,,,,,,,,1.021,1.041,0.564,0.9
Rangelands_yearly_True_window_8_lags_2_sinusoidal_yes_spline,True,8,spline_lags_2_sinusoidal_yes,0.762,0.091,473.328,486.429,True,True,False,0.752,-0.009,0,1.0,1.193,1.037,1.073,0.0,0.103,0.828,"[np.float64(286.77), np.float64(339.603125), np.float64(368.232176), np.float64(445.5771), np.float64(533.1614998)]",,,1.201,0.018,,,,,,,1.053,1.049,0.476,0.779
Rangelands_yearly_True_window_8_lags_3_sinusoidal_yes_spline,True,8,spline_lags_3_sinusoidal_yes,0.787,0.07,458.604,471.491,True,True,False,0.714,0.379,0,1.0,1.482,1.02,1.077,0.0,0.14,0.881,"[np.float64(286.476), np.float64(337.60525), np.float64(373.6129), np.float64(451.0568), np.float64(533.1614998)]",,,,,1.491,0.005,,,,,1.052,1.036,0.732,0.998
Rangelands_yearly_True_window_8_lags_4_sinusoidal_yes_spline,True,8,spline_lags_4_sinusoidal_yes,0.788,0.081,445.428,458.096,True,False,False,0.828,0.242,0,1.0,1.756,1.024,1.076,0.003,0.293,0.522,"[np.float64(286.77), np.float64(345.594), np.float64(378.993625), np.float64(456.5365), np.float64(533.1614998)]",,,,,,,1.801,0.006,,,1.055,1.001,0.613,0.738
Rangelands_yearly_True_window_8_lags_5_sinusoidal_yes_spline,True,8,spline_lags_5_sinusoidal_yes,0.813,0.479,428.512,440.954,True,True,False,0.679,0.556,0,1.0,2.097,1.039,1.084,0.168,0.032,0.487,"[np.float64(286.623), np.float64(339.239575), np.float64(382.8619), np.float64(456.5365), np.float64(533.1614998)]",,,,,,,,,2.132,0.0,1.058,1.029,0.651,0.979
Rangelands_yearly_False_window_9_lags_none_sinusoidal_no_spline,False,9,spline_lags_none_sinusoidal_no,0.242,0.301,1347.395,1360.32,False,True,False,0.618,0.169,0,1.0,1.0,1.0,1.0,0.003,0.02,0.904,"[np.float64(242.316), np.float64(382.4), np.float64(455.6), np.float64(558.4844), np.float64(896.3)]",,,,,,,,,,,,,,
Rangelands_yearly_False_window_9_lags_1_sinusoidal_no_spline,False,9,spline_lags_1_sinusoidal_no,0.251,0.534,1336.419,1351.867,False,True,False,0.625,-0.057,0,1.0,1.029,1.068,1.003,0.003,0.016,0.518,"[np.float64(242.316), np.float64(367.217996), np.float64(438.673), np.float64(557.276), np.float64(896.3)]",1.1,0.557,,,,,,,,,,,,
Rangelands_yearly_False_window_9_lags_2_sinusoidal_no_spline,False,9,spline_lags_2_sinusoidal_no,0.262,0.988,1322.76,1338.146,False,True,False,0.651,0.052,0,1.0,1.012,1.013,1.002,0.001,0.009,0.672,"[np.float64(242.316), np.float64(367.217996), np.float64(438.673), np.float64(557.276), np.float64(896.3)]",,,1.026,0.163,,,,,,,,,,
Rangelands_yearly_False_window_9_lags_3_sinusoidal_no_spline,False,9,spline_lags_3_sinusoidal_no,0.258,0.996,1310.251,1325.574,False,True,False,0.676,0.119,0,1.0,1.001,1.065,1.0,0.001,0.017,0.684,"[np.float64(242.316), np.float64(370.640398), np.float64(443.5438), np.float64(557.276), np.float64(896.3)]",,,,,1.066,0.197,,,,,,,,
Rangelands_yearly_False_window_9_lags_4_sinusoidal_no_spline,False,9,spline_lags_4_sinusoidal_no,0.247,0.883,1296.247,1311.506,False,True,False,0.663,0.186,0,1.0,1.0,1.01,1.0,0.003,0.006,0.754,"[np.float64(242.316), np.float64(345.264651), np.float64(423.4), np.float64(557.276), np.float64(896.3)]",,,,,,,1.01,0.192,,,,,,
Rangelands_yearly_False_window_9_lags_5_sinusoidal_no_spline,False,9,spline_lags_5_sinusoidal_no,0.228,0.754,1284.331,1299.526,False,True,False,0.633,0.158,0,1.0,1.015,1.002,1.0,0.005,0.015,0.926,"[np.float64(242.316), np.float64(348.2), np.float64(450.85), np.float64(557.276), np.float64(896.3)]",,,,,,,,,1.017,0.518,,,,
Rangelands_yearly_False_window_9_lags_none_sinusoidal_yes_spline,False,9,spline_lags_none_sinusoidal_yes,0.299,0.308,1343.749,1361.844,False,True,False,0.732,0.216,0,1.0,1.001,1.06,1.015,0.002,0.034,0.656,"[np.float64(242.316), np.float64(382.4), np.float64(455.6), np.float64(558.4844), np.float64(896.3)]",,,,,,,,,,,1.01,1.065,0.023,0.163
Rangelands_yearly_False_window_9_lags_1_sinusoidal_yes_spline,False,9,spline_lags_1_sinusoidal_yes,0.309,0.579,1332.617,1353.215,False,True,False,0.746,0.087,0,1.0,1.03,1.135,1.034,0.002,0.03,0.396,"[np.float64(242.316), np.float64(367.217996), np.float64(438.673), np.float64(557.276), np.float64(896.3)]",1.105,0.473,,,,,,,,,1.002,1.092,0.027,0.135
Rangelands_yearly_False_window_9_lags_2_sinusoidal_yes_spline,False,9,spline_lags_2_sinusoidal_yes,0.315,0.939,1319.693,1340.208,False,False,False,0.76,0.177,0,1.0,1.012,1.069,1.013,0.001,0.017,0.877,"[np.float64(242.316), np.float64(367.217996), np.float64(438.673), np.float64(557.276), np.float64(896.3)]",,,1.026,0.16,,,,,,,1.009,1.058,0.026,0.217
Rangelands_yearly_False_window_9_lags_3_sinusoidal_yes_spline,False,9,spline_lags_3_sinusoidal_yes,0.325,0.861,1305.252,1325.683,False,True,False,0.819,-0.289,0,1.0,1.001,1.143,1.025,0.001,0.03,0.588,"[np.float64(242.316), np.float64(370.640398), np.float64(443.5438), np.float64(557.276), np.float64(896.3)]",,,,,1.071,0.131,,,,,1.016,1.084,0.017,0.111
Rangelands_yearly_False_window_9_lags_4_sinusoidal_yes_spline,False,9,spline_lags_4_sinusoidal_yes,0.3,0.982,1293.348,1313.694,False,True,False,0.76,0.088,0,1.0,1.0,1.073,1.015,0.003,0.013,0.591,"[np.float64(242.316), np.float64(345.264651), np.float64(423.4), np.float64(557.276), np.float64(896.3)]",,,,,,,1.011,0.199,,,1.002,1.076,0.037,0.157
Rangelands_yearly_False_window_9_lags_5_sinusoidal_yes_spline,False,9,spline_lags_5_sinusoidal_yes,0.284,0.661,1281.322,1301.583,False,True,False,0.739,0.156,0,1.0,1.016,1.067,1.024,0.004,0.031,0.932,"[np.float64(242.316), np.float64(348.2), np.float64(450.85), np.float64(557.276), np.float64(896.3)]",,,,,,,,,1.017,0.549,1.018,1.071,0.03,0.201
Rangelands_yearly_True_window_9_lags_none_sinusoidal_no_spline,True,9,spline_lags_none_sinusoidal_no,0.72,0.0,488.683,497.127,True,False,False,0.503,0.647,0,1.0,1.0,1.0,1.0,0.0,0.629,0.588,"[np.float64(291.878), np.float64(352.4504), np.float64(381.2863), np.float64(455.6), np.float64(533.1614998)]",,,,,,,,,,,,,,
Rangelands_yearly_True_window_9_lags_1_sinusoidal_no_spline,True,9,spline_lags_1_sinusoidal_no,0.733,0.0,478.813,488.794,True,True,False,0.593,0.651,0,1.0,1.082,1.005,1.008,0.0,0.479,0.938,"[np.float64(291.878), np.float64(360.7308), np.float64(389.6506), np.float64(455.6), np.float64(533.1614998)]",1.095,0.307,,,,,,,,,,,,
Rangelands_yearly_True_window_9_lags_2_sinusoidal_no_spline,True,9,spline_lags_2_sinusoidal_no,0.758,0.0,465.268,475.094,True,False,False,0.719,0.341,0,1.0,1.02,1.024,1.006,0.0,0.605,0.722,"[np.float64(286.77), np.float64(341.677001), np.float64(398.0149), np.float64(455.6), np.float64(533.1614998)]",,,1.05,0.066,,,,,,,,,,
Rangelands_yearly_True_window_9_lags_3_sinusoidal_no_spline,True,9,spline_lags_3_sinusoidal_no,0.771,0.021,452.043,461.708,True,False,False,0.695,0.478,0,1.0,1.413,1.019,1.011,0.0,0.284,0.926,"[np.float64(286.476), np.float64(341.677001), np.float64(372.922), np.float64(455.6), np.float64(533.1614998)]",,,,,1.443,0.025,,,,,,,,
Rangelands_yearly_True_window_9_lags_4_sinusoidal_no_spline,True,9,spline_lags_4_sinusoidal_no,0.771,0.068,439.005,448.506,True,False,False,0.701,-0.126,0,1.0,1.936,1.018,1.014,0.005,0.293,0.868,"[np.float64(286.77), np.float64(349.34525), np.float64(372.922), np.float64(455.6), np.float64(533.1614998)]",,,,,,,1.969,0.012,,,,,,
Rangelands_yearly_True_window_9_lags_5_sinusoidal_no_spline,True,9,spline_lags_5_sinusoidal_no,0.777,0.227,425.87,435.203,True,False,False,0.746,0.642,0,1.0,1.992,1.033,1.026,0.032,0.078,0.434,"[np.float64(286.77), np.float64(341.677001), np.float64(375.7101), np.float64(455.6), np.float64(533.1614998)]",,,,,,,,,2.052,0.002,,,,
Rangelands_yearly_True_window_9_lags_none_sinusoidal_yes_spline,True,9,spline_lags_none_sinusoidal_yes,0.721,0.0,492.547,504.369,True,True,False,0.512,0.526,0,1.0,1.025,1.004,1.036,0.0,0.627,0.563,"[np.float64(291.878), np.float64(352.4504), np.float64(381.2863), np.float64(455.6), np.float64(533.1614998)]",,,,,,,,,,,1.053,1.013,0.776,0.862
Rangelands_yearly_True_window_9_lags_1_sinusoidal_yes_spline,True,9,spline_lags_1_sinusoidal_yes,0.738,0.0,482.094,495.402,True,True,False,0.661,0.594,0,1.0,1.092,1.008,1.093,0.0,0.491,0.911,"[np.float64(291.878), np.float64(360.7308), np.float64(389.6506), np.float64(455.6), np.float64(533.1614998)]",1.097,0.306,,,,,,,,,1.028,1.067,0.49,0.79
Rangelands_yearly_True_window_9_lags_2_sinusoidal_yes_spline,True,9,spline_lags_2_sinusoidal_yes,0.764,0.001,468.295,481.396,True,True,False,0.739,0.358,0,1.0,1.058,1.025,1.011,0.0,0.69,0.764,"[np.float64(286.77), np.float64(341.677001), np.float64(398.0149), np.float64(455.6), np.float64(533.1614998)]",,,1.051,0.058,,,,,,,1.031,1.012,0.807,0.403
Rangelands_yearly_True_window_9_lags_3_sinusoidal_yes_spline,True,9,spline_lags_3_sinusoidal_yes,0.773,0.026,455.692,468.579,True,True,False,0.687,0.363,0,1.0,1.522,1.02,1.082,0.0,0.29,0.969,"[np.float64(286.476), np.float64(341.677001), np.float64(372.922), np.float64(455.6), np.float64(533.1614998)]",,,,,1.468,0.027,,,,,1.13,1.027,0.694,0.717
Rangelands_yearly_True_window_9_lags_4_sinusoidal_yes_spline,True,9,spline_lags_4_sinusoidal_yes,0.771,0.086,442.925,455.593,True,False,False,0.7,-0.358,0,1.0,1.985,1.02,1.191,0.007,0.301,0.954,"[np.float64(286.77), np.float64(349.34525), np.float64(372.922), np.float64(455.6), np.float64(533.1614998)]",,,,,,,1.991,0.015,,,1.033,1.172,0.995,0.806
Rangelands_yearly_True_window_9_lags_5_sinusoidal_yes_spline,True,9,spline_lags_5_sinusoidal_yes,0.779,0.282,429.531,441.973,True,True,False,0.749,0.524,0,1.0,2.042,1.037,1.373,0.037,0.083,0.499,"[np.float64(286.77), np.float64(341.677001), np.float64(375.7101), np.float64(455.6), np.float64(533.1614998)]",,,,,,,,,2.063,0.003,1.007,1.382,0.612,0.982
Rangelands_yearly_False_window_10_lags_none_sinusoidal_no_spline,False,10,spline_lags_none_sinusoidal_no,0.2,0.012,1327.379,1340.304,False,True,False,0.357,0.128,0,1.0,1.0,1.0,1.0,0.14,0.163,0.342,"[np.float64(266.573), np.float64(379.851), np.float64(434.9), np.float64(532.1115), np.float64(812.9614998)]",,,,,,,,,,,,,,
Rangelands_yearly_False_window_10_lags_1_sinusoidal_no_spline,False,10,spline_lags_1_sinusoidal_no,0.214,0.077,1316.576,1332.024,False,True,False,0.361,-0.829,0,1.0,1.001,1.034,1.001,0.07,0.168,0.559,"[np.float64(266.573), np.float64(382.3644), np.float64(434.9), np.float64(533.1615), np.float64(812.9614998)]",1.036,0.27,,,,,,,,,,,,
Rangelands_yearly_False_window_10_lags_2_sinusoidal_no_spline,False,10,spline_lags_2_sinusoidal_no,0.22,0.07,1304.128,1319.514,False,True,False,0.346,0.059,0,1.0,1.0,1.029,1.001,0.062,0.149,0.68,"[np.float64(266.573), np.float64(385.8), np.float64(434.9), np.float64(533.1615), np.float64(812.9614998)]",,,1.03,0.215,,,,,,,,,,
Rangelands_yearly_False_window_10_lags_3_sinusoidal_no_spline,False,10,spline_lags_3_sinusoidal_no,0.215,0.034,1292.319,1307.642,False,True,False,0.368,0.084,0,1.0,1.0,1.104,1.013,0.086,0.084,0.939,"[np.float64(266.573), np.float64(385.8), np.float64(443.9292), np.float64(533.1615), np.float64(812.9614998)]",,,,,1.118,0.372,,,,,,,,
Rangelands_yearly_False_window_10_lags_4_sinusoidal_no_spline,False,10,spline_lags_4_sinusoidal_no,0.182,0.005,1279.615,1294.875,False,True,False,0.361,0.107,0,1.0,1.009,1.115,1.003,0.276,0.064,0.871,"[np.float64(266.573), np.float64(385.8), np.float64(473.54657), np.float64(558.283), np.float64(812.9614998)]",,,,,,,1.126,0.724,,,,,,
Rangelands_yearly_False_window_10_lags_5_sinusoidal_no_spline,False,10,spline_lags_5_sinusoidal_no,0.19,0.001,1264.148,1279.343,False,True,False,0.378,0.114,0,1.0,1.005,1.243,1.002,0.495,0.024,0.219,"[np.float64(266.573), np.float64(419.0), np.float64(520.0865), np.float64(558.283), np.float64(812.9614998)]",,,,,,,,,1.25,0.4,,,,
Rangelands_yearly_False_window_10_lags_none_sinusoidal_yes_spline,False,10,spline_lags_none_sinusoidal_yes,0.247,0.016,1325.409,1343.503,False,False,False,0.471,0.157,0,1.0,1.008,1.008,1.027,0.099,0.215,0.412,"[np.float64(266.573), np.float64(379.851), np.float64(434.9), np.float64(532.1115), np.float64(812.9614998)]",,,,,,,,,,,1.031,1.011,0.478,0.025
Rangelands_yearly_False_window_10_lags_1_sinusoidal_yes_spline,False,10,spline_lags_1_sinusoidal_yes,0.265,0.1,1314.099,1334.697,False,False,False,0.496,-0.472,0,1.0,1.01,1.04,1.004,0.043,0.22,0.486,"[np.float64(266.573), np.float64(382.3644), np.float64(434.9), np.float64(533.1615), np.float64(812.9614998)]",1.036,0.239,,,,,,,,,1.014,1.005,0.497,0.019
Rangelands_yearly_False_window_10_lags_2_sinusoidal_yes_spline,False,10,spline_lags_2_sinusoidal_yes,0.271,0.094,1301.702,1322.217,False,False,False,0.465,0.047,0,1.0,1.006,1.037,1.011,0.037,0.195,0.74,"[np.float64(266.573), np.float64(385.8), np.float64(434.9), np.float64(533.1615), np.float64(812.9614998)]",,,1.03,0.188,,,,,,,1.022,1.002,0.524,0.019
Rangelands_yearly_False_window_10_lags_3_sinusoidal_yes_spline,False,10,spline_lags_3_sinusoidal_yes,0.272,0.045,1289.193,1309.624,False,False,False,0.498,0.07,0,1.0,1.007,1.115,1.025,0.055,0.11,0.761,"[np.float64(266.573), np.float64(385.8), np.float64(443.9292), np.float64(533.1615), np.float64(812.9614998)]",,,,,1.119,0.329,,,,,1.017,1.01,0.53,0.013
Rangelands_yearly_False_window_10_lags_4_sinusoidal_yes_spline,False,10,spline_lags_4_sinusoidal_yes,0.235,0.005,1277.419,1297.765,False,False,False,0.482,0.057,0,1.0,1.024,1.127,1.004,0.213,0.079,0.895,"[np.float64(266.573), np.float64(385.8), np.float64(473.54657), np.float64(558.283), np.float64(812.9614998)]",,,,,,,1.127,0.724,,,1.026,1.002,0.6,0.02
Rangelands_yearly_False_window_10_lags_5_sinusoidal_yes_spline,False,10,spline_lags_5_sinusoidal_yes,0.247,0.001,1261.294,1281.555,False,False,False,0.503,0.115,0,1.0,1.034,1.25,1.019,0.342,0.017,0.226,"[np.float64(266.573), np.float64(419.0), np.float64(520.0865), np.float64(558.283), np.float64(812.9614998)]",,,,,,,,,1.251,0.35,1.043,1.009,0.466,0.017
Rangelands_yearly_True_window_10_lags_none_sinusoidal_no_spline,True,10,spline_lags_none_sinusoidal_no,0.793,0.0,471.72,480.165,True,True,False,0.562,0.568,0,1.0,1.0,1.0,1.0,0.0,0.255,0.949,"[np.float64(296.81100000000004), np.float64(331.666625), np.float64(374.75025), np.float64(433.8685), np.float64(509.4560217)]",,,,,,,,,,,,,,
Rangelands_yearly_True_window_10_lags_1_sinusoidal_no_spline,True,10,spline_lags_1_sinusoidal_no,0.822,0.0,458.565,468.547,True,True,False,0.818,0.621,0,1.0,1.192,1.023,1.031,0.0,0.197,0.21,"[np.float64(294.946), np.float64(337.4165), np.float64(378.216), np.float64(439.5355), np.float64(509.4560217)]",1.246,0.237,,,,,,,,,,,,
Rangelands_yearly_True_window_10_lags_2_sinusoidal_no_spline,True,10,spline_lags_2_sinusoidal_no,0.859,0.001,440.761,450.587,True,True,False,0.965,0.694,0,1.0,1.238,1.037,1.02,0.0,0.028,0.602,"[np.float64(286.77), np.float64(325.91675), np.float64(381.68175), np.float64(445.2025), np.float64(509.4560217)]",,,1.295,0.003,,,,,,,,,,
Rangelands_yearly_True_window_10_lags_3_sinusoidal_no_spline,True,10,spline_lags_3_sinusoidal_no,0.865,0.004,428.952,438.618,True,True,False,1.063,0.247,0,1.0,1.928,1.004,1.0,0.001,0.003,0.356,"[np.float64(286.476), np.float64(323.1978), np.float64(362.8935), np.float64(450.8695), np.float64(509.4560217)]",,,,,1.932,0.002,,,,,,,,
Rangelands_yearly_True_window_10_lags_4_sinusoidal_no_spline,True,10,spline_lags_4_sinusoidal_no,0.872,0.036,414.147,423.648,True,True,False,1.175,0.732,0,1.0,2.176,1.001,1.013,0.01,0.026,0.099,"[np.float64(286.77), np.float64(332.3055), np.float64(367.78825), np.float64(456.5365), np.float64(509.4560217)]",,,,,,,2.189,0.0,,,,,,
Rangelands_yearly_True_window_10_lags_5_sinusoidal_no_spline,True,10,spline_lags_5_sinusoidal_no,0.863,0.032,404.906,414.238,True,True,False,0.588,0.735,0,1.0,1.609,1.0,1.008,0.019,0.065,0.885,"[np.float64(286.77), np.float64(338.69425), np.float64(388.1686), np.float64(456.5365), np.float64(509.4560217)]",,,,,,,,,1.617,0.0,,,,
Rangelands_yearly_True_window_10_lags_none_sinusoidal_yes_spline,True,10,spline_lags_none_sinusoidal_yes,0.795,0.0,475.436,487.258,True,True,False,0.57,0.577,0,1.0,1.02,1.018,1.09,0.0,0.245,0.938,"[np.float64(296.81100000000004), np.float64(331.666625), np.float64(374.75025), np.float64(433.8685), np.float64(509.4560217)]",,,,,,,,,,,1.098,1.031,0.649,0.863
Rangelands_yearly_True_window_10_lags_1_sinusoidal_yes_spline,True,10,spline_lags_1_sinusoidal_yes,0.824,0.0,462.126,475.434,True,True,False,0.836,0.551,0,1.0,1.218,1.04,1.099,0.0,0.182,0.221,"[np.float64(294.946), np.float64(337.4165), np.float64(378.216), np.float64(439.5355), np.float64(509.4560217)]",1.253,0.25,,,,,,,,,1.046,1.058,0.559,0.969
Rangelands_yearly_True_window_10_lags_2_sinusoidal_yes_spline,True,10,spline_lags_2_sinusoidal_yes,0.86,0.001,444.633,457.734,True,True,False,0.962,0.639,0,1.0,1.326,1.046,1.102,0.0,0.034,0.627,"[np.float64(286.77), np.float64(325.91675), np.float64(381.68175), np.float64(445.2025), np.float64(509.4560217)]",,,1.315,0.003,,,,,,,1.121,1.039,0.839,0.816
Rangelands_yearly_True_window_10_lags_3_sinusoidal_yes_spline,True,10,spline_lags_3_sinusoidal_yes,0.866,0.005,432.687,445.575,True,True,False,1.062,-0.066,0,1.0,2.07,1.021,1.076,0.002,0.005,0.336,"[np.float64(286.476), np.float64(323.1978), np.float64(362.8935), np.float64(450.8695), np.float64(509.4560217)]",,,,,1.997,0.003,,,,,1.111,1.06,0.997,0.651
Rangelands_yearly_True_window_10_lags_4_sinusoidal_yes_spline,True,10,spline_lags_4_sinusoidal_yes,0.874,0.051,417.531,430.199,True,True,False,1.17,0.692,0,1.0,2.241,1.033,1.112,0.011,0.025,0.097,"[np.float64(286.77), np.float64(332.3055), np.float64(367.78825), np.float64(456.5365), np.float64(509.4560217)]",,,,,,,2.22,0.001,,,1.074,1.092,0.503,0.862
Rangelands_yearly_True_window_10_lags_5_sinusoidal_yes_spline,True,10,spline_lags_5_sinusoidal_yes,0.863,0.04,408.878,421.321,True,True,False,0.589,0.651,0,1.0,1.707,1.018,1.14,0.025,0.077,0.929,"[np.float64(286.77), np.float64(338.69425), np.float64(388.1686), np.float64(456.5365), np.float64(509.4560217)]",,,,,,,,,1.646,0.0,1.189,1.031,0.886,0.989
