analysis_name,yearly_aggregate,window_size,config_type,r_squared,p_value,aic,bic,is_normal,is_homoscedastic,no_autocorrelation,durbin_watson,cv_r2_score,cv_r2_std,vif_PPT,vif_ortho_PPT_lag1,p_value_lag1,vif_ortho_PPT_lag2,p_value_lag2,vif_ortho_PPT_lag3,p_value_lag3,vif_ortho_PPT_lag4,p_value_lag4,vif_ortho_PPT_lag5,p_value_lag5,vif_ortho_sin_cycle,vif_ortho_cos_cycle,p_value_sin,p_value_cos
Rangelands_yearly_False_window_1_lags_none_sinusoidal_no_linear,False,1,linear_lags_none_sinusoidal_no,0.449,0.0,1623.326,1628.496,False,False,True,1.729,0.426,0,1.0,,,,,,,,,,,,,,
Rangelands_yearly_False_window_1_lags_1_sinusoidal_no_linear,False,1,linear_lags_1_sinusoidal_no,0.461,0.0,1607.667,1615.391,False,False,True,1.724,0.283,0,1.0,1.0,0.152,,,,,,,,,,,,
Rangelands_yearly_False_window_1_lags_2_sinusoidal_no_linear,False,1,linear_lags_2_sinusoidal_no,0.449,0.0,1594.236,1601.929,False,False,True,1.736,0.368,0,1.0,,,1.0,0.892,,,,,,,,,,
Rangelands_yearly_False_window_1_lags_3_sinusoidal_no_linear,False,1,linear_lags_3_sinusoidal_no,0.455,0.0,1577.423,1585.084,False,False,True,1.782,0.345,0,1.0,,,,,1.0,0.268,,,,,,,,
Rangelands_yearly_False_window_1_lags_4_sinusoidal_no_linear,False,1,linear_lags_4_sinusoidal_no,0.473,0.0,1558.46,1566.09,False,False,True,1.807,0.4,0,1.0,,,,,,,1.0,0.034,,,,,,
Rangelands_yearly_False_window_1_lags_5_sinusoidal_no_linear,False,1,linear_lags_5_sinusoidal_no,0.446,0.0,1547.204,1554.802,False,False,True,1.756,0.393,0,1.0,,,,,,,,,1.0,0.578,,,,
Rangelands_yearly_False_window_1_lags_none_sinusoidal_yes_linear,False,1,linear_lags_none_sinusoidal_yes,0.481,0.0,1621.426,1631.766,False,False,True,1.86,0.444,0,1.0,,,,,,,,,,,1.0,1.0,0.03,0.322
Rangelands_yearly_False_window_1_lags_1_sinusoidal_yes_linear,False,1,linear_lags_1_sinusoidal_yes,0.496,0.0,1605.035,1617.908,False,False,True,1.863,0.32,0,1.0,1.0,0.096,,,,,,,,,1.0,1.0,0.026,0.233
Rangelands_yearly_False_window_1_lags_2_sinusoidal_yes_linear,False,1,linear_lags_2_sinusoidal_yes,0.482,0.0,1592.308,1605.13,False,False,True,1.875,0.356,0,1.0,,,1.0,0.751,,,,,,,1.0,1.0,0.031,0.316
Rangelands_yearly_False_window_1_lags_3_sinusoidal_yes_linear,False,1,linear_lags_3_sinusoidal_yes,0.488,0.0,1575.478,1588.248,False,False,True,1.917,0.357,0,1.0,,,,,1.0,0.212,,,,,1.0,1.0,0.033,0.288
Rangelands_yearly_False_window_1_lags_4_sinusoidal_yes_linear,False,1,linear_lags_4_sinusoidal_yes,0.504,0.0,1556.762,1569.479,False,False,True,1.926,0.416,0,1.0,,,,,,,1.0,0.025,,,1.0,1.0,0.045,0.236
Rangelands_yearly_False_window_1_lags_5_sinusoidal_yes_linear,False,1,linear_lags_5_sinusoidal_yes,0.479,0.0,1545.52,1558.183,False,False,True,1.882,0.381,0,1.0,,,,,,,,,1.0,0.54,1.0,1.0,0.033,0.356
Rangelands_yearly_True_window_1_lags_none_sinusoidal_no_linear,True,1,linear_lags_none_sinusoidal_no,0.31,0.0,568.587,571.965,True,True,True,1.571,0.088,0,1.0,,,,,,,,,,,,,,
Rangelands_yearly_True_window_1_lags_1_sinusoidal_no_linear,True,1,linear_lags_1_sinusoidal_no,0.319,0.001,556.712,561.703,True,True,True,1.562,0.175,0,1.0,1.0,0.495,,,,,,,,,,,,
Rangelands_yearly_True_window_1_lags_2_sinusoidal_no_linear,True,1,linear_lags_2_sinusoidal_no,0.32,0.001,543.334,548.247,False,True,True,1.568,0.148,0,1.0,,,1.0,0.535,,,,,,,,,,
Rangelands_yearly_True_window_1_lags_3_sinusoidal_no_linear,True,1,linear_lags_3_sinusoidal_no,0.315,0.003,530.442,535.275,False,True,True,1.582,0.247,0,1.0,,,,,1.0,0.867,,,,,,,,
Rangelands_yearly_True_window_1_lags_4_sinusoidal_no_linear,True,1,linear_lags_4_sinusoidal_no,0.304,0.007,517.045,521.795,True,True,True,1.612,0.123,0,1.0,,,,,,,1.0,0.86,,,,,,
Rangelands_yearly_True_window_1_lags_5_sinusoidal_no_linear,True,1,linear_lags_5_sinusoidal_no,0.391,0.169,498.598,503.264,True,True,True,1.786,0.012,0,1.0,,,,,,,,,1.0,0.034,,,,
Rangelands_yearly_True_window_1_lags_none_sinusoidal_yes_linear,True,1,linear_lags_none_sinusoidal_yes,0.336,0.0,571.027,577.783,True,True,True,1.511,0.01,0,1.0,,,,,,,,,,,1.0,1.0,0.243,0.858
Rangelands_yearly_True_window_1_lags_1_sinusoidal_yes_linear,True,1,linear_lags_1_sinusoidal_yes,0.359,0.001,558.367,566.685,True,True,True,1.5,0.063,0,1.0,1.0,0.484,,,,,,,,,1.0,1.0,0.162,0.812
Rangelands_yearly_True_window_1_lags_2_sinusoidal_yes_linear,True,1,linear_lags_2_sinusoidal_yes,0.358,0.001,545.132,553.32,False,True,False,1.44,-0.237,0,1.0,,,1.0,0.522,,,,,,,1.0,1.0,0.217,0.537
Rangelands_yearly_True_window_1_lags_3_sinusoidal_yes_linear,True,1,linear_lags_3_sinusoidal_yes,0.338,0.007,533.178,541.233,False,True,True,1.524,0.193,0,1.0,,,,,1.0,0.987,,,,,1.0,1.0,0.306,0.855
Rangelands_yearly_True_window_1_lags_4_sinusoidal_yes_linear,True,1,linear_lags_4_sinusoidal_yes,0.325,0.014,519.921,527.839,False,True,True,1.551,-0.125,0,1.0,,,,,,,1.0,0.808,,,1.0,1.0,0.338,0.84
Rangelands_yearly_True_window_1_lags_5_sinusoidal_yes_linear,True,1,linear_lags_5_sinusoidal_yes,0.397,0.165,502.292,510.068,True,True,True,1.75,-0.149,0,1.0,,,,,,,,,1.0,0.045,1.0,1.0,0.615,0.937
Rangelands_yearly_False_window_2_lags_none_sinusoidal_no_linear,False,2,linear_lags_none_sinusoidal_no,0.428,0.0,1567.39,1572.56,False,False,False,0.79,0.384,0,1.0,,,,,,,,,,,,,,
Rangelands_yearly_False_window_2_lags_1_sinusoidal_no_linear,False,2,linear_lags_1_sinusoidal_no,0.444,0.0,1551.619,1559.343,False,False,False,0.798,0.363,0,1.0,1.0,0.099,,,,,,,,,,,,
Rangelands_yearly_False_window_2_lags_2_sinusoidal_no_linear,False,2,linear_lags_2_sinusoidal_no,0.437,0.0,1537.77,1545.463,False,False,False,0.852,0.388,0,1.0,,,1.0,0.2,,,,,,,,,,
Rangelands_yearly_False_window_2_lags_3_sinusoidal_no_linear,False,2,linear_lags_3_sinusoidal_no,0.459,0.0,1519.144,1526.806,False,False,False,0.891,0.424,0,1.0,,,,,1.0,0.023,,,,,,,,
Rangelands_yearly_False_window_2_lags_4_sinusoidal_no_linear,False,2,linear_lags_4_sinusoidal_no,0.474,0.0,1500.827,1508.457,False,False,False,0.866,0.454,0,1.0,,,,,,,1.0,0.004,,,,,,
Rangelands_yearly_False_window_2_lags_5_sinusoidal_no_linear,False,2,linear_lags_5_sinusoidal_no,0.437,0.0,1491.608,1499.206,False,False,False,0.865,0.428,0,1.0,,,,,,,,,1.0,0.099,,,,
Rangelands_yearly_False_window_2_lags_none_sinusoidal_yes_linear,False,2,linear_lags_none_sinusoidal_yes,0.486,0.0,1560.786,1571.126,False,False,False,0.891,0.42,0,1.0,,,,,,,,,,,1.0,1.0,0.01,0.052
Rangelands_yearly_False_window_2_lags_1_sinusoidal_yes_linear,False,2,linear_lags_1_sinusoidal_yes,0.505,0.0,1544.287,1557.16,False,False,False,0.901,0.419,0,1.0,1.0,0.052,,,,,,,,,1.0,1.0,0.01,0.037
Rangelands_yearly_False_window_2_lags_2_sinusoidal_yes_linear,False,2,linear_lags_2_sinusoidal_yes,0.501,0.0,1530.239,1543.061,False,False,False,0.973,0.427,0,1.0,,,1.0,0.093,,,,,,,1.0,1.0,0.009,0.034
Rangelands_yearly_False_window_2_lags_3_sinusoidal_yes_linear,False,2,linear_lags_3_sinusoidal_yes,0.519,0.0,1511.924,1524.693,False,False,False,0.992,0.436,0,1.0,,,,,1.0,0.01,,,,,1.0,1.0,0.014,0.027
Rangelands_yearly_False_window_2_lags_4_sinusoidal_yes_linear,False,2,linear_lags_4_sinusoidal_yes,0.525,0.0,1495.188,1507.904,True,False,False,0.951,0.485,0,1.0,,,,,,,1.0,0.002,,,1.0,1.0,0.022,0.044
Rangelands_yearly_False_window_2_lags_5_sinusoidal_yes_linear,False,2,linear_lags_5_sinusoidal_yes,0.494,0.0,1485.63,1498.293,False,False,False,0.943,0.469,0,1.0,,,,,,,,,1.0,0.069,1.0,1.0,0.012,0.068
Rangelands_yearly_True_window_2_lags_none_sinusoidal_no_linear,True,2,linear_lags_none_sinusoidal_no,0.437,0.0,547.665,551.043,True,True,False,0.595,0.306,0,1.0,,,,,,,,,,,,,,
Rangelands_yearly_True_window_2_lags_1_sinusoidal_no_linear,True,2,linear_lags_1_sinusoidal_no,0.437,0.0,536.769,541.76,True,True,False,0.599,0.27,0,1.0,1.0,0.886,,,,,,,,,,,,
Rangelands_yearly_True_window_2_lags_2_sinusoidal_no_linear,True,2,linear_lags_2_sinusoidal_no,0.443,0.0,523.429,528.341,True,True,False,0.593,0.377,0,1.0,,,1.0,0.772,,,,,,,,,,
Rangelands_yearly_True_window_2_lags_3_sinusoidal_no_linear,True,2,linear_lags_3_sinusoidal_no,0.456,0.0,510.637,515.469,True,True,False,0.612,0.391,0,1.0,,,,,1.0,0.804,,,,,,,,
Rangelands_yearly_True_window_2_lags_4_sinusoidal_no_linear,True,2,linear_lags_4_sinusoidal_no,0.469,0.004,495.931,500.682,True,True,False,0.714,0.389,0,1.0,,,,,,,1.0,0.173,,,,,,
Rangelands_yearly_True_window_2_lags_5_sinusoidal_no_linear,True,2,linear_lags_5_sinusoidal_no,0.582,0.039,473.985,478.651,True,True,False,0.813,0.525,0,1.0,,,,,,,,,1.0,0.002,,,,
Rangelands_yearly_True_window_2_lags_none_sinusoidal_yes_linear,True,2,linear_lags_none_sinusoidal_yes,0.448,0.0,550.938,557.693,True,True,False,0.567,0.282,0,1.0,,,,,,,,,,,1.0,1.0,0.58,0.562
Rangelands_yearly_True_window_2_lags_1_sinusoidal_yes_linear,True,2,linear_lags_1_sinusoidal_yes,0.452,0.0,539.742,548.06,True,True,False,0.564,0.185,0,1.0,1.0,0.905,,,,,,,,,1.0,1.0,0.592,0.44
Rangelands_yearly_True_window_2_lags_2_sinusoidal_yes_linear,True,2,linear_lags_2_sinusoidal_yes,0.456,0.0,526.486,534.674,True,True,False,0.538,0.22,0,1.0,,,1.0,0.762,,,,,,,1.0,1.0,0.689,0.42
Rangelands_yearly_True_window_2_lags_3_sinusoidal_yes_linear,True,2,linear_lags_3_sinusoidal_yes,0.468,0.001,513.819,521.873,True,True,False,0.588,0.376,0,1.0,,,,,1.0,0.741,,,,,1.0,1.0,0.551,0.553
Rangelands_yearly_True_window_2_lags_4_sinusoidal_yes_linear,True,2,linear_lags_4_sinusoidal_yes,0.479,0.007,499.237,507.155,True,True,False,0.681,0.336,0,1.0,,,,,,,1.0,0.169,,,1.0,1.0,0.805,0.473
Rangelands_yearly_True_window_2_lags_5_sinusoidal_yes_linear,True,2,linear_lags_5_sinusoidal_yes,0.584,0.044,477.841,485.618,True,True,False,0.818,0.402,0,1.0,,,,,,,,,1.0,0.003,1.0,1.0,0.764,0.861
Rangelands_yearly_False_window_3_lags_none_sinusoidal_no_linear,False,3,linear_lags_none_sinusoidal_no,0.366,0.0,1504.133,1509.303,False,False,False,0.996,0.28,0,1.0,,,,,,,,,,,,,,
Rangelands_yearly_False_window_3_lags_1_sinusoidal_no_linear,False,3,linear_lags_1_sinusoidal_no,0.367,0.0,1491.767,1499.491,False,False,False,0.988,0.216,0,1.0,1.0,0.879,,,,,,,,,,,,
Rangelands_yearly_False_window_3_lags_2_sinusoidal_no_linear,False,3,linear_lags_2_sinusoidal_no,0.389,0.0,1474.155,1481.848,False,False,False,0.994,0.307,0,1.0,,,1.0,0.076,,,,,,,,,,
Rangelands_yearly_False_window_3_lags_3_sinusoidal_no_linear,False,3,linear_lags_3_sinusoidal_no,0.38,0.0,1461.045,1468.707,False,False,False,1.035,0.303,0,1.0,,,,,1.0,0.16,,,,,,,,
Rangelands_yearly_False_window_3_lags_4_sinusoidal_no_linear,False,3,linear_lags_4_sinusoidal_no,0.37,0.0,1447.415,1455.045,False,False,False,1.005,0.283,0,1.0,,,,,,,1.0,0.286,,,,,,
Rangelands_yearly_False_window_3_lags_5_sinusoidal_no_linear,False,3,linear_lags_5_sinusoidal_no,0.361,0.0,1433.963,1441.561,False,False,False,0.986,0.321,0,1.0,,,,,,,,,1.0,0.716,,,,
Rangelands_yearly_False_window_3_lags_none_sinusoidal_yes_linear,False,3,linear_lags_none_sinusoidal_yes,0.4,0.0,1502.802,1513.142,False,False,False,1.099,0.276,0,1.0,,,,,,,,,,,1.0,1.0,0.026,0.701
Rangelands_yearly_False_window_3_lags_1_sinusoidal_yes_linear,False,3,linear_lags_1_sinusoidal_yes,0.4,0.0,1490.489,1503.363,False,False,False,1.088,0.231,0,1.0,1.0,0.929,,,,,,,,,1.0,1.0,0.028,0.698
Rangelands_yearly_False_window_3_lags_2_sinusoidal_yes_linear,False,3,linear_lags_2_sinusoidal_yes,0.418,0.0,1473.488,1486.309,False,False,False,1.086,0.293,0,1.0,,,1.0,0.068,,,,,,,1.0,1.0,0.037,0.821
Rangelands_yearly_False_window_3_lags_3_sinusoidal_yes_linear,False,3,linear_lags_3_sinusoidal_yes,0.41,0.0,1460.325,1473.094,False,False,False,1.121,0.301,0,1.0,,,,,1.0,0.152,,,,,1.0,1.0,0.036,0.816
Rangelands_yearly_False_window_3_lags_4_sinusoidal_yes_linear,False,3,linear_lags_4_sinusoidal_yes,0.4,0.0,1446.881,1459.597,False,False,False,1.096,0.3,0,1.0,,,,,,,1.0,0.296,,,1.0,1.0,0.042,0.726
Rangelands_yearly_False_window_3_lags_5_sinusoidal_yes_linear,False,3,linear_lags_5_sinusoidal_yes,0.398,0.0,1432.382,1445.045,False,False,False,1.091,0.325,0,1.0,,,,,,,,,1.0,0.73,1.0,1.0,0.025,0.65
Rangelands_yearly_True_window_3_lags_none_sinusoidal_no_linear,True,3,linear_lags_none_sinusoidal_no,0.363,0.0,546.23,549.608,True,True,False,0.371,0.176,0,1.0,,,,,,,,,,,,,,
Rangelands_yearly_True_window_3_lags_1_sinusoidal_no_linear,True,3,linear_lags_1_sinusoidal_no,0.36,0.0,535.39,540.38,True,True,False,0.356,0.178,0,1.0,1.0,0.806,,,,,,,,,,,,
Rangelands_yearly_True_window_3_lags_2_sinusoidal_no_linear,True,3,linear_lags_2_sinusoidal_no,0.37,0.0,522.479,527.392,True,True,False,0.37,0.174,0,1.0,,,1.0,0.98,,,,,,,,,,
Rangelands_yearly_True_window_3_lags_3_sinusoidal_no_linear,True,3,linear_lags_3_sinusoidal_no,0.382,0.007,509.324,514.157,True,True,False,0.425,0.208,0,1.0,,,,,1.0,0.391,,,,,,,,
Rangelands_yearly_True_window_3_lags_4_sinusoidal_no_linear,True,3,linear_lags_4_sinusoidal_no,0.426,0.07,492.839,497.59,True,True,False,0.548,0.371,0,1.0,,,,,,,1.0,0.053,,,,,,
Rangelands_yearly_True_window_3_lags_5_sinusoidal_no_linear,True,3,linear_lags_5_sinusoidal_no,0.574,0.4,469.324,473.99,True,True,False,0.851,0.541,0,1.0,,,,,,,,,1.0,0.0,,,,
Rangelands_yearly_True_window_3_lags_none_sinusoidal_yes_linear,True,3,linear_lags_none_sinusoidal_yes,0.365,0.0,550.069,556.825,True,True,False,0.363,0.139,0,1.0,,,,,,,,,,,1.0,1.0,0.881,0.729
Rangelands_yearly_True_window_3_lags_1_sinusoidal_yes_linear,True,3,linear_lags_1_sinusoidal_yes,0.365,0.0,539.119,547.437,True,True,False,0.352,0.005,0,1.0,1.0,0.816,,,,,,,,,1.0,1.0,0.819,0.672
Rangelands_yearly_True_window_3_lags_2_sinusoidal_yes_linear,True,3,linear_lags_2_sinusoidal_yes,0.373,0.001,526.292,534.48,True,True,False,0.359,0.068,0,1.0,,,1.0,0.987,,,,,,,1.0,1.0,0.937,0.695
Rangelands_yearly_True_window_3_lags_3_sinusoidal_yes_linear,True,3,linear_lags_3_sinusoidal_yes,0.385,0.009,513.19,521.244,True,True,False,0.416,0.111,0,1.0,,,,,1.0,0.415,,,,,1.0,1.0,0.936,0.743
Rangelands_yearly_True_window_3_lags_4_sinusoidal_yes_linear,True,3,linear_lags_4_sinusoidal_yes,0.432,0.087,496.439,504.356,True,True,False,0.539,0.19,0,1.0,,,,,,,1.0,0.056,,,1.0,1.0,0.823,0.59
Rangelands_yearly_True_window_3_lags_5_sinusoidal_yes_linear,True,3,linear_lags_5_sinusoidal_yes,0.587,0.457,472.24,480.017,True,True,False,0.827,0.465,0,1.0,,,,,,,,,1.0,0.0,1.0,1.0,0.647,0.399
Rangelands_yearly_False_window_4_lags_none_sinusoidal_no_linear,False,4,linear_lags_none_sinusoidal_no,0.277,0.0,1468.435,1473.605,False,False,False,0.717,0.224,0,1.0,,,,,,,,,,,,,,
Rangelands_yearly_False_window_4_lags_1_sinusoidal_no_linear,False,4,linear_lags_1_sinusoidal_no,0.291,0.0,1454.683,1462.407,False,False,False,0.759,0.26,0,1.0,1.0,0.195,,,,,,,,,,,,
Rangelands_yearly_False_window_4_lags_2_sinusoidal_no_linear,False,4,linear_lags_2_sinusoidal_no,0.315,0.0,1438.134,1445.827,False,False,False,0.821,0.218,0,1.0,,,1.0,0.039,,,,,,,,,,
Rangelands_yearly_False_window_4_lags_3_sinusoidal_no_linear,False,4,linear_lags_3_sinusoidal_no,0.328,0.0,1422.161,1429.823,False,False,False,0.78,0.283,0,1.0,,,,,1.0,0.012,,,,,,,,
Rangelands_yearly_False_window_4_lags_4_sinusoidal_no_linear,False,4,linear_lags_4_sinusoidal_no,0.304,0.0,1410.256,1417.886,False,False,False,0.794,0.235,0,1.0,,,,,,,1.0,0.043,,,,,,
Rangelands_yearly_False_window_4_lags_5_sinusoidal_no_linear,False,4,linear_lags_5_sinusoidal_no,0.278,0.0,1398.871,1406.469,False,False,False,0.762,0.167,0,1.0,,,,,,,,,1.0,0.254,,,,
Rangelands_yearly_False_window_4_lags_none_sinusoidal_yes_linear,False,4,linear_lags_none_sinusoidal_yes,0.332,0.0,1464.58,1474.92,False,True,False,0.822,0.22,0,1.0,,,,,,,,,,,1.0,1.0,0.01,0.341
Rangelands_yearly_False_window_4_lags_1_sinusoidal_yes_linear,False,4,linear_lags_1_sinusoidal_yes,0.348,0.0,1450.593,1463.466,False,False,False,0.865,0.306,0,1.0,1.0,0.144,,,,,,,,,1.0,1.0,0.011,0.241
Rangelands_yearly_False_window_4_lags_2_sinusoidal_yes_linear,False,4,linear_lags_2_sinusoidal_yes,0.364,0.0,1435.02,1447.841,False,False,False,0.899,0.222,0,1.0,,,1.0,0.028,,,,,,,1.0,1.0,0.02,0.238
Rangelands_yearly_False_window_4_lags_3_sinusoidal_yes_linear,False,4,linear_lags_3_sinusoidal_yes,0.375,0.0,1419.28,1432.049,False,False,False,0.873,0.308,0,1.0,,,,,1.0,0.008,,,,,1.0,1.0,0.023,0.242
Rangelands_yearly_False_window_4_lags_4_sinusoidal_yes_linear,False,4,linear_lags_4_sinusoidal_yes,0.352,0.0,1407.608,1420.324,False,False,False,0.867,0.262,0,1.0,,,,,,,1.0,0.034,,,1.0,1.0,0.021,0.311
Rangelands_yearly_False_window_4_lags_5_sinusoidal_yes_linear,False,4,linear_lags_5_sinusoidal_yes,0.333,0.0,1395.509,1408.172,False,True,False,0.852,0.19,0,1.0,,,,,,,,,1.0,0.207,1.0,1.0,0.014,0.34
Rangelands_yearly_True_window_4_lags_none_sinusoidal_no_linear,True,4,linear_lags_none_sinusoidal_no,0.415,0.0,537.124,540.502,True,True,False,0.3,0.331,0,1.0,,,,,,,,,,,,,,
Rangelands_yearly_True_window_4_lags_1_sinusoidal_no_linear,True,4,linear_lags_1_sinusoidal_no,0.41,0.0,526.68,531.671,True,True,False,0.303,0.336,0,1.0,1.0,0.967,,,,,,,,,,,,
Rangelands_yearly_True_window_4_lags_2_sinusoidal_no_linear,True,4,linear_lags_2_sinusoidal_no,0.427,0.0,513.868,518.78,True,True,False,0.314,0.288,0,1.0,,,1.0,0.852,,,,,,,,,,
Rangelands_yearly_True_window_4_lags_3_sinusoidal_no_linear,True,4,linear_lags_3_sinusoidal_no,0.455,0.004,500.166,504.998,True,True,False,0.371,0.405,0,1.0,,,,,1.0,0.186,,,,,,,,
Rangelands_yearly_True_window_4_lags_4_sinusoidal_no_linear,True,4,linear_lags_4_sinusoidal_no,0.519,0.051,481.747,486.497,True,True,False,0.465,0.466,0,1.0,,,,,,,1.0,0.009,,,,,,
Rangelands_yearly_True_window_4_lags_5_sinusoidal_no_linear,True,4,linear_lags_5_sinusoidal_no,0.687,0.258,453.878,458.544,True,True,False,0.522,0.671,0,1.0,,,,,,,,,1.0,0.0,,,,
Rangelands_yearly_True_window_4_lags_none_sinusoidal_yes_linear,True,4,linear_lags_none_sinusoidal_yes,0.419,0.0,540.84,547.596,True,True,False,0.282,0.256,0,1.0,,,,,,,,,,,1.0,1.0,0.754,0.695
Rangelands_yearly_True_window_4_lags_1_sinusoidal_yes_linear,True,4,linear_lags_1_sinusoidal_yes,0.412,0.0,530.533,538.851,True,True,False,0.289,0.064,0,1.0,1.0,0.968,,,,,,,,,1.0,1.0,0.781,0.825
Rangelands_yearly_True_window_4_lags_2_sinusoidal_yes_linear,True,4,linear_lags_2_sinusoidal_yes,0.43,0.0,517.615,525.803,True,True,False,0.303,0.161,0,1.0,,,1.0,0.839,,,,,,,1.0,1.0,0.704,0.788
Rangelands_yearly_True_window_4_lags_3_sinusoidal_yes_linear,True,4,linear_lags_3_sinusoidal_yes,0.46,0.006,503.803,511.858,True,True,False,0.349,0.344,0,1.0,,,,,1.0,0.192,,,,,1.0,1.0,0.678,0.711
Rangelands_yearly_True_window_4_lags_4_sinusoidal_yes_linear,True,4,linear_lags_4_sinusoidal_yes,0.521,0.056,485.589,493.507,True,True,False,0.451,0.348,0,1.0,,,,,,,1.0,0.012,,,1.0,1.0,0.805,0.787
Rangelands_yearly_True_window_4_lags_5_sinusoidal_yes_linear,True,4,linear_lags_5_sinusoidal_yes,0.697,0.282,456.722,464.499,True,True,False,0.46,0.556,0,1.0,,,,,,,,,1.0,0.0,1.0,1.0,0.324,0.996
Rangelands_yearly_False_window_5_lags_none_sinusoidal_no_linear,False,5,linear_lags_none_sinusoidal_no,0.238,0.0,1433.71,1438.88,False,True,False,0.773,0.236,0,1.0,,,,,,,,,,,,,,
Rangelands_yearly_False_window_5_lags_1_sinusoidal_no_linear,False,5,linear_lags_1_sinusoidal_no,0.247,0.0,1421.281,1429.006,False,True,False,0.778,0.175,0,1.0,1.0,0.379,,,,,,,,,,,,
Rangelands_yearly_False_window_5_lags_2_sinusoidal_no_linear,False,5,linear_lags_2_sinusoidal_no,0.246,0.0,1408.269,1415.963,False,True,False,0.784,0.209,0,1.0,,,1.0,0.457,,,,,,,,,,
Rangelands_yearly_False_window_5_lags_3_sinusoidal_no_linear,False,5,linear_lags_3_sinusoidal_no,0.241,0.0,1394.963,1402.625,False,True,False,0.801,0.145,0,1.0,,,,,1.0,0.661,,,,,,,,
Rangelands_yearly_False_window_5_lags_4_sinusoidal_no_linear,False,5,linear_lags_4_sinusoidal_no,0.278,0.001,1375.431,1383.061,False,False,False,0.824,0.204,0,1.0,,,,,,,1.0,0.02,,,,,,
Rangelands_yearly_False_window_5_lags_5_sinusoidal_no_linear,False,5,linear_lags_5_sinusoidal_no,0.254,0.005,1363.83,1371.427,False,False,False,0.807,0.224,0,1.0,,,,,,,,,1.0,0.089,,,,
Rangelands_yearly_False_window_5_lags_none_sinusoidal_yes_linear,False,5,linear_lags_none_sinusoidal_yes,0.274,0.0,1432.91,1443.25,False,True,False,0.849,0.239,0,1.0,,,,,,,,,,,1.0,1.0,0.033,0.874
Rangelands_yearly_False_window_5_lags_1_sinusoidal_yes_linear,False,5,linear_lags_1_sinusoidal_yes,0.285,0.0,1420.227,1433.101,False,True,False,0.856,0.215,0,1.0,1.0,0.314,,,,,,,,,1.0,1.0,0.03,0.787
Rangelands_yearly_False_window_5_lags_2_sinusoidal_yes_linear,False,5,linear_lags_2_sinusoidal_yes,0.283,0.0,1407.549,1420.37,False,True,False,0.858,0.199,0,1.0,,,1.0,0.428,,,,,,,1.0,1.0,0.036,0.81
Rangelands_yearly_False_window_5_lags_3_sinusoidal_yes_linear,False,5,linear_lags_3_sinusoidal_yes,0.277,0.0,1394.297,1407.066,False,True,False,0.863,0.122,0,1.0,,,,,1.0,0.643,,,,,1.0,1.0,0.037,0.803
Rangelands_yearly_False_window_5_lags_4_sinusoidal_yes_linear,False,5,linear_lags_4_sinusoidal_yes,0.308,0.001,1375.488,1388.204,False,True,False,0.871,0.232,0,1.0,,,,,,,1.0,0.019,,,1.0,1.0,0.057,0.772
Rangelands_yearly_False_window_5_lags_5_sinusoidal_yes_linear,False,5,linear_lags_5_sinusoidal_yes,0.292,0.005,1363.01,1375.673,False,False,False,0.877,0.25,0,1.0,,,,,,,,,1.0,0.077,1.0,1.0,0.035,0.753
Rangelands_yearly_True_window_5_lags_none_sinusoidal_no_linear,True,5,linear_lags_none_sinusoidal_no,0.408,0.0,532.996,536.374,True,True,False,0.286,0.352,0,1.0,,,,,,,,,,,,,,
Rangelands_yearly_True_window_5_lags_1_sinusoidal_no_linear,True,5,linear_lags_1_sinusoidal_no,0.418,0.0,522.081,527.072,True,True,False,0.349,0.303,0,1.0,1.0,0.513,,,,,,,,,,,,
Rangelands_yearly_True_window_5_lags_2_sinusoidal_no_linear,True,5,linear_lags_2_sinusoidal_no,0.425,0.0,510.098,515.011,True,True,False,0.331,0.27,0,1.0,,,1.0,0.608,,,,,,,,,,
Rangelands_yearly_True_window_5_lags_3_sinusoidal_no_linear,True,5,linear_lags_3_sinusoidal_no,0.447,0.003,496.475,501.308,True,True,False,0.374,0.424,0,1.0,,,,,1.0,0.177,,,,,,,,
Rangelands_yearly_True_window_5_lags_4_sinusoidal_no_linear,True,5,linear_lags_4_sinusoidal_no,0.497,0.034,479.627,484.377,True,True,False,0.45,0.349,0,1.0,,,,,,,1.0,0.017,,,,,,
Rangelands_yearly_True_window_5_lags_5_sinusoidal_no_linear,True,5,linear_lags_5_sinusoidal_no,0.632,0.151,455.352,460.018,True,True,False,0.609,0.617,0,1.0,,,,,,,,,1.0,0.0,,,,
Rangelands_yearly_True_window_5_lags_none_sinusoidal_yes_linear,True,5,linear_lags_none_sinusoidal_yes,0.413,0.0,536.618,543.374,True,True,False,0.256,0.274,0,1.0,,,,,,,,,,,1.0,1.0,0.583,0.853
Rangelands_yearly_True_window_5_lags_1_sinusoidal_yes_linear,True,5,linear_lags_1_sinusoidal_yes,0.422,0.0,525.818,534.135,True,True,False,0.323,0.065,0,1.0,1.0,0.522,,,,,,,,,1.0,1.0,0.635,0.977
Rangelands_yearly_True_window_5_lags_2_sinusoidal_yes_linear,True,5,linear_lags_2_sinusoidal_yes,0.431,0.0,513.683,521.871,True,True,False,0.307,0.157,0,1.0,,,1.0,0.601,,,,,,,1.0,1.0,0.555,0.938
Rangelands_yearly_True_window_5_lags_3_sinusoidal_yes_linear,True,5,linear_lags_3_sinusoidal_yes,0.455,0.005,499.963,508.017,True,True,False,0.34,0.397,0,1.0,,,,,1.0,0.176,,,,,1.0,1.0,0.521,0.87
Rangelands_yearly_True_window_5_lags_4_sinusoidal_yes_linear,True,5,linear_lags_4_sinusoidal_yes,0.5,0.04,483.373,491.291,True,True,False,0.425,0.104,0,1.0,,,,,,,1.0,0.021,,,1.0,1.0,0.701,0.796
Rangelands_yearly_True_window_5_lags_5_sinusoidal_yes_linear,True,5,linear_lags_5_sinusoidal_yes,0.637,0.166,458.857,466.633,True,True,False,0.59,0.481,0,1.0,,,,,,,,,1.0,0.0,1.0,1.0,0.595,0.712
Rangelands_yearly_False_window_6_lags_none_sinusoidal_no_linear,False,6,linear_lags_none_sinusoidal_no,0.241,0.0,1385.43,1390.6,False,True,False,0.541,0.24,0,1.0,,,,,,,,,,,,,,
Rangelands_yearly_False_window_6_lags_1_sinusoidal_no_linear,False,6,linear_lags_1_sinusoidal_no,0.257,0.0,1373.089,1380.813,False,True,False,0.558,0.213,0,1.0,1.0,0.272,,,,,,,,,,,,
Rangelands_yearly_False_window_6_lags_2_sinusoidal_no_linear,False,6,linear_lags_2_sinusoidal_no,0.269,0.0,1359.652,1367.345,False,True,False,0.58,0.233,0,1.0,,,1.0,0.134,,,,,,,,,,
Rangelands_yearly_False_window_6_lags_3_sinusoidal_no_linear,False,6,linear_lags_3_sinusoidal_no,0.277,0.0,1345.095,1352.757,False,False,False,0.623,0.227,0,1.0,,,,,1.0,0.055,,,,,,,,
Rangelands_yearly_False_window_6_lags_4_sinusoidal_no_linear,False,6,linear_lags_4_sinusoidal_no,0.291,0.0,1327.958,1335.588,False,False,False,0.636,0.233,0,1.0,,,,,,,1.0,0.01,,,,,,
Rangelands_yearly_False_window_6_lags_5_sinusoidal_no_linear,False,6,linear_lags_5_sinusoidal_no,0.28,0.002,1314.528,1322.125,False,False,False,0.601,0.199,0,1.0,,,,,,,,,1.0,0.013,,,,
Rangelands_yearly_False_window_6_lags_none_sinusoidal_yes_linear,False,6,linear_lags_none_sinusoidal_yes,0.28,0.0,1384.18,1394.52,False,True,False,0.622,0.259,0,1.0,,,,,,,,,,,1.0,1.0,0.029,0.591
Rangelands_yearly_False_window_6_lags_1_sinusoidal_yes_linear,False,6,linear_lags_1_sinusoidal_yes,0.298,0.0,1371.614,1384.487,False,True,False,0.64,0.237,0,1.0,1.0,0.232,,,,,,,,,1.0,1.0,0.03,0.483
Rangelands_yearly_False_window_6_lags_2_sinusoidal_yes_linear,False,6,linear_lags_2_sinusoidal_yes,0.304,0.0,1358.947,1371.768,False,True,False,0.649,0.215,0,1.0,,,1.0,0.119,,,,,,,1.0,1.0,0.045,0.503
Rangelands_yearly_False_window_6_lags_3_sinusoidal_yes_linear,False,6,linear_lags_3_sinusoidal_yes,0.31,0.0,1344.58,1357.35,False,True,False,0.695,0.24,0,1.0,,,,,1.0,0.047,,,,,1.0,1.0,0.054,0.449
Rangelands_yearly_False_window_6_lags_4_sinusoidal_yes_linear,False,6,linear_lags_4_sinusoidal_yes,0.32,0.0,1328.004,1340.721,True,False,False,0.683,0.224,0,1.0,,,,,,,1.0,0.008,,,1.0,1.0,0.077,0.436
Rangelands_yearly_False_window_6_lags_5_sinusoidal_yes_linear,False,6,linear_lags_5_sinusoidal_yes,0.312,0.002,1314.28,1326.943,True,False,False,0.658,0.207,0,1.0,,,,,,,,,1.0,0.012,1.0,1.0,0.054,0.587
Rangelands_yearly_True_window_6_lags_none_sinusoidal_no_linear,True,6,linear_lags_none_sinusoidal_no,0.438,0.0,525.837,529.215,True,True,False,0.197,0.345,0,1.0,,,,,,,,,,,,,,
Rangelands_yearly_True_window_6_lags_1_sinusoidal_no_linear,True,6,linear_lags_1_sinusoidal_no,0.463,0.0,514.219,519.209,True,True,False,0.257,0.407,0,1.0,1.0,0.266,,,,,,,,,,,,
Rangelands_yearly_True_window_6_lags_2_sinusoidal_no_linear,True,6,linear_lags_2_sinusoidal_no,0.469,0.0,502.869,507.782,False,True,False,0.249,0.376,0,1.0,,,1.0,0.366,,,,,,,,,,
Rangelands_yearly_True_window_6_lags_3_sinusoidal_no_linear,True,6,linear_lags_3_sinusoidal_no,0.501,0.003,488.915,493.747,True,True,False,0.281,0.356,0,1.0,,,,,1.0,0.085,,,,,,,,
Rangelands_yearly_True_window_6_lags_4_sinusoidal_no_linear,True,6,linear_lags_4_sinusoidal_no,0.567,0.023,470.36,475.111,True,True,False,0.41,0.378,0,1.0,,,,,,,1.0,0.004,,,,,,
Rangelands_yearly_True_window_6_lags_5_sinusoidal_no_linear,True,6,linear_lags_5_sinusoidal_no,0.685,0.148,445.993,450.659,True,True,False,0.447,0.612,0,1.0,,,,,,,,,1.0,0.0,,,,
Rangelands_yearly_True_window_6_lags_none_sinusoidal_yes_linear,True,6,linear_lags_none_sinusoidal_yes,0.44,0.0,529.714,536.47,True,True,False,0.193,0.252,0,1.0,,,,,,,,,,,1.0,1.0,0.99,0.741
Rangelands_yearly_True_window_6_lags_1_sinusoidal_yes_linear,True,6,linear_lags_1_sinusoidal_yes,0.463,0.0,518.171,526.489,True,True,False,0.268,0.275,0,1.0,1.0,0.279,,,,,,,,,1.0,1.0,0.875,0.899
Rangelands_yearly_True_window_6_lags_2_sinusoidal_yes_linear,True,6,linear_lags_2_sinusoidal_yes,0.47,0.001,506.834,515.022,False,True,False,0.243,0.179,0,1.0,,,1.0,0.377,,,,,,,1.0,1.0,0.872,0.95
Rangelands_yearly_True_window_6_lags_3_sinusoidal_yes_linear,True,6,linear_lags_3_sinusoidal_yes,0.502,0.004,492.82,500.875,True,True,False,0.272,0.274,0,1.0,,,,,1.0,0.092,,,,,1.0,1.0,0.911,0.794
Rangelands_yearly_True_window_6_lags_4_sinusoidal_yes_linear,True,6,linear_lags_4_sinusoidal_yes,0.568,0.029,474.221,482.139,True,True,False,0.421,0.241,0,1.0,,,,,,,1.0,0.005,,,1.0,1.0,0.769,0.857
Rangelands_yearly_True_window_6_lags_5_sinusoidal_yes_linear,True,6,linear_lags_5_sinusoidal_yes,0.689,0.176,449.545,457.322,True,True,False,0.439,0.456,0,1.0,,,,,,,,,1.0,0.0,1.0,1.0,0.914,0.545
Rangelands_yearly_False_window_7_lags_none_sinusoidal_no_linear,False,7,linear_lags_none_sinusoidal_no,0.15,0.0,1356.123,1361.293,True,True,False,0.56,0.143,0,1.0,,,,,,,,,,,,,,
Rangelands_yearly_False_window_7_lags_1_sinusoidal_no_linear,False,7,linear_lags_1_sinusoidal_no,0.155,0.0,1346.019,1353.743,False,True,False,0.554,0.114,0,1.0,1.0,0.934,,,,,,,,,,,,
Rangelands_yearly_False_window_7_lags_2_sinusoidal_no_linear,False,7,linear_lags_2_sinusoidal_no,0.155,0.001,1333.824,1341.517,True,False,False,0.551,0.078,0,1.0,,,1.0,0.946,,,,,,,,,,
Rangelands_yearly_False_window_7_lags_3_sinusoidal_no_linear,False,7,linear_lags_3_sinusoidal_no,0.153,0.0,1321.152,1328.813,True,False,False,0.55,0.073,0,1.0,,,,,1.0,0.934,,,,,,,,
Rangelands_yearly_False_window_7_lags_4_sinusoidal_no_linear,False,7,linear_lags_4_sinusoidal_no,0.145,0.001,1306.527,1314.157,True,False,False,0.555,0.122,0,1.0,,,,,,,1.0,0.75,,,,,,
Rangelands_yearly_False_window_7_lags_5_sinusoidal_no_linear,False,7,linear_lags_5_sinusoidal_no,0.139,0.001,1292.793,1300.39,True,False,False,0.57,0.084,0,1.0,,,,,,,,,1.0,0.807,,,,
Rangelands_yearly_False_window_7_lags_none_sinusoidal_yes_linear,False,7,linear_lags_none_sinusoidal_yes,0.181,0.0,1356.453,1366.793,True,True,False,0.62,0.127,0,1.0,,,,,,,,,,,1.0,1.0,0.102,0.359
Rangelands_yearly_False_window_7_lags_1_sinusoidal_yes_linear,False,7,linear_lags_1_sinusoidal_yes,0.185,0.001,1346.461,1359.334,True,False,False,0.607,0.132,0,1.0,1.0,0.884,,,,,,,,,1.0,1.0,0.114,0.346
Rangelands_yearly_False_window_7_lags_2_sinusoidal_yes_linear,False,7,linear_lags_2_sinusoidal_yes,0.188,0.001,1333.932,1346.753,True,False,False,0.61,0.088,0,1.0,,,1.0,0.919,,,,,,,1.0,1.0,0.093,0.349
Rangelands_yearly_False_window_7_lags_3_sinusoidal_yes_linear,False,7,linear_lags_3_sinusoidal_yes,0.187,0.001,1321.228,1333.998,True,False,False,0.612,0.076,0,1.0,,,,,1.0,0.875,,,,,1.0,1.0,0.105,0.292
Rangelands_yearly_False_window_7_lags_4_sinusoidal_yes_linear,False,7,linear_lags_4_sinusoidal_yes,0.177,0.002,1306.927,1319.644,True,False,False,0.607,0.084,0,1.0,,,,,,,1.0,0.702,,,1.0,1.0,0.124,0.303
Rangelands_yearly_False_window_7_lags_5_sinusoidal_yes_linear,False,7,linear_lags_5_sinusoidal_yes,0.172,0.001,1293.197,1305.86,True,False,False,0.63,0.088,0,1.0,,,,,,,,,1.0,0.849,1.0,1.0,0.102,0.395
Rangelands_yearly_True_window_7_lags_none_sinusoidal_no_linear,True,7,linear_lags_none_sinusoidal_no,0.421,0.0,521.757,525.135,True,True,False,0.164,0.33,0,1.0,,,,,,,,,,,,,,
Rangelands_yearly_True_window_7_lags_1_sinusoidal_no_linear,True,7,linear_lags_1_sinusoidal_no,0.502,0.0,506.538,511.529,True,True,False,0.355,0.416,0,1.0,1.0,0.03,,,,,,,,,,,,
Rangelands_yearly_True_window_7_lags_2_sinusoidal_no_linear,True,7,linear_lags_2_sinusoidal_no,0.472,0.001,497.931,502.844,True,True,False,0.224,0.409,0,1.0,,,1.0,0.152,,,,,,,,,,
Rangelands_yearly_True_window_7_lags_3_sinusoidal_no_linear,True,7,linear_lags_3_sinusoidal_no,0.495,0.004,484.574,489.406,True,True,False,0.257,0.397,0,1.0,,,,,1.0,0.064,,,,,,,,
Rangelands_yearly_True_window_7_lags_4_sinusoidal_no_linear,True,7,linear_lags_4_sinusoidal_no,0.551,0.027,466.599,471.35,True,False,False,0.308,0.352,0,1.0,,,,,,,1.0,0.004,,,,,,
Rangelands_yearly_True_window_7_lags_5_sinusoidal_no_linear,True,7,linear_lags_5_sinusoidal_no,0.648,0.132,444.877,449.543,True,False,False,0.322,0.616,0,1.0,,,,,,,,,1.0,0.0,,,,
Rangelands_yearly_True_window_7_lags_none_sinusoidal_yes_linear,True,7,linear_lags_none_sinusoidal_yes,0.421,0.0,525.75,532.505,True,True,False,0.166,0.272,0,1.0,,,,,,,,,,,1.0,1.0,0.944,0.969
Rangelands_yearly_True_window_7_lags_1_sinusoidal_yes_linear,True,7,linear_lags_1_sinusoidal_yes,0.51,0.0,509.901,518.219,True,True,False,0.365,0.209,0,1.0,1.0,0.034,,,,,,,,,1.0,1.0,0.884,0.468
Rangelands_yearly_True_window_7_lags_2_sinusoidal_yes_linear,True,7,linear_lags_2_sinusoidal_yes,0.473,0.001,501.825,510.013,True,True,False,0.216,0.213,0,1.0,,,1.0,0.162,,,,,,,1.0,1.0,0.951,0.767
Rangelands_yearly_True_window_7_lags_3_sinusoidal_yes_linear,True,7,linear_lags_3_sinusoidal_yes,0.496,0.005,488.546,496.6,True,True,False,0.256,0.303,0,1.0,,,,,1.0,0.072,,,,,1.0,1.0,0.989,0.878
Rangelands_yearly_True_window_7_lags_4_sinusoidal_yes_linear,True,7,linear_lags_4_sinusoidal_yes,0.553,0.032,470.457,478.375,True,True,False,0.313,0.196,0,1.0,,,,,,,1.0,0.005,,,1.0,1.0,0.785,0.83
Rangelands_yearly_True_window_7_lags_5_sinusoidal_yes_linear,True,7,linear_lags_5_sinusoidal_yes,0.653,0.148,448.291,456.068,True,True,False,0.297,0.427,0,1.0,,,,,,,,,1.0,0.0,1.0,1.0,0.988,0.482
Rangelands_yearly_False_window_8_lags_none_sinusoidal_no_linear,False,8,linear_lags_none_sinusoidal_no,0.192,0.0,1346.013,1351.183,False,True,False,0.467,0.163,0,1.0,,,,,,,,,,,,,,
Rangelands_yearly_False_window_8_lags_1_sinusoidal_no_linear,False,8,linear_lags_1_sinusoidal_no,0.199,0.0,1335.933,1343.657,False,True,False,0.462,0.131,0,1.0,1.0,0.852,,,,,,,,,,,,
Rangelands_yearly_False_window_8_lags_2_sinusoidal_no_linear,False,8,linear_lags_2_sinusoidal_no,0.202,0.0,1323.57,1331.263,False,False,False,0.462,0.097,0,1.0,,,1.0,0.553,,,,,,,,,,
Rangelands_yearly_False_window_8_lags_3_sinusoidal_no_linear,False,8,linear_lags_3_sinusoidal_no,0.204,0.0,1310.625,1318.287,False,True,False,0.461,0.136,0,1.0,,,,,1.0,0.378,,,,,,,,
Rangelands_yearly_False_window_8_lags_4_sinusoidal_no_linear,False,8,linear_lags_4_sinusoidal_no,0.19,0.0,1296.178,1303.808,False,False,False,0.476,0.16,0,1.0,,,,,,,1.0,0.409,,,,,,
Rangelands_yearly_False_window_8_lags_5_sinusoidal_no_linear,False,8,linear_lags_5_sinusoidal_no,0.183,0.001,1282.141,1289.739,False,False,False,0.471,0.147,0,1.0,,,,,,,,,1.0,0.366,,,,
Rangelands_yearly_False_window_8_lags_none_sinusoidal_yes_linear,False,8,linear_lags_none_sinusoidal_yes,0.233,0.0,1344.881,1355.22,False,True,False,0.535,0.184,0,1.0,,,,,,,,,,,1.0,1.0,0.198,0.069
Rangelands_yearly_False_window_8_lags_1_sinusoidal_yes_linear,False,8,linear_lags_1_sinusoidal_yes,0.24,0.0,1334.796,1347.67,False,True,False,0.526,0.179,0,1.0,1.0,0.812,,,,,,,,,1.0,1.0,0.217,0.066
Rangelands_yearly_False_window_8_lags_2_sinusoidal_yes_linear,False,8,linear_lags_2_sinusoidal_yes,0.244,0.0,1322.333,1335.154,True,True,False,0.526,0.143,0,1.0,,,1.0,0.532,,,,,,,1.0,1.0,0.198,0.068
Rangelands_yearly_False_window_8_lags_3_sinusoidal_yes_linear,False,8,linear_lags_3_sinusoidal_yes,0.254,0.0,1308.445,1321.214,True,True,False,0.538,0.158,0,1.0,,,,,1.0,0.323,,,,,1.0,1.0,0.212,0.037
Rangelands_yearly_False_window_8_lags_4_sinusoidal_yes_linear,False,8,linear_lags_4_sinusoidal_yes,0.232,0.0,1295.262,1307.978,True,True,False,0.541,0.136,0,1.0,,,,,,,1.0,0.395,,,1.0,1.0,0.276,0.062
Rangelands_yearly_False_window_8_lags_5_sinusoidal_yes_linear,False,8,linear_lags_5_sinusoidal_yes,0.225,0.001,1281.298,1293.961,True,True,False,0.538,0.148,0,1.0,,,,,,,,,1.0,0.357,1.0,1.0,0.226,0.076
Rangelands_yearly_True_window_8_lags_none_sinusoidal_no_linear,True,8,linear_lags_none_sinusoidal_no,0.458,0.0,513.958,517.336,True,True,False,0.176,0.376,0,1.0,,,,,,,,,,,,,,
Rangelands_yearly_True_window_8_lags_1_sinusoidal_no_linear,True,8,linear_lags_1_sinusoidal_no,0.517,0.0,500.582,505.573,True,True,False,0.419,0.457,0,1.0,1.0,0.073,,,,,,,,,,,,
Rangelands_yearly_True_window_8_lags_2_sinusoidal_no_linear,True,8,linear_lags_2_sinusoidal_no,0.543,0.001,488.207,493.119,True,False,False,0.379,0.463,0,1.0,,,1.0,0.04,,,,,,,,,,
Rangelands_yearly_True_window_8_lags_3_sinusoidal_no_linear,True,8,linear_lags_3_sinusoidal_no,0.644,0.005,467.652,472.485,True,True,False,0.483,0.594,0,1.0,,,,,1.0,0.0,,,,,,,,
Rangelands_yearly_True_window_8_lags_4_sinusoidal_no_linear,True,8,linear_lags_4_sinusoidal_no,0.694,0.02,448.569,453.32,True,True,False,0.747,0.612,0,1.0,,,,,,,1.0,0.0,,,,,,
Rangelands_yearly_True_window_8_lags_5_sinusoidal_no_linear,True,8,linear_lags_5_sinusoidal_no,0.745,0.079,429.266,433.932,True,False,False,0.47,0.728,0,1.0,,,,,,,,,1.0,0.0,,,,
Rangelands_yearly_True_window_8_lags_none_sinusoidal_yes_linear,True,8,linear_lags_none_sinusoidal_yes,0.46,0.0,517.841,524.596,True,True,False,0.18,0.288,0,1.0,,,,,,,,,,,1.0,1.0,0.755,0.935
Rangelands_yearly_True_window_8_lags_1_sinusoidal_yes_linear,True,8,linear_lags_1_sinusoidal_yes,0.518,0.0,504.569,512.887,True,True,False,0.421,0.245,0,1.0,1.0,0.081,,,,,,,,,1.0,1.0,0.923,0.961
Rangelands_yearly_True_window_8_lags_2_sinusoidal_yes_linear,True,8,linear_lags_2_sinusoidal_yes,0.544,0.001,492.067,500.255,True,True,False,0.389,0.262,0,1.0,,,1.0,0.046,,,,,,,1.0,1.0,0.829,0.788
Rangelands_yearly_True_window_8_lags_3_sinusoidal_yes_linear,True,8,linear_lags_3_sinusoidal_yes,0.647,0.007,471.366,479.421,True,True,False,0.496,0.508,0,1.0,,,,,1.0,0.001,,,,,1.0,1.0,0.641,0.871
Rangelands_yearly_True_window_8_lags_4_sinusoidal_yes_linear,True,8,linear_lags_4_sinusoidal_yes,0.695,0.024,452.429,460.346,True,True,False,0.749,0.499,0,1.0,,,,,,,1.0,0.0,,,1.0,1.0,0.828,0.789
Rangelands_yearly_True_window_8_lags_5_sinusoidal_yes_linear,True,8,linear_lags_5_sinusoidal_yes,0.745,0.091,433.252,441.028,True,True,False,0.468,0.622,0,1.0,,,,,,,,,1.0,0.0,1.0,1.0,0.927,0.95
Rangelands_yearly_False_window_9_lags_none_sinusoidal_no_linear,False,9,linear_lags_none_sinusoidal_no,0.143,0.0,1353.482,1358.652,False,True,False,0.503,0.091,0,1.0,,,,,,,,,,,,,,
Rangelands_yearly_False_window_9_lags_1_sinusoidal_no_linear,False,9,linear_lags_1_sinusoidal_no,0.146,0.001,1343.137,1350.861,False,True,False,0.501,0.033,0,1.0,1.0,0.72,,,,,,,,,,,,
Rangelands_yearly_False_window_9_lags_2_sinusoidal_no_linear,False,9,linear_lags_2_sinusoidal_no,0.146,0.001,1330.849,1338.542,False,False,False,0.497,0.068,0,1.0,,,1.0,0.783,,,,,,,,,,
Rangelands_yearly_False_window_9_lags_3_sinusoidal_no_linear,False,9,linear_lags_3_sinusoidal_no,0.143,0.001,1317.978,1325.639,False,True,False,0.498,0.007,0,1.0,,,,,1.0,0.998,,,,,,,,
Rangelands_yearly_False_window_9_lags_4_sinusoidal_no_linear,False,9,linear_lags_4_sinusoidal_no,0.133,0.001,1303.438,1311.068,False,True,False,0.507,0.052,0,1.0,,,,,,,1.0,0.892,,,,,,
Rangelands_yearly_False_window_9_lags_5_sinusoidal_no_linear,False,9,linear_lags_5_sinusoidal_no,0.129,0.001,1289.545,1297.142,False,True,False,0.512,0.098,0,1.0,,,,,,,,,1.0,0.682,,,,
Rangelands_yearly_False_window_9_lags_none_sinusoidal_yes_linear,False,9,linear_lags_none_sinusoidal_yes,0.205,0.0,1350.082,1360.421,False,True,False,0.61,0.139,0,1.0,,,,,,,,,,,1.0,1.0,0.047,0.072
Rangelands_yearly_False_window_9_lags_1_sinusoidal_yes_linear,False,9,linear_lags_1_sinusoidal_yes,0.207,0.001,1339.915,1352.788,True,True,False,0.601,0.141,0,1.0,1.0,0.656,,,,,,,,,1.0,1.0,0.05,0.079
Rangelands_yearly_False_window_9_lags_2_sinusoidal_yes_linear,False,9,linear_lags_2_sinusoidal_yes,0.209,0.001,1327.418,1340.24,False,False,False,0.602,0.143,0,1.0,,,1.0,0.756,,,,,,,1.0,1.0,0.042,0.083
Rangelands_yearly_False_window_9_lags_3_sinusoidal_yes_linear,False,9,linear_lags_3_sinusoidal_yes,0.212,0.002,1313.988,1326.757,False,True,False,0.606,0.06,0,1.0,,,,,1.0,0.889,,,,,1.0,1.0,0.043,0.057
Rangelands_yearly_False_window_9_lags_4_sinusoidal_yes_linear,False,9,linear_lags_4_sinusoidal_yes,0.199,0.001,1300.033,1312.749,False,True,False,0.619,-0.007,0,1.0,,,,,,,1.0,0.899,,,1.0,1.0,0.053,0.068
Rangelands_yearly_False_window_9_lags_5_sinusoidal_yes_linear,False,9,linear_lags_5_sinusoidal_yes,0.196,0.001,1286.053,1298.716,False,False,False,0.623,0.142,0,1.0,,,,,,,,,1.0,0.68,1.0,1.0,0.042,0.082
Rangelands_yearly_True_window_9_lags_none_sinusoidal_no_linear,True,9,linear_lags_none_sinusoidal_no,0.475,0.0,507.855,511.233,True,True,False,0.192,0.423,0,1.0,,,,,,,,,,,,,,
Rangelands_yearly_True_window_9_lags_1_sinusoidal_no_linear,True,9,linear_lags_1_sinusoidal_no,0.525,0.0,495.227,500.218,True,True,False,0.456,0.513,0,1.0,1.0,0.092,,,,,,,,,,,,
Rangelands_yearly_True_window_9_lags_2_sinusoidal_no_linear,True,9,linear_lags_2_sinusoidal_no,0.541,0.0,483.622,488.535,True,False,False,0.362,0.454,0,1.0,,,1.0,0.072,,,,,,,,,,
Rangelands_yearly_True_window_9_lags_3_sinusoidal_no_linear,True,9,linear_lags_3_sinusoidal_no,0.617,0.004,465.152,469.985,True,True,False,0.57,0.48,0,1.0,,,,,1.0,0.002,,,,,,,,
Rangelands_yearly_True_window_9_lags_4_sinusoidal_no_linear,True,9,linear_lags_4_sinusoidal_no,0.685,0.027,444.42,449.171,True,True,False,0.614,0.55,0,1.0,,,,,,,1.0,0.0,,,,,,
Rangelands_yearly_True_window_9_lags_5_sinusoidal_no_linear,True,9,linear_lags_5_sinusoidal_no,0.694,0.047,431.013,435.679,True,True,False,0.77,0.681,0,1.0,,,,,,,,,1.0,0.0,,,,
Rangelands_yearly_True_window_9_lags_none_sinusoidal_yes_linear,True,9,linear_lags_none_sinusoidal_yes,0.48,0.0,511.405,518.161,True,True,False,0.189,0.358,0,1.0,,,,,,,,,,,1.0,1.0,0.548,0.841
Rangelands_yearly_True_window_9_lags_1_sinusoidal_yes_linear,True,9,linear_lags_1_sinusoidal_yes,0.529,0.0,498.911,507.228,True,True,False,0.489,0.413,0,1.0,1.0,0.099,,,,,,,,,1.0,1.0,0.854,0.625
Rangelands_yearly_True_window_9_lags_2_sinusoidal_yes_linear,True,9,linear_lags_2_sinusoidal_yes,0.556,0.001,486.337,494.525,True,True,False,0.375,0.319,0,1.0,,,1.0,0.066,,,,,,,1.0,1.0,0.621,0.356
Rangelands_yearly_True_window_9_lags_3_sinusoidal_yes_linear,True,9,linear_lags_3_sinusoidal_yes,0.636,0.005,467.224,475.278,True,True,False,0.574,0.442,0,1.0,,,,,1.0,0.002,,,,,1.0,1.0,0.264,0.52
Rangelands_yearly_True_window_9_lags_4_sinusoidal_yes_linear,True,9,linear_lags_4_sinusoidal_yes,0.688,0.032,448.083,456.0,True,True,False,0.62,0.477,0,1.0,,,,,,,1.0,0.0,,,1.0,1.0,0.635,0.807
Rangelands_yearly_True_window_9_lags_5_sinusoidal_yes_linear,True,9,linear_lags_5_sinusoidal_yes,0.697,0.059,434.621,442.398,True,True,False,0.753,0.569,0,1.0,,,,,,,,,1.0,0.0,1.0,1.0,0.899,0.575
Rangelands_yearly_False_window_10_lags_none_sinusoidal_no_linear,False,10,linear_lags_none_sinusoidal_no,0.141,0.0,1328.332,1333.502,False,True,False,0.287,0.109,0,1.0,,,,,,,,,,,,,,
Rangelands_yearly_False_window_10_lags_1_sinusoidal_no_linear,False,10,linear_lags_1_sinusoidal_no,0.147,0.001,1318.555,1326.279,False,True,False,0.28,0.096,0,1.0,1.0,0.679,,,,,,,,,,,,
Rangelands_yearly_False_window_10_lags_2_sinusoidal_no_linear,False,10,linear_lags_2_sinusoidal_no,0.15,0.001,1306.429,1314.122,False,True,False,0.268,0.102,0,1.0,,,1.0,0.537,,,,,,,,,,
Rangelands_yearly_False_window_10_lags_3_sinusoidal_no_linear,False,10,linear_lags_3_sinusoidal_no,0.145,0.0,1294.45,1302.112,False,True,False,0.279,0.081,0,1.0,,,,,1.0,0.982,,,,,,,,
Rangelands_yearly_False_window_10_lags_4_sinusoidal_no_linear,False,10,linear_lags_4_sinusoidal_no,0.132,0.0,1279.257,1286.887,False,True,False,0.289,0.071,0,1.0,,,,,,,1.0,0.682,,,,,,
Rangelands_yearly_False_window_10_lags_5_sinusoidal_no_linear,False,10,linear_lags_5_sinusoidal_no,0.122,0.002,1265.548,1273.146,False,True,False,0.292,0.08,0,1.0,,,,,,,,,1.0,0.964,,,,
Rangelands_yearly_False_window_10_lags_none_sinusoidal_yes_linear,False,10,linear_lags_none_sinusoidal_yes,0.191,0.0,1326.54,1336.88,False,True,False,0.382,0.138,0,1.0,,,,,,,,,,,1.0,1.0,0.59,0.022
Rangelands_yearly_False_window_10_lags_1_sinusoidal_yes_linear,False,10,linear_lags_1_sinusoidal_yes,0.194,0.0,1317.08,1329.953,False,True,False,0.375,0.165,0,1.0,1.0,0.683,,,,,,,,,1.0,1.0,0.613,0.027
Rangelands_yearly_False_window_10_lags_2_sinusoidal_yes_linear,False,10,linear_lags_2_sinusoidal_yes,0.198,0.001,1304.864,1317.686,True,False,False,0.358,0.158,0,1.0,,,1.0,0.53,,,,,,,1.0,1.0,0.563,0.026
Rangelands_yearly_False_window_10_lags_3_sinusoidal_yes_linear,False,10,linear_lags_3_sinusoidal_yes,0.2,0.0,1292.086,1304.856,False,False,False,0.378,0.063,0,1.0,,,,,1.0,0.974,,,,,1.0,1.0,0.56,0.017
Rangelands_yearly_False_window_10_lags_4_sinusoidal_yes_linear,False,10,linear_lags_4_sinusoidal_yes,0.185,0.0,1277.332,1290.049,False,False,False,0.388,0.04,0,1.0,,,,,,,1.0,0.658,,,1.0,1.0,0.58,0.021
Rangelands_yearly_False_window_10_lags_5_sinusoidal_yes_linear,False,10,linear_lags_5_sinusoidal_yes,0.173,0.002,1263.978,1276.641,True,False,False,0.384,0.08,0,1.0,,,,,,,,,1.0,0.973,1.0,1.0,0.577,0.026
Rangelands_yearly_True_window_10_lags_none_sinusoidal_no_linear,True,10,linear_lags_none_sinusoidal_no,0.538,0.0,497.894,501.272,False,True,False,0.168,0.486,0,1.0,,,,,,,,,,,,,,
Rangelands_yearly_True_window_10_lags_1_sinusoidal_no_linear,True,10,linear_lags_1_sinusoidal_no,0.609,0.0,483.159,488.15,True,True,False,0.47,0.574,0,1.0,1.0,0.026,,,,,,,,,,,,
Rangelands_yearly_True_window_10_lags_2_sinusoidal_no_linear,True,10,linear_lags_2_sinusoidal_no,0.674,0.0,466.67,471.583,True,True,False,0.535,0.634,0,1.0,,,1.0,0.002,,,,,,,,,,
Rangelands_yearly_True_window_10_lags_3_sinusoidal_no_linear,True,10,linear_lags_3_sinusoidal_no,0.747,0.004,446.052,450.884,True,True,False,0.774,0.628,0,1.0,,,,,1.0,0.0,,,,,,,,
Rangelands_yearly_True_window_10_lags_4_sinusoidal_no_linear,True,10,linear_lags_4_sinusoidal_no,0.796,0.05,424.82,429.571,True,True,False,1.031,0.762,0,1.0,,,,,,,1.0,0.0,,,,,,
Rangelands_yearly_True_window_10_lags_5_sinusoidal_no_linear,True,10,linear_lags_5_sinusoidal_no,0.806,0.029,411.092,415.758,True,True,False,0.538,0.754,0,1.0,,,,,,,,,1.0,0.0,,,,
Rangelands_yearly_True_window_10_lags_none_sinusoidal_yes_linear,True,10,linear_lags_none_sinusoidal_yes,0.541,0.0,501.629,508.384,False,True,False,0.168,0.408,0,1.0,,,,,,,,,,,1.0,1.0,0.646,0.878
Rangelands_yearly_True_window_10_lags_1_sinusoidal_yes_linear,True,10,linear_lags_1_sinusoidal_yes,0.613,0.0,486.791,495.109,True,True,False,0.493,0.481,0,1.0,1.0,0.031,,,,,,,,,1.0,1.0,0.649,0.743
Rangelands_yearly_True_window_10_lags_2_sinusoidal_yes_linear,True,10,linear_lags_2_sinusoidal_yes,0.688,0.001,469.0,477.187,True,True,False,0.562,0.606,0,1.0,,,1.0,0.001,,,,,,,1.0,1.0,0.237,0.852
Rangelands_yearly_True_window_10_lags_3_sinusoidal_yes_linear,True,10,linear_lags_3_sinusoidal_yes,0.758,0.005,448.398,456.453,True,True,False,0.768,0.579,0,1.0,,,,,1.0,0.0,,,,,1.0,1.0,0.252,0.753
Rangelands_yearly_True_window_10_lags_4_sinusoidal_yes_linear,True,10,linear_lags_4_sinusoidal_yes,0.798,0.055,428.497,436.414,True,True,False,1.033,0.654,0,1.0,,,,,,,1.0,0.0,,,1.0,1.0,0.732,0.692
Rangelands_yearly_True_window_10_lags_5_sinusoidal_yes_linear,True,10,linear_lags_5_sinusoidal_yes,0.808,0.031,414.664,422.441,True,True,False,0.535,0.72,0,1.0,,,,,,,,,1.0,0.0,1.0,1.0,0.554,0.919
