analysis_name,yearly_aggregate,window_size,config_type,r_squared,p_value,aic,bic,is_normal,is_homoscedastic,no_autocorrelation,durbin_watson,cv_r2_score,cv_r2_std,vif_PPT,vif_quadratic,p_value_quadratic,vif_ortho_PPT_lag1,p_value_lag1,vif_ortho_PPT_lag2,p_value_lag2,vif_ortho_PPT_lag3,p_value_lag3,vif_ortho_PPT_lag4,p_value_lag4,vif_ortho_PPT_lag5,p_value_lag5,vif_ortho_sin_cycle,vif_ortho_cos_cycle,p_value_sin,p_value_cos
Rangelands_yearly_False_window_1_lags_none_sinusoidal_no_quadratic,False,1,quadratic_lags_none_sinusoidal_no,0.453,0.0,1624.707,1632.462,False,False,True,1.74,0.418,0,2.667,2.667,0.44,,,,,,,,,,,,,,
Rangelands_yearly_False_window_1_lags_1_sinusoidal_no_quadratic,False,1,quadratic_lags_1_sinusoidal_no,0.468,0.001,1608.297,1618.596,False,False,True,1.738,0.297,0,2.7,2.709,0.253,1.01,0.097,,,,,,,,,,,,
Rangelands_yearly_False_window_1_lags_2_sinusoidal_no_quadratic,False,1,quadratic_lags_2_sinusoidal_no,0.452,0.0,1595.638,1605.896,False,False,True,1.744,0.362,0,2.908,3.033,0.45,,,1.125,0.945,,,,,,,,,,
Rangelands_yearly_False_window_1_lags_3_sinusoidal_no_quadratic,False,1,quadratic_lags_3_sinusoidal_no,0.458,0.0,1578.865,1589.08,False,False,True,1.786,0.309,0,2.778,2.827,0.466,,,,,1.049,0.28,,,,,,,,
Rangelands_yearly_False_window_1_lags_4_sinusoidal_no_quadratic,False,1,quadratic_lags_4_sinusoidal_no,0.474,0.0,1560.301,1570.474,False,False,True,1.807,0.179,0,2.914,3.048,0.697,,,,,,,1.134,0.045,,,,,,
Rangelands_yearly_False_window_1_lags_5_sinusoidal_no_quadratic,False,1,quadratic_lags_5_sinusoidal_no,0.45,0.0,1548.636,1558.767,False,False,True,1.766,0.342,0,2.839,2.931,0.462,,,,,,,,,1.091,0.599,,,,
Rangelands_yearly_False_window_1_lags_none_sinusoidal_yes_quadratic,False,1,quadratic_lags_none_sinusoidal_yes,0.483,0.0,1623.054,1635.978,False,False,True,1.86,0.44,0,2.691,2.706,0.553,,,,,,,,,,,1.008,1.006,0.034,0.341
Rangelands_yearly_False_window_1_lags_1_sinusoidal_yes_quadratic,False,1,quadratic_lags_1_sinusoidal_yes,0.502,0.001,1605.942,1621.39,False,False,True,1.863,0.325,0,2.723,2.746,0.312,1.01,0.065,,,,,,,,,1.008,1.005,0.03,0.242
Rangelands_yearly_False_window_1_lags_2_sinusoidal_yes_quadratic,False,1,quadratic_lags_2_sinusoidal_yes,0.484,0.0,1593.977,1609.363,False,False,True,1.872,0.349,0,2.935,3.076,0.579,,,1.127,0.793,,,,,,,1.008,1.006,0.035,0.334
Rangelands_yearly_False_window_1_lags_3_sinusoidal_yes_quadratic,False,1,quadratic_lags_3_sinusoidal_yes,0.49,0.0,1577.169,1592.492,False,False,True,1.912,0.317,0,2.804,2.869,0.591,,,,,1.05,0.221,,,,,1.008,1.007,0.037,0.303
Rangelands_yearly_False_window_1_lags_4_sinusoidal_yes_quadratic,False,1,quadratic_lags_4_sinusoidal_yes,0.504,0.0,1558.726,1573.985,False,False,True,1.924,0.197,0,2.939,3.089,0.854,,,,,,,1.136,0.032,,,1.004,1.009,0.048,0.245
Rangelands_yearly_False_window_1_lags_5_sinusoidal_yes_quadratic,False,1,quadratic_lags_5_sinusoidal_yes,0.481,0.0,1547.209,1562.405,False,False,True,1.881,0.34,0,2.857,2.959,0.591,,,,,,,,,1.092,0.557,1.006,1.003,0.038,0.374
Rangelands_yearly_True_window_1_lags_none_sinusoidal_no_quadratic,True,1,quadratic_lags_none_sinusoidal_no,0.47,0.0,560.047,565.114,False,True,False,1.364,0.167,0,1.567,1.567,0.002,,,,,,,,,,,,,,
Rangelands_yearly_True_window_1_lags_1_sinusoidal_no_quadratic,True,1,quadratic_lags_1_sinusoidal_no,0.467,0.0,549.158,555.813,False,True,False,1.367,0.211,0,1.774,2.091,0.004,1.317,0.958,,,,,,,,,,,,
Rangelands_yearly_True_window_1_lags_2_sinusoidal_no_quadratic,True,1,quadratic_lags_2_sinusoidal_no,0.466,0.0,536.157,542.707,False,True,False,1.37,0.356,0,1.807,2.131,0.004,,,1.324,0.894,,,,,,,,,,
Rangelands_yearly_True_window_1_lags_3_sinusoidal_no_quadratic,True,1,quadratic_lags_3_sinusoidal_no,0.471,0.0,522.866,529.31,False,True,False,1.333,0.232,0,1.688,1.805,0.004,,,,,1.116,0.702,,,,,,,,
Rangelands_yearly_True_window_1_lags_4_sinusoidal_no_quadratic,True,1,quadratic_lags_4_sinusoidal_no,0.472,0.0,509.076,515.41,False,True,False,1.476,-0.108,0,1.822,2.161,0.003,,,,,,,1.339,0.346,,,,,,
Rangelands_yearly_True_window_1_lags_5_sinusoidal_no_quadratic,True,1,quadratic_lags_5_sinusoidal_no,0.544,0.004,490.469,496.69,True,True,True,1.734,0.21,0,1.722,1.88,0.003,,,,,,,,,1.158,0.019,,,,
Rangelands_yearly_True_window_1_lags_none_sinusoidal_yes_quadratic,True,1,quadratic_lags_none_sinusoidal_yes,0.5,0.0,561.659,570.103,False,True,False,1.281,0.098,0,1.583,1.611,0.002,,,,,,,,,,,1.008,1.02,0.162,0.715
Rangelands_yearly_True_window_1_lags_1_sinusoidal_yes_quadratic,True,1,quadratic_lags_1_sinusoidal_yes,0.5,0.0,550.657,560.638,False,True,False,1.265,0.16,0,1.787,2.126,0.004,1.322,0.977,,,,,,,,,1.005,1.011,0.164,0.707
Rangelands_yearly_True_window_1_lags_2_sinusoidal_yes_quadratic,True,1,quadratic_lags_2_sinusoidal_yes,0.498,0.0,537.816,547.642,False,True,False,1.251,0.049,0,1.812,2.144,0.005,,,1.326,0.922,,,,,,,1.001,1.005,0.19,0.626
Rangelands_yearly_True_window_1_lags_3_sinusoidal_yes_quadratic,True,1,quadratic_lags_3_sinusoidal_yes,0.5,0.0,524.81,534.476,False,True,False,1.269,0.273,0,1.703,1.844,0.003,,,,,1.119,0.846,,,,,1.018,1.003,0.203,0.768
Rangelands_yearly_True_window_1_lags_4_sinusoidal_yes_quadratic,True,1,quadratic_lags_4_sinusoidal_yes,0.507,0.0,510.631,520.132,False,True,False,1.387,-0.216,0,1.86,2.26,0.002,,,,,,,1.355,0.272,,,1.007,1.039,0.186,0.583
Rangelands_yearly_True_window_1_lags_5_sinusoidal_yes_quadratic,True,1,quadratic_lags_5_sinusoidal_yes,0.555,0.004,493.624,502.956,True,True,True,1.652,0.175,0,1.725,1.888,0.003,,,,,,,,,1.159,0.027,1.0,1.004,0.407,0.985
Rangelands_yearly_False_window_2_lags_none_sinusoidal_no_quadratic,False,2,quadratic_lags_none_sinusoidal_no,0.435,0.0,1568.178,1575.933,False,False,False,0.802,0.349,0,1.904,1.904,0.28,,,,,,,,,,,,,,
Rangelands_yearly_False_window_2_lags_1_sinusoidal_no_quadratic,False,2,quadratic_lags_1_sinusoidal_no,0.448,0.0,1552.837,1563.136,False,False,False,0.805,0.356,0,1.994,2.086,0.388,1.092,0.13,,,,,,,,,,,,
Rangelands_yearly_False_window_2_lags_2_sinusoidal_no_quadratic,False,2,quadratic_lags_2_sinusoidal_no,0.442,0.0,1538.914,1549.171,False,False,False,0.85,0.373,0,2.028,2.151,0.366,,,1.122,0.255,,,,,,,,,,
Rangelands_yearly_False_window_2_lags_3_sinusoidal_no_quadratic,False,2,quadratic_lags_3_sinusoidal_no,0.46,0.0,1520.845,1531.06,False,False,False,0.883,0.375,0,2.049,2.201,0.593,,,,,1.152,0.039,,,,,,,,
Rangelands_yearly_False_window_2_lags_4_sinusoidal_no_quadratic,False,2,quadratic_lags_4_sinusoidal_no,0.474,0.0,1502.825,1512.998,False,False,False,0.865,0.387,0,2.148,2.423,0.967,,,,,,,1.275,0.007,,,,,,
Rangelands_yearly_False_window_2_lags_5_sinusoidal_no_quadratic,False,2,quadratic_lags_5_sinusoidal_no,0.441,0.0,1492.891,1503.022,False,False,False,0.865,0.394,0,1.999,2.116,0.409,,,,,,,,,1.117,0.134,,,,
Rangelands_yearly_False_window_2_lags_none_sinusoidal_yes_quadratic,False,2,quadratic_lags_none_sinusoidal_yes,0.49,0.0,1562.147,1575.072,False,False,False,0.893,0.405,0,1.925,1.949,0.437,,,,,,,,,,,1.018,1.006,0.013,0.056
Rangelands_yearly_False_window_2_lags_1_sinusoidal_yes_quadratic,False,2,quadratic_lags_1_sinusoidal_yes,0.507,0.0,1545.983,1561.431,False,False,False,0.901,0.411,0,2.015,2.13,0.594,1.094,0.066,,,,,,,,,1.016,1.005,0.012,0.04
Rangelands_yearly_False_window_2_lags_2_sinusoidal_yes_quadratic,False,2,quadratic_lags_2_sinusoidal_yes,0.503,0.0,1531.933,1547.319,False,False,False,0.965,0.414,0,2.052,2.2,0.593,,,1.125,0.116,,,,,,,1.017,1.006,0.012,0.037
Rangelands_yearly_False_window_2_lags_3_sinusoidal_yes_quadratic,False,2,quadratic_lags_3_sinusoidal_yes,0.519,0.0,1513.878,1529.201,False,False,False,0.987,0.381,0,2.067,2.24,0.836,,,,,1.155,0.014,,,,,1.011,1.007,0.016,0.029
Rangelands_yearly_False_window_2_lags_4_sinusoidal_yes_quadratic,False,2,quadratic_lags_4_sinusoidal_yes,0.526,0.0,1497.13,1512.39,True,False,False,0.956,0.442,0,2.159,2.447,0.817,,,,,,,1.278,0.003,,,1.007,1.003,0.022,0.044
Rangelands_yearly_False_window_2_lags_5_sinusoidal_yes_quadratic,False,2,quadratic_lags_5_sinusoidal_yes,0.496,0.0,1487.333,1502.529,False,False,False,0.939,0.425,0,2.013,2.147,0.599,,,,,,,,,1.119,0.088,1.014,1.001,0.015,0.071
Rangelands_yearly_True_window_2_lags_none_sinusoidal_no_quadratic,True,2,quadratic_lags_none_sinusoidal_no,0.569,0.0,538.98,544.046,True,True,False,0.706,0.463,0,1.858,1.858,0.002,,,,,,,,,,,,,,
Rangelands_yearly_True_window_2_lags_1_sinusoidal_no_quadratic,True,2,quadratic_lags_1_sinusoidal_no,0.57,0.0,528.27,534.925,True,True,False,0.704,0.446,0,1.995,2.104,0.002,1.109,0.539,,,,,,,,,,,,
Rangelands_yearly_True_window_2_lags_2_sinusoidal_no_quadratic,True,2,quadratic_lags_2_sinusoidal_no,0.56,0.0,516.417,522.968,True,True,False,0.703,0.487,0,2.228,2.513,0.005,,,1.285,0.731,,,,,,,,,,
Rangelands_yearly_True_window_2_lags_3_sinusoidal_no_quadratic,True,2,quadratic_lags_3_sinusoidal_no,0.58,0.0,503.1,509.544,True,True,False,0.745,0.478,0,2.15,2.328,0.004,,,,,1.178,0.63,,,,,,,,
Rangelands_yearly_True_window_2_lags_4_sinusoidal_no_quadratic,True,2,quadratic_lags_4_sinusoidal_no,0.604,0.0,487.357,493.691,True,True,False,0.902,0.517,0,2.174,2.39,0.002,,,,,,,1.216,0.066,,,,,,
Rangelands_yearly_True_window_2_lags_5_sinusoidal_no_quadratic,True,2,quadratic_lags_5_sinusoidal_no,0.726,0.0,461.204,467.426,True,True,False,0.923,0.691,0,2.161,2.343,0.0,,,,,,,,,1.182,0.0,,,,
Rangelands_yearly_True_window_2_lags_none_sinusoidal_yes_quadratic,True,2,quadratic_lags_none_sinusoidal_yes,0.58,0.0,541.964,550.408,True,True,False,0.666,0.466,0,1.886,1.918,0.002,,,,,,,,,,,1.009,1.023,0.714,0.391
Rangelands_yearly_True_window_2_lags_1_sinusoidal_yes_quadratic,True,2,quadratic_lags_1_sinusoidal_yes,0.578,0.0,531.516,541.498,True,True,False,0.668,0.387,0,2.033,2.185,0.004,1.114,0.554,,,,,,,,,1.038,1.0,0.834,0.444
Rangelands_yearly_True_window_2_lags_2_sinusoidal_yes_quadratic,True,2,quadratic_lags_2_sinusoidal_yes,0.572,0.0,519.417,529.242,True,True,False,0.654,0.265,0,2.231,2.519,0.006,,,1.285,0.754,,,,,,,1.002,1.001,0.749,0.393
Rangelands_yearly_True_window_2_lags_3_sinusoidal_yes_quadratic,True,2,quadratic_lags_3_sinusoidal_yes,0.592,0.0,506.042,515.708,True,True,False,0.702,0.466,0,2.167,2.362,0.005,,,,,1.18,0.564,,,,,1.001,1.014,0.62,0.425
Rangelands_yearly_True_window_2_lags_4_sinusoidal_yes_quadratic,True,2,quadratic_lags_4_sinusoidal_yes,0.62,0.0,489.855,499.356,True,True,False,0.852,0.472,0,2.219,2.482,0.002,,,,,,,1.224,0.055,,,1.014,1.025,0.925,0.271
Rangelands_yearly_True_window_2_lags_5_sinusoidal_yes_quadratic,True,2,quadratic_lags_5_sinusoidal_yes,0.726,0.0,465.169,474.501,True,True,False,0.924,0.665,0,2.173,2.367,0.001,,,,,,,,,1.184,0.0,1.009,1.002,0.865,0.987
Rangelands_yearly_False_window_3_lags_none_sinusoidal_no_quadratic,False,3,quadratic_lags_none_sinusoidal_no,0.369,0.0,1505.732,1513.486,False,False,False,0.987,0.258,0,2.652,2.652,0.534,,,,,,,,,,,,,,
Rangelands_yearly_False_window_3_lags_1_sinusoidal_no_quadratic,False,3,quadratic_lags_1_sinusoidal_no,0.369,0.0,1493.349,1503.647,False,False,False,0.98,0.197,0,2.789,2.849,0.528,1.06,0.891,,,,,,,,,,,,
Rangelands_yearly_False_window_3_lags_2_sinusoidal_no_quadratic,False,3,quadratic_lags_2_sinusoidal_no,0.39,0.001,1475.996,1486.253,False,False,False,0.986,0.227,0,3.041,3.239,0.697,,,1.198,0.089,,,,,,,,,,
Rangelands_yearly_False_window_3_lags_3_sinusoidal_no_quadratic,False,3,quadratic_lags_3_sinusoidal_no,0.38,0.001,1462.94,1473.156,False,False,False,1.025,0.078,0,3.216,3.514,0.752,,,,,1.298,0.196,,,,,,,,
Rangelands_yearly_False_window_3_lags_4_sinusoidal_no_quadratic,False,3,quadratic_lags_4_sinusoidal_no,0.371,0.0,1449.319,1459.493,False,False,False,0.999,0.072,0,3.37,3.757,0.763,,,,,,,1.387,0.369,,,,,,
Rangelands_yearly_False_window_3_lags_5_sinusoidal_no_quadratic,False,3,quadratic_lags_5_sinusoidal_no,0.365,0.0,1435.455,1445.586,False,False,False,0.974,0.289,0,3.018,3.191,0.487,,,,,,,,,1.174,0.648,,,,
Rangelands_yearly_False_window_3_lags_none_sinusoidal_yes_quadratic,False,3,quadratic_lags_none_sinusoidal_yes,0.401,0.0,1504.633,1517.558,False,False,False,1.09,0.242,0,2.683,2.702,0.689,,,,,,,,,,,1.019,1.0,0.031,0.713
Rangelands_yearly_False_window_3_lags_1_sinusoidal_yes_quadratic,False,3,quadratic_lags_1_sinusoidal_yes,0.401,0.0,1492.326,1507.774,False,False,False,1.079,0.221,0,2.82,2.898,0.696,1.061,0.936,,,,,,,,,1.017,1.0,0.033,0.713
Rangelands_yearly_False_window_3_lags_2_sinusoidal_yes_quadratic,False,3,quadratic_lags_2_sinusoidal_yes,0.418,0.0,1475.451,1490.837,False,False,False,1.081,0.215,0,3.064,3.275,0.853,,,1.2,0.076,,,,,,,1.011,1.0,0.041,0.826
Rangelands_yearly_False_window_3_lags_3_sinusoidal_yes_quadratic,False,3,quadratic_lags_3_sinusoidal_yes,0.41,0.0,1462.31,1477.633,False,False,False,1.117,0.088,0,3.238,3.548,0.906,,,,,1.301,0.173,,,,,1.009,1.0,0.039,0.82
Rangelands_yearly_False_window_3_lags_4_sinusoidal_yes_quadratic,False,3,quadratic_lags_4_sinusoidal_yes,0.4,0.0,1448.857,1464.117,False,False,False,1.092,0.114,0,3.381,3.775,0.881,,,,,,,1.389,0.353,,,1.005,1.0,0.044,0.73
Rangelands_yearly_False_window_3_lags_5_sinusoidal_yes_quadratic,False,3,quadratic_lags_5_sinusoidal_yes,0.4,0.0,1434.161,1449.357,False,False,False,1.08,0.277,0,3.043,3.231,0.65,,,,,,,,,1.176,0.685,1.012,1.001,0.029,0.666
Rangelands_yearly_True_window_3_lags_none_sinusoidal_no_quadratic,True,3,quadratic_lags_none_sinusoidal_no,0.552,0.0,534.147,539.214,True,True,False,0.89,0.481,0,1.69,1.69,0.0,,,,,,,,,,,,,,
Rangelands_yearly_True_window_3_lags_1_sinusoidal_no_quadratic,True,3,quadratic_lags_1_sinusoidal_no,0.556,0.0,523.138,529.793,True,True,False,0.829,0.379,0,1.727,1.727,0.0,1.0,0.374,,,,,,,,,,,,
Rangelands_yearly_True_window_3_lags_2_sinusoidal_no_quadratic,True,3,quadratic_lags_2_sinusoidal_no,0.552,0.0,511.554,518.104,True,True,False,0.877,0.462,0,1.815,1.888,0.001,,,1.073,0.868,,,,,,,,,,
Rangelands_yearly_True_window_3_lags_3_sinusoidal_no_quadratic,True,3,quadratic_lags_3_sinusoidal_no,0.557,0.0,499.049,505.493,True,True,False,0.921,0.511,0,1.788,1.822,0.001,,,,,1.034,0.609,,,,,,,,
Rangelands_yearly_True_window_3_lags_4_sinusoidal_no_quadratic,True,3,quadratic_lags_4_sinusoidal_no,0.588,0.001,482.878,489.212,True,True,False,0.976,0.545,0,1.784,1.824,0.001,,,,,,,1.04,0.067,,,,,,
Rangelands_yearly_True_window_3_lags_5_sinusoidal_no_quadratic,True,3,quadratic_lags_5_sinusoidal_no,0.649,0.026,464.53,470.752,True,True,False,1.078,0.608,0,1.776,1.776,0.015,,,,,,,,,1.0,0.005,,,,
Rangelands_yearly_True_window_3_lags_none_sinusoidal_yes_quadratic,True,3,quadratic_lags_none_sinusoidal_yes,0.556,0.0,537.816,546.26,True,True,False,0.88,0.464,0,1.69,1.691,0.0,,,,,,,,,,,1.0,1.0,0.915,0.601
Rangelands_yearly_True_window_3_lags_1_sinusoidal_yes_quadratic,True,3,quadratic_lags_1_sinusoidal_yes,0.56,0.0,526.828,536.809,True,True,False,0.818,0.332,0,1.727,1.728,0.001,1.0,0.39,,,,,,,,,1.0,1.0,0.719,0.719
Rangelands_yearly_True_window_3_lags_2_sinusoidal_yes_quadratic,True,3,quadratic_lags_2_sinusoidal_yes,0.556,0.0,515.21,525.035,True,True,False,0.868,0.371,0,1.817,1.892,0.001,,,1.073,0.878,,,,,,,1.002,1.0,0.938,0.597
Rangelands_yearly_True_window_3_lags_3_sinusoidal_yes_quadratic,True,3,quadratic_lags_3_sinusoidal_yes,0.56,0.0,502.809,512.474,True,True,False,0.908,0.454,0,1.789,1.824,0.001,,,,,1.034,0.635,,,,,1.0,1.0,0.89,0.672
Rangelands_yearly_True_window_3_lags_4_sinusoidal_yes_quadratic,True,3,quadratic_lags_4_sinusoidal_yes,0.594,0.002,486.335,495.836,True,True,False,0.96,0.452,0,1.785,1.826,0.002,,,,,,,1.04,0.069,,,1.001,1.0,0.784,0.542
Rangelands_yearly_True_window_3_lags_5_sinusoidal_yes_quadratic,True,3,quadratic_lags_5_sinusoidal_yes,0.657,0.038,467.698,477.03,True,True,False,1.06,0.495,0,1.778,1.78,0.021,,,,,,,,,1.0,0.006,1.002,1.0,0.803,0.431
Rangelands_yearly_False_window_4_lags_none_sinusoidal_no_quadratic,False,4,quadratic_lags_none_sinusoidal_no,0.277,0.0,1470.4,1478.155,False,True,False,0.723,0.214,0,2.026,2.026,0.856,,,,,,,,,,,,,,
Rangelands_yearly_False_window_4_lags_1_sinusoidal_no_quadratic,False,4,quadratic_lags_1_sinusoidal_no,0.291,0.0,1456.672,1466.971,False,False,False,0.756,0.245,0,2.144,2.238,0.92,1.094,0.202,,,,,,,,,,,,
Rangelands_yearly_False_window_4_lags_2_sinusoidal_no_quadratic,False,4,quadratic_lags_2_sinusoidal_no,0.318,0.0,1439.674,1449.931,False,False,False,0.81,0.221,0,2.251,2.455,0.508,,,1.204,0.031,,,,,,,,,,
Rangelands_yearly_False_window_4_lags_3_sinusoidal_no_quadratic,False,4,quadratic_lags_3_sinusoidal_no,0.329,0.0,1423.946,1434.161,False,False,False,0.772,0.284,0,2.119,2.21,0.651,,,,,1.091,0.011,,,,,,,,
Rangelands_yearly_False_window_4_lags_4_sinusoidal_no_quadratic,False,4,quadratic_lags_4_sinusoidal_no,0.305,0.0,1412.165,1422.338,False,False,False,0.788,0.226,0,2.11,2.209,0.769,,,,,,,1.099,0.043,,,,,,
Rangelands_yearly_False_window_4_lags_5_sinusoidal_no_quadratic,False,4,quadratic_lags_5_sinusoidal_no,0.278,0.0,1400.869,1411.0,False,True,False,0.761,0.149,0,2.09,2.182,0.964,,,,,,,,,1.092,0.267,,,,
Rangelands_yearly_False_window_4_lags_none_sinusoidal_yes_quadratic,False,4,quadratic_lags_none_sinusoidal_yes,0.333,0.0,1466.457,1479.382,False,True,False,0.821,0.181,0,2.082,2.137,0.734,,,,,,,,,,,1.054,1.0,0.01,0.351
Rangelands_yearly_False_window_4_lags_1_sinusoidal_yes_quadratic,False,4,quadratic_lags_1_sinusoidal_yes,0.351,0.0,1452.123,1467.571,False,False,False,0.867,0.275,0,2.202,2.351,0.508,1.098,0.116,,,,,,,,,1.05,1.0,0.009,0.244
Rangelands_yearly_False_window_4_lags_2_sinusoidal_yes_quadratic,False,4,quadratic_lags_2_sinusoidal_yes,0.372,0.0,1435.69,1451.076,False,False,False,0.912,0.232,0,2.289,2.529,0.266,,,1.21,0.014,,,,,,,1.03,1.0,0.013,0.232
Rangelands_yearly_False_window_4_lags_3_sinusoidal_yes_quadratic,False,4,quadratic_lags_3_sinusoidal_yes,0.38,0.0,1420.448,1435.772,False,False,False,0.884,0.304,0,2.163,2.296,0.379,,,,,1.095,0.006,,,,,1.038,1.001,0.016,0.256
Rangelands_yearly_False_window_4_lags_4_sinusoidal_yes_quadratic,False,4,quadratic_lags_4_sinusoidal_yes,0.356,0.0,1409.017,1424.277,False,False,False,0.873,0.238,0,2.158,2.305,0.458,,,,,,,1.104,0.026,,,1.042,1.002,0.017,0.328
Rangelands_yearly_False_window_4_lags_5_sinusoidal_yes_quadratic,False,4,quadratic_lags_5_sinusoidal_yes,0.335,0.0,1397.188,1412.384,False,True,False,0.856,0.161,0,2.14,2.282,0.585,,,,,,,,,1.097,0.175,1.044,1.001,0.012,0.351
Rangelands_yearly_True_window_4_lags_none_sinusoidal_no_quadratic,True,4,quadratic_lags_none_sinusoidal_no,0.666,0.0,516.64,521.707,True,True,False,0.651,0.645,0,1.806,1.806,0.0,,,,,,,,,,,,,,
Rangelands_yearly_True_window_4_lags_1_sinusoidal_no_quadratic,True,4,quadratic_lags_1_sinusoidal_no,0.659,0.0,507.253,513.907,True,True,False,0.659,0.562,0,1.878,1.889,0.0,1.011,0.995,,,,,,,,,,,,
Rangelands_yearly_True_window_4_lags_2_sinusoidal_no_quadratic,True,4,quadratic_lags_2_sinusoidal_no,0.668,0.0,495.12,501.671,True,True,False,0.696,0.589,0,2.015,2.119,0.0,,,1.104,0.579,,,,,,,,,,
Rangelands_yearly_True_window_4_lags_3_sinusoidal_no_quadratic,True,4,quadratic_lags_3_sinusoidal_no,0.694,0.0,480.831,487.275,True,True,False,0.734,0.652,0,1.998,2.082,0.0,,,,,1.084,0.097,,,,,,,,
Rangelands_yearly_True_window_4_lags_4_sinusoidal_no_quadratic,True,4,quadratic_lags_4_sinusoidal_no,0.698,0.0,466.975,473.309,True,True,False,0.762,0.665,0,1.912,1.928,0.0,,,,,,,1.016,0.027,,,,,,
Rangelands_yearly_True_window_4_lags_5_sinusoidal_no_quadratic,True,4,quadratic_lags_5_sinusoidal_no,0.753,0.006,447.585,453.807,True,False,False,0.61,0.738,0,1.949,1.96,0.007,,,,,,,,,1.01,0.001,,,,
Rangelands_yearly_True_window_4_lags_none_sinusoidal_yes_quadratic,True,4,quadratic_lags_none_sinusoidal_yes,0.668,0.0,520.405,528.849,False,True,False,0.637,0.615,0,1.813,1.82,0.0,,,,,,,,,,,1.0,1.008,0.653,0.973
Rangelands_yearly_True_window_4_lags_1_sinusoidal_yes_quadratic,True,4,quadratic_lags_1_sinusoidal_yes,0.661,0.0,511.063,521.045,True,True,False,0.654,0.456,0,1.886,1.906,0.0,1.011,0.993,,,,,,,,,1.0,1.009,0.714,0.877
Rangelands_yearly_True_window_4_lags_2_sinusoidal_yes_quadratic,True,4,quadratic_lags_2_sinusoidal_yes,0.671,0.0,498.725,508.551,True,True,False,0.698,0.547,0,2.03,2.151,0.0,,,1.106,0.564,,,,,,,1.003,1.013,0.591,0.843
Rangelands_yearly_True_window_4_lags_3_sinusoidal_yes_quadratic,True,4,quadratic_lags_3_sinusoidal_yes,0.696,0.0,484.48,494.146,True,True,False,0.716,0.617,0,2.002,2.09,0.0,,,,,1.084,0.105,,,,,1.0,1.004,0.593,0.949
Rangelands_yearly_True_window_4_lags_4_sinusoidal_yes_quadratic,True,4,quadratic_lags_4_sinusoidal_yes,0.7,0.0,470.803,480.304,True,True,False,0.75,0.558,0,1.919,1.942,0.0,,,,,,,1.016,0.033,,,1.0,1.007,0.707,0.999
Rangelands_yearly_True_window_4_lags_5_sinusoidal_yes_quadratic,True,4,quadratic_lags_5_sinusoidal_yes,0.76,0.009,450.548,459.88,True,False,False,0.554,0.672,0,1.955,1.972,0.01,,,,,,,,,1.011,0.002,1.001,1.005,0.364,0.88
Rangelands_yearly_False_window_5_lags_none_sinusoidal_no_quadratic,False,5,quadratic_lags_none_sinusoidal_no,0.239,0.001,1435.54,1443.295,False,True,False,0.756,0.17,0,2.508,2.508,0.686,,,,,,,,,,,,,,
Rangelands_yearly_False_window_5_lags_1_sinusoidal_no_quadratic,False,5,quadratic_lags_1_sinusoidal_no,0.248,0.005,1423.2,1433.499,False,True,False,0.766,0.163,0,2.851,3.055,0.781,1.205,0.41,,,,,,,,,,,,
Rangelands_yearly_False_window_5_lags_2_sinusoidal_no_quadratic,False,5,quadratic_lags_2_sinusoidal_no,0.247,0.004,1410.207,1420.464,False,True,False,0.772,0.188,0,2.905,3.14,0.807,,,1.235,0.495,,,,,,,,,,
Rangelands_yearly_False_window_5_lags_3_sinusoidal_no_quadratic,False,5,quadratic_lags_3_sinusoidal_no,0.242,0.003,1396.807,1407.022,False,True,False,0.783,0.077,0,2.638,2.698,0.7,,,,,1.06,0.666,,,,,,,,
Rangelands_yearly_False_window_5_lags_4_sinusoidal_no_quadratic,False,5,quadratic_lags_4_sinusoidal_no,0.279,0.005,1377.366,1387.539,False,True,False,0.838,0.178,0,2.995,3.285,0.804,,,,,,,1.291,0.023,,,,,,
Rangelands_yearly_False_window_5_lags_5_sinusoidal_no_quadratic,False,5,quadratic_lags_5_sinusoidal_no,0.254,0.026,1365.797,1375.927,False,False,False,0.797,0.203,0,2.91,3.141,0.86,,,,,,,,,1.231,0.102,,,,
Rangelands_yearly_False_window_5_lags_none_sinusoidal_yes_quadratic,False,5,quadratic_lags_none_sinusoidal_yes,0.274,0.001,1434.896,1447.821,False,True,False,0.842,0.179,0,2.545,2.569,0.908,,,,,,,,,,,1.021,1.003,0.037,0.879
Rangelands_yearly_False_window_5_lags_1_sinusoidal_yes_quadratic,False,5,quadratic_lags_1_sinusoidal_yes,0.285,0.004,1422.222,1437.67,False,True,False,0.861,0.211,0,2.92,3.169,0.945,1.212,0.317,,,,,,,,,1.03,1.007,0.032,0.785
Rangelands_yearly_False_window_5_lags_2_sinusoidal_yes_quadratic,False,5,quadratic_lags_2_sinusoidal_yes,0.283,0.003,1409.547,1424.933,False,True,False,0.86,0.184,0,2.958,3.228,0.972,,,1.242,0.435,,,,,,,1.016,1.012,0.038,0.81
Rangelands_yearly_False_window_5_lags_3_sinusoidal_yes_quadratic,False,5,quadratic_lags_3_sinusoidal_yes,0.277,0.002,1396.287,1411.611,False,True,False,0.857,0.055,0,2.674,2.758,0.927,,,,,1.062,0.646,,,,,1.017,1.005,0.041,0.807
Rangelands_yearly_False_window_5_lags_4_sinusoidal_yes_quadratic,False,5,quadratic_lags_4_sinusoidal_yes,0.31,0.003,1377.227,1392.487,False,True,False,0.907,0.214,0,3.027,3.339,0.622,,,,,,,1.295,0.018,,,1.012,1.004,0.052,0.754
Rangelands_yearly_False_window_5_lags_5_sinusoidal_yes_quadratic,False,5,quadratic_lags_5_sinusoidal_yes,0.292,0.018,1364.993,1380.189,False,True,False,0.887,0.231,0,2.959,3.221,0.901,,,,,,,,,1.237,0.08,1.018,1.007,0.036,0.749
Rangelands_yearly_True_window_5_lags_none_sinusoidal_no_quadratic,True,5,quadratic_lags_none_sinusoidal_no,0.602,0.0,519.102,524.168,True,True,False,0.607,0.554,0,1.946,1.946,0.0,,,,,,,,,,,,,,
Rangelands_yearly_True_window_5_lags_1_sinusoidal_no_quadratic,True,5,quadratic_lags_1_sinusoidal_no,0.599,0.0,509.529,516.183,True,True,False,0.601,0.494,0,2.044,2.06,0.0,1.017,0.927,,,,,,,,,,,,
Rangelands_yearly_True_window_5_lags_2_sinusoidal_no_quadratic,True,5,quadratic_lags_2_sinusoidal_no,0.612,0.0,497.193,503.743,True,True,False,0.653,0.384,0,2.087,2.125,0.0,,,1.038,0.61,,,,,,,,,,
Rangelands_yearly_True_window_5_lags_3_sinusoidal_no_quadratic,True,5,quadratic_lags_3_sinusoidal_no,0.631,0.0,483.519,489.962,True,True,False,0.673,0.563,0,2.109,2.161,0.0,,,,,1.053,0.123,,,,,,,,
Rangelands_yearly_True_window_5_lags_4_sinusoidal_no_quadratic,True,5,quadratic_lags_4_sinusoidal_no,0.641,0.0,469.5,475.834,True,True,False,0.739,0.488,0,2.05,2.059,0.001,,,,,,,1.009,0.041,,,,,,
Rangelands_yearly_True_window_5_lags_5_sinusoidal_no_quadratic,True,5,quadratic_lags_5_sinusoidal_no,0.687,0.011,451.698,457.919,True,True,False,0.635,0.571,0,2.08,2.098,0.026,,,,,,,,,1.018,0.003,,,,
Rangelands_yearly_True_window_5_lags_none_sinusoidal_yes_quadratic,True,5,quadratic_lags_none_sinusoidal_yes,0.605,0.0,522.829,531.273,True,True,False,0.591,0.534,0,1.95,1.953,0.0,,,,,,,,,,,1.001,1.003,0.636,0.915
Rangelands_yearly_True_window_5_lags_1_sinusoidal_yes_quadratic,True,5,quadratic_lags_1_sinusoidal_yes,0.601,0.0,513.411,523.392,True,True,False,0.588,0.387,0,2.045,2.064,0.001,1.017,0.934,,,,,,,,,1.002,1.0,0.756,0.966
Rangelands_yearly_True_window_5_lags_2_sinusoidal_yes_quadratic,True,5,quadratic_lags_2_sinusoidal_yes,0.614,0.0,500.933,510.758,True,True,False,0.644,0.296,0,2.094,2.138,0.0,,,1.038,0.604,,,,,,,1.001,1.005,0.652,0.913
Rangelands_yearly_True_window_5_lags_3_sinusoidal_yes_quadratic,True,5,quadratic_lags_3_sinusoidal_yes,0.634,0.0,487.25,496.916,True,True,False,0.653,0.551,0,2.112,2.167,0.0,,,,,1.053,0.128,,,,,1.002,1.001,0.638,0.997
Rangelands_yearly_True_window_5_lags_4_sinusoidal_yes_quadratic,True,5,quadratic_lags_4_sinusoidal_yes,0.643,0.0,473.329,482.83,True,True,False,0.723,0.313,0,2.053,2.065,0.002,,,,,,,1.009,0.048,,,1.002,1.001,0.715,0.935
Rangelands_yearly_True_window_5_lags_5_sinusoidal_yes_quadratic,True,5,quadratic_lags_5_sinusoidal_yes,0.691,0.015,455.273,464.605,True,True,False,0.622,0.479,0,2.082,2.103,0.033,,,,,,,,,1.018,0.004,1.002,1.0,0.652,0.704
Rangelands_yearly_False_window_6_lags_none_sinusoidal_no_quadratic,False,6,quadratic_lags_none_sinusoidal_no,0.247,0.0,1386.664,1394.419,False,True,False,0.569,0.238,0,2.458,2.458,0.39,,,,,,,,,,,,,,
Rangelands_yearly_False_window_6_lags_1_sinusoidal_no_quadratic,False,6,quadratic_lags_1_sinusoidal_no,0.268,0.0,1373.603,1383.902,False,True,False,0.598,0.232,0,2.579,2.651,0.234,1.072,0.168,,,,,,,,,,,,
Rangelands_yearly_False_window_6_lags_2_sinusoidal_no_quadratic,False,6,quadratic_lags_2_sinusoidal_no,0.279,0.0,1360.279,1370.537,False,True,False,0.634,0.237,0,2.475,2.494,0.253,,,1.018,0.099,,,,,,,,,,
Rangelands_yearly_False_window_6_lags_3_sinusoidal_no_quadratic,False,6,quadratic_lags_3_sinusoidal_no,0.292,0.0,1345.019,1355.234,False,True,False,0.696,0.21,0,2.484,2.531,0.16,,,,,1.047,0.028,,,,,,,,
Rangelands_yearly_False_window_6_lags_4_sinusoidal_no_quadratic,False,6,quadratic_lags_4_sinusoidal_no,0.317,0.0,1326.416,1336.589,False,False,False,0.757,0.236,0,2.537,2.642,0.066,,,,,,,1.105,0.002,,,,,,
Rangelands_yearly_False_window_6_lags_5_sinusoidal_no_quadratic,False,6,quadratic_lags_5_sinusoidal_no,0.304,0.001,1313.399,1323.529,False,False,False,0.716,0.24,0,2.454,2.526,0.084,,,,,,,,,1.072,0.004,,,,
Rangelands_yearly_False_window_6_lags_none_sinusoidal_yes_quadratic,False,6,quadratic_lags_none_sinusoidal_yes,0.291,0.0,1384.66,1397.585,False,True,False,0.689,0.259,0,2.505,2.537,0.231,,,,,,,,,,,1.012,1.02,0.022,0.485
Rangelands_yearly_False_window_6_lags_1_sinusoidal_yes_quadratic,False,6,quadratic_lags_1_sinusoidal_yes,0.318,0.0,1370.76,1386.208,False,True,False,0.738,0.264,0,2.644,2.759,0.103,1.074,0.106,,,,,,,,,1.013,1.028,0.018,0.325
Rangelands_yearly_False_window_6_lags_2_sinusoidal_yes_quadratic,False,6,quadratic_lags_2_sinusoidal_yes,0.32,0.0,1358.66,1374.046,False,True,False,0.751,0.231,0,2.516,2.563,0.144,,,1.019,0.077,,,,,,,1.008,1.02,0.033,0.378
Rangelands_yearly_False_window_6_lags_3_sinusoidal_yes_quadratic,False,6,quadratic_lags_3_sinusoidal_yes,0.333,0.0,1343.383,1358.706,False,True,False,0.828,0.232,0,2.52,2.593,0.084,,,,,1.048,0.019,,,,,1.007,1.017,0.037,0.315
Rangelands_yearly_False_window_6_lags_4_sinusoidal_yes_quadratic,False,6,quadratic_lags_4_sinusoidal_yes,0.355,0.0,1325.098,1340.358,False,False,False,0.865,0.241,0,2.575,2.707,0.033,,,,,,,1.107,0.001,,,1.004,1.02,0.052,0.262
Rangelands_yearly_False_window_6_lags_5_sinusoidal_yes_quadratic,False,6,quadratic_lags_5_sinusoidal_yes,0.343,0.001,1312.012,1327.208,False,False,False,0.833,0.266,0,2.485,2.579,0.046,,,,,,,,,1.073,0.002,1.005,1.016,0.036,0.408
Rangelands_yearly_True_window_6_lags_none_sinusoidal_no_quadratic,True,6,quadratic_lags_none_sinusoidal_no,0.659,0.0,507.826,512.892,True,True,False,0.459,0.565,0,1.843,1.843,0.0,,,,,,,,,,,,,,
Rangelands_yearly_True_window_6_lags_1_sinusoidal_no_quadratic,True,6,quadratic_lags_1_sinusoidal_no,0.658,0.0,498.651,505.305,True,True,False,0.47,0.515,0,1.913,1.915,0.0,1.002,0.796,,,,,,,,,,,,
Rangelands_yearly_True_window_6_lags_2_sinusoidal_no_quadratic,True,6,quadratic_lags_2_sinusoidal_no,0.681,0.0,485.529,492.08,True,True,False,0.565,0.545,0,2.015,2.096,0.0,,,1.081,0.301,,,,,,,,,,
Rangelands_yearly_True_window_6_lags_3_sinusoidal_no_quadratic,True,6,quadratic_lags_3_sinusoidal_no,0.708,0.0,471.066,477.51,True,True,False,0.572,0.587,0,2.04,2.128,0.0,,,,,1.088,0.038,,,,,,,,
Rangelands_yearly_True_window_6_lags_4_sinusoidal_no_quadratic,True,6,quadratic_lags_4_sinusoidal_no,0.721,0.0,456.458,462.792,True,True,False,0.641,0.581,0,1.973,1.997,0.0,,,,,,,1.023,0.008,,,,,,
Rangelands_yearly_True_window_6_lags_5_sinusoidal_no_quadratic,True,6,quadratic_lags_5_sinusoidal_no,0.741,0.006,441.066,447.287,True,True,False,0.482,0.696,0,1.99,1.992,0.014,,,,,,,,,1.003,0.001,,,,
Rangelands_yearly_True_window_6_lags_none_sinusoidal_yes_quadratic,True,6,quadratic_lags_none_sinusoidal_yes,0.661,0.0,511.669,520.114,True,True,False,0.461,0.481,0,1.848,1.855,0.0,,,,,,,,,,,1.006,1.001,0.72,0.935
Rangelands_yearly_True_window_6_lags_1_sinusoidal_yes_quadratic,True,6,quadratic_lags_1_sinusoidal_yes,0.658,0.0,502.632,512.613,True,True,False,0.467,0.475,0,1.918,1.925,0.0,1.002,0.804,,,,,,,,,1.005,1.001,0.911,0.955
Rangelands_yearly_True_window_6_lags_2_sinusoidal_yes_quadratic,True,6,quadratic_lags_2_sinusoidal_yes,0.683,0.0,489.237,499.062,True,True,False,0.58,0.493,0,2.032,2.131,0.0,,,1.082,0.298,,,,,,,1.012,1.004,0.627,0.931
Rangelands_yearly_True_window_6_lags_3_sinusoidal_yes_quadratic,True,6,quadratic_lags_3_sinusoidal_yes,0.709,0.0,474.894,484.56,True,True,False,0.567,0.568,0,2.044,2.137,0.0,,,,,1.089,0.042,,,,,1.004,1.0,0.741,0.855
Rangelands_yearly_True_window_6_lags_4_sinusoidal_yes_quadratic,True,6,quadratic_lags_4_sinusoidal_yes,0.721,0.0,460.44,469.941,True,True,False,0.64,0.479,0,1.978,2.005,0.0,,,,,,,1.023,0.011,,,1.004,1.0,0.931,0.932
Rangelands_yearly_True_window_6_lags_5_sinusoidal_yes_quadratic,True,6,quadratic_lags_5_sinusoidal_yes,0.744,0.009,444.723,454.055,True,True,False,0.481,0.528,0,1.995,2.003,0.018,,,,,,,,,1.003,0.002,1.005,1.0,0.764,0.664
Rangelands_yearly_False_window_7_lags_none_sinusoidal_no_quadratic,False,7,quadratic_lags_none_sinusoidal_no,0.192,0.0,1353.152,1360.907,False,True,False,0.696,0.125,0,1.852,1.852,0.029,,,,,,,,,,,,,,
Rangelands_yearly_False_window_7_lags_1_sinusoidal_no_quadratic,False,7,quadratic_lags_1_sinusoidal_no,0.2,0.0,1342.671,1352.97,False,True,False,0.694,0.147,0,2.004,2.171,0.024,1.167,0.673,,,,,,,,,,,,
Rangelands_yearly_False_window_7_lags_2_sinusoidal_no_quadratic,False,7,quadratic_lags_2_sinusoidal_no,0.203,0.0,1330.168,1340.425,False,False,False,0.699,0.107,0,2.085,2.34,0.02,,,1.256,0.527,,,,,,,,,,
Rangelands_yearly_False_window_7_lags_3_sinusoidal_no_quadratic,False,7,quadratic_lags_3_sinusoidal_no,0.2,0.0,1317.752,1327.967,False,True,False,0.697,0.12,0,1.978,2.106,0.023,,,,,1.129,0.727,,,,,,,,
Rangelands_yearly_False_window_7_lags_4_sinusoidal_no_quadratic,False,7,quadratic_lags_4_sinusoidal_no,0.189,0.0,1303.493,1313.666,False,True,False,0.694,0.127,0,2.03,2.221,0.029,,,,,,,1.192,0.486,,,,,,
Rangelands_yearly_False_window_7_lags_5_sinusoidal_no_quadratic,False,7,quadratic_lags_5_sinusoidal_no,0.179,0.0,1290.408,1300.538,False,True,False,0.701,0.119,0,2.146,2.469,0.041,,,,,,,,,1.323,0.723,,,,
Rangelands_yearly_False_window_7_lags_none_sinusoidal_yes_quadratic,False,7,quadratic_lags_none_sinusoidal_yes,0.23,0.0,1352.466,1365.391,False,False,False,0.78,0.117,0,1.862,1.873,0.017,,,,,,,,,,,1.011,1.0,0.067,0.293
Rangelands_yearly_False_window_7_lags_1_sinusoidal_yes_quadratic,False,7,quadratic_lags_1_sinusoidal_yes,0.238,0.0,1341.926,1357.374,False,False,False,0.773,0.194,0,2.017,2.201,0.014,1.169,0.597,,,,,,,,,1.01,1.004,0.073,0.257
Rangelands_yearly_False_window_7_lags_2_sinusoidal_yes_quadratic,False,7,quadratic_lags_2_sinusoidal_yes,0.242,0.0,1329.317,1344.704,False,False,False,0.78,0.126,0,2.091,2.354,0.013,,,1.257,0.478,,,,,,,1.003,1.002,0.068,0.264
Rangelands_yearly_False_window_7_lags_3_sinusoidal_yes_quadratic,False,7,quadratic_lags_3_sinusoidal_yes,0.241,0.0,1316.743,1332.067,False,False,False,0.785,0.138,0,1.989,2.131,0.014,,,,,1.13,0.649,,,,,1.008,1.004,0.071,0.224
Rangelands_yearly_False_window_7_lags_4_sinusoidal_yes_quadratic,False,7,quadratic_lags_4_sinusoidal_yes,0.23,0.0,1302.71,1317.97,True,False,False,0.77,0.121,0,2.044,2.252,0.016,,,,,,,1.194,0.417,,,1.008,1.006,0.082,0.219
Rangelands_yearly_False_window_7_lags_5_sinusoidal_yes_quadratic,False,7,quadratic_lags_5_sinusoidal_yes,0.218,0.0,1289.815,1305.011,True,False,False,0.785,0.119,0,2.158,2.496,0.025,,,,,,,,,1.327,0.638,1.006,1.005,0.073,0.294
Rangelands_yearly_True_window_7_lags_none_sinusoidal_no_quadratic,True,7,quadratic_lags_none_sinusoidal_no,0.603,0.0,508.659,513.725,True,True,False,0.315,0.501,0,1.86,1.86,0.0,,,,,,,,,,,,,,
Rangelands_yearly_True_window_7_lags_1_sinusoidal_no_quadratic,True,7,quadratic_lags_1_sinusoidal_no,0.634,0.0,496.539,503.193,True,True,False,0.445,0.46,0,1.917,1.928,0.001,1.011,0.141,,,,,,,,,,,,
Rangelands_yearly_True_window_7_lags_2_sinusoidal_no_quadratic,True,7,quadratic_lags_2_sinusoidal_no,0.656,0.0,483.673,490.224,True,True,False,0.459,0.496,0,2.031,2.133,0.0,,,1.101,0.066,,,,,,,,,,
Rangelands_yearly_True_window_7_lags_3_sinusoidal_no_quadratic,True,7,quadratic_lags_3_sinusoidal_no,0.684,0.0,469.238,475.681,True,False,False,0.442,0.563,0,2.06,2.167,0.0,,,,,1.107,0.018,,,,,,,,
Rangelands_yearly_True_window_7_lags_4_sinusoidal_no_quadratic,True,7,quadratic_lags_4_sinusoidal_no,0.701,0.0,453.987,460.321,True,False,False,0.43,0.62,0,1.984,2.025,0.0,,,,,,,1.041,0.003,,,,,,
Rangelands_yearly_True_window_7_lags_5_sinusoidal_no_quadratic,True,7,quadratic_lags_5_sinusoidal_no,0.701,0.009,441.066,447.287,True,False,False,0.341,0.648,0,1.956,1.956,0.024,,,,,,,,,1.0,0.001,,,,
Rangelands_yearly_True_window_7_lags_none_sinusoidal_yes_quadratic,True,7,quadratic_lags_none_sinusoidal_yes,0.605,0.0,512.452,520.896,True,True,False,0.315,0.431,0,1.876,1.894,0.0,,,,,,,,,,,1.018,1.0,0.677,0.947
Rangelands_yearly_True_window_7_lags_1_sinusoidal_yes_quadratic,True,7,quadratic_lags_1_sinusoidal_yes,0.638,0.0,500.12,510.101,True,True,False,0.455,0.3,0,1.941,1.978,0.002,1.011,0.149,,,,,,,,,1.021,1.005,0.751,0.621
Rangelands_yearly_True_window_7_lags_2_sinusoidal_yes_quadratic,True,7,quadratic_lags_2_sinusoidal_yes,0.662,0.0,486.994,496.819,True,True,False,0.453,0.476,0,2.061,2.195,0.0,,,1.104,0.066,,,,,,,1.029,1.0,0.494,0.755
Rangelands_yearly_True_window_7_lags_3_sinusoidal_yes_quadratic,True,7,quadratic_lags_3_sinusoidal_yes,0.688,0.0,472.813,482.478,True,True,False,0.43,0.515,0,2.086,2.22,0.0,,,,,1.109,0.02,,,,,1.022,1.002,0.554,0.979
Rangelands_yearly_True_window_7_lags_4_sinusoidal_yes_quadratic,True,7,quadratic_lags_4_sinusoidal_yes,0.701,0.0,457.914,467.416,True,False,False,0.428,0.491,0,1.998,2.053,0.001,,,,,,,1.041,0.005,,,1.013,1.001,0.856,0.872
Rangelands_yearly_True_window_7_lags_5_sinusoidal_yes_quadratic,True,7,quadratic_lags_5_sinusoidal_yes,0.707,0.011,444.404,453.736,True,False,False,0.322,0.442,0,1.979,2.004,0.029,,,,,,,,,1.0,0.001,1.023,1.001,0.696,0.535
Rangelands_yearly_False_window_8_lags_none_sinusoidal_no_quadratic,False,8,quadratic_lags_none_sinusoidal_no,0.212,0.0,1345.521,1353.276,False,True,False,0.524,0.181,0,1.858,1.858,0.121,,,,,,,,,,,,,,
Rangelands_yearly_False_window_8_lags_1_sinusoidal_no_quadratic,False,8,quadratic_lags_1_sinusoidal_no,0.226,0.0,1334.621,1344.92,False,True,False,0.534,0.143,0,2.09,2.355,0.076,1.265,0.441,,,,,,,,,,,,
Rangelands_yearly_False_window_8_lags_2_sinusoidal_no_quadratic,False,8,quadratic_lags_2_sinusoidal_no,0.237,0.0,1321.241,1331.498,False,True,False,0.562,0.106,0,2.129,2.442,0.042,,,1.313,0.185,,,,,,,,,,
Rangelands_yearly_False_window_8_lags_3_sinusoidal_no_quadratic,False,8,quadratic_lags_3_sinusoidal_no,0.24,0.0,1308.235,1318.45,False,True,False,0.57,0.181,0,2.023,2.218,0.041,,,,,1.195,0.142,,,,,,,,
Rangelands_yearly_False_window_8_lags_4_sinusoidal_no_quadratic,False,8,quadratic_lags_4_sinusoidal_no,0.231,0.0,1293.362,1303.535,False,True,False,0.589,0.17,0,2.213,2.641,0.032,,,,,,,1.427,0.081,,,,,,
Rangelands_yearly_False_window_8_lags_5_sinusoidal_no_quadratic,False,8,quadratic_lags_5_sinusoidal_no,0.214,0.0,1280.551,1290.682,False,True,False,0.554,0.14,0,2.091,2.382,0.065,,,,,,,,,1.291,0.13,,,,
Rangelands_yearly_False_window_8_lags_none_sinusoidal_yes_quadratic,False,8,quadratic_lags_none_sinusoidal_yes,0.256,0.0,1343.858,1356.783,False,True,False,0.613,0.21,0,1.871,1.885,0.091,,,,,,,,,,,1.015,1.0,0.137,0.073
Rangelands_yearly_False_window_8_lags_1_sinusoidal_yes_quadratic,False,8,quadratic_lags_1_sinusoidal_yes,0.272,0.0,1332.677,1348.125,False,True,False,0.63,0.204,0,2.11,2.397,0.05,1.27,0.373,,,,,,,,,1.018,1.0,0.136,0.065
Rangelands_yearly_False_window_8_lags_2_sinusoidal_yes_quadratic,False,8,quadratic_lags_2_sinusoidal_yes,0.282,0.0,1319.401,1334.788,False,True,False,0.652,0.164,0,2.14,2.465,0.032,,,1.316,0.16,,,,,,,1.009,1.001,0.133,0.071
Rangelands_yearly_False_window_8_lags_3_sinusoidal_yes_quadratic,False,8,quadratic_lags_3_sinusoidal_yes,0.296,0.0,1304.996,1320.319,True,True,False,0.69,0.178,0,2.036,2.246,0.024,,,,,1.197,0.1,,,,,1.012,1.001,0.133,0.031
Rangelands_yearly_False_window_8_lags_4_sinusoidal_yes_quadratic,False,8,quadratic_lags_4_sinusoidal_yes,0.274,0.0,1291.974,1307.234,False,True,False,0.676,0.177,0,2.22,2.655,0.027,,,,,,,1.43,0.071,,,1.005,1.0,0.2,0.064
Rangelands_yearly_False_window_8_lags_5_sinusoidal_yes_quadratic,False,8,quadratic_lags_5_sinusoidal_yes,0.259,0.0,1279.177,1294.373,True,True,False,0.645,0.162,0,2.099,2.399,0.05,,,,,,,,,1.293,0.115,1.007,1.0,0.164,0.077
Rangelands_yearly_True_window_8_lags_none_sinusoidal_no_quadratic,True,8,quadratic_lags_none_sinusoidal_no,0.685,0.0,494.236,499.303,True,True,False,0.395,0.632,0,2.175,2.175,0.0,,,,,,,,,,,,,,
Rangelands_yearly_True_window_8_lags_1_sinusoidal_no_quadratic,True,8,quadratic_lags_1_sinusoidal_no,0.701,0.0,483.859,490.513,True,True,False,0.519,0.649,0,2.263,2.263,0.0,1.0,0.343,,,,,,,,,,,,
Rangelands_yearly_True_window_8_lags_2_sinusoidal_no_quadratic,True,8,quadratic_lags_2_sinusoidal_no,0.73,0.0,470.127,476.677,True,True,False,0.576,0.67,0,2.393,2.445,0.0,,,1.052,0.065,,,,,,,,,,
Rangelands_yearly_True_window_8_lags_3_sinusoidal_no_quadratic,True,8,quadratic_lags_3_sinusoidal_no,0.754,0.0,455.954,462.398,True,True,False,0.505,0.72,0,2.378,2.381,0.001,,,,,1.004,0.013,,,,,,,,
Rangelands_yearly_True_window_8_lags_4_sinusoidal_no_quadratic,True,8,quadratic_lags_4_sinusoidal_no,0.759,0.0,441.95,448.284,True,False,False,0.693,0.69,0,2.392,2.393,0.006,,,,,,,1.001,0.005,,,,,,
Rangelands_yearly_True_window_8_lags_5_sinusoidal_no_quadratic,True,8,quadratic_lags_5_sinusoidal_no,0.753,0.08,430.226,436.448,True,True,False,0.426,0.572,0,2.465,2.496,0.341,,,,,,,,,1.031,0.001,,,,
Rangelands_yearly_True_window_8_lags_none_sinusoidal_yes_quadratic,True,8,quadratic_lags_none_sinusoidal_yes,0.687,0.0,498.019,506.464,True,True,False,0.393,0.546,0,2.204,2.228,0.0,,,,,,,,,,,1.021,1.004,0.754,0.764
Rangelands_yearly_True_window_8_lags_1_sinusoidal_yes_quadratic,True,8,quadratic_lags_1_sinusoidal_yes,0.704,0.0,487.542,497.523,True,True,False,0.527,0.55,0,2.29,2.312,0.0,1.0,0.353,,,,,,,,,1.021,1.001,0.615,0.915
Rangelands_yearly_True_window_8_lags_2_sinusoidal_yes_quadratic,True,8,quadratic_lags_2_sinusoidal_yes,0.732,0.0,473.934,483.76,True,False,False,0.575,0.59,0,2.42,2.493,0.0,,,1.053,0.072,,,,,,,1.02,1.0,0.712,0.879
Rangelands_yearly_True_window_8_lags_3_sinusoidal_yes_quadratic,True,8,quadratic_lags_3_sinusoidal_yes,0.754,0.0,459.933,469.598,True,False,False,0.503,0.652,0,2.407,2.432,0.001,,,,,1.004,0.017,,,,,1.02,1.001,0.895,0.984
Rangelands_yearly_True_window_8_lags_4_sinusoidal_yes_quadratic,True,8,quadratic_lags_4_sinusoidal_yes,0.761,0.001,445.769,455.27,True,False,False,0.679,0.589,0,2.424,2.447,0.008,,,,,,,1.001,0.007,,,1.021,1.002,0.849,0.737
Rangelands_yearly_True_window_8_lags_5_sinusoidal_yes_quadratic,True,8,quadratic_lags_5_sinusoidal_yes,0.753,0.087,434.13,443.462,True,True,False,0.418,0.433,0,2.504,2.563,0.339,,,,,,,,,1.031,0.002,1.024,1.003,0.808,0.886
Rangelands_yearly_False_window_9_lags_none_sinusoidal_no_quadratic,False,9,quadratic_lags_none_sinusoidal_no,0.216,0.0,1346.765,1354.52,False,True,False,0.605,0.161,0,2.022,2.022,0.004,,,,,,,,,,,,,,
Rangelands_yearly_False_window_9_lags_1_sinusoidal_no_quadratic,False,9,quadratic_lags_1_sinusoidal_no,0.224,0.0,1335.899,1346.198,False,True,False,0.61,0.012,0,2.149,2.268,0.003,1.118,0.491,,,,,,,,,,,,
Rangelands_yearly_False_window_9_lags_2_sinusoidal_no_quadratic,False,9,quadratic_lags_2_sinusoidal_no,0.233,0.0,1322.535,1332.792,False,True,False,0.639,0.123,0,2.32,2.598,0.002,,,1.278,0.245,,,,,,,,,,
Rangelands_yearly_False_window_9_lags_3_sinusoidal_no_quadratic,False,9,quadratic_lags_3_sinusoidal_no,0.236,0.0,1309.038,1319.254,False,True,False,0.657,0.118,0,2.529,3.008,0.001,,,,,1.479,0.167,,,,,,,,
Rangelands_yearly_False_window_9_lags_4_sinusoidal_no_quadratic,False,9,quadratic_lags_4_sinusoidal_no,0.215,0.0,1296.099,1306.272,False,True,False,0.636,0.097,0,2.479,2.911,0.003,,,,,,,1.433,0.263,,,,,,
Rangelands_yearly_False_window_9_lags_5_sinusoidal_no_quadratic,False,9,quadratic_lags_5_sinusoidal_no,0.196,0.0,1284.054,1294.184,False,True,False,0.611,0.156,0,2.273,2.506,0.008,,,,,,,,,1.233,0.796,,,,
Rangelands_yearly_False_window_9_lags_none_sinusoidal_yes_quadratic,False,9,quadratic_lags_none_sinusoidal_yes,0.279,0.0,1342.61,1355.535,False,False,False,0.743,0.21,0,2.024,2.026,0.003,,,,,,,,,,,1.002,1.0,0.03,0.078
Rangelands_yearly_False_window_9_lags_1_sinusoidal_yes_quadratic,False,9,quadratic_lags_1_sinusoidal_yes,0.287,0.0,1331.707,1347.155,False,True,False,0.748,0.174,0,2.153,2.274,0.002,1.119,0.427,,,,,,,,,1.003,1.0,0.029,0.08
Rangelands_yearly_False_window_9_lags_2_sinusoidal_yes_quadratic,False,9,quadratic_lags_2_sinusoidal_yes,0.294,0.0,1318.55,1333.936,False,False,False,0.772,0.209,0,2.322,2.602,0.001,,,1.279,0.226,,,,,,,1.0,1.001,0.029,0.094
Rangelands_yearly_False_window_9_lags_3_sinusoidal_yes_quadratic,False,9,quadratic_lags_3_sinusoidal_yes,0.31,0.0,1303.342,1318.665,False,False,False,0.819,0.172,0,2.535,3.019,0.001,,,,,1.48,0.108,,,,,1.003,1.001,0.022,0.045
Rangelands_yearly_False_window_9_lags_4_sinusoidal_yes_quadratic,False,9,quadratic_lags_4_sinusoidal_yes,0.277,0.0,1292.451,1307.711,False,True,False,0.768,0.07,0,2.48,2.914,0.003,,,,,,,1.433,0.26,,,1.0,1.001,0.043,0.075
Rangelands_yearly_False_window_9_lags_5_sinusoidal_yes_quadratic,False,9,quadratic_lags_5_sinusoidal_yes,0.263,0.0,1280.018,1295.213,False,False,False,0.746,0.208,0,2.273,2.506,0.006,,,,,,,,,1.233,0.787,1.0,1.0,0.032,0.082
Rangelands_yearly_True_window_9_lags_none_sinusoidal_no_quadratic,True,9,quadratic_lags_none_sinusoidal_no,0.715,0.0,485.358,490.425,True,False,False,0.433,0.653,0,2.329,2.329,0.0,,,,,,,,,,,,,,
Rangelands_yearly_True_window_9_lags_1_sinusoidal_no_quadratic,True,9,quadratic_lags_1_sinusoidal_no,0.728,0.0,475.502,482.157,True,False,False,0.553,0.692,0,2.41,2.411,0.0,1.001,0.317,,,,,,,,,,,,
Rangelands_yearly_True_window_9_lags_2_sinusoidal_no_quadratic,True,9,quadratic_lags_2_sinusoidal_no,0.739,0.0,464.132,470.682,True,False,False,0.535,0.672,0,2.571,2.628,0.0,,,1.057,0.175,,,,,,,,,,
Rangelands_yearly_True_window_9_lags_3_sinusoidal_no_quadratic,True,9,quadratic_lags_3_sinusoidal_no,0.749,0.0,451.411,457.855,True,False,False,0.504,0.62,0,2.549,2.558,0.0,,,,,1.009,0.063,,,,,,,,
Rangelands_yearly_True_window_9_lags_4_sinusoidal_no_quadratic,True,9,quadratic_lags_4_sinusoidal_no,0.754,0.0,437.542,443.876,True,False,False,0.571,0.656,0,2.575,2.575,0.005,,,,,,,1.0,0.023,,,,,,
Rangelands_yearly_True_window_9_lags_5_sinusoidal_no_quadratic,True,9,quadratic_lags_5_sinusoidal_no,0.736,0.004,427.797,434.018,True,False,False,0.571,0.627,0,2.631,2.637,0.033,,,,,,,,,1.006,0.013,,,,
Rangelands_yearly_True_window_9_lags_none_sinusoidal_yes_quadratic,True,9,quadratic_lags_none_sinusoidal_yes,0.716,0.0,489.288,497.732,True,True,False,0.434,0.548,0,2.371,2.403,0.0,,,,,,,,,,,1.026,1.006,0.839,0.889
Rangelands_yearly_True_window_9_lags_1_sinusoidal_yes_quadratic,True,9,quadratic_lags_1_sinusoidal_yes,0.733,0.0,478.826,488.808,True,True,False,0.612,0.651,0,2.462,2.499,0.0,1.001,0.315,,,,,,,,,1.036,1.001,0.508,0.722
Rangelands_yearly_True_window_9_lags_2_sinusoidal_yes_quadratic,True,9,quadratic_lags_2_sinusoidal_yes,0.743,0.0,467.511,477.336,True,False,False,0.541,0.614,0,2.615,2.701,0.0,,,1.058,0.161,,,,,,,1.027,1.001,0.899,0.48
Rangelands_yearly_True_window_9_lags_3_sinusoidal_yes_quadratic,True,9,quadratic_lags_3_sinusoidal_yes,0.752,0.0,455.104,464.769,True,False,False,0.506,0.583,0,2.586,2.619,0.001,,,,,1.009,0.063,,,,,1.02,1.003,0.714,0.722
Rangelands_yearly_True_window_9_lags_4_sinusoidal_yes_quadratic,True,9,quadratic_lags_4_sinusoidal_yes,0.754,0.001,441.507,451.008,True,False,False,0.572,0.63,0,2.619,2.647,0.008,,,,,,,1.0,0.028,,,1.024,1.004,0.942,0.879
Rangelands_yearly_True_window_9_lags_5_sinusoidal_yes_quadratic,True,9,quadratic_lags_5_sinusoidal_yes,0.737,0.007,431.654,440.987,True,False,False,0.564,0.514,0,2.683,2.721,0.044,,,,,,,,,1.006,0.015,1.022,1.01,0.79,0.834
Rangelands_yearly_False_window_10_lags_none_sinusoidal_no_quadratic,False,10,quadratic_lags_none_sinusoidal_no,0.165,0.0,1327.54,1335.295,False,True,False,0.354,0.117,0,1.989,1.989,0.101,,,,,,,,,,,,,,
Rangelands_yearly_False_window_10_lags_1_sinusoidal_no_quadratic,False,10,quadratic_lags_1_sinusoidal_no,0.182,0.0,1316.459,1326.757,False,True,False,0.356,-0.074,0,2.225,2.463,0.048,1.238,0.279,,,,,,,,,,,,
Rangelands_yearly_False_window_10_lags_2_sinusoidal_no_quadratic,False,10,quadratic_lags_2_sinusoidal_no,0.187,0.0,1304.083,1314.341,False,True,False,0.348,0.117,0,2.159,2.334,0.042,,,1.174,0.23,,,,,,,,,,
Rangelands_yearly_False_window_10_lags_3_sinusoidal_no_quadratic,False,10,quadratic_lags_3_sinusoidal_no,0.177,0.0,1292.767,1302.982,False,True,False,0.36,0.053,0,2.154,2.33,0.061,,,,,1.176,0.567,,,,,,,,
Rangelands_yearly_False_window_10_lags_4_sinusoidal_no_quadratic,False,10,quadratic_lags_4_sinusoidal_no,0.153,0.0,1278.893,1289.066,False,True,False,0.355,0.075,0,2.164,2.357,0.133,,,,,,,1.193,0.93,,,,,,
Rangelands_yearly_False_window_10_lags_5_sinusoidal_no_quadratic,False,10,quadratic_lags_5_sinusoidal_no,0.144,0.001,1265.209,1275.34,False,True,False,0.352,0.106,0,2.117,2.269,0.136,,,,,,,,,1.152,0.735,,,,
Rangelands_yearly_False_window_10_lags_none_sinusoidal_yes_quadratic,False,10,quadratic_lags_none_sinusoidal_yes,0.219,0.0,1325.02,1337.944,False,False,False,0.481,0.157,0,2.005,2.022,0.068,,,,,,,,,,,1.016,1.0,0.432,0.018
Rangelands_yearly_False_window_10_lags_1_sinusoidal_yes_quadratic,False,10,quadratic_lags_1_sinusoidal_yes,0.236,0.0,1313.822,1329.27,False,True,False,0.498,0.049,0,2.26,2.533,0.027,1.245,0.24,,,,,,,,,1.027,1.001,0.383,0.019
Rangelands_yearly_False_window_10_lags_2_sinusoidal_yes_quadratic,False,10,quadratic_lags_2_sinusoidal_yes,0.243,0.0,1301.275,1316.661,False,False,False,0.477,0.17,0,2.178,2.372,0.022,,,1.177,0.196,,,,,,,1.014,1.002,0.387,0.017
Rangelands_yearly_False_window_10_lags_3_sinusoidal_yes_quadratic,False,10,quadratic_lags_3_sinusoidal_yes,0.239,0.0,1289.399,1304.722,False,False,False,0.498,0.054,0,2.173,2.368,0.037,,,,,1.179,0.514,,,,,1.015,1.001,0.394,0.013
Rangelands_yearly_False_window_10_lags_4_sinusoidal_yes_quadratic,False,10,quadratic_lags_4_sinusoidal_yes,0.21,0.0,1276.357,1291.617,False,False,False,0.484,0.044,0,2.173,2.375,0.096,,,,,,,1.195,0.914,,,1.007,1.001,0.468,0.018
Rangelands_yearly_False_window_10_lags_5_sinusoidal_yes_quadratic,False,10,quadratic_lags_5_sinusoidal_yes,0.203,0.0,1262.538,1277.734,False,False,False,0.482,0.122,0,2.141,2.318,0.074,,,,,,,,,1.155,0.666,1.015,1.006,0.43,0.017
Rangelands_yearly_True_window_10_lags_none_sinusoidal_no_quadratic,True,10,quadratic_lags_none_sinusoidal_no,0.773,0.0,471.404,476.47,True,True,False,0.451,0.757,0,2.245,2.245,0.0,,,,,,,,,,,,,,
Rangelands_yearly_True_window_10_lags_1_sinusoidal_no_quadratic,True,10,quadratic_lags_1_sinusoidal_no,0.779,0.0,462.84,469.495,True,True,False,0.519,0.769,0,2.329,2.329,0.0,1.001,0.33,,,,,,,,,,,,
Rangelands_yearly_True_window_10_lags_2_sinusoidal_no_quadratic,True,10,quadratic_lags_2_sinusoidal_no,0.791,0.0,451.712,458.262,True,True,False,0.482,0.738,0,2.452,2.484,0.0,,,1.032,0.102,,,,,,,,,,
Rangelands_yearly_True_window_10_lags_3_sinusoidal_no_quadratic,True,10,quadratic_lags_3_sinusoidal_no,0.799,0.0,439.523,445.966,True,True,False,0.535,0.684,0,2.469,2.474,0.006,,,,,1.005,0.031,,,,,,,,
Rangelands_yearly_True_window_10_lags_4_sinusoidal_no_quadratic,True,10,quadratic_lags_4_sinusoidal_no,0.823,0.006,421.75,428.084,True,True,False,0.79,0.729,0,2.53,2.54,0.035,,,,,,,1.01,0.003,,,,,,
Rangelands_yearly_True_window_10_lags_5_sinusoidal_no_quadratic,True,10,quadratic_lags_5_sinusoidal_no,0.814,0.04,411.583,417.804,True,True,False,0.425,0.657,0,2.58,2.58,0.251,,,,,,,,,1.0,0.0,,,,
Rangelands_yearly_True_window_10_lags_none_sinusoidal_yes_quadratic,True,10,quadratic_lags_none_sinusoidal_yes,0.774,0.0,475.337,483.781,True,True,False,0.451,0.67,0,2.27,2.291,0.0,,,,,,,,,,,1.02,1.0,0.903,0.835
Rangelands_yearly_True_window_10_lags_1_sinusoidal_yes_quadratic,True,10,quadratic_lags_1_sinusoidal_yes,0.78,0.0,466.723,476.704,True,True,False,0.529,0.683,0,2.355,2.376,0.0,1.001,0.339,,,,,,,,,1.018,1.002,0.999,0.754
Rangelands_yearly_True_window_10_lags_2_sinusoidal_yes_quadratic,True,10,quadratic_lags_2_sinusoidal_yes,0.793,0.0,455.337,465.162,True,True,False,0.487,0.702,0,2.468,2.511,0.0,,,1.033,0.098,,,,,,,1.009,1.002,0.611,0.817
Rangelands_yearly_True_window_10_lags_3_sinusoidal_yes_quadratic,True,10,quadratic_lags_3_sinusoidal_yes,0.802,0.0,443.078,452.744,True,True,False,0.54,0.621,0,2.492,2.514,0.014,,,,,1.005,0.03,,,,,1.015,1.001,0.555,0.884
Rangelands_yearly_True_window_10_lags_4_sinusoidal_yes_quadratic,True,10,quadratic_lags_4_sinusoidal_yes,0.824,0.009,425.67,435.171,True,True,False,0.797,0.68,0,2.559,2.588,0.047,,,,,,,1.01,0.004,,,1.018,1.001,0.866,0.845
Rangelands_yearly_True_window_10_lags_5_sinusoidal_yes_quadratic,True,10,quadratic_lags_5_sinusoidal_yes,0.815,0.051,415.299,424.631,True,True,False,0.43,0.604,0,2.609,2.627,0.292,,,,,,,,,1.0,0.0,1.018,1.0,0.662,0.844
