analysis_name,yearly_aggregate,window_size,config_type,r_squared,p_value,aic,bic,is_normal,is_homoscedastic,no_autocorrelation,durbin_watson,cv_r2_score,cv_r2_std,vif_PPT,vif_segment,p_value_segment,breakpoint,vif_ortho_PPT_lag0,p_value_lag0,vif_ortho_PPT_lag1,p_value_lag1,vif_ortho_PPT_lag7,p_value_lag7,vif_ortho_sin_cycle,vif_ortho_cos_cycle,p_value_sin,p_value_cos
Soybean_cluster_0_yearly_False_window_1_lags_none_sinusoidal_no_piecewise,False,1,piecewise_lags_none_sinusoidal_no,0.281,0.276,360.248,363.382,True,True,False,1.445,-0.244,0,1.284,1.284,0.238,649.3778181818182,,,,,,,,,,
Soybean_cluster_0_yearly_False_window_1_lags_0_sinusoidal_no_piecewise,False,1,piecewise_lags_0_sinusoidal_no,0.322,0.539,360.999,365.177,True,True,True,1.61,-9.292,0,1.285,1.289,0.181,649.3778181818182,1.004,0.322,,,,,,,,
Soybean_cluster_0_yearly_False_window_1_lags_1_sinusoidal_no_piecewise,False,1,piecewise_lags_1_sinusoidal_no,0.272,0.335,344.781,348.764,True,True,True,1.71,-0.052,0,1.32,1.412,0.227,649.6735707070707,,,1.092,0.467,,,,,,
Soybean_cluster_0_yearly_False_window_1_lags_7_sinusoidal_no_piecewise,False,1,piecewise_lags_7_sinusoidal_no,0.235,0.431,244.788,247.344,True,True,True,1.717,-0.477,0,2.054,3.173,0.612,642.3121858585858,,,,,2.119,0.954,,,,
Soybean_cluster_0_yearly_False_window_1_lags_none_sinusoidal_yes_piecewise,False,1,piecewise_lags_none_sinusoidal_yes,0.436,0.177,359.124,364.347,False,True,True,1.871,-0.208,0,1.297,1.343,0.15,649.3778181818182,,,,,,,1.005,1.042,0.716,0.054
Soybean_cluster_0_yearly_False_window_1_lags_0_sinusoidal_yes_piecewise,False,1,piecewise_lags_0_sinusoidal_yes,0.437,0.251,361.096,367.363,False,True,True,1.875,-0.335,0,1.3,1.358,0.162,649.3778181818182,1.002,0.521,,,,,1.005,1.051,0.7,0.088
Soybean_cluster_0_yearly_False_window_1_lags_1_sinusoidal_yes_piecewise,False,1,piecewise_lags_1_sinusoidal_yes,0.41,0.18,344.592,350.566,False,True,True,2.005,-0.309,0,1.334,1.473,0.191,649.6735707070707,,,1.096,0.293,,,1.01,1.033,0.564,0.103
Soybean_cluster_0_yearly_False_window_1_lags_7_sinusoidal_yes_piecewise,False,1,piecewise_lags_7_sinusoidal_yes,0.456,0.254,244.015,247.85,True,True,True,2.147,-1.658,0,2.072,3.228,0.634,642.3121858585858,,,,,2.139,0.799,1.014,1.003,0.536,0.133
Soybean_cluster_0_yearly_True_window_1_lags_none_sinusoidal_no_piecewise,True,1,piecewise_lags_none_sinusoidal_no,0.357,0.329,320.648,323.482,True,True,True,1.695,-0.368,0,1.263,1.263,0.117,650.7627393939395,,,,,,,,,,
Soybean_cluster_0_yearly_True_window_1_lags_0_sinusoidal_no_piecewise,True,1,piecewise_lags_0_sinusoidal_no,0.402,0.64,321.275,325.053,True,True,True,1.949,-0.346,0,1.264,1.268,0.085,650.7627393939395,1.003,0.306,,,,,,,,
Soybean_cluster_0_yearly_True_window_1_lags_1_sinusoidal_no_piecewise,True,1,piecewise_lags_1_sinusoidal_no,0.335,0.541,305.843,309.405,True,True,True,1.952,-0.772,0,1.3,1.389,0.116,650.6821292929292,,,1.089,0.772,,,,,,
Soybean_cluster_0_yearly_True_window_1_lags_7_sinusoidal_no_piecewise,True,1,piecewise_lags_7_sinusoidal_no,0.4,0.307,205.915,207.855,True,True,True,1.791,-252.943,0,2.125,3.013,0.228,634.211709090909,,,,,1.888,0.392,,,,
Soybean_cluster_0_yearly_True_window_1_lags_none_sinusoidal_yes_piecewise,True,1,piecewise_lags_none_sinusoidal_yes,0.524,0.17,318.922,323.644,False,True,True,2.13,-0.557,0,1.273,1.312,0.074,650.7627393939395,,,,,,,1.003,1.035,0.324,0.066
Soybean_cluster_0_yearly_True_window_1_lags_0_sinusoidal_yes_piecewise,True,1,piecewise_lags_0_sinusoidal_yes,0.525,0.283,320.883,326.55,False,True,True,2.14,-1.107,0,1.278,1.335,0.085,650.7627393939395,1.004,0.457,,,,,1.003,1.05,0.357,0.127
Soybean_cluster_0_yearly_True_window_1_lags_1_sinusoidal_yes_piecewise,True,1,piecewise_lags_1_sinusoidal_yes,0.487,0.249,305.169,310.511,True,True,True,2.248,-1.369,0,1.31,1.436,0.106,650.6821292929292,,,1.092,0.465,,,1.008,1.026,0.297,0.133
Soybean_cluster_0_yearly_True_window_1_lags_7_sinusoidal_yes_piecewise,True,1,piecewise_lags_7_sinusoidal_yes,0.71,0.06,201.2,204.11,True,True,True,1.87,-146.507,0,2.201,3.216,0.132,634.211709090909,,,,,1.948,0.099,1.052,1.016,0.904,0.045
Soybean_cluster_0_yearly_False_window_2_lags_none_sinusoidal_no_piecewise,False,2,piecewise_lags_none_sinusoidal_no,0.263,0.242,352.682,355.816,True,True,False,0.591,0.121,0,3.762,3.762,0.387,520.3414494949495,,,,,,,,,,
Soybean_cluster_0_yearly_False_window_2_lags_0_sinusoidal_no_piecewise,False,2,piecewise_lags_0_sinusoidal_no,0.266,0.399,354.584,358.762,True,True,False,0.569,-0.823,0,3.982,4.062,0.485,520.3414494949495,1.08,0.781,,,,,,,,
Soybean_cluster_0_yearly_False_window_2_lags_1_sinusoidal_no_piecewise,False,2,piecewise_lags_1_sinusoidal_no,0.338,0.336,333.685,337.668,True,True,False,1.055,-5.907,0,1.342,1.342,0.53,620.6328500000001,,,1.0,0.099,,,,,,
Soybean_cluster_0_yearly_False_window_2_lags_7_sinusoidal_no_piecewise,False,2,piecewise_lags_7_sinusoidal_no,0.123,0.698,236.991,239.547,True,True,False,1.012,-0.52,0,1.312,1.923,0.702,662.6997888888889,,,,,1.611,0.86,,,,
Soybean_cluster_0_yearly_False_window_2_lags_none_sinusoidal_yes_piecewise,False,2,piecewise_lags_none_sinusoidal_yes,0.401,0.562,352.305,357.528,True,True,False,0.806,0.039,0,4.081,4.196,0.832,520.3414494949495,,,,,,,1.101,1.014,0.469,0.085
Soybean_cluster_0_yearly_False_window_2_lags_0_sinusoidal_yes_piecewise,False,2,piecewise_lags_0_sinusoidal_yes,0.409,0.503,354.033,360.3,True,True,False,0.775,-0.461,0,4.444,4.69,0.636,520.3414494949495,1.092,0.836,,,,,1.113,1.042,0.517,0.087
Soybean_cluster_0_yearly_False_window_2_lags_1_sinusoidal_yes_piecewise,False,2,piecewise_lags_1_sinusoidal_yes,0.472,0.346,333.155,339.13,True,True,False,1.317,-7.242,0,1.449,1.762,0.231,620.6328500000001,,,1.0,0.089,,,1.267,1.046,0.169,0.202
Soybean_cluster_0_yearly_False_window_2_lags_7_sinusoidal_yes_piecewise,False,2,piecewise_lags_7_sinusoidal_yes,0.479,0.215,233.697,237.531,True,True,True,1.547,-12.737,0,1.396,2.443,0.866,662.6997888888889,,,,,1.776,0.752,1.271,1.0,0.838,0.052
Soybean_cluster_0_yearly_True_window_2_lags_none_sinusoidal_no_piecewise,True,2,piecewise_lags_none_sinusoidal_no,0.311,0.394,314.213,317.047,True,True,False,0.608,0.152,0,1.267,1.267,0.228,623.6398747474748,,,,,,,,,,
Soybean_cluster_0_yearly_True_window_2_lags_0_sinusoidal_no_piecewise,True,2,piecewise_lags_0_sinusoidal_no,0.348,0.563,315.186,318.963,True,True,False,0.73,-1.088,0,1.27,1.281,0.17,623.6398747474748,1.011,0.376,,,,,,,,
Soybean_cluster_0_yearly_True_window_2_lags_1_sinusoidal_no_piecewise,True,2,piecewise_lags_1_sinusoidal_no,0.347,0.671,296.534,300.096,True,True,False,0.909,-0.02,0,1.297,1.298,0.253,621.5139916666667,,,1.001,0.283,,,,,,
Soybean_cluster_0_yearly_True_window_2_lags_7_sinusoidal_no_piecewise,True,2,piecewise_lags_7_sinusoidal_no,0.209,0.798,200.283,202.223,True,True,False,1.132,-2.776,0,1.758,2.526,0.406,626.2549477272727,,,,,1.767,0.716,,,,
Soybean_cluster_0_yearly_True_window_2_lags_none_sinusoidal_yes_piecewise,True,2,piecewise_lags_none_sinusoidal_yes,0.652,0.404,305.271,309.993,True,True,False,1.225,0.244,0,1.343,1.629,0.013,623.6398747474748,,,,,,,1.267,1.019,0.012,0.026
Soybean_cluster_0_yearly_True_window_2_lags_0_sinusoidal_yes_piecewise,True,2,piecewise_lags_0_sinusoidal_yes,0.652,0.441,307.271,312.937,True,True,False,1.225,0.052,0,1.343,1.63,0.019,623.6398747474748,1.014,0.219,,,,,1.261,1.011,0.017,0.058
Soybean_cluster_0_yearly_True_window_2_lags_1_sinusoidal_yes_piecewise,True,2,piecewise_lags_1_sinusoidal_yes,0.634,0.596,290.11,295.453,True,True,False,1.396,-0.961,0,1.384,1.681,0.037,621.5139916666667,,,1.001,0.172,,,1.269,1.026,0.012,0.311
Soybean_cluster_0_yearly_True_window_2_lags_7_sinusoidal_yes_piecewise,True,2,piecewise_lags_7_sinusoidal_yes,0.849,0.025,184.417,187.327,True,True,False,1.104,-5.322,0,3.538,8.452,0.026,626.2549477272727,,,,,3.568,0.022,3.33,1.016,0.022,0.003
Soybean_cluster_0_yearly_False_window_3_lags_none_sinusoidal_no_piecewise,False,3,piecewise_lags_none_sinusoidal_no,0.224,0.629,346.901,350.034,True,True,False,0.394,0.138,0,1.332,1.332,0.374,611.0649393939393,,,,,,,,,,
Soybean_cluster_0_yearly_False_window_3_lags_0_sinusoidal_no_piecewise,False,3,piecewise_lags_0_sinusoidal_no,0.227,0.624,348.833,353.011,True,True,False,0.367,0.112,0,1.335,1.344,0.39,611.0649393939393,1.009,0.817,,,,,,,,
Soybean_cluster_0_yearly_False_window_3_lags_1_sinusoidal_no_piecewise,False,3,piecewise_lags_1_sinusoidal_no,0.404,0.791,325.0,328.983,True,True,False,0.806,0.164,0,1.347,1.352,0.329,611.4712437710438,,,1.006,0.052,,,,,,
Soybean_cluster_0_yearly_False_window_3_lags_7_sinusoidal_no_piecewise,False,3,piecewise_lags_7_sinusoidal_no,0.133,0.88,230.783,233.34,True,True,False,0.748,-0.652,0,1.822,2.975,0.782,639.1675037037037,,,,,2.153,0.534,,,,
Soybean_cluster_0_yearly_False_window_3_lags_none_sinusoidal_yes_piecewise,False,3,piecewise_lags_none_sinusoidal_yes,0.571,0.663,338.461,343.684,True,True,False,0.707,0.339,0,1.419,1.68,0.052,611.0649393939393,,,,,,,1.142,1.119,0.183,0.003
Soybean_cluster_0_yearly_False_window_3_lags_0_sinusoidal_yes_piecewise,False,3,piecewise_lags_0_sinusoidal_yes,0.578,0.899,340.131,346.398,True,True,False,0.74,-1.726,0,1.435,1.747,0.053,611.0649393939393,1.016,0.273,,,,,1.145,1.151,0.183,0.008
Soybean_cluster_0_yearly_False_window_3_lags_1_sinusoidal_yes_piecewise,False,3,piecewise_lags_1_sinusoidal_yes,0.606,0.507,320.721,326.696,True,True,False,0.843,-0.531,0,1.451,1.761,0.15,611.4712437710438,,,1.008,0.017,,,1.166,1.135,0.067,0.06
Soybean_cluster_0_yearly_False_window_3_lags_7_sinusoidal_yes_piecewise,False,3,piecewise_lags_7_sinusoidal_yes,0.58,0.444,224.618,228.452,True,True,False,1.12,0.045,0,2.758,6.361,0.982,639.1675037037037,,,,,3.466,0.845,1.913,1.225,0.435,0.036
Soybean_cluster_0_yearly_True_window_3_lags_none_sinusoidal_no_piecewise,True,3,piecewise_lags_none_sinusoidal_no,0.256,0.517,309.23,312.063,True,True,False,0.504,-0.137,0,1.159,1.159,0.254,648.422189223973,,,,,,,,,,
Soybean_cluster_0_yearly_True_window_3_lags_0_sinusoidal_no_piecewise,True,3,piecewise_lags_0_sinusoidal_no,0.279,0.692,310.635,314.413,True,True,False,0.614,-0.074,0,1.19,1.381,0.298,648.422189223973,1.191,0.5,,,,,,,,
Soybean_cluster_0_yearly_True_window_3_lags_1_sinusoidal_no_piecewise,True,3,piecewise_lags_1_sinusoidal_no,0.323,0.956,291.029,294.591,False,True,False,0.854,-0.331,0,1.178,1.178,0.192,646.7476606734007,,,1.0,0.311,,,,,,
Soybean_cluster_0_yearly_True_window_3_lags_7_sinusoidal_no_piecewise,True,3,piecewise_lags_7_sinusoidal_no,0.299,0.324,193.84,195.78,True,True,True,1.67,-14294.041,0,1.445,2.136,0.23,648.3923816835018,,,,,1.691,0.328,,,,
Soybean_cluster_0_yearly_True_window_3_lags_none_sinusoidal_yes_piecewise,True,3,piecewise_lags_none_sinusoidal_yes,0.619,0.242,300.479,305.201,True,True,False,1.053,0.132,0,1.193,1.409,0.034,648.422189223973,,,,,,,1.143,1.072,0.035,0.01
Soybean_cluster_0_yearly_True_window_3_lags_0_sinusoidal_yes_piecewise,True,3,piecewise_lags_0_sinusoidal_yes,0.644,0.416,301.188,306.854,True,True,False,1.269,0.009,0,1.22,1.604,0.042,648.422189223973,1.222,0.805,,,,,1.1,1.061,0.035,0.012
Soybean_cluster_0_yearly_True_window_3_lags_1_sinusoidal_yes_piecewise,True,3,piecewise_lags_1_sinusoidal_yes,0.625,0.451,284.381,289.723,True,True,False,1.24,-3.81,0,1.225,1.488,0.083,646.7476606734007,,,1.0,0.102,,,1.166,1.097,0.011,0.223
Soybean_cluster_0_yearly_True_window_3_lags_7_sinusoidal_yes_piecewise,True,3,piecewise_lags_7_sinusoidal_yes,0.663,0.207,189.039,191.949,True,True,False,1.138,-66840.945,0,1.862,4.137,0.371,648.3923816835018,,,,,2.339,0.226,1.843,1.093,0.344,0.044
Soybean_cluster_0_yearly_False_window_4_lags_none_sinusoidal_no_piecewise,False,4,piecewise_lags_none_sinusoidal_no,0.296,0.1,342.736,345.87,True,True,False,0.51,0.23,0,2.445,2.445,0.252,555.4667121212123,,,,,,,,,,
Soybean_cluster_0_yearly_False_window_4_lags_0_sinusoidal_no_piecewise,False,4,piecewise_lags_0_sinusoidal_no,0.306,0.202,344.441,348.619,True,True,False,0.49,0.126,0,2.574,2.664,0.297,555.4667121212123,1.09,0.63,,,,,,,,
Soybean_cluster_0_yearly_False_window_4_lags_1_sinusoidal_no_piecewise,False,4,piecewise_lags_1_sinusoidal_no,0.437,0.589,321.083,325.066,False,True,False,1.114,-0.55,0,1.355,1.374,0.153,594.0565247474747,,,1.019,0.028,,,,,,
Soybean_cluster_0_yearly_False_window_4_lags_7_sinusoidal_no_piecewise,False,4,piecewise_lags_7_sinusoidal_no,0.279,0.219,223.644,226.201,True,True,False,1.328,-1.155,0,1.455,2.077,0.245,652.6965827272727,,,,,1.622,0.19,,,,
Soybean_cluster_0_yearly_False_window_4_lags_none_sinusoidal_yes_piecewise,False,4,piecewise_lags_none_sinusoidal_yes,0.497,0.671,339.684,344.906,True,False,False,0.518,0.025,0,2.703,2.882,0.791,555.4667121212123,,,,,,,1.12,1.059,0.213,0.033
Soybean_cluster_0_yearly_False_window_4_lags_0_sinusoidal_yes_piecewise,False,4,piecewise_lags_0_sinusoidal_yes,0.503,0.876,341.42,347.687,True,True,False,0.564,0.064,0,2.902,3.218,0.619,555.4667121212123,1.108,0.565,,,,,1.108,1.1,0.186,0.036
Soybean_cluster_0_yearly_False_window_4_lags_1_sinusoidal_yes_piecewise,False,4,piecewise_lags_1_sinusoidal_yes,0.582,0.961,319.114,325.088,True,True,False,0.942,-0.525,0,1.44,1.704,0.175,594.0565247474747,,,1.024,0.011,,,1.203,1.037,0.05,0.435
Soybean_cluster_0_yearly_False_window_4_lags_7_sinusoidal_yes_piecewise,False,4,piecewise_lags_7_sinusoidal_yes,0.702,0.385,215.265,219.1,True,True,True,1.547,-3.196,0,1.721,3.291,0.716,652.6965827272727,,,,,1.985,0.865,1.583,1.002,0.679,0.011
Soybean_cluster_0_yearly_True_window_4_lags_none_sinusoidal_no_piecewise,True,4,piecewise_lags_none_sinusoidal_no,0.326,0.042,304.039,306.872,True,True,False,0.511,0.195,0,1.709,1.709,0.204,573.2181951913805,,,,,,,,,,
Soybean_cluster_0_yearly_True_window_4_lags_0_sinusoidal_no_piecewise,True,4,piecewise_lags_0_sinusoidal_no,0.336,0.112,305.772,309.549,True,True,False,0.535,-1.468,0,1.733,1.766,0.239,573.2181951913805,1.033,0.651,,,,,,,,
Soybean_cluster_0_yearly_True_window_4_lags_1_sinusoidal_no_piecewise,True,4,piecewise_lags_1_sinusoidal_no,0.427,0.88,283.756,287.317,True,True,False,1.16,0.34,0,1.276,1.298,0.299,595.4413377706061,,,1.023,0.019,,,,,,
Soybean_cluster_0_yearly_True_window_4_lags_7_sinusoidal_no_piecewise,True,4,piecewise_lags_7_sinusoidal_no,0.438,0.358,185.214,187.154,True,True,False,1.298,-0.067,0,3.55,5.026,0.201,574.6690058333334,,,,,2.475,0.076,,,,
Soybean_cluster_0_yearly_True_window_4_lags_none_sinusoidal_yes_piecewise,True,4,piecewise_lags_none_sinusoidal_yes,0.564,0.28,299.786,304.508,True,False,False,0.652,0.209,0,1.955,2.301,0.795,573.2181951913805,,,,,,,1.27,1.076,0.039,0.069
Soybean_cluster_0_yearly_True_window_4_lags_0_sinusoidal_yes_piecewise,True,4,piecewise_lags_0_sinusoidal_yes,0.569,0.322,301.531,307.198,True,True,False,0.695,-8.677,0,2.04,2.508,0.935,573.2181951913805,1.047,0.941,,,,,1.293,1.128,0.046,0.083
Soybean_cluster_0_yearly_True_window_4_lags_1_sinusoidal_yes_piecewise,True,4,piecewise_lags_1_sinusoidal_yes,0.598,0.379,281.406,286.748,True,True,False,1.108,-0.186,0,1.368,1.734,0.529,595.4413377706061,,,1.03,0.006,,,1.187,1.148,0.044,0.614
Soybean_cluster_0_yearly_True_window_4_lags_7_sinusoidal_yes_piecewise,True,4,piecewise_lags_7_sinusoidal_yes,0.805,0.344,176.501,179.41,True,True,True,1.688,-5.159,0,21.937,41.258,0.76,574.6690058333334,,,,,13.111,0.83,4.895,4.314,0.485,0.04
Soybean_cluster_0_yearly_False_window_5_lags_none_sinusoidal_no_piecewise,False,5,piecewise_lags_none_sinusoidal_no,0.305,0.08,336.705,339.839,True,True,False,0.389,0.127,0,1.665,1.665,0.234,576.1007178813131,,,,,,,,,,
Soybean_cluster_0_yearly_False_window_5_lags_0_sinusoidal_no_piecewise,False,5,piecewise_lags_0_sinusoidal_no,0.325,0.077,338.074,342.252,True,True,False,0.49,-0.501,0,1.869,2.177,0.176,576.1007178813131,1.307,0.481,,,,,,,,
Soybean_cluster_0_yearly_False_window_5_lags_1_sinusoidal_no_piecewise,False,5,piecewise_lags_1_sinusoidal_no,0.451,0.565,314.678,318.661,True,True,False,0.848,-0.141,0,1.389,1.399,0.198,594.3084435447272,,,1.01,0.022,,,,,,
Soybean_cluster_0_yearly_False_window_5_lags_7_sinusoidal_no_piecewise,False,5,piecewise_lags_7_sinusoidal_no,0.186,0.447,216.834,219.39,True,True,False,0.542,-0.888,0,4.252,5.808,0.389,573.417086010101,,,,,2.557,0.38,,,,
Soybean_cluster_0_yearly_False_window_5_lags_none_sinusoidal_yes_piecewise,False,5,piecewise_lags_none_sinusoidal_yes,0.591,0.488,329.591,334.814,True,True,False,0.619,-0.0,0,1.872,2.183,0.705,576.1007178813131,,,,,,,1.069,1.242,0.301,0.005
Soybean_cluster_0_yearly_False_window_5_lags_0_sinusoidal_yes_piecewise,False,5,piecewise_lags_0_sinusoidal_yes,0.609,0.301,330.595,336.862,True,True,False,0.689,-0.028,0,2.191,2.981,0.967,576.1007178813131,1.421,0.345,,,,,1.036,1.334,0.369,0.005
Soybean_cluster_0_yearly_False_window_5_lags_1_sinusoidal_yes_piecewise,False,5,piecewise_lags_1_sinusoidal_yes,0.606,0.385,312.078,318.053,True,True,False,0.709,-0.381,0,1.554,1.992,0.729,594.3084435447272,,,1.014,0.004,,,1.106,1.318,0.049,0.12
Soybean_cluster_0_yearly_False_window_5_lags_7_sinusoidal_yes_piecewise,False,5,piecewise_lags_7_sinusoidal_yes,0.809,0.035,200.519,204.353,True,True,True,1.913,-2.427,0,9.533,15.242,0.049,573.417086010101,,,,,5.085,0.641,1.307,2.317,0.039,0.01
Soybean_cluster_0_yearly_True_window_5_lags_none_sinusoidal_no_piecewise,True,5,piecewise_lags_none_sinusoidal_no,0.304,0.111,299.506,302.339,True,True,False,0.36,0.192,0,1.71,1.71,0.364,575.5677020016161,,,,,,,,,,
Soybean_cluster_0_yearly_True_window_5_lags_0_sinusoidal_no_piecewise,True,5,piecewise_lags_0_sinusoidal_no,0.504,0.009,295.066,298.843,True,True,False,0.626,0.16,0,1.77,1.854,0.053,575.5677020016161,1.084,0.027,,,,,,,,
Soybean_cluster_0_yearly_True_window_5_lags_1_sinusoidal_no_piecewise,True,5,piecewise_lags_1_sinusoidal_no,0.474,0.602,276.969,280.53,True,True,False,1.141,-0.354,0,1.45,1.474,0.178,591.3040073081212,,,1.023,0.014,,,,,,
Soybean_cluster_0_yearly_True_window_5_lags_7_sinusoidal_no_piecewise,True,5,piecewise_lags_7_sinusoidal_no,0.518,0.184,174.494,176.434,True,True,False,1.319,-2.408,0,5.82,8.301,0.062,574.3752189141414,,,,,3.48,0.082,,,,
Soybean_cluster_0_yearly_True_window_5_lags_none_sinusoidal_yes_piecewise,True,5,piecewise_lags_none_sinusoidal_yes,0.675,0.574,289.035,293.757,True,True,False,0.865,0.456,0,1.916,2.206,0.429,575.5677020016161,,,,,,,1.097,1.193,0.021,0.006
Soybean_cluster_0_yearly_True_window_5_lags_0_sinusoidal_yes_piecewise,True,5,piecewise_lags_0_sinusoidal_yes,0.68,0.866,290.773,296.439,True,True,False,0.857,-0.262,0,2.003,2.415,0.387,575.5677020016161,1.014,0.163,,,,,1.142,1.256,0.096,0.008
Soybean_cluster_0_yearly_True_window_5_lags_1_sinusoidal_yes_piecewise,True,5,piecewise_lags_1_sinusoidal_yes,0.682,0.332,271.921,277.263,True,True,False,1.087,0.223,0,1.714,2.336,0.563,591.3040073081212,,,1.037,0.002,,,1.071,1.513,0.031,0.11
Soybean_cluster_0_yearly_True_window_5_lags_7_sinusoidal_yes_piecewise,True,5,piecewise_lags_7_sinusoidal_yes,0.804,0.524,167.71,170.62,True,True,True,2.178,-30.938,0,23.518,38.776,0.493,574.3752189141414,,,,,12.586,0.453,1.952,3.72,0.352,0.126
Soybean_cluster_0_yearly_False_window_6_lags_none_sinusoidal_no_piecewise,False,6,piecewise_lags_none_sinusoidal_no,0.445,0.008,330.686,333.82,True,True,False,0.47,-0.085,0,1.352,1.352,0.151,599.0860101010101,,,,,,,,,,
Soybean_cluster_0_yearly_False_window_6_lags_0_sinusoidal_no_piecewise,False,6,piecewise_lags_0_sinusoidal_no,0.455,0.015,332.313,336.491,True,True,False,0.455,-3.964,0,1.363,1.394,0.137,599.0860101010101,1.031,0.588,,,,,,,,
Soybean_cluster_0_yearly_False_window_6_lags_1_sinusoidal_no_piecewise,False,6,piecewise_lags_1_sinusoidal_no,0.607,0.646,306.103,310.086,True,True,False,1.25,-0.105,0,1.736,1.746,0.267,583.1474109629629,,,1.01,0.001,,,,,,
Soybean_cluster_0_yearly_False_window_6_lags_7_sinusoidal_no_piecewise,False,6,piecewise_lags_7_sinusoidal_no,0.201,0.222,210.016,212.572,True,True,False,0.639,-0.505,0,4.952,6.587,0.211,573.2697238855219,,,,,2.634,0.959,,,,
Soybean_cluster_0_yearly_False_window_6_lags_none_sinusoidal_yes_piecewise,False,6,piecewise_lags_none_sinusoidal_yes,0.663,0.068,324.176,329.399,True,False,False,0.543,0.175,0,1.471,1.81,0.81,599.0860101010101,,,,,,,1.17,1.169,0.088,0.012
Soybean_cluster_0_yearly_False_window_6_lags_0_sinusoidal_yes_piecewise,False,6,piecewise_lags_0_sinusoidal_yes,0.684,0.045,324.84,331.107,True,False,False,0.594,-1.903,0,1.513,1.97,0.894,599.0860101010101,1.044,0.655,,,,,1.187,1.227,0.07,0.012
Soybean_cluster_0_yearly_False_window_6_lags_1_sinusoidal_yes_piecewise,False,6,piecewise_lags_1_sinusoidal_yes,0.693,0.957,305.172,311.146,True,False,False,0.867,-0.096,0,2.388,3.291,0.335,583.1474109629629,,,1.018,0.0,,,1.352,1.533,0.17,0.121
Soybean_cluster_0_yearly_False_window_6_lags_7_sinusoidal_yes_piecewise,False,6,piecewise_lags_7_sinusoidal_yes,0.881,0.937,187.379,191.213,True,True,True,2.249,-63.417,0,25.625,41.039,0.831,573.2697238855219,,,,,11.183,0.821,3.805,3.425,0.118,0.007
Soybean_cluster_0_yearly_True_window_6_lags_none_sinusoidal_no_piecewise,True,6,piecewise_lags_none_sinusoidal_no,0.486,0.007,293.415,296.248,True,True,False,0.633,0.352,0,1.402,1.402,0.24,603.5007615284849,,,,,,,,,,
Soybean_cluster_0_yearly_True_window_6_lags_0_sinusoidal_no_piecewise,True,6,piecewise_lags_0_sinusoidal_no,0.487,0.052,295.381,299.159,True,False,False,0.627,-2.672,0,1.409,1.425,0.377,603.5007615284849,1.017,0.873,,,,,,,,
Soybean_cluster_0_yearly_True_window_6_lags_1_sinusoidal_no_piecewise,True,6,piecewise_lags_1_sinusoidal_no,0.611,0.29,270.477,274.039,True,True,False,1.204,0.058,0,1.971,1.976,0.129,583.5990920633334,,,1.005,0.01,,,,,,
Soybean_cluster_0_yearly_True_window_6_lags_7_sinusoidal_no_piecewise,True,6,piecewise_lags_7_sinusoidal_no,0.273,0.13,169.159,171.099,True,True,False,1.05,-697.173,0,1.122,1.17,0.266,619.7816471632996,,,,,1.048,0.291,,,,
Soybean_cluster_0_yearly_True_window_6_lags_none_sinusoidal_yes_piecewise,True,6,piecewise_lags_none_sinusoidal_yes,0.768,0.028,282.315,287.037,True,True,False,0.801,0.553,0,1.511,1.783,0.897,603.5007615284849,,,,,,,1.067,1.205,0.002,0.113
Soybean_cluster_0_yearly_True_window_6_lags_0_sinusoidal_yes_piecewise,True,6,piecewise_lags_0_sinusoidal_yes,0.772,0.046,283.972,289.639,True,True,False,0.874,-0.403,0,1.567,1.978,0.922,603.5007615284849,1.023,0.874,,,,,1.079,1.308,0.003,0.131
Soybean_cluster_0_yearly_True_window_6_lags_1_sinusoidal_yes_piecewise,True,6,piecewise_lags_1_sinusoidal_yes,0.819,0.797,260.657,265.999,True,True,False,1.116,-0.353,0,2.574,3.203,0.451,583.5990920633334,,,1.008,0.0,,,1.248,1.373,0.005,0.114
Soybean_cluster_0_yearly_True_window_6_lags_7_sinusoidal_yes_piecewise,True,6,piecewise_lags_7_sinusoidal_yes,0.856,0.871,153.735,156.644,True,True,True,2.338,-652.861,0,1.157,1.51,0.021,619.7816471632996,,,,,1.062,0.57,1.019,1.272,0.544,0.005
Soybean_cluster_0_yearly_False_window_7_lags_none_sinusoidal_no_piecewise,False,7,piecewise_lags_none_sinusoidal_no,0.507,0.001,325.074,328.207,True,False,False,0.484,0.105,0,1.287,1.287,0.096,607.9880706444444,,,,,,,,,,
Soybean_cluster_0_yearly_False_window_7_lags_0_sinusoidal_no_piecewise,False,7,piecewise_lags_0_sinusoidal_no,0.599,0.001,322.723,326.901,True,True,False,0.687,-3.318,0,1.296,1.327,0.068,607.9880706444444,1.031,0.064,,,,,,,,
Soybean_cluster_0_yearly_False_window_7_lags_1_sinusoidal_no_piecewise,False,7,piecewise_lags_1_sinusoidal_no,0.586,0.977,303.451,307.434,False,True,False,1.117,-0.254,0,1.931,1.931,0.458,582.918844014026,,,1.0,0.003,,,,,,
Soybean_cluster_0_yearly_False_window_7_lags_7_sinusoidal_no_piecewise,False,7,piecewise_lags_7_sinusoidal_no,0.341,0.068,203.11,205.667,True,True,False,1.029,-2.7,0,7.305,9.462,0.098,573.140432880231,,,,,3.157,0.249,,,,
Soybean_cluster_0_yearly_False_window_7_lags_none_sinusoidal_yes_piecewise,False,7,piecewise_lags_none_sinusoidal_yes,0.732,0.003,316.276,321.499,True,True,False,0.653,0.56,0,1.391,1.754,0.911,607.9880706444444,,,,,,,1.011,1.352,0.201,0.004
Soybean_cluster_0_yearly_False_window_7_lags_0_sinusoidal_yes_piecewise,False,7,piecewise_lags_0_sinusoidal_yes,0.749,0.003,316.885,323.152,True,True,False,0.642,-10.215,0,1.453,2.033,0.713,607.9880706444444,1.048,0.061,,,,,1.013,1.52,0.213,0.018
Soybean_cluster_0_yearly_False_window_7_lags_1_sinusoidal_yes_piecewise,False,7,piecewise_lags_1_sinusoidal_yes,0.749,0.775,297.465,303.44,True,True,False,1.04,0.208,0,2.522,3.157,0.303,582.918844014026,,,1.0,0.001,,,1.109,1.526,0.102,0.021
Soybean_cluster_0_yearly_False_window_7_lags_7_sinusoidal_yes_piecewise,False,7,piecewise_lags_7_sinusoidal_yes,0.742,0.877,193.965,197.799,True,True,True,2.057,-2.324,0,28.901,41.87,0.866,573.140432880231,,,,,10.544,0.434,2.423,3.002,0.128,0.101
Soybean_cluster_0_yearly_True_window_7_lags_none_sinusoidal_no_piecewise,True,7,piecewise_lags_none_sinusoidal_no,0.682,0.003,281.615,284.448,False,True,False,1.366,0.577,0,2.08,2.08,0.007,573.90809080152,,,,,,,,,,
Soybean_cluster_0_yearly_True_window_7_lags_0_sinusoidal_no_piecewise,True,7,piecewise_lags_0_sinusoidal_no,0.682,0.011,283.6,287.378,False,True,False,1.363,0.515,0,2.127,2.171,0.02,573.90809080152,1.044,0.914,,,,,,,,
Soybean_cluster_0_yearly_True_window_7_lags_1_sinusoidal_no_piecewise,True,7,piecewise_lags_1_sinusoidal_no,0.603,0.675,267.517,271.078,True,True,False,0.817,0.031,0,2.095,2.114,0.265,582.97532662,,,1.02,0.01,,,,,,
Soybean_cluster_0_yearly_True_window_7_lags_none_sinusoidal_yes_piecewise,True,7,piecewise_lags_none_sinusoidal_yes,0.794,0.108,277.317,282.039,True,True,False,1.128,0.664,0,2.128,2.173,0.223,573.90809080152,,,,,,,1.038,1.007,0.04,0.058
Soybean_cluster_0_yearly_True_window_7_lags_0_sinusoidal_yes_piecewise,True,7,piecewise_lags_0_sinusoidal_yes,0.797,0.219,279.089,284.756,True,True,False,1.095,0.291,0,2.196,2.303,0.371,573.90809080152,1.046,0.407,,,,,1.041,1.02,0.045,0.07
Soybean_cluster_0_yearly_True_window_7_lags_1_sinusoidal_yes_piecewise,True,7,piecewise_lags_1_sinusoidal_yes,0.835,0.392,255.729,261.072,True,True,False,1.378,0.498,0,2.268,2.449,0.658,582.97532662,,,1.023,0.0,,,1.06,1.098,0.006,0.019
Soybean_cluster_0_yearly_False_window_8_lags_none_sinusoidal_no_piecewise,False,8,piecewise_lags_none_sinusoidal_no,0.645,0.0,318.625,321.758,True,True,False,0.6,0.375,0,1.388,1.388,0.049,601.2654674779221,,,,,,,,,,
Soybean_cluster_0_yearly_False_window_8_lags_0_sinusoidal_no_piecewise,False,8,piecewise_lags_0_sinusoidal_no,0.655,0.0,320.034,324.212,True,True,False,0.563,0.342,0,1.393,1.406,0.059,601.2654674779221,1.012,0.496,,,,,,,,
Soybean_cluster_0_yearly_False_window_8_lags_1_sinusoidal_no_piecewise,False,8,piecewise_lags_1_sinusoidal_no,0.661,0.903,299.501,303.484,True,True,False,0.769,-0.236,0,2.001,2.001,0.576,583.4500696313131,,,1.0,0.001,,,,,,
Soybean_cluster_0_yearly_False_window_8_lags_none_sinusoidal_yes_piecewise,False,8,piecewise_lags_none_sinusoidal_yes,0.76,0.001,314.397,319.62,True,True,False,0.643,0.609,0,1.469,1.675,0.509,601.2654674779221,,,,,,,1.054,1.152,0.113,0.032
Soybean_cluster_0_yearly_False_window_8_lags_0_sinusoidal_yes_piecewise,False,8,piecewise_lags_0_sinusoidal_yes,0.762,0.002,316.194,322.462,True,True,False,0.659,0.592,0,1.469,1.677,0.509,601.2654674779221,1.015,0.363,,,,,1.058,1.135,0.113,0.05
Soybean_cluster_0_yearly_False_window_8_lags_1_sinusoidal_yes_piecewise,False,8,piecewise_lags_1_sinusoidal_yes,0.81,0.601,291.944,297.918,True,True,False,0.837,-0.214,0,2.345,2.69,0.533,583.4500696313131,,,1.0,0.0,,,1.136,1.208,0.029,0.025
Soybean_cluster_0_yearly_True_window_8_lags_none_sinusoidal_no_piecewise,True,8,piecewise_lags_none_sinusoidal_no,0.799,0.0,273.14,275.974,True,True,False,1.157,0.7,0,1.455,1.455,0.026,595.3831148050217,,,,,,,,,,
Soybean_cluster_0_yearly_True_window_8_lags_0_sinusoidal_no_piecewise,True,8,piecewise_lags_0_sinusoidal_no,0.818,0.0,273.254,277.031,True,True,False,1.348,0.498,0,1.466,1.49,0.044,595.3831148050217,1.024,0.23,,,,,,,,
Soybean_cluster_0_yearly_True_window_8_lags_1_sinusoidal_no_piecewise,True,8,piecewise_lags_1_sinusoidal_no,0.686,0.778,263.481,267.042,True,True,False,0.942,-0.008,0,1.892,1.907,0.398,586.4373207403031,,,1.015,0.006,,,,,,
Soybean_cluster_0_yearly_True_window_8_lags_none_sinusoidal_yes_piecewise,True,8,piecewise_lags_none_sinusoidal_yes,0.882,0.0,266.958,271.68,True,True,False,1.401,0.78,0,1.472,1.508,0.103,595.3831148050217,,,,,,,1.035,1.001,0.022,0.074
Soybean_cluster_0_yearly_True_window_8_lags_0_sinusoidal_yes_piecewise,True,8,piecewise_lags_0_sinusoidal_yes,0.897,0.0,266.516,272.183,True,True,True,1.629,-1.027,0,1.485,1.549,0.159,595.3831148050217,1.025,0.107,,,,,1.034,1.007,0.015,0.159
Soybean_cluster_0_yearly_True_window_8_lags_1_sinusoidal_yes_piecewise,True,8,piecewise_lags_1_sinusoidal_yes,0.871,0.179,251.446,256.788,True,True,True,1.783,-0.901,0,1.939,2.009,0.671,586.4373207403031,,,1.016,0.0,,,1.028,1.025,0.004,0.036
Soybean_cluster_0_yearly_False_window_9_lags_none_sinusoidal_no_piecewise,False,9,piecewise_lags_none_sinusoidal_no,0.67,0.002,314.566,317.7,False,True,False,0.429,0.542,0,1.7,1.7,0.096,589.533454191358,,,,,,,,,,
Soybean_cluster_0_yearly_False_window_9_lags_0_sinusoidal_no_piecewise,False,9,piecewise_lags_0_sinusoidal_no,0.723,0.003,312.832,317.01,False,True,False,0.41,0.641,0,1.714,1.735,0.149,589.533454191358,1.02,0.087,,,,,,,,
Soybean_cluster_0_yearly_False_window_9_lags_1_sinusoidal_no_piecewise,False,9,piecewise_lags_1_sinusoidal_no,0.655,0.839,296.349,300.332,True,False,False,0.797,-1.387,0,2.018,2.019,0.291,582.9859855623794,,,1.001,0.01,,,,,,
Soybean_cluster_0_yearly_False_window_9_lags_none_sinusoidal_yes_piecewise,False,9,piecewise_lags_none_sinusoidal_yes,0.723,0.068,314.872,320.095,False,True,False,0.507,0.598,0,1.762,1.85,0.772,589.533454191358,,,,,,,1.033,1.056,0.666,0.099
Soybean_cluster_0_yearly_False_window_9_lags_0_sinusoidal_yes_piecewise,False,9,piecewise_lags_0_sinusoidal_yes,0.76,0.084,313.842,320.109,False,True,False,0.412,0.264,0,1.797,1.936,0.818,589.533454191358,1.023,0.065,,,,,1.034,1.083,0.629,0.151
Soybean_cluster_0_yearly_False_window_9_lags_1_sinusoidal_yes_piecewise,False,9,piecewise_lags_1_sinusoidal_yes,0.838,0.233,285.195,291.169,True,True,False,1.313,-5.723,0,2.146,2.273,0.02,582.9859855623794,,,1.001,0.002,,,1.037,1.089,0.087,0.003
Soybean_cluster_0_yearly_True_window_9_lags_none_sinusoidal_no_piecewise,True,9,piecewise_lags_none_sinusoidal_no,0.859,0.0,263.407,266.24,True,True,False,1.11,0.774,0,1.606,1.606,0.019,595.6560744023955,,,,,,,,,,
Soybean_cluster_0_yearly_True_window_9_lags_0_sinusoidal_no_piecewise,True,9,piecewise_lags_0_sinusoidal_no,0.862,0.0,265.094,268.872,True,False,False,1.131,0.78,0,1.62,1.642,0.023,595.6560744023955,1.022,0.625,,,,,,,,
Soybean_cluster_0_yearly_True_window_9_lags_1_sinusoidal_no_piecewise,True,9,piecewise_lags_1_sinusoidal_no,0.818,0.003,249.52,253.082,True,True,False,0.871,0.742,0,1.645,1.648,0.384,595.8569290733894,,,1.003,0.006,,,,,,
Soybean_cluster_0_yearly_True_window_9_lags_none_sinusoidal_yes_piecewise,True,9,piecewise_lags_none_sinusoidal_yes,0.879,0.0,264.492,269.214,True,True,False,1.281,0.836,0,1.638,1.691,0.084,595.6560744023955,,,,,,,1.045,1.008,0.611,0.171
Soybean_cluster_0_yearly_True_window_9_lags_0_sinusoidal_yes_piecewise,True,9,piecewise_lags_0_sinusoidal_yes,0.881,0.0,266.328,271.994,True,True,False,1.282,0.83,0,1.645,1.709,0.106,595.6560744023955,1.023,0.598,,,,,1.037,1.004,0.557,0.218
Soybean_cluster_0_yearly_True_window_9_lags_1_sinusoidal_yes_piecewise,True,9,piecewise_lags_1_sinusoidal_yes,0.906,0.001,241.663,247.006,True,True,False,1.489,0.41,0,1.671,1.716,0.295,595.8569290733894,,,1.003,0.002,,,1.039,1.002,0.082,0.026
Soybean_cluster_0_yearly_False_window_10_lags_none_sinusoidal_no_piecewise,False,10,piecewise_lags_none_sinusoidal_no,0.799,0.0,304.249,307.383,True,True,False,0.625,0.733,0,1.495,1.495,0.111,600.6333384230079,,,,,,,,,,
Soybean_cluster_0_yearly_False_window_10_lags_0_sinusoidal_no_piecewise,False,10,piecewise_lags_0_sinusoidal_no,0.833,0.0,302.368,306.546,True,True,False,0.75,0.759,0,1.504,1.522,0.144,600.6333384230079,1.018,0.081,,,,,,,,
Soybean_cluster_0_yearly_False_window_10_lags_1_sinusoidal_no_piecewise,False,10,piecewise_lags_1_sinusoidal_no,0.811,0.005,284.551,288.533,True,True,False,0.966,0.745,0,1.509,1.509,0.837,600.9331207309899,,,1.001,0.002,,,,,,
Soybean_cluster_0_yearly_False_window_10_lags_none_sinusoidal_yes_piecewise,False,10,piecewise_lags_none_sinusoidal_yes,0.832,0.0,304.506,309.729,False,True,False,0.84,0.705,0,1.516,1.557,0.206,600.6333384230079,,,,,,,1.033,1.008,0.816,0.104
Soybean_cluster_0_yearly_False_window_10_lags_0_sinusoidal_yes_piecewise,False,10,piecewise_lags_0_sinusoidal_yes,0.857,0.0,303.147,309.414,False,True,False,0.868,-2.065,0,1.539,1.626,0.214,600.6333384230079,1.028,0.052,,,,,1.034,1.025,0.835,0.242
Soybean_cluster_0_yearly_False_window_10_lags_1_sinusoidal_yes_piecewise,False,10,piecewise_lags_1_sinusoidal_yes,0.882,0.002,279.202,285.177,True,True,False,1.27,0.774,0,1.535,1.588,0.936,600.9331207309899,,,1.001,0.001,,,1.031,1.021,0.282,0.018
