analysis_name,yearly_aggregate,window_size,config_type,r_squared,p_value,aic,bic,is_normal,is_homoscedastic,no_autocorrelation,durbin_watson,cv_r2_score,cv_r2_std,vif_PPT,vif_spline_0,vif_spline_1,vif_spline_2,p_value_spline_0,p_value_spline_1,p_value_spline_2,knots,vif_ortho_PPT_lag0,p_value_lag0,vif_ortho_PPT_lag1,p_value_lag1,vif_ortho_sin_cycle,vif_ortho_cos_cycle,p_value_sin,p_value_cos
Soybean_cluster_0_yearly_False_window_1_lags_none_sinusoidal_no_spline,False,1,spline_lags_none_sinusoidal_no,0.321,0.062,363.036,368.259,True,True,False,1.251,-2.308,0,1.0,1.0,1.0,1.0,0.345,0.826,0.261,"[np.float64(424.181), np.float64(556.21), np.float64(590.07), np.float64(635.152), np.float64(692.887)]",,,,,,,,
Soybean_cluster_0_yearly_False_window_1_lags_0_sinusoidal_no_spline,False,1,spline_lags_0_sinusoidal_no,0.346,0.112,364.238,370.505,False,True,False,1.297,-4.7,0,1.0,1.164,1.178,1.246,0.256,0.72,0.512,"[np.float64(424.181), np.float64(556.21), np.float64(590.07), np.float64(635.152), np.float64(692.887)]",1.588,0.458,,,,,,
Soybean_cluster_0_yearly_False_window_1_lags_1_sinusoidal_no_spline,False,1,spline_lags_1_sinusoidal_no,0.303,0.105,347.908,353.882,True,True,True,1.524,-38.188,0,1.0,1.0,1.026,1.002,0.238,0.671,0.58,"[np.float64(424.181), np.float64(563.77225), np.float64(597.868), np.float64(637.45336), np.float64(692.887)]",,,1.028,0.41,,,,
Soybean_cluster_0_yearly_False_window_1_lags_none_sinusoidal_yes_spline,False,1,spline_lags_none_sinusoidal_yes,0.449,0.028,362.647,369.959,False,True,True,1.59,-0.46,0,1.0,1.113,1.148,1.344,0.164,0.714,0.911,"[np.float64(424.181), np.float64(556.21), np.float64(590.07), np.float64(635.152), np.float64(692.887)]",,,,,1.169,1.435,0.945,0.094
Soybean_cluster_0_yearly_False_window_1_lags_0_sinusoidal_yes_spline,False,1,spline_lags_0_sinusoidal_yes,0.455,0.045,364.413,372.769,False,True,True,1.618,-0.505,0,1.0,1.283,1.373,1.637,0.166,0.664,0.958,"[np.float64(424.181), np.float64(556.21), np.float64(590.07), np.float64(635.152), np.float64(692.887)]",1.784,0.43,,,1.189,1.32,0.962,0.111
Soybean_cluster_0_yearly_False_window_1_lags_1_sinusoidal_yes_spline,False,1,spline_lags_1_sinusoidal_yes,0.436,0.057,347.676,355.642,False,True,True,1.644,-23.534,0,1.0,1.071,1.247,1.166,0.171,0.69,0.998,"[np.float64(424.181), np.float64(563.77225), np.float64(597.868), np.float64(637.45336), np.float64(692.887)]",,,1.037,0.272,1.295,1.152,0.842,0.118
Soybean_cluster_0_yearly_True_window_1_lags_none_sinusoidal_no_spline,True,1,spline_lags_none_sinusoidal_no,0.399,0.023,323.37,328.093,True,True,False,1.445,-16.356,0,1.0,1.0,1.0,1.0,0.165,0.383,0.445,"[np.float64(424.181), np.float64(549.631), np.float64(573.7658), np.float64(629.9851), np.float64(692.887)]",,,,,,,,
Soybean_cluster_0_yearly_True_window_1_lags_0_sinusoidal_no_spline,True,1,spline_lags_0_sinusoidal_no,0.534,0.044,320.543,326.21,False,True,True,1.678,-25.471,0,1.0,1.123,1.22,1.072,0.05,0.158,0.2,"[np.float64(424.181), np.float64(549.631), np.float64(573.7658), np.float64(629.9851), np.float64(692.887)]",1.415,0.075,,,,,,
Soybean_cluster_0_yearly_True_window_1_lags_1_sinusoidal_no_spline,True,1,spline_lags_1_sinusoidal_no,0.408,0.136,307.741,313.083,True,True,True,1.692,-41.953,0,1.0,1.003,1.033,1.004,0.085,0.552,0.794,"[np.float64(424.181), np.float64(558.73075), np.float64(591.786), np.float64(635.366025), np.float64(692.887)]",,,1.04,0.695,,,,
Soybean_cluster_0_yearly_True_window_1_lags_none_sinusoidal_yes_spline,True,1,spline_lags_none_sinusoidal_yes,0.572,0.007,320.924,327.535,False,True,True,1.769,-11.567,0,1.0,1.026,1.157,1.156,0.074,0.297,0.978,"[np.float64(424.181), np.float64(549.631), np.float64(573.7658), np.float64(629.9851), np.float64(692.887)]",,,,,1.213,1.126,0.544,0.054
Soybean_cluster_0_yearly_True_window_1_lags_0_sinusoidal_yes_spline,True,1,spline_lags_0_sinusoidal_yes,0.594,0.028,321.917,329.473,False,True,True,1.76,-76.61,0,1.0,1.129,1.576,1.459,0.063,0.232,0.678,"[np.float64(424.181), np.float64(549.631), np.float64(573.7658), np.float64(629.9851), np.float64(692.887)]",1.56,0.207,,,1.342,1.263,0.758,0.228
Soybean_cluster_0_yearly_True_window_1_lags_1_sinusoidal_yes_spline,True,1,spline_lags_1_sinusoidal_yes,0.558,0.061,306.488,313.611,False,True,True,1.828,-48.997,0,1.0,1.04,1.239,1.069,0.07,0.595,0.841,"[np.float64(424.181), np.float64(558.73075), np.float64(591.786), np.float64(635.366025), np.float64(692.887)]",,,1.049,0.432,1.224,1.074,0.512,0.109
Soybean_cluster_0_yearly_False_window_2_lags_none_sinusoidal_no_spline,False,2,spline_lags_none_sinusoidal_no,0.31,0.023,355.298,360.52,True,True,False,0.695,-85.912,0,1.0,1.0,1.0,1.0,0.661,0.289,0.468,"[np.float64(482.346), np.float64(546.0495), np.float64(573.14), np.float64(626.5405), np.float64(687.6285)]",,,,,,,,
Soybean_cluster_0_yearly_False_window_2_lags_0_sinusoidal_no_spline,False,2,spline_lags_0_sinusoidal_no,0.319,0.12,357.003,363.27,True,True,False,0.792,-102.248,0,1.0,1.762,1.399,1.149,0.542,0.69,0.407,"[np.float64(482.346), np.float64(546.0495), np.float64(573.14), np.float64(626.5405), np.float64(687.6285)]",2.309,0.652,,,,,,
Soybean_cluster_0_yearly_False_window_2_lags_1_sinusoidal_no_spline,False,2,spline_lags_1_sinusoidal_no,0.352,0.047,337.281,343.255,True,True,False,1.065,-22.205,0,1.0,1.288,1.025,1.028,0.774,0.903,0.479,"[np.float64(500.20250000000004), np.float64(557.451), np.float64(581.98895), np.float64(620.682399), np.float64(687.6285)]",,,1.342,0.088,,,,
Soybean_cluster_0_yearly_False_window_2_lags_none_sinusoidal_yes_spline,False,2,spline_lags_none_sinusoidal_yes,0.477,0.009,353.475,360.786,True,True,False,1.077,-30.581,0,1.0,1.128,1.081,1.121,0.236,0.418,0.978,"[np.float64(482.346), np.float64(546.0495), np.float64(573.14), np.float64(626.5405), np.float64(687.6285)]",,,,,1.147,1.182,0.248,0.076
Soybean_cluster_0_yearly_False_window_2_lags_0_sinusoidal_yes_spline,False,2,spline_lags_0_sinusoidal_yes,0.477,0.035,355.472,363.828,True,True,False,1.067,-20.559,0,1.0,2.05,1.512,1.29,0.339,0.563,0.997,"[np.float64(482.346), np.float64(546.0495), np.float64(573.14), np.float64(626.5405), np.float64(687.6285)]",2.483,0.838,,,1.222,1.147,0.265,0.1
Soybean_cluster_0_yearly_False_window_2_lags_1_sinusoidal_yes_spline,False,2,spline_lags_1_sinusoidal_yes,0.48,0.017,336.868,344.834,True,True,False,1.381,-97.192,0,1.0,1.359,1.068,1.041,0.427,0.674,0.408,"[np.float64(500.20250000000004), np.float64(557.451), np.float64(581.98895), np.float64(620.682399), np.float64(687.6285)]",,,1.352,0.08,1.093,1.024,0.203,0.266
Soybean_cluster_0_yearly_True_window_2_lags_none_sinusoidal_no_spline,True,2,spline_lags_none_sinusoidal_no,0.514,0.006,311.597,316.32,True,True,False,1.152,-3.026,0,1.0,1.0,1.0,1.0,0.497,0.076,0.067,"[np.float64(482.346), np.float64(539.82625), np.float64(573.14), np.float64(618.80503), np.float64(687.6285)]",,,,,,,,
Soybean_cluster_0_yearly_True_window_2_lags_0_sinusoidal_no_spline,True,2,spline_lags_0_sinusoidal_no,0.515,0.01,313.572,319.239,True,True,False,1.151,-2.015,0,1.0,1.569,1.435,1.0,0.629,0.139,0.078,"[np.float64(482.346), np.float64(539.82625), np.float64(573.14), np.float64(618.80503), np.float64(687.6285)]",2.004,0.897,,,,,,
Soybean_cluster_0_yearly_True_window_2_lags_1_sinusoidal_no_spline,True,2,spline_lags_1_sinusoidal_no,0.326,0.049,301.105,306.447,True,True,False,0.924,-0.056,0,1.0,1.316,1.088,1.017,0.412,0.652,0.901,"[np.float64(506.705), np.float64(549.85), np.float64(582.677), np.float64(621.540399), np.float64(687.6285)]",,,1.421,0.286,,,,
Soybean_cluster_0_yearly_True_window_2_lags_none_sinusoidal_yes_spline,True,2,spline_lags_none_sinusoidal_yes,0.665,0.001,308.548,315.159,True,True,False,1.399,-3.782,0,1.0,1.168,1.126,1.356,0.094,0.075,0.349,"[np.float64(482.346), np.float64(539.82625), np.float64(573.14), np.float64(618.80503), np.float64(687.6285)]",,,,,1.173,1.478,0.048,0.256
Soybean_cluster_0_yearly_True_window_2_lags_0_sinusoidal_yes_spline,True,2,spline_lags_0_sinusoidal_yes,0.673,0.002,310.076,317.631,True,True,False,1.396,-6.915,0,1.0,1.817,1.481,1.421,0.224,0.087,0.449,"[np.float64(482.346), np.float64(539.82625), np.float64(573.14), np.float64(618.80503), np.float64(687.6285)]",2.132,0.935,,,1.186,1.401,0.061,0.231
Soybean_cluster_0_yearly_True_window_2_lags_1_sinusoidal_yes_spline,True,2,spline_lags_1_sinusoidal_yes,0.614,0.005,295.092,302.215,True,True,True,1.545,-21.542,0,1.0,1.362,1.188,1.053,0.094,0.368,0.605,"[np.float64(506.705), np.float64(549.85), np.float64(582.677), np.float64(621.540399), np.float64(687.6285)]",,,1.435,0.199,1.081,1.086,0.025,0.442
Soybean_cluster_0_yearly_False_window_3_lags_none_sinusoidal_no_spline,False,3,spline_lags_none_sinusoidal_no,0.415,0.025,344.976,350.199,True,True,False,0.875,-3.409,0,1.0,1.0,1.0,1.0,0.365,0.221,0.078,"[np.float64(512.6990000000001), np.float64(583.573667), np.float64(607.093733), np.float64(622.5286), np.float64(678.6286666666666)]",,,,,,,,
Soybean_cluster_0_yearly_False_window_3_lags_0_sinusoidal_no_spline,False,3,spline_lags_0_sinusoidal_no,0.476,0.013,344.671,350.938,True,True,False,1.0,-3.558,0,1.0,1.025,1.18,1.001,0.29,0.094,0.067,"[np.float64(512.6990000000001), np.float64(583.573667), np.float64(607.093733), np.float64(622.5286), np.float64(678.6286666666666)]",1.207,0.207,,,,,,
Soybean_cluster_0_yearly_False_window_3_lags_1_sinusoidal_no_spline,False,3,spline_lags_1_sinusoidal_no,0.408,0.054,328.861,334.836,True,True,False,0.893,-5.01,0,1.0,1.168,1.106,1.002,0.42,0.861,0.649,"[np.float64(534.2130000000001), np.float64(584.295067), np.float64(596.7888), np.float64(614.00565), np.float64(678.6286666666666)]",,,1.276,0.054,,,,
Soybean_cluster_0_yearly_False_window_3_lags_none_sinusoidal_yes_spline,False,3,spline_lags_none_sinusoidal_yes,0.562,0.011,342.917,350.229,True,True,False,0.723,-1.044,0,1.0,1.243,1.345,1.522,0.12,0.739,0.701,"[np.float64(512.6990000000001), np.float64(583.573667), np.float64(607.093733), np.float64(622.5286), np.float64(678.6286666666666)]",,,,,1.257,1.853,0.263,0.06
Soybean_cluster_0_yearly_False_window_3_lags_0_sinusoidal_yes_spline,False,3,spline_lags_0_sinusoidal_yes,0.562,0.104,344.913,353.269,True,True,False,0.723,-5.809,0,1.0,1.28,1.653,1.531,0.162,0.808,0.726,"[np.float64(512.6990000000001), np.float64(583.573667), np.float64(607.093733), np.float64(622.5286), np.float64(678.6286666666666)]",1.411,0.804,,,1.293,1.76,0.278,0.076
Soybean_cluster_0_yearly_False_window_3_lags_1_sinusoidal_yes_spline,False,3,spline_lags_1_sinusoidal_yes,0.599,0.007,325.082,333.048,True,True,False,0.826,-18.574,0,1.0,1.256,1.157,1.133,0.224,0.802,0.712,"[np.float64(534.2130000000001), np.float64(584.295067), np.float64(596.7888), np.float64(614.00565), np.float64(678.6286666666666)]",,,1.277,0.023,1.209,1.058,0.085,0.107
Soybean_cluster_0_yearly_True_window_3_lags_none_sinusoidal_no_spline,True,3,spline_lags_none_sinusoidal_no,0.501,0.012,305.631,310.354,False,True,False,1.174,-3.492,0,1.0,1.0,1.0,1.0,0.904,0.031,0.119,"[np.float64(512.6990000000001), np.float64(561.043533), np.float64(582.310333), np.float64(604.949333), np.float64(671.5631666666667)]",,,,,,,,
Soybean_cluster_0_yearly_True_window_3_lags_0_sinusoidal_no_spline,True,3,spline_lags_0_sinusoidal_no,0.509,0.203,307.338,313.004,True,True,False,1.273,-10.678,0,1.0,1.487,1.239,1.435,0.875,0.287,0.178,"[np.float64(512.6990000000001), np.float64(561.043533), np.float64(582.310333), np.float64(604.949333), np.float64(671.5631666666667)]",2.161,0.66,,,,,,
Soybean_cluster_0_yearly_True_window_3_lags_1_sinusoidal_no_spline,True,3,spline_lags_1_sinusoidal_no,0.359,0.07,294.039,299.381,True,False,False,0.963,-10.473,0,1.0,1.134,1.296,1.026,0.319,0.335,0.383,"[np.float64(541.1386666666667), np.float64(581.437658), np.float64(591.798967), np.float64(608.057), np.float64(671.5631666666667)]",,,1.457,0.432,,,,
Soybean_cluster_0_yearly_True_window_3_lags_none_sinusoidal_yes_spline,True,3,spline_lags_none_sinusoidal_yes,0.631,0.003,303.875,310.486,True,True,False,1.156,-4.458,0,1.0,1.223,1.492,1.414,0.38,0.074,0.561,"[np.float64(512.6990000000001), np.float64(561.043533), np.float64(582.310333), np.float64(604.949333), np.float64(671.5631666666667)]",,,,,1.075,2.054,0.083,0.24
Soybean_cluster_0_yearly_True_window_3_lags_0_sinusoidal_yes_spline,True,3,spline_lags_0_sinusoidal_yes,0.685,0.138,302.887,310.443,True,True,True,1.629,-6.192,0,1.0,2.604,2.414,1.577,0.136,0.895,0.217,"[np.float64(512.6990000000001), np.float64(561.043533), np.float64(582.310333), np.float64(604.949333), np.float64(671.5631666666667)]",2.68,0.29,,,1.251,2.664,0.048,0.123
Soybean_cluster_0_yearly_True_window_3_lags_1_sinusoidal_yes_spline,True,3,spline_lags_1_sinusoidal_yes,0.621,0.007,288.561,295.684,True,True,False,1.223,-10.753,0,1.0,1.251,1.36,1.127,0.218,0.243,0.906,"[np.float64(541.1386666666667), np.float64(581.437658), np.float64(591.798967), np.float64(608.057), np.float64(671.5631666666667)]",,,1.474,0.157,1.132,1.133,0.032,0.236
Soybean_cluster_0_yearly_False_window_4_lags_none_sinusoidal_no_spline,False,4,spline_lags_none_sinusoidal_no,0.408,0.011,343.098,348.32,True,True,False,0.873,-8.189,0,1.0,1.0,1.0,1.0,0.666,0.165,0.164,"[np.float64(512.6990000000001), np.float64(567.2055), np.float64(586.295), np.float64(597.426), np.float64(667.7595)]",,,,,,,,
Soybean_cluster_0_yearly_False_window_4_lags_0_sinusoidal_no_spline,False,4,spline_lags_0_sinusoidal_no,0.411,0.068,345.02,351.287,True,True,False,0.851,-8.61,0,1.0,2.016,1.071,1.028,0.667,0.238,0.21,"[np.float64(512.6990000000001), np.float64(567.2055), np.float64(586.295), np.float64(597.426), np.float64(667.7595)]",2.116,0.816,,,,,,
Soybean_cluster_0_yearly_False_window_4_lags_1_sinusoidal_no_spline,False,4,spline_lags_1_sinusoidal_no,0.41,0.047,326.02,331.994,False,True,False,1.112,-257.707,0,1.0,1.115,1.078,1.116,0.323,0.633,0.702,"[np.float64(553.3715000000001), np.float64(578.957375), np.float64(592.380125), np.float64(600.562746), np.float64(667.7595)]",,,1.308,0.083,,,,
Soybean_cluster_0_yearly_False_window_4_lags_none_sinusoidal_yes_spline,False,4,spline_lags_none_sinusoidal_yes,0.547,0.005,341.482,348.794,True,True,False,0.695,-5.605,0,1.0,1.28,1.23,1.223,0.548,0.374,0.624,"[np.float64(512.6990000000001), np.float64(567.2055), np.float64(586.295), np.float64(597.426), np.float64(667.7595)]",,,,,1.154,1.579,0.2,0.096
Soybean_cluster_0_yearly_False_window_4_lags_0_sinusoidal_yes_spline,False,4,spline_lags_0_sinusoidal_yes,0.555,0.089,343.133,351.489,True,True,False,0.735,-5.656,0,1.0,3.131,1.387,1.223,0.484,0.732,0.606,"[np.float64(512.6990000000001), np.float64(567.2055), np.float64(586.295), np.float64(597.426), np.float64(667.7595)]",2.707,0.587,,,1.426,1.608,0.179,0.096
Soybean_cluster_0_yearly_False_window_4_lags_1_sinusoidal_yes_spline,False,4,spline_lags_1_sinusoidal_yes,0.571,0.009,323.674,331.64,True,True,False,0.942,-566.593,0,1.0,1.269,1.111,1.223,0.331,0.614,0.743,"[np.float64(553.3715000000001), np.float64(578.957375), np.float64(592.380125), np.float64(600.562746), np.float64(667.7595)]",,,1.366,0.03,1.08,1.157,0.06,0.447
Soybean_cluster_0_yearly_True_window_4_lags_none_sinusoidal_no_spline,True,4,spline_lags_none_sinusoidal_no,0.337,0.039,307.718,312.441,True,True,False,0.605,-11.284,0,1.0,1.0,1.0,1.0,0.421,0.464,0.511,"[np.float64(512.6990000000001), np.float64(568.168625), np.float64(583.803125), np.float64(596.1102), np.float64(662.460375)]",,,,,,,,
Soybean_cluster_0_yearly_True_window_4_lags_0_sinusoidal_no_spline,True,4,spline_lags_0_sinusoidal_no,0.44,0.04,306.513,312.179,True,True,False,0.805,-21.21,0,1.0,2.333,1.231,1.084,0.104,0.107,0.669,"[np.float64(512.6990000000001), np.float64(568.168625), np.float64(583.803125), np.float64(596.1102), np.float64(662.460375)]",2.649,0.146,,,,,,
Soybean_cluster_0_yearly_True_window_4_lags_1_sinusoidal_no_spline,True,4,spline_lags_1_sinusoidal_no,0.46,0.074,286.706,292.048,True,True,False,1.349,-31.952,0,1.0,1.04,1.0,1.075,0.788,0.247,0.614,"[np.float64(552.0777333333334), np.float64(574.620506), np.float64(585.422844), np.float64(597.2326), np.float64(662.460375)]",,,1.115,0.029,,,,
Soybean_cluster_0_yearly_True_window_4_lags_none_sinusoidal_yes_spline,True,4,spline_lags_none_sinusoidal_yes,0.575,0.007,303.287,309.898,True,True,False,0.693,-15.067,0,1.0,1.382,1.15,1.126,0.602,0.794,0.886,"[np.float64(512.6990000000001), np.float64(568.168625), np.float64(583.803125), np.float64(596.1102), np.float64(662.460375)]",,,,,1.209,1.448,0.054,0.08
Soybean_cluster_0_yearly_True_window_4_lags_0_sinusoidal_yes_spline,True,4,spline_lags_0_sinusoidal_yes,0.625,0.039,302.899,310.455,True,True,False,0.98,-11.976,0,1.0,3.414,1.602,1.161,0.371,0.246,0.425,"[np.float64(512.6990000000001), np.float64(568.168625), np.float64(583.803125), np.float64(596.1102), np.float64(662.460375)]",3.392,0.301,,,1.385,1.399,0.067,0.139
Soybean_cluster_0_yearly_True_window_4_lags_1_sinusoidal_yes_spline,True,4,spline_lags_1_sinusoidal_yes,0.635,0.018,283.664,290.787,True,True,False,1.405,-26.186,0,1.0,1.188,1.226,1.27,0.916,0.329,0.647,"[np.float64(552.0777333333334), np.float64(574.620506), np.float64(585.422844), np.float64(597.2326), np.float64(662.460375)]",,,1.149,0.009,1.391,1.144,0.057,0.812
Soybean_cluster_0_yearly_False_window_5_lags_none_sinusoidal_no_spline,False,5,spline_lags_none_sinusoidal_no,0.343,0.06,339.51,344.733,True,True,False,0.515,-25.08,0,1.0,1.0,1.0,1.0,0.398,0.684,0.269,"[np.float64(539.6333331333334), np.float64(575.3662), np.float64(586.5512), np.float64(605.739), np.float64(657.8548000000001)]",,,,,,,,
Soybean_cluster_0_yearly_False_window_5_lags_0_sinusoidal_no_spline,False,5,spline_lags_0_sinusoidal_no,0.364,0.058,340.825,347.093,True,True,False,0.592,-4.027,0,1.0,1.546,1.041,1.002,0.29,0.654,0.263,"[np.float64(539.6333331333334), np.float64(575.3662), np.float64(586.5512), np.float64(605.739), np.float64(657.8548000000001)]",1.588,0.492,,,,,,
Soybean_cluster_0_yearly_False_window_5_lags_1_sinusoidal_no_spline,False,5,spline_lags_1_sinusoidal_no,0.483,0.075,317.508,323.483,True,True,False,0.914,-19.432,0,1.0,1.09,1.006,1.001,0.383,0.817,0.23,"[np.float64(561.36555), np.float64(583.6908), np.float64(594.6787), np.float64(609.22284), np.float64(657.8548000000001)]",,,1.098,0.02,,,,
Soybean_cluster_0_yearly_False_window_5_lags_none_sinusoidal_yes_spline,False,5,spline_lags_none_sinusoidal_yes,0.596,0.005,333.282,340.593,True,True,False,0.627,-4.062,0,1.0,1.141,1.262,1.18,0.627,0.789,0.989,"[np.float64(539.6333331333334), np.float64(575.3662), np.float64(586.5512), np.float64(605.739), np.float64(657.8548000000001)]",,,,,1.025,1.557,0.349,0.011
Soybean_cluster_0_yearly_False_window_5_lags_0_sinusoidal_yes_spline,False,5,spline_lags_0_sinusoidal_yes,0.611,0.006,334.49,342.846,True,True,False,0.686,-7.551,0,1.0,1.921,1.279,1.209,0.948,0.817,0.968,"[np.float64(539.6333331333334), np.float64(575.3662), np.float64(586.5512), np.float64(605.739), np.float64(657.8548000000001)]",1.691,0.43,,,1.094,1.623,0.427,0.014
Soybean_cluster_0_yearly_False_window_5_lags_1_sinusoidal_yes_spline,False,5,spline_lags_1_sinusoidal_yes,0.612,0.016,315.759,323.725,True,True,False,0.709,-196.734,0,1.0,1.456,1.142,1.104,0.772,0.923,0.641,"[np.float64(561.36555), np.float64(583.6908), np.float64(594.6787), np.float64(609.22284), np.float64(657.8548000000001)]",,,1.14,0.007,1.143,1.419,0.089,0.189
Soybean_cluster_0_yearly_True_window_5_lags_none_sinusoidal_no_spline,True,5,spline_lags_none_sinusoidal_no,0.389,0.078,301.033,305.755,True,True,False,0.477,0.0,0,1.0,1.0,1.0,1.0,0.451,0.826,0.172,"[np.float64(539.6333331333334), np.float64(573.17553), np.float64(585.8361), np.float64(601.614796), np.float64(653.5541)]",,,,,,,,
Soybean_cluster_0_yearly_True_window_5_lags_0_sinusoidal_no_spline,True,5,spline_lags_0_sinusoidal_no,0.568,0.008,296.429,302.095,True,True,False,0.76,-7.59,0,1.0,1.53,1.068,1.281,0.076,0.155,0.938,"[np.float64(539.6333331333334), np.float64(573.17553), np.float64(585.8361), np.float64(601.614796), np.float64(653.5541)]",1.878,0.037,,,,,,
Soybean_cluster_0_yearly_True_window_5_lags_1_sinusoidal_no_spline,True,5,spline_lags_1_sinusoidal_no,0.493,0.062,280.311,285.653,True,True,False,1.089,-11.997,0,1.0,1.015,1.0,1.058,0.327,0.495,0.35,"[np.float64(552.0777333333334), np.float64(578.9421), np.float64(592.66795), np.float64(606.86364), np.float64(653.5541)]",,,1.073,0.01,,,,
Soybean_cluster_0_yearly_True_window_5_lags_none_sinusoidal_yes_spline,True,5,spline_lags_none_sinusoidal_yes,0.678,0.004,292.873,299.484,True,True,False,0.842,-57.082,0,1.0,1.396,1.253,1.344,0.574,0.604,0.957,"[np.float64(539.6333331333334), np.float64(573.17553), np.float64(585.8361), np.float64(601.614796), np.float64(653.5541)]",,,,,1.12,1.872,0.035,0.024
Soybean_cluster_0_yearly_True_window_5_lags_0_sinusoidal_yes_spline,True,5,spline_lags_0_sinusoidal_yes,0.686,0.012,294.393,301.949,True,True,False,0.822,-55.898,0,1.0,2.532,1.288,1.344,0.462,0.531,0.99,"[np.float64(539.6333331333334), np.float64(573.17553), np.float64(585.8361), np.float64(601.614796), np.float64(653.5541)]",1.954,0.179,,,1.31,1.901,0.154,0.027
Soybean_cluster_0_yearly_True_window_5_lags_1_sinusoidal_yes_spline,True,5,spline_lags_1_sinusoidal_yes,0.713,0.007,274.057,281.18,True,True,False,1.223,-11.536,0,1.0,1.361,1.792,1.067,0.712,0.919,0.289,"[np.float64(552.0777333333334), np.float64(578.9421), np.float64(592.66795), np.float64(606.86364), np.float64(653.5541)]",,,1.079,0.002,1.364,1.778,0.024,0.23
Soybean_cluster_0_yearly_False_window_6_lags_none_sinusoidal_no_spline,False,6,spline_lags_none_sinusoidal_no,0.481,0.021,333.266,338.488,True,True,False,0.456,-45.718,0,1.0,1.0,1.0,1.0,0.271,0.755,0.186,"[np.float64(539.6333331333334), np.float64(571.7784), np.float64(587.387867), np.float64(593.979), np.float64(651.2004999999999)]",,,,,,,,
Soybean_cluster_0_yearly_False_window_6_lags_0_sinusoidal_no_spline,False,6,spline_lags_0_sinusoidal_no,0.514,0.029,333.896,340.163,True,True,False,0.47,-84.22,0,1.0,2.538,1.059,1.025,0.17,0.649,0.287,"[np.float64(539.6333331333334), np.float64(571.7784), np.float64(587.387867), np.float64(593.979), np.float64(651.2004999999999)]",2.622,0.331,,,,,,
Soybean_cluster_0_yearly_False_window_6_lags_1_sinusoidal_no_spline,False,6,spline_lags_1_sinusoidal_no,0.618,0.027,309.518,315.492,True,True,False,1.087,-47.756,0,1.0,1.063,1.003,1.42,0.358,0.66,0.416,"[np.float64(561.36555), np.float64(581.567433), np.float64(589.710917), np.float64(599.57075), np.float64(651.2004999999999)]",,,1.486,0.013,,,,
Soybean_cluster_0_yearly_False_window_6_lags_none_sinusoidal_yes_spline,False,6,spline_lags_none_sinusoidal_yes,0.678,0.002,327.224,334.535,True,True,False,0.591,-20.526,0,1.0,1.46,1.058,1.217,0.553,0.673,0.864,"[np.float64(539.6333331333334), np.float64(571.7784), np.float64(587.387867), np.float64(593.979), np.float64(651.2004999999999)]",,,,,1.083,1.652,0.114,0.017
Soybean_cluster_0_yearly_False_window_6_lags_0_sinusoidal_yes_spline,False,6,spline_lags_0_sinusoidal_yes,0.685,0.021,328.8,337.156,True,True,False,0.573,-9.143,0,1.0,4.371,1.197,1.219,0.865,0.909,0.919,"[np.float64(539.6333331333334), np.float64(571.7784), np.float64(587.387867), np.float64(593.979), np.float64(651.2004999999999)]",3.719,0.768,,,1.108,1.959,0.11,0.051
Soybean_cluster_0_yearly_False_window_6_lags_1_sinusoidal_yes_spline,False,6,spline_lags_1_sinusoidal_yes,0.682,0.013,309.88,317.846,True,True,False,0.863,-73.403,0,1.0,1.504,1.602,1.531,0.553,0.904,0.85,"[np.float64(561.36555), np.float64(581.567433), np.float64(589.710917), np.float64(599.57075), np.float64(651.2004999999999)]",,,1.539,0.007,1.409,1.69,0.219,0.277
Soybean_cluster_0_yearly_True_window_6_lags_none_sinusoidal_no_spline,True,6,spline_lags_none_sinusoidal_no,0.543,0.008,295.156,299.878,True,True,False,0.883,-39.048,0,1.0,1.0,1.0,1.0,0.316,0.861,0.167,"[np.float64(539.6333331333334), np.float64(574.810522), np.float64(590.576667), np.float64(611.181183), np.float64(631.6615833333333)]",,,,,,,,
Soybean_cluster_0_yearly_True_window_6_lags_0_sinusoidal_no_spline,True,6,spline_lags_0_sinusoidal_no,0.567,0.89,296.166,301.833,True,True,False,0.946,-72.089,0,1.0,1.126,1.181,1.003,0.875,0.456,0.252,"[np.float64(539.6333331333334), np.float64(574.810522), np.float64(590.576667), np.float64(611.181183), np.float64(631.6615833333333)]",1.31,0.419,,,,,,
Soybean_cluster_0_yearly_True_window_6_lags_1_sinusoidal_no_spline,True,6,spline_lags_1_sinusoidal_no,0.639,0.073,273.134,278.476,True,True,False,1.107,-2.754,0,1.0,1.166,1.094,1.044,0.294,0.415,0.225,"[np.float64(566.505), np.float64(583.51247), np.float64(592.645166), np.float64(611.500817), np.float64(631.6615833333333)]",,,1.304,0.025,,,,
Soybean_cluster_0_yearly_True_window_6_lags_none_sinusoidal_yes_spline,True,6,spline_lags_none_sinusoidal_yes,0.788,0.001,284.571,291.182,True,True,False,0.817,-17.345,0,1.0,1.82,1.131,1.119,0.786,0.489,0.481,"[np.float64(539.6333331333334), np.float64(574.810522), np.float64(590.576667), np.float64(611.181183), np.float64(631.6615833333333)]",,,,,1.231,1.839,0.006,0.087
Soybean_cluster_0_yearly_True_window_6_lags_0_sinusoidal_yes_spline,True,6,spline_lags_0_sinusoidal_yes,0.806,0.986,284.887,292.443,True,True,False,0.84,-39.104,0,1.0,1.898,1.333,1.126,0.364,0.273,0.633,"[np.float64(539.6333331333334), np.float64(574.810522), np.float64(590.576667), np.float64(611.181183), np.float64(631.6615833333333)]",1.441,0.258,,,1.236,1.679,0.007,0.092
Soybean_cluster_0_yearly_True_window_6_lags_1_sinusoidal_yes_spline,True,6,spline_lags_1_sinusoidal_yes,0.843,0.004,262.085,269.208,True,True,False,1.376,-6.954,0,1.0,1.863,1.189,1.164,0.963,0.428,0.245,"[np.float64(566.505), np.float64(583.51247), np.float64(592.645166), np.float64(611.500817), np.float64(631.6615833333333)]",,,1.389,0.001,1.527,1.3,0.005,0.395
Soybean_cluster_0_yearly_False_window_7_lags_none_sinusoidal_no_spline,False,7,spline_lags_none_sinusoidal_no,0.499,0.016,329.389,334.612,True,True,False,0.525,-13.001,0,1.0,1.0,1.0,1.0,0.159,0.634,0.687,"[np.float64(561.36555), np.float64(573.851286), np.float64(591.489286), np.float64(608.108714), np.float64(632.7717142857143)]",,,,,,,,
Soybean_cluster_0_yearly_False_window_7_lags_0_sinusoidal_no_spline,False,7,spline_lags_0_sinusoidal_no,0.606,0.029,326.386,332.654,True,True,False,0.718,-12.529,0,1.0,1.005,1.005,1.03,0.124,0.438,0.441,"[np.float64(561.36555), np.float64(573.851286), np.float64(591.489286), np.float64(608.108714), np.float64(632.7717142857143)]",1.04,0.063,,,,,,
Soybean_cluster_0_yearly_False_window_7_lags_1_sinusoidal_no_spline,False,7,spline_lags_1_sinusoidal_no,0.603,0.026,306.619,312.593,True,True,False,1.343,-0.519,0,1.0,1.019,1.062,1.004,0.706,0.666,0.394,"[np.float64(561.36555), np.float64(584.54255), np.float64(592.680532), np.float64(604.682114), np.float64(632.7717142857143)]",,,1.085,0.006,,,,
Soybean_cluster_0_yearly_False_window_7_lags_none_sinusoidal_yes_spline,False,7,spline_lags_none_sinusoidal_yes,0.768,0.0,317.263,324.575,True,False,False,0.867,-10.162,0,1.0,1.412,1.096,1.057,0.491,0.224,0.847,"[np.float64(561.36555), np.float64(573.851286), np.float64(591.489286), np.float64(608.108714), np.float64(632.7717142857143)]",,,,,1.115,1.45,0.168,0.002
Soybean_cluster_0_yearly_False_window_7_lags_0_sinusoidal_yes_spline,False,7,spline_lags_0_sinusoidal_yes,0.781,0.001,318.048,326.404,True,False,False,0.844,-14.247,0,1.0,1.421,1.096,1.105,0.684,0.206,0.97,"[np.float64(561.36555), np.float64(573.851286), np.float64(591.489286), np.float64(608.108714), np.float64(632.7717142857143)]",1.042,0.057,,,1.116,1.463,0.201,0.01
Soybean_cluster_0_yearly_False_window_7_lags_1_sinusoidal_yes_spline,False,7,spline_lags_1_sinusoidal_yes,0.754,0.002,301.082,309.048,True,True,False,1.175,-33.334,0,1.0,1.379,1.193,1.164,0.455,0.479,0.745,"[np.float64(561.36555), np.float64(584.54255), np.float64(592.680532), np.float64(604.682114), np.float64(632.7717142857143)]",,,1.098,0.002,1.339,1.298,0.106,0.037
Soybean_cluster_0_yearly_True_window_7_lags_none_sinusoidal_no_spline,True,7,spline_lags_none_sinusoidal_no,0.647,0.001,287.555,292.277,False,True,False,0.908,-0.554,0,1.0,1.0,1.0,1.0,0.134,0.329,0.137,"[np.float64(567.20549965), np.float64(585.4276), np.float64(594.783569), np.float64(607.405393), np.float64(629.1359999999999)]",,,,,,,,
Soybean_cluster_0_yearly_True_window_7_lags_0_sinusoidal_no_spline,True,7,spline_lags_0_sinusoidal_no,0.692,0.005,286.963,292.63,True,True,False,0.736,-18.06,0,1.0,1.014,1.1,1.033,0.132,0.688,0.085,"[np.float64(567.20549965), np.float64(585.4276), np.float64(594.783569), np.float64(607.405393), np.float64(629.1359999999999)]",1.147,0.191,,,,,,
Soybean_cluster_0_yearly_True_window_7_lags_1_sinusoidal_no_spline,True,7,spline_lags_1_sinusoidal_no,0.622,0.027,270.659,276.001,True,True,False,0.999,-1.433,0,1.0,1.028,1.192,1.0,0.552,0.52,0.357,"[np.float64(569.8714285714286), np.float64(586.480075), np.float64(594.651224), np.float64(609.501304), np.float64(629.1359999999999)]",,,1.22,0.026,,,,
Soybean_cluster_0_yearly_True_window_7_lags_none_sinusoidal_yes_spline,True,7,spline_lags_none_sinusoidal_yes,0.821,0.0,278.625,285.236,True,True,False,0.811,-9.165,0,1.0,1.25,1.781,1.216,0.241,0.262,0.68,"[np.float64(567.20549965), np.float64(585.4276), np.float64(594.783569), np.float64(607.405393), np.float64(629.1359999999999)]",,,,,1.764,1.483,0.01,0.051
Soybean_cluster_0_yearly_True_window_7_lags_0_sinusoidal_yes_spline,True,7,spline_lags_0_sinusoidal_yes,0.869,0.001,274.725,282.281,True,True,False,0.8,-16.629,0,1.0,1.25,1.898,1.253,0.146,0.081,0.417,"[np.float64(567.20549965), np.float64(585.4276), np.float64(594.783569), np.float64(607.405393), np.float64(629.1359999999999)]",1.189,0.025,,,1.78,1.433,0.004,0.079
Soybean_cluster_0_yearly_True_window_7_lags_1_sinusoidal_yes_spline,True,7,spline_lags_1_sinusoidal_yes,0.855,0.001,257.442,264.565,True,True,False,1.419,-4.73,0,1.0,1.306,1.283,1.128,0.691,0.248,0.932,"[np.float64(569.8714285714286), np.float64(586.480075), np.float64(594.651224), np.float64(609.501304), np.float64(629.1359999999999)]",,,1.222,0.002,1.452,1.043,0.006,0.038
Soybean_cluster_0_yearly_False_window_8_lags_none_sinusoidal_no_spline,False,8,spline_lags_none_sinusoidal_no,0.676,0.005,320.702,325.924,True,True,False,0.656,0.148,0,1.0,1.0,1.0,1.0,0.048,0.718,0.273,"[np.float64(560.288499825), np.float64(579.87775), np.float64(587.387867), np.float64(606.697875), np.float64(633.072625)]",,,,,,,,
Soybean_cluster_0_yearly_False_window_8_lags_0_sinusoidal_no_spline,False,8,spline_lags_0_sinusoidal_no,0.692,0.005,321.633,327.9,True,True,False,0.641,0.319,0,1.0,1.001,1.059,1.045,0.066,0.94,0.216,"[np.float64(560.288499825), np.float64(579.87775), np.float64(587.387867), np.float64(606.697875), np.float64(633.072625)]",1.105,0.39,,,,,,
Soybean_cluster_0_yearly_False_window_8_lags_1_sinusoidal_no_spline,False,8,spline_lags_1_sinusoidal_no,0.672,0.015,302.86,308.834,True,True,False,0.827,-1.274,0,1.0,1.004,1.173,1.056,0.96,0.635,0.526,"[np.float64(571.4231426571429), np.float64(584.756687), np.float64(596.1444), np.float64(608.13525), np.float64(633.072625)]",,,1.234,0.004,,,,
Soybean_cluster_0_yearly_False_window_8_lags_none_sinusoidal_yes_spline,False,8,spline_lags_none_sinusoidal_yes,0.768,0.001,317.679,324.99,True,True,False,0.521,0.157,0,1.0,1.249,1.48,1.169,0.533,0.468,0.832,"[np.float64(560.288499825), np.float64(579.87775), np.float64(587.387867), np.float64(606.697875), np.float64(633.072625)]",,,,,1.617,1.281,0.153,0.062
Soybean_cluster_0_yearly_False_window_8_lags_0_sinusoidal_yes_spline,False,8,spline_lags_0_sinusoidal_yes,0.769,0.001,319.593,327.949,True,True,False,0.535,-0.5,0,1.0,1.281,1.631,1.32,0.538,0.552,0.79,"[np.float64(560.288499825), np.float64(579.87775), np.float64(587.387867), np.float64(606.697875), np.float64(633.072625)]",1.171,0.51,,,1.692,1.369,0.183,0.094
Soybean_cluster_0_yearly_False_window_8_lags_1_sinusoidal_yes_spline,False,8,spline_lags_1_sinusoidal_yes,0.821,0.001,294.78,302.746,True,True,False,0.9,-1.786,0,1.0,1.182,1.313,1.236,0.888,0.332,0.884,"[np.float64(571.4231426571429), np.float64(584.756687), np.float64(596.1444), np.float64(608.13525), np.float64(633.072625)]",,,1.274,0.002,1.246,1.21,0.026,0.064
Soybean_cluster_0_yearly_True_window_8_lags_none_sinusoidal_no_spline,True,8,spline_lags_none_sinusoidal_no,0.789,0.0,278.064,282.786,True,True,False,1.126,-2.288,0,1.0,1.0,1.0,1.0,0.062,0.659,0.655,"[np.float64(560.288499825), np.float64(577.478275), np.float64(588.790625), np.float64(599.692862), np.float64(630.4230625)]",,,,,,,,
Soybean_cluster_0_yearly_True_window_8_lags_0_sinusoidal_no_spline,True,8,spline_lags_0_sinusoidal_no,0.807,0.0,278.325,283.992,True,True,False,1.304,-2.339,0,1.0,1.109,1.017,1.353,0.103,0.674,0.855,"[np.float64(560.288499825), np.float64(577.478275), np.float64(588.790625), np.float64(599.692862), np.float64(630.4230625)]",1.479,0.285,,,,,,
Soybean_cluster_0_yearly_True_window_8_lags_1_sinusoidal_no_spline,True,8,spline_lags_1_sinusoidal_no,0.692,0.004,267.149,272.492,True,True,False,0.916,-6.304,0,1.0,1.0,1.009,1.047,0.713,0.621,0.542,"[np.float64(571.4231426571429), np.float64(583.739781), np.float64(594.87182), np.float64(608.970947), np.float64(630.4230625)]",,,1.056,0.016,,,,
Soybean_cluster_0_yearly_True_window_8_lags_none_sinusoidal_yes_spline,True,8,spline_lags_none_sinusoidal_yes,0.887,0.0,270.225,276.836,True,True,False,1.351,-21.914,0,1.0,1.184,1.257,1.01,0.272,0.279,0.422,"[np.float64(560.288499825), np.float64(577.478275), np.float64(588.790625), np.float64(599.692862), np.float64(630.4230625)]",,,,,1.359,1.092,0.017,0.152
Soybean_cluster_0_yearly_True_window_8_lags_0_sinusoidal_yes_spline,True,8,spline_lags_0_sinusoidal_yes,0.901,0.0,269.605,277.161,True,True,True,1.505,-90.033,0,1.0,1.305,1.257,1.466,0.376,0.208,0.968,"[np.float64(560.288499825), np.float64(577.478275), np.float64(588.790625), np.float64(599.692862), np.float64(630.4230625)]",1.505,0.159,,,1.38,1.144,0.012,0.39
Soybean_cluster_0_yearly_True_window_8_lags_1_sinusoidal_yes_spline,True,8,spline_lags_1_sinusoidal_yes,0.908,0.0,249.489,256.612,True,True,True,2.097,-3.488,0,1.0,1.082,1.181,1.135,0.872,0.429,0.079,"[np.float64(571.4231426571429), np.float64(583.739781), np.float64(594.87182), np.float64(608.970947), np.float64(630.4230625)]",,,1.066,0.001,1.181,1.152,0.002,0.072
Soybean_cluster_0_yearly_False_window_9_lags_none_sinusoidal_no_spline,False,9,spline_lags_none_sinusoidal_no,0.663,0.0,318.956,324.179,False,True,False,0.48,-1.312,0,1.0,1.0,1.0,1.0,0.18,0.779,0.669,"[np.float64(560.288499825), np.float64(581.391555), np.float64(593.888667), np.float64(607.906444), np.float64(631.4241111111111)]",,,,,,,,
Soybean_cluster_0_yearly_False_window_9_lags_0_sinusoidal_no_spline,False,9,spline_lags_0_sinusoidal_no,0.761,0.0,313.773,320.04,False,True,False,0.481,-2.18,0,1.0,1.039,1.016,1.258,0.228,0.68,0.135,"[np.float64(560.288499825), np.float64(581.391555), np.float64(593.888667), np.float64(607.906444), np.float64(631.4241111111111)]",1.313,0.026,,,,,,
Soybean_cluster_0_yearly_False_window_9_lags_1_sinusoidal_no_spline,False,9,spline_lags_1_sinusoidal_no,0.648,0.006,300.784,306.758,True,True,False,0.877,-4.305,0,1.0,1.019,1.031,1.031,0.761,0.547,0.734,"[np.float64(571.4231426571429), np.float64(584.969489), np.float64(597.069301), np.float64(604.690256), np.float64(631.4241111111111)]",,,1.081,0.019,,,,
Soybean_cluster_0_yearly_False_window_9_lags_none_sinusoidal_yes_spline,False,9,spline_lags_none_sinusoidal_yes,0.73,0.001,318.295,325.607,False,True,False,0.443,-8.594,0,1.0,1.391,1.623,1.072,0.738,0.597,0.988,"[np.float64(560.288499825), np.float64(581.391555), np.float64(593.888667), np.float64(607.906444), np.float64(631.4241111111111)]",,,,,1.555,1.532,0.474,0.085
Soybean_cluster_0_yearly_False_window_9_lags_0_sinusoidal_yes_spline,False,9,spline_lags_0_sinusoidal_yes,0.781,0.001,315.919,324.275,False,True,False,0.37,-5.855,0,1.0,1.396,1.818,1.531,0.604,0.878,0.352,"[np.float64(560.288499825), np.float64(581.391555), np.float64(593.888667), np.float64(607.906444), np.float64(631.4241111111111)]",1.365,0.048,,,1.655,1.726,0.693,0.293
Soybean_cluster_0_yearly_False_window_9_lags_1_sinusoidal_yes_spline,False,9,spline_lags_1_sinusoidal_yes,0.806,0.001,292.818,300.784,True,True,False,1.111,-5.146,0,1.0,1.063,1.171,1.141,0.38,0.251,0.854,"[np.float64(571.4231426571429), np.float64(584.969489), np.float64(597.069301), np.float64(604.690256), np.float64(631.4241111111111)]",,,1.097,0.007,1.206,1.072,0.161,0.015
Soybean_cluster_0_yearly_True_window_9_lags_none_sinusoidal_no_spline,True,9,spline_lags_none_sinusoidal_no,0.874,0.0,265.369,270.091,True,True,False,1.301,0.531,0,1.0,1.0,1.0,1.0,0.018,0.735,0.352,"[np.float64(560.288499825), np.float64(577.685944), np.float64(593.888667), np.float64(602.70286), np.float64(616.0330555555556)]",,,,,,,,
Soybean_cluster_0_yearly_True_window_9_lags_0_sinusoidal_no_spline,True,9,spline_lags_0_sinusoidal_no,0.887,0.0,265.3,270.967,True,True,False,1.154,0.547,0,1.0,1.027,1.026,1.007,0.013,0.507,0.299,"[np.float64(560.288499825), np.float64(577.685944), np.float64(593.888667), np.float64(602.70286), np.float64(616.0330555555556)]",1.06,0.243,,,,,,
Soybean_cluster_0_yearly_True_window_9_lags_1_sinusoidal_no_spline,True,9,spline_lags_1_sinusoidal_no,0.827,0.0,252.582,257.925,True,True,False,1.18,0.422,0,1.0,1.051,1.099,1.09,0.489,0.911,0.35,"[np.float64(571.4231426571429), np.float64(585.368177), np.float64(594.747903), np.float64(605.252316), np.float64(616.0330555555555)]",,,1.239,0.025,,,,
Soybean_cluster_0_yearly_True_window_9_lags_none_sinusoidal_yes_spline,True,9,spline_lags_none_sinusoidal_yes,0.918,0.0,261.146,267.757,True,True,True,1.841,-90.482,0,1.0,1.238,1.246,1.181,0.063,0.095,0.938,"[np.float64(560.288499825), np.float64(577.685944), np.float64(593.888667), np.float64(602.70286), np.float64(616.0330555555556)]",,,,,1.386,1.28,0.117,0.047
Soybean_cluster_0_yearly_True_window_9_lags_0_sinusoidal_yes_spline,True,9,spline_lags_0_sinusoidal_yes,0.936,0.0,258.318,265.874,True,True,True,1.754,-111.468,0,1.0,1.243,1.272,1.214,0.05,0.033,0.767,"[np.float64(560.288499825), np.float64(577.685944), np.float64(593.888667), np.float64(602.70286), np.float64(616.0330555555556)]",1.06,0.073,,,1.391,1.278,0.04,0.05
Soybean_cluster_0_yearly_True_window_9_lags_1_sinusoidal_yes_spline,True,9,spline_lags_1_sinusoidal_yes,0.928,0.0,240.813,247.936,True,True,True,2.24,0.531,0,1.0,1.286,1.388,1.659,0.279,0.096,0.754,"[np.float64(571.4231426571429), np.float64(585.368177), np.float64(594.747903), np.float64(605.252316), np.float64(616.0330555555555)]",,,1.247,0.006,1.282,1.803,0.023,0.025
Soybean_cluster_0_yearly_False_window_10_lags_none_sinusoidal_no_spline,False,10,spline_lags_none_sinusoidal_no,0.804,0.0,307.746,312.969,True,True,False,0.613,-7.611,0,1.0,1.0,1.0,1.0,0.141,0.438,0.81,"[np.float64(560.288499825), np.float64(577.5576), np.float64(589.2103), np.float64(602.7368), np.float64(618.373)]",,,,,,,,
Soybean_cluster_0_yearly_False_window_10_lags_0_sinusoidal_no_spline,False,10,spline_lags_0_sinusoidal_no,0.848,0.0,304.475,310.743,True,True,False,0.658,-7.795,0,1.0,1.044,1.049,1.244,0.206,0.561,0.26,"[np.float64(560.288499825), np.float64(577.5576), np.float64(589.2103), np.float64(602.7368), np.float64(618.373)]",1.337,0.056,,,,,,
Soybean_cluster_0_yearly_False_window_10_lags_1_sinusoidal_no_spline,False,10,spline_lags_1_sinusoidal_no,0.834,0.0,286.022,291.996,True,True,False,1.352,0.344,0,1.0,1.076,1.272,1.008,0.924,0.644,0.22,"[np.float64(571.4231426571429), np.float64(586.216227), np.float64(596.73875), np.float64(602.900355), np.float64(618.3729999999999)]",,,1.356,0.003,,,,
Soybean_cluster_0_yearly_False_window_10_lags_none_sinusoidal_yes_spline,False,10,spline_lags_none_sinusoidal_yes,0.842,0.0,307.259,314.57,False,True,False,0.832,-21.629,0,1.0,1.627,1.267,1.018,0.416,0.328,0.662,"[np.float64(560.288499825), np.float64(577.5576), np.float64(589.2103), np.float64(602.7368), np.float64(618.373)]",,,,,1.73,1.182,0.931,0.095
Soybean_cluster_0_yearly_False_window_10_lags_0_sinusoidal_yes_spline,False,10,spline_lags_0_sinusoidal_yes,0.876,0.0,304.107,312.463,False,True,False,0.774,-22.874,0,1.0,1.627,1.435,1.315,0.357,0.565,0.202,"[np.float64(560.288499825), np.float64(577.5576), np.float64(589.2103), np.float64(602.7368), np.float64(618.373)]",1.399,0.033,,,1.768,1.209,0.888,0.264
Soybean_cluster_0_yearly_False_window_10_lags_1_sinusoidal_yes_spline,False,10,spline_lags_1_sinusoidal_yes,0.882,0.0,283.078,291.044,True,True,False,1.262,-0.273,0,1.0,1.145,1.594,1.492,0.799,0.941,0.922,"[np.float64(571.4231426571429), np.float64(586.216227), np.float64(596.73875), np.float64(602.900355), np.float64(618.3729999999999)]",,,1.385,0.002,1.433,1.412,0.379,0.051
