analysis_name,yearly_aggregate,window_size,config_type,r_squared,p_value,aic,bic,is_normal,is_homoscedastic,no_autocorrelation,durbin_watson,cv_r2_score,cv_r2_std,vif_PPT,vif_quadratic,p_value_quadratic,vif_ortho_PPT_lag0,p_value_lag0,vif_ortho_PPT_lag1,p_value_lag1,vif_ortho_sin_cycle,vif_ortho_cos_cycle,p_value_sin,p_value_cos
Soybean_cluster_2_yearly_False_window_1_lags_none_sinusoidal_no_quadratic,False,1,quadratic_lags_none_sinusoidal_no,0.115,0.369,277.077,279.201,True,True,True,2.188,-3.398,0,1.431,1.431,0.915,,,,,,,,
Soybean_cluster_2_yearly_False_window_1_lags_0_sinusoidal_no_quadratic,False,1,quadratic_lags_0_sinusoidal_no,0.126,0.428,278.891,281.723,True,True,True,2.143,-4.27,0,1.442,1.467,0.857,1.025,0.719,,,,,,
Soybean_cluster_2_yearly_False_window_1_lags_1_sinusoidal_no_quadratic,False,1,quadratic_lags_1_sinusoidal_no,0.121,0.49,261.67,264.226,True,True,True,2.113,-2.84,0,1.625,1.942,0.843,,,1.317,0.851,,,,
Soybean_cluster_2_yearly_False_window_1_lags_none_sinusoidal_yes_quadratic,False,1,quadratic_lags_none_sinusoidal_yes,0.15,0.313,280.469,284.009,True,True,True,2.279,-7.885,0,1.435,1.444,0.967,,,,,1.002,1.007,0.826,0.555
Soybean_cluster_2_yearly_False_window_1_lags_0_sinusoidal_yes_quadratic,False,1,quadratic_lags_0_sinusoidal_yes,0.176,0.339,282.008,286.257,True,True,True,2.21,-36.449,0,1.453,1.505,0.96,1.026,0.769,,,1.003,1.023,0.861,0.488
Soybean_cluster_2_yearly_False_window_1_lags_1_sinusoidal_yes_quadratic,False,1,quadratic_lags_1_sinusoidal_yes,0.207,0.303,264.22,268.054,True,True,True,2.257,-6.509,0,1.649,2.016,0.94,,,1.329,0.55,1.016,1.022,0.93,0.381
Soybean_cluster_2_yearly_True_window_1_lags_none_sinusoidal_no_quadratic,True,1,quadratic_lags_none_sinusoidal_no,0.145,0.441,234.648,236.343,True,True,True,1.866,-3.945,0,1.94,1.94,0.426,,,,,,,,
Soybean_cluster_2_yearly_True_window_1_lags_0_sinusoidal_no_quadratic,True,1,quadratic_lags_0_sinusoidal_no,0.154,0.479,236.509,238.769,True,True,True,1.798,-4.862,0,2.072,2.213,0.417,1.14,0.763,,,,,,
Soybean_cluster_2_yearly_True_window_1_lags_1_sinusoidal_no_quadratic,True,1,quadratic_lags_1_sinusoidal_no,0.264,0.668,217.983,219.922,False,True,False,1.37,-2.003,0,2.105,2.112,0.302,,,1.007,0.346,,,,
Soybean_cluster_2_yearly_True_window_1_lags_none_sinusoidal_yes_quadratic,True,1,quadratic_lags_none_sinusoidal_yes,0.15,0.498,238.572,241.397,True,True,True,1.932,-20.004,0,1.972,2.005,0.531,,,,,1.001,1.032,0.96,0.843
Soybean_cluster_2_yearly_True_window_1_lags_0_sinusoidal_yes_quadratic,True,1,quadratic_lags_0_sinusoidal_yes,0.166,0.507,240.33,243.72,True,True,True,1.877,-303.803,0,2.082,2.232,0.509,1.141,0.803,,,1.004,1.004,0.945,0.776
Soybean_cluster_2_yearly_True_window_1_lags_1_sinusoidal_yes_quadratic,True,1,quadratic_lags_1_sinusoidal_yes,0.272,0.728,221.852,224.761,False,True,False,1.415,-4.468,0,2.117,2.136,0.375,,,1.007,0.485,1.005,1.006,0.813,0.92
Soybean_cluster_2_yearly_False_window_2_lags_none_sinusoidal_no_quadratic,False,2,quadratic_lags_none_sinusoidal_no,0.061,0.552,264.953,267.078,True,False,False,1.021,-3.226,0,1.821,1.821,0.687,,,,,,,,
Soybean_cluster_2_yearly_False_window_2_lags_0_sinusoidal_no_quadratic,False,2,quadratic_lags_0_sinusoidal_no,0.118,0.581,266.002,268.834,True,True,False,1.019,-2.995,0,1.854,1.894,0.581,1.04,0.414,,,,,,
Soybean_cluster_2_yearly_False_window_2_lags_1_sinusoidal_no_quadratic,False,2,quadratic_lags_1_sinusoidal_no,0.159,0.289,251.063,253.619,True,False,False,0.956,-0.088,0,2.134,2.24,0.59,,,1.106,0.405,,,,
Soybean_cluster_2_yearly_False_window_2_lags_none_sinusoidal_yes_quadratic,False,2,quadratic_lags_none_sinusoidal_yes,0.155,0.361,267.37,270.911,True,True,False,1.103,-5.187,0,1.851,1.888,0.668,,,,,1.019,1.018,0.613,0.389
Soybean_cluster_2_yearly_False_window_2_lags_0_sinusoidal_yes_quadratic,False,2,quadratic_lags_0_sinusoidal_yes,0.279,0.252,266.974,271.222,True,True,False,1.059,-8.359,0,1.9,1.996,0.521,1.042,0.397,,,1.013,1.041,0.684,0.212
Soybean_cluster_2_yearly_False_window_2_lags_1_sinusoidal_yes_quadratic,False,2,quadratic_lags_1_sinusoidal_yes,0.299,0.163,252.514,256.348,True,True,False,0.964,-1.416,0,2.178,2.327,0.533,,,1.11,0.241,1.026,1.013,0.545,0.299
Soybean_cluster_2_yearly_True_window_2_lags_none_sinusoidal_no_quadratic,True,2,quadratic_lags_none_sinusoidal_no,0.256,0.749,219.746,221.441,True,True,False,1.215,-11.742,0,1.801,1.801,0.117,,,,,,,,
Soybean_cluster_2_yearly_True_window_2_lags_0_sinusoidal_no_quadratic,True,2,quadratic_lags_0_sinusoidal_no,0.346,0.572,220.076,222.336,False,True,False,1.24,-11.267,0,1.823,1.851,0.08,1.028,0.295,,,,,,
Soybean_cluster_2_yearly_True_window_2_lags_1_sinusoidal_no_quadratic,True,2,quadratic_lags_1_sinusoidal_no,0.279,0.404,209.618,211.558,True,True,False,1.409,-2.122,0,2.334,2.354,0.12,,,1.02,0.671,,,,
Soybean_cluster_2_yearly_True_window_2_lags_none_sinusoidal_yes_quadratic,True,2,quadratic_lags_none_sinusoidal_yes,0.272,0.674,223.466,226.291,False,True,False,1.2,-21.448,0,2.009,2.269,0.155,,,,,1.044,1.217,0.712,0.846
Soybean_cluster_2_yearly_True_window_2_lags_0_sinusoidal_yes_quadratic,True,2,quadratic_lags_0_sinusoidal_yes,0.464,0.282,221.489,224.879,False,True,False,1.157,-77.002,0,2.011,2.275,0.074,1.088,0.25,,,1.023,1.152,0.669,0.307
Soybean_cluster_2_yearly_True_window_2_lags_1_sinusoidal_yes_quadratic,True,2,quadratic_lags_1_sinusoidal_yes,0.372,0.274,211.967,214.876,True,True,False,1.463,-5.301,0,2.698,2.995,0.124,,,1.025,0.451,1.058,1.214,0.423,0.639
Soybean_cluster_2_yearly_False_window_3_lags_none_sinusoidal_no_quadratic,False,3,quadratic_lags_none_sinusoidal_no,0.02,0.94,257.257,259.381,True,True,True,1.688,-0.92,0,2.338,2.338,0.65,,,,,,,,
Soybean_cluster_2_yearly_False_window_3_lags_0_sinusoidal_no_quadratic,False,3,quadratic_lags_0_sinusoidal_no,0.031,0.95,259.092,261.924,True,True,True,1.631,-2.091,0,2.5,2.621,0.754,1.121,0.734,,,,,,
Soybean_cluster_2_yearly_False_window_3_lags_1_sinusoidal_no_quadratic,False,3,quadratic_lags_1_sinusoidal_no,0.266,0.69,238.732,241.288,True,True,False,1.004,-0.35,0,2.388,2.389,0.683,,,1.001,0.114,,,,
Soybean_cluster_2_yearly_False_window_3_lags_none_sinusoidal_yes_quadratic,False,3,quadratic_lags_none_sinusoidal_yes,0.175,0.486,258.678,262.218,True,True,True,1.612,-1.937,0,2.528,2.67,0.677,,,,,1.002,1.14,0.336,0.29
Soybean_cluster_2_yearly_False_window_3_lags_0_sinusoidal_yes_quadratic,False,3,quadratic_lags_0_sinusoidal_yes,0.182,0.481,260.553,264.801,True,True,True,1.63,-16.605,0,2.906,3.33,0.644,1.154,0.903,,,1.013,1.257,0.355,0.307
Soybean_cluster_2_yearly_False_window_3_lags_1_sinusoidal_yes_quadratic,False,3,quadratic_lags_1_sinusoidal_yes,0.313,0.461,241.797,245.631,False,True,False,0.967,-11.786,0,2.874,3.226,0.757,,,1.001,0.117,1.009,1.341,0.491,0.694
Soybean_cluster_2_yearly_True_window_3_lags_none_sinusoidal_no_quadratic,True,3,quadratic_lags_none_sinusoidal_no,0.278,0.571,217.138,218.833,True,True,True,1.887,-4.582,0,1.364,1.364,0.139,,,,,,,,
Soybean_cluster_2_yearly_True_window_3_lags_0_sinusoidal_no_quadratic,True,3,quadratic_lags_0_sinusoidal_no,0.346,0.657,217.855,220.114,False,True,True,1.788,-14.22,0,1.379,1.418,0.109,1.039,0.359,,,,,,
Soybean_cluster_2_yearly_True_window_3_lags_1_sinusoidal_no_quadratic,True,3,quadratic_lags_1_sinusoidal_no,0.326,0.737,202.708,204.647,False,True,True,2.037,-12.871,0,1.352,1.377,0.177,,,1.025,0.684,,,,
Soybean_cluster_2_yearly_True_window_3_lags_none_sinusoidal_yes_quadratic,True,3,quadratic_lags_none_sinusoidal_yes,0.382,0.827,219.122,221.947,True,True,True,1.646,-28.164,0,1.369,1.38,0.126,,,,,1.011,1.0,0.621,0.314
Soybean_cluster_2_yearly_True_window_3_lags_0_sinusoidal_yes_quadratic,True,3,quadratic_lags_0_sinusoidal_yes,0.389,0.92,220.972,224.362,True,True,True,1.641,-28.256,0,1.394,1.474,0.147,1.041,0.39,,,1.014,1.025,0.694,0.562
Soybean_cluster_2_yearly_True_window_3_lags_1_sinusoidal_yes_quadratic,True,3,quadratic_lags_1_sinusoidal_yes,0.346,0.89,206.359,209.269,False,True,True,1.824,-3.126,0,1.355,1.387,0.23,,,1.025,0.618,1.007,1.0,0.851,0.711
Soybean_cluster_2_yearly_False_window_4_lags_none_sinusoidal_no_quadratic,False,4,quadratic_lags_none_sinusoidal_no,0.129,0.21,249.868,251.992,True,True,False,0.77,-1.851,0,1.822,1.822,0.385,,,,,,,,
Soybean_cluster_2_yearly_False_window_4_lags_0_sinusoidal_no_quadratic,False,4,quadratic_lags_0_sinusoidal_no,0.478,0.092,244.175,247.008,True,True,False,1.025,-11.005,0,1.86,1.905,0.461,1.045,0.02,,,,,,
Soybean_cluster_2_yearly_False_window_4_lags_1_sinusoidal_no_quadratic,False,4,quadratic_lags_1_sinusoidal_no,0.444,0.107,231.926,234.483,True,True,False,1.067,0.138,0,1.981,2.067,0.25,,,1.086,0.027,,,,
Soybean_cluster_2_yearly_False_window_4_lags_none_sinusoidal_yes_quadratic,False,4,quadratic_lags_none_sinusoidal_yes,0.509,0.023,245.285,248.826,True,True,False,0.714,-6.219,0,1.844,1.87,0.158,,,,,1.001,1.025,0.078,0.056
Soybean_cluster_2_yearly_False_window_4_lags_0_sinusoidal_yes_quadratic,False,4,quadratic_lags_0_sinusoidal_yes,0.602,0.036,244.132,248.38,True,True,False,1.007,-12.822,0,1.866,1.92,0.26,1.046,0.018,,,1.002,1.006,0.316,0.197
Soybean_cluster_2_yearly_False_window_4_lags_1_sinusoidal_yes_quadratic,False,4,quadratic_lags_1_sinusoidal_yes,0.463,0.183,235.448,239.282,True,True,False,1.0,-2.657,0,2.035,2.18,0.324,,,1.09,0.051,1.016,1.039,0.621,0.923
Soybean_cluster_2_yearly_True_window_4_lags_none_sinusoidal_no_quadratic,True,4,quadratic_lags_none_sinusoidal_no,0.068,0.434,215.856,217.551,True,True,False,0.58,-11.91,0,1.795,1.795,0.498,,,,,,,,
Soybean_cluster_2_yearly_True_window_4_lags_0_sinusoidal_no_quadratic,True,4,quadratic_lags_0_sinusoidal_no,0.257,0.266,214.905,217.165,True,True,False,0.641,-11.217,0,1.796,1.798,0.39,1.002,0.164,,,,,,
Soybean_cluster_2_yearly_True_window_4_lags_1_sinusoidal_no_quadratic,True,4,quadratic_lags_1_sinusoidal_no,0.194,0.359,201.377,203.316,True,True,False,0.673,-1.366,0,2.011,2.169,0.278,,,1.158,0.868,,,,
Soybean_cluster_2_yearly_True_window_4_lags_none_sinusoidal_yes_quadratic,True,4,quadratic_lags_none_sinusoidal_yes,0.148,0.635,218.692,221.517,True,True,False,0.465,-98.811,0,1.976,2.205,0.622,,,,,1.177,1.052,0.797,0.442
Soybean_cluster_2_yearly_True_window_4_lags_0_sinusoidal_yes_quadratic,True,4,quadratic_lags_0_sinusoidal_yes,0.205,0.473,219.796,223.186,True,True,False,0.543,-805.586,0,1.985,2.225,0.54,1.003,0.366,,,1.176,1.062,0.9,0.756
Soybean_cluster_2_yearly_True_window_4_lags_1_sinusoidal_yes_quadratic,True,4,quadratic_lags_1_sinusoidal_yes,0.197,0.464,205.334,208.243,True,True,False,0.704,-4.068,0,2.264,2.711,0.428,,,1.197,0.912,1.248,1.002,0.899,0.955
Soybean_cluster_2_yearly_False_window_5_lags_none_sinusoidal_no_quadratic,False,5,quadratic_lags_none_sinusoidal_no,0.206,0.199,246.406,248.53,True,True,False,0.593,0.061,0,2.303,2.303,0.699,,,,,,,,
Soybean_cluster_2_yearly_False_window_5_lags_0_sinusoidal_no_quadratic,False,5,quadratic_lags_0_sinusoidal_no,0.244,0.451,247.681,250.513,True,True,False,0.463,-81.446,0,2.308,2.311,0.987,1.004,0.476,,,,,,
Soybean_cluster_2_yearly_False_window_5_lags_1_sinusoidal_no_quadratic,False,5,quadratic_lags_1_sinusoidal_no,0.211,0.207,234.841,237.397,True,True,False,0.911,-3.481,0,2.44,2.599,0.312,,,1.16,0.212,,,,
Soybean_cluster_2_yearly_False_window_5_lags_none_sinusoidal_yes_quadratic,False,5,quadratic_lags_none_sinusoidal_yes,0.209,0.318,250.351,253.892,True,False,False,0.564,-47.249,0,2.415,2.501,0.748,,,,,1.059,1.027,0.963,0.866
Soybean_cluster_2_yearly_False_window_5_lags_0_sinusoidal_yes_quadratic,False,5,quadratic_lags_0_sinusoidal_yes,0.244,0.519,251.673,255.921,True,True,False,0.474,-182.089,0,2.455,2.572,0.982,1.004,0.534,,,1.068,1.046,0.95,0.991
Soybean_cluster_2_yearly_False_window_5_lags_1_sinusoidal_yes_quadratic,False,5,quadratic_lags_1_sinusoidal_yes,0.24,0.385,238.313,242.147,True,True,False,0.867,-11.474,0,2.476,2.664,0.471,,,1.164,0.306,1.021,1.004,0.921,0.596
Soybean_cluster_2_yearly_True_window_5_lags_none_sinusoidal_no_quadratic,True,5,quadratic_lags_none_sinusoidal_no,0.075,0.817,211.873,213.568,True,True,False,0.582,-0.406,0,2.054,2.054,0.41,,,,,,,,
Soybean_cluster_2_yearly_True_window_5_lags_0_sinusoidal_no_quadratic,True,5,quadratic_lags_0_sinusoidal_no,0.144,0.67,212.871,215.131,True,True,False,0.855,-16.174,0,2.548,3.016,0.261,1.468,0.418,,,,,,
Soybean_cluster_2_yearly_True_window_5_lags_1_sinusoidal_no_quadratic,True,5,quadratic_lags_1_sinusoidal_no,0.245,0.259,197.631,199.571,True,True,False,0.942,-0.406,0,2.323,2.405,0.267,,,1.082,0.22,,,,
Soybean_cluster_2_yearly_True_window_5_lags_none_sinusoidal_yes_quadratic,True,5,quadratic_lags_none_sinusoidal_yes,0.079,0.812,215.817,218.641,True,True,False,0.595,-2.149,0,2.06,2.065,0.463,,,,,1.004,1.001,0.962,0.863
Soybean_cluster_2_yearly_True_window_5_lags_0_sinusoidal_yes_quadratic,True,5,quadratic_lags_0_sinusoidal_yes,0.15,0.721,216.774,220.164,True,True,False,0.905,-645.113,0,2.575,3.068,0.32,1.477,0.479,,,1.001,1.016,0.887,0.87
Soybean_cluster_2_yearly_True_window_5_lags_1_sinusoidal_yes_quadratic,True,5,quadratic_lags_1_sinusoidal_yes,0.28,0.29,201.067,203.976,True,True,False,1.054,-16.777,0,2.393,2.533,0.302,,,1.086,0.257,1.046,1.007,0.818,0.641
Soybean_cluster_2_yearly_False_window_6_lags_none_sinusoidal_no_quadratic,False,6,quadratic_lags_none_sinusoidal_no,0.578,0.004,235.145,237.269,True,True,False,1.397,0.182,0,2.318,2.318,0.034,,,,,,,,
Soybean_cluster_2_yearly_False_window_6_lags_0_sinusoidal_no_quadratic,False,6,quadratic_lags_0_sinusoidal_no,0.609,0.004,236.023,238.855,True,True,True,1.556,0.261,0,2.531,2.693,0.027,1.162,0.375,,,,,,
Soybean_cluster_2_yearly_False_window_6_lags_1_sinusoidal_no_quadratic,False,6,quadratic_lags_1_sinusoidal_no,0.658,0.007,222.228,224.785,True,True,True,1.531,0.609,0,2.352,2.47,0.005,,,1.119,0.077,,,,
Soybean_cluster_2_yearly_False_window_6_lags_none_sinusoidal_yes_quadratic,False,6,quadratic_lags_none_sinusoidal_yes,0.675,0.007,235.223,238.763,True,True,False,1.256,-1.709,0,3.202,3.872,0.024,,,,,1.665,1.005,0.249,0.272
Soybean_cluster_2_yearly_False_window_6_lags_0_sinusoidal_yes_quadratic,False,6,quadratic_lags_0_sinusoidal_yes,0.73,0.004,234.477,238.726,True,True,False,1.457,-5.845,0,3.408,4.235,0.014,1.254,0.226,,,1.572,1.0,0.243,0.155
Soybean_cluster_2_yearly_False_window_6_lags_1_sinusoidal_yes_quadratic,False,6,quadratic_lags_1_sinusoidal_yes,0.803,0.004,218.503,222.337,True,True,True,2.107,-1.987,0,3.072,3.786,0.002,,,1.182,0.085,1.524,1.008,0.219,0.07
Soybean_cluster_2_yearly_True_window_6_lags_none_sinusoidal_no_quadratic,True,6,quadratic_lags_none_sinusoidal_no,0.021,0.995,208.651,210.346,True,True,False,0.386,-1.01,0,1.661,1.661,0.659,,,,,,,,
Soybean_cluster_2_yearly_True_window_6_lags_0_sinusoidal_no_quadratic,True,6,quadratic_lags_0_sinusoidal_no,0.151,0.95,208.802,211.062,False,True,False,0.624,-10.831,0,1.683,1.715,0.536,1.033,0.271,,,,,,
Soybean_cluster_2_yearly_True_window_6_lags_1_sinusoidal_no_quadratic,True,6,quadratic_lags_1_sinusoidal_no,0.213,0.314,194.735,196.675,True,True,False,0.647,-8.393,0,1.723,1.771,0.782,,,1.048,0.211,,,,
Soybean_cluster_2_yearly_True_window_6_lags_none_sinusoidal_yes_quadratic,True,6,quadratic_lags_none_sinusoidal_yes,0.041,0.927,212.383,215.208,True,True,False,0.44,-6.343,0,2.068,2.684,0.884,,,,,1.543,1.073,0.751,0.846
Soybean_cluster_2_yearly_True_window_6_lags_0_sinusoidal_yes_quadratic,True,6,quadratic_lags_0_sinusoidal_yes,0.228,0.878,211.567,214.956,True,True,False,0.643,-15.552,0,2.475,3.705,0.456,1.07,0.278,,,1.9,1.26,0.768,0.433
Soybean_cluster_2_yearly_True_window_6_lags_1_sinusoidal_yes_quadratic,True,6,quadratic_lags_1_sinusoidal_yes,0.281,0.308,197.666,200.575,True,True,False,0.775,-8414.357,0,2.661,4.067,0.484,,,1.11,0.252,1.987,1.31,0.527,0.629
Soybean_cluster_2_yearly_False_window_7_lags_none_sinusoidal_no_quadratic,False,7,quadratic_lags_none_sinusoidal_no,0.394,0.022,239.947,242.071,True,True,False,0.88,-0.477,0,2.832,2.832,0.359,,,,,,,,
Soybean_cluster_2_yearly_False_window_7_lags_0_sinusoidal_no_quadratic,False,7,quadratic_lags_0_sinusoidal_no,0.509,0.032,238.778,241.61,True,True,False,1.303,-0.675,0,2.872,2.894,0.546,1.022,0.136,,,,,,
Soybean_cluster_2_yearly_False_window_7_lags_1_sinusoidal_no_quadratic,False,7,quadratic_lags_1_sinusoidal_no,0.482,0.013,224.563,227.119,False,True,False,1.137,-0.316,0,2.766,3.357,0.112,,,1.592,0.714,,,,
Soybean_cluster_2_yearly_False_window_7_lags_none_sinusoidal_yes_quadratic,False,7,quadratic_lags_none_sinusoidal_yes,0.404,0.034,243.697,247.237,True,True,False,0.88,-4.048,0,3.336,3.611,0.378,,,,,1.012,1.263,0.837,0.74
Soybean_cluster_2_yearly_False_window_7_lags_0_sinusoidal_yes_quadratic,False,7,quadratic_lags_0_sinusoidal_yes,0.531,0.063,242.105,246.353,False,True,False,1.361,-10.808,0,3.535,3.918,0.745,1.029,0.165,,,1.024,1.33,0.542,0.878
Soybean_cluster_2_yearly_False_window_7_lags_1_sinusoidal_yes_quadratic,False,7,quadratic_lags_1_sinusoidal_yes,0.509,0.028,227.806,231.64,False,True,False,1.052,-1.096,0,4.863,7.346,0.377,,,2.295,0.64,1.506,1.682,0.956,0.569
