analysis_name,yearly_aggregate,window_size,config_type,r_squared,p_value,aic,bic,is_normal,is_homoscedastic,no_autocorrelation,durbin_watson,cv_r2_score,cv_r2_std,vif_PPT,vif_ortho_PPT_lag0,p_value_lag0,vif_ortho_PPT_lag1,p_value_lag1,vif_ortho_sin_cycle,vif_ortho_cos_cycle,p_value_sin,p_value_cos
Soybean_cluster_2_yearly_False_window_1_lags_none_sinusoidal_no_linear,False,1,linear_lags_none_sinusoidal_no,0.114,0.218,275.091,276.508,True,True,True,2.185,-0.387,0,1.0,,,,,,,,
Soybean_cluster_2_yearly_False_window_1_lags_0_sinusoidal_no_linear,False,1,linear_lags_0_sinusoidal_no,0.123,0.242,276.937,279.062,True,True,True,2.141,-6.711,0,1.0,1.0,0.731,,,,,,
Soybean_cluster_2_yearly_False_window_1_lags_1_sinusoidal_no_linear,False,1,linear_lags_1_sinusoidal_no,0.117,0.384,259.727,261.645,True,True,True,2.107,-0.63,0,1.0,,,1.0,0.857,,,,
Soybean_cluster_2_yearly_False_window_1_lags_none_sinusoidal_yes_linear,False,1,linear_lags_none_sinusoidal_yes,0.15,0.195,278.471,281.304,True,True,True,2.276,-0.83,0,1.0,,,,,1.0,1.0,0.82,0.532
Soybean_cluster_2_yearly_False_window_1_lags_0_sinusoidal_yes_linear,False,1,linear_lags_0_sinusoidal_yes,0.175,0.196,280.013,283.553,True,True,True,2.214,-52.22,0,1.0,1.0,0.76,,,1.0,1.0,0.848,0.455
Soybean_cluster_2_yearly_False_window_1_lags_1_sinusoidal_yes_linear,False,1,linear_lags_1_sinusoidal_yes,0.207,0.229,262.231,265.426,True,True,True,2.266,-0.993,0,1.0,,,1.0,0.525,1.0,1.0,0.918,0.344
Soybean_cluster_2_yearly_True_window_1_lags_none_sinusoidal_no_linear,True,1,linear_lags_none_sinusoidal_no,0.086,0.331,233.515,234.645,True,True,True,2.095,-0.257,0,1.0,,,,,,,,
Soybean_cluster_2_yearly_True_window_1_lags_0_sinusoidal_no_linear,True,1,linear_lags_0_sinusoidal_no,0.086,0.355,235.515,237.209,True,True,True,2.094,-1.285,0,1.0,1.0,0.992,,,,,,
Soybean_cluster_2_yearly_True_window_1_lags_1_sinusoidal_no_linear,True,1,linear_lags_1_sinusoidal_no,0.152,0.87,217.681,219.136,True,True,True,1.796,-0.932,0,1.0,,,1.0,0.42,,,,
Soybean_cluster_2_yearly_True_window_1_lags_none_sinusoidal_yes_linear,True,1,linear_lags_none_sinusoidal_yes,0.104,0.337,237.251,239.51,True,True,True,2.183,-0.868,0,1.0,,,,,1.0,1.0,0.996,0.678
Soybean_cluster_2_yearly_True_window_1_lags_0_sinusoidal_yes_linear,True,1,linear_lags_0_sinusoidal_yes,0.108,0.359,239.198,242.023,True,True,True,2.179,-366.294,0,1.0,1.0,0.992,,,1.0,1.0,0.999,0.67
Soybean_cluster_2_yearly_True_window_1_lags_1_sinusoidal_yes_linear,True,1,linear_lags_1_sinusoidal_yes,0.161,0.97,221.558,223.982,True,True,True,1.844,-3.459,0,1.0,,,1.0,0.662,1.0,1.0,0.92,0.822
Soybean_cluster_2_yearly_False_window_2_lags_none_sinusoidal_no_linear,False,2,linear_lags_none_sinusoidal_no,0.047,0.437,263.165,264.582,True,False,False,0.936,-0.319,0,1.0,,,,,,,,
Soybean_cluster_2_yearly_False_window_2_lags_0_sinusoidal_no_linear,False,2,linear_lags_0_sinusoidal_no,0.092,0.437,264.437,266.561,True,False,False,0.887,-4.162,0,1.0,1.0,0.455,,,,,,
Soybean_cluster_2_yearly_False_window_2_lags_1_sinusoidal_no_linear,False,2,linear_lags_1_sinusoidal_no,0.133,0.22,249.49,251.407,True,False,False,0.798,-0.123,0,1.0,,,1.0,0.427,,,,
Soybean_cluster_2_yearly_False_window_2_lags_none_sinusoidal_yes_linear,False,2,linear_lags_none_sinusoidal_yes,0.138,0.267,265.66,268.492,True,True,False,0.981,-0.159,0,1.0,,,,,1.0,1.0,0.642,0.36
Soybean_cluster_2_yearly_False_window_2_lags_0_sinusoidal_yes_linear,False,2,linear_lags_0_sinusoidal_yes,0.244,0.175,265.701,269.241,True,True,False,0.849,-1.841,0,1.0,1.0,0.446,,,1.0,1.0,0.734,0.204
Soybean_cluster_2_yearly_False_window_2_lags_1_sinusoidal_yes_linear,False,2,linear_lags_1_sinusoidal_yes,0.262,0.121,251.238,254.433,True,True,False,0.709,-1.506,0,1.0,,,1.0,0.252,1.0,1.0,0.593,0.285
Soybean_cluster_2_yearly_True_window_2_lags_none_sinusoidal_no_linear,True,2,linear_lags_none_sinusoidal_no,0.038,0.524,221.093,222.223,True,True,False,1.038,-0.305,0,1.0,,,,,,,,
Soybean_cluster_2_yearly_True_window_2_lags_0_sinusoidal_no_linear,True,2,linear_lags_0_sinusoidal_no,0.064,0.576,222.737,224.432,True,True,False,0.962,-12.519,0,1.0,1.0,0.609,,,,,,
Soybean_cluster_2_yearly_True_window_2_lags_1_sinusoidal_no_linear,True,2,linear_lags_1_sinusoidal_no,0.006,0.855,211.478,212.933,True,False,False,0.625,-0.818,0,1.0,,,1.0,0.826,,,,
Soybean_cluster_2_yearly_True_window_2_lags_none_sinusoidal_yes_linear,True,2,linear_lags_none_sinusoidal_yes,0.047,0.774,224.966,227.226,True,False,False,1.027,-0.573,0,1.0,,,,,1.0,1.0,0.919,0.797
Soybean_cluster_2_yearly_True_window_2_lags_0_sinusoidal_yes_linear,True,2,linear_lags_0_sinusoidal_yes,0.126,0.952,225.85,228.675,True,True,False,0.776,-13.482,0,1.0,1.0,0.63,,,1.0,1.0,0.89,0.504
Soybean_cluster_2_yearly_True_window_2_lags_1_sinusoidal_yes_linear,True,2,linear_lags_1_sinusoidal_yes,0.037,0.903,215.1,217.524,True,True,False,0.538,-2.334,0,1.0,,,1.0,0.983,1.0,1.0,0.977,0.652
Soybean_cluster_2_yearly_False_window_3_lags_none_sinusoidal_no_linear,False,3,linear_lags_none_sinusoidal_no,0.002,0.867,255.525,256.941,True,True,True,1.557,-0.268,0,1.0,,,,,,,,
Soybean_cluster_2_yearly_False_window_3_lags_0_sinusoidal_no_linear,False,3,linear_lags_0_sinusoidal_no,0.022,0.922,257.232,259.356,True,True,True,1.531,-0.241,0,1.0,1.0,0.635,,,,,,
Soybean_cluster_2_yearly_False_window_3_lags_1_sinusoidal_no_linear,False,3,linear_lags_1_sinusoidal_no,0.253,0.458,236.977,238.894,True,True,False,0.905,-0.281,0,1.0,,,1.0,0.08,,,,
Soybean_cluster_2_yearly_False_window_3_lags_none_sinusoidal_yes_linear,False,3,linear_lags_none_sinusoidal_yes,0.16,0.318,256.951,259.784,True,True,True,1.524,-0.789,0,1.0,,,,,1.0,1.0,0.27,0.292
Soybean_cluster_2_yearly_False_window_3_lags_0_sinusoidal_yes_linear,False,3,linear_lags_0_sinusoidal_yes,0.161,0.356,258.928,262.468,True,True,True,1.524,-2.62,0,1.0,1.0,0.763,,,1.0,1.0,0.313,0.327
Soybean_cluster_2_yearly_False_window_3_lags_1_sinusoidal_yes_linear,False,3,linear_lags_1_sinusoidal_yes,0.305,0.341,239.975,243.17,False,True,False,0.901,-9.786,0,1.0,,,1.0,0.084,1.0,1.0,0.436,0.73
Soybean_cluster_2_yearly_True_window_3_lags_none_sinusoidal_no_linear,True,3,linear_lags_none_sinusoidal_no,0.092,0.314,218.128,219.258,True,True,False,1.093,-1.894,0,1.0,,,,,,,,
Soybean_cluster_2_yearly_True_window_3_lags_0_sinusoidal_no_linear,True,3,linear_lags_0_sinusoidal_no,0.116,0.347,219.77,221.465,True,True,False,1.008,-1.938,0,1.0,1.0,0.608,,,,,,
Soybean_cluster_2_yearly_True_window_3_lags_1_sinusoidal_no_linear,True,3,linear_lags_1_sinusoidal_no,0.142,0.41,203.618,205.073,False,True,False,1.192,-1.595,0,1.0,,,1.0,0.728,,,,
Soybean_cluster_2_yearly_True_window_3_lags_none_sinusoidal_yes_linear,True,3,linear_lags_none_sinusoidal_yes,0.156,0.722,221.169,223.429,True,True,False,0.865,-2.601,0,1.0,,,,,1.0,1.0,0.598,0.518
Soybean_cluster_2_yearly_True_window_3_lags_0_sinusoidal_yes_linear,True,3,linear_lags_0_sinusoidal_yes,0.157,0.739,223.161,225.986,True,True,False,0.865,-3.875,0,1.0,1.0,0.625,,,1.0,1.0,0.643,0.672
Soybean_cluster_2_yearly_True_window_3_lags_1_sinusoidal_yes_linear,True,3,linear_lags_1_sinusoidal_yes,0.151,0.555,207.479,209.903,False,True,False,1.289,-5.633,0,1.0,,,1.0,0.851,1.0,1.0,0.85,0.858
Soybean_cluster_2_yearly_False_window_4_lags_none_sinusoidal_no_linear,False,4,linear_lags_none_sinusoidal_no,0.07,0.34,248.851,250.267,True,True,False,0.82,-0.635,0,1.0,,,,,,,,
Soybean_cluster_2_yearly_False_window_4_lags_0_sinusoidal_no_linear,False,4,linear_lags_0_sinusoidal_no,0.451,0.106,242.951,245.075,True,True,False,0.984,-0.239,0,1.0,1.0,0.014,,,,,,
Soybean_cluster_2_yearly_False_window_4_lags_1_sinusoidal_no_linear,False,4,linear_lags_1_sinusoidal_no,0.361,0.231,231.877,233.794,True,True,False,1.016,0.099,0,1.0,,,1.0,0.03,,,,
Soybean_cluster_2_yearly_False_window_4_lags_none_sinusoidal_yes_linear,False,4,linear_lags_none_sinusoidal_yes,0.394,0.062,246.429,249.262,True,True,False,0.647,-3.631,0,1.0,,,,,1.0,1.0,0.12,0.085
Soybean_cluster_2_yearly_False_window_4_lags_0_sinusoidal_yes_linear,False,4,linear_lags_0_sinusoidal_yes,0.538,0.058,244.369,247.909,True,True,False,0.891,-4.91,0,1.0,1.0,0.014,,,1.0,1.0,0.424,0.279
Soybean_cluster_2_yearly_False_window_4_lags_1_sinusoidal_yes_linear,False,4,linear_lags_1_sinusoidal_yes,0.389,0.328,235.258,238.453,True,True,False,0.961,-2.955,0,1.0,,,1.0,0.052,1.0,1.0,0.56,0.863
Soybean_cluster_2_yearly_True_window_4_lags_none_sinusoidal_no_linear,True,4,linear_lags_none_sinusoidal_no,0.022,0.628,214.482,215.612,True,True,False,0.613,-0.904,0,1.0,,,,,,,,
Soybean_cluster_2_yearly_True_window_4_lags_0_sinusoidal_no_linear,True,4,linear_lags_0_sinusoidal_no,0.19,0.438,214.032,215.727,True,True,False,0.743,-3.629,0,1.0,1.0,0.18,,,,,,
Soybean_cluster_2_yearly_True_window_4_lags_1_sinusoidal_no_linear,True,4,linear_lags_1_sinusoidal_no,0.057,0.644,201.256,202.711,True,True,False,0.71,-0.395,0,1.0,,,1.0,0.894,,,,
Soybean_cluster_2_yearly_True_window_4_lags_none_sinusoidal_yes_linear,True,4,linear_lags_none_sinusoidal_yes,0.12,0.812,217.114,219.373,True,True,False,0.585,-3.126,0,1.0,,,,,1.0,1.0,0.608,0.43
Soybean_cluster_2_yearly_True_window_4_lags_0_sinusoidal_yes_linear,True,4,linear_lags_0_sinusoidal_yes,0.158,0.645,218.544,221.369,True,True,False,0.687,-24.16,0,1.0,1.0,0.396,,,1.0,1.0,0.664,0.705
Soybean_cluster_2_yearly_True_window_4_lags_1_sinusoidal_yes_linear,True,4,linear_lags_1_sinusoidal_yes,0.1,0.673,204.7,207.125,True,True,False,0.778,-3.419,0,1.0,,,1.0,0.931,1.0,1.0,0.588,0.947
Soybean_cluster_2_yearly_False_window_5_lags_none_sinusoidal_no_linear,False,5,linear_lags_none_sinusoidal_no,0.196,0.098,244.6,246.016,True,True,False,0.599,0.162,0,1.0,,,,,,,,
Soybean_cluster_2_yearly_False_window_5_lags_0_sinusoidal_no_linear,False,5,linear_lags_0_sinusoidal_no,0.244,0.166,245.681,247.805,True,True,False,0.463,-7.577,0,1.0,1.0,0.401,,,,,,
Soybean_cluster_2_yearly_False_window_5_lags_1_sinusoidal_no_linear,False,5,linear_lags_1_sinusoidal_no,0.121,0.401,234.343,236.26,True,True,False,0.766,-0.09,0,1.0,,,1.0,0.263,,,,
Soybean_cluster_2_yearly_False_window_5_lags_none_sinusoidal_yes_linear,False,5,linear_lags_none_sinusoidal_yes,0.201,0.209,248.515,251.347,True,False,False,0.546,-3.237,0,1.0,,,,,1.0,1.0,0.993,0.808
Soybean_cluster_2_yearly_False_window_5_lags_0_sinusoidal_yes_linear,False,5,linear_lags_0_sinusoidal_yes,0.244,0.254,249.674,253.214,True,False,False,0.473,-8.674,0,1.0,1.0,0.453,,,1.0,1.0,0.949,0.99
Soybean_cluster_2_yearly_False_window_5_lags_1_sinusoidal_yes_linear,False,5,linear_lags_1_sinusoidal_yes,0.185,0.592,237.28,240.475,True,True,False,0.755,-3.744,0,1.0,,,1.0,0.351,1.0,1.0,0.837,0.43
Soybean_cluster_2_yearly_True_window_5_lags_none_sinusoidal_no_linear,True,5,linear_lags_none_sinusoidal_no,0.007,0.791,210.8,211.929,True,True,False,0.64,-0.318,0,1.0,,,,,,,,
Soybean_cluster_2_yearly_True_window_5_lags_0_sinusoidal_no_linear,True,5,linear_lags_0_sinusoidal_no,0.007,0.837,212.8,214.494,True,True,False,0.64,-0.525,0,1.0,1.0,0.997,,,,,,
Soybean_cluster_2_yearly_True_window_5_lags_1_sinusoidal_no_linear,True,5,linear_lags_1_sinusoidal_no,0.111,0.352,197.595,199.05,True,True,False,0.713,-0.706,0,1.0,,,1.0,0.359,,,,
Soybean_cluster_2_yearly_True_window_5_lags_none_sinusoidal_yes_linear,True,5,linear_lags_none_sinusoidal_yes,0.011,0.793,214.749,217.009,True,True,False,0.651,-0.967,0,1.0,,,,,1.0,1.0,0.922,0.879
Soybean_cluster_2_yearly_True_window_5_lags_0_sinusoidal_yes_linear,True,5,linear_lags_0_sinusoidal_yes,0.011,0.845,216.749,219.573,True,True,False,0.652,-2.741,0,1.0,1.0,0.994,,,1.0,1.0,0.927,0.886
Soybean_cluster_2_yearly_True_window_5_lags_1_sinusoidal_yes_linear,True,5,linear_lags_1_sinusoidal_yes,0.127,0.399,201.38,203.805,True,True,False,0.752,-4.226,0,1.0,,,1.0,0.408,1.0,1.0,0.97,0.735
Soybean_cluster_2_yearly_False_window_6_lags_none_sinusoidal_no_linear,False,6,linear_lags_none_sinusoidal_no,0.376,0.015,239.019,240.435,True,True,False,0.806,-0.227,0,1.0,,,,,,,,
Soybean_cluster_2_yearly_False_window_6_lags_0_sinusoidal_no_linear,False,6,linear_lags_0_sinusoidal_no,0.377,0.023,241.003,243.127,True,True,False,0.796,-0.405,0,1.0,1.0,0.91,,,,,,
Soybean_cluster_2_yearly_False_window_6_lags_1_sinusoidal_no_linear,False,6,linear_lags_1_sinusoidal_no,0.222,0.134,231.75,233.667,True,True,False,0.673,-0.021,0,1.0,,,1.0,0.143,,,,
Soybean_cluster_2_yearly_False_window_6_lags_none_sinusoidal_yes_linear,False,6,linear_lags_none_sinusoidal_yes,0.446,0.018,241.247,244.079,True,True,False,0.695,-0.879,0,1.0,,,,,1.0,1.0,0.658,0.301
Soybean_cluster_2_yearly_False_window_6_lags_0_sinusoidal_yes_linear,False,6,linear_lags_0_sinusoidal_yes,0.452,0.024,243.063,246.603,True,True,False,0.724,-0.876,0,1.0,1.0,0.958,,,1.0,1.0,0.659,0.298
Soybean_cluster_2_yearly_False_window_6_lags_1_sinusoidal_yes_linear,False,6,linear_lags_1_sinusoidal_yes,0.335,0.12,233.554,236.749,True,False,False,0.847,-2.753,0,1.0,,,1.0,0.135,1.0,1.0,0.463,0.356
Soybean_cluster_2_yearly_True_window_6_lags_none_sinusoidal_no_linear,True,6,linear_lags_none_sinusoidal_no,0.001,0.914,206.917,208.047,True,True,False,0.375,-0.548,0,1.0,,,,,,,,
Soybean_cluster_2_yearly_True_window_6_lags_0_sinusoidal_no_linear,True,6,linear_lags_0_sinusoidal_no,0.112,0.827,207.386,209.081,True,True,False,0.554,-8.523,0,1.0,1.0,0.29,,,,,,
Soybean_cluster_2_yearly_True_window_6_lags_1_sinusoidal_no_linear,True,6,linear_lags_1_sinusoidal_no,0.205,0.284,192.858,194.312,True,True,False,0.622,-5.758,0,1.0,,,1.0,0.166,,,,
Soybean_cluster_2_yearly_True_window_6_lags_none_sinusoidal_yes_linear,True,6,linear_lags_none_sinusoidal_yes,0.039,0.883,210.42,212.68,True,False,False,0.459,-0.639,0,1.0,,,,,1.0,1.0,0.586,0.859
Soybean_cluster_2_yearly_True_window_6_lags_0_sinusoidal_yes_linear,True,6,linear_lags_0_sinusoidal_yes,0.159,0.738,210.675,213.5,True,True,False,0.6,-11.043,0,1.0,1.0,0.328,,,1.0,1.0,0.736,0.583
Soybean_cluster_2_yearly_True_window_6_lags_1_sinusoidal_yes_linear,True,6,linear_lags_1_sinusoidal_yes,0.214,0.383,196.727,199.152,True,True,False,0.622,-14.869,0,1.0,,,1.0,0.237,1.0,1.0,0.867,0.848
Soybean_cluster_2_yearly_False_window_7_lags_none_sinusoidal_no_linear,False,7,linear_lags_none_sinusoidal_no,0.348,0.021,239.045,240.461,True,True,False,0.627,0.088,0,1.0,,,,,,,,
Soybean_cluster_2_yearly_False_window_7_lags_0_sinusoidal_no_linear,False,7,linear_lags_0_sinusoidal_no,0.492,0.017,237.297,239.421,True,True,False,1.109,-0.231,0,1.0,1.0,0.09,,,,,,
Soybean_cluster_2_yearly_False_window_7_lags_1_sinusoidal_no_linear,False,7,linear_lags_1_sinusoidal_no,0.324,0.046,226.282,228.199,True,True,False,0.619,-0.236,0,1.0,,,1.0,0.379,,,,
Soybean_cluster_2_yearly_False_window_7_lags_none_sinusoidal_yes_linear,False,7,linear_lags_none_sinusoidal_yes,0.353,0.033,242.921,245.753,True,True,False,0.638,0.106,0,1.0,,,,,1.0,1.0,0.782,0.913
Soybean_cluster_2_yearly_False_window_7_lags_0_sinusoidal_yes_linear,False,7,linear_lags_0_sinusoidal_yes,0.525,0.023,240.291,243.831,True,True,False,1.319,-1.428,0,1.0,1.0,0.113,,,1.0,1.0,0.486,0.683
Soybean_cluster_2_yearly_False_window_7_lags_1_sinusoidal_yes_linear,False,7,linear_lags_1_sinusoidal_yes,0.456,0.027,227.257,230.452,True,True,False,0.741,-0.961,0,1.0,,,1.0,0.248,1.0,1.0,0.609,0.19
