analysis_name,yearly_aggregate,window_size,config_type,r_squared,p_value,aic,bic,is_normal,is_homoscedastic,no_autocorrelation,durbin_watson,cv_r2_score,cv_r2_std,vif_PPT,vif_ortho_PPT_lag2,p_value_lag2,vif_ortho_PPT_lag3,p_value_lag3,vif_ortho_PPT_lag7,p_value_lag7,vif_ortho_PPT_lag8,p_value_lag8,vif_ortho_sin_cycle,vif_ortho_cos_cycle,p_value_sin,p_value_cos
Soybean_cluster_1_yearly_False_window_1_lags_none_sinusoidal_no_linear,False,1,linear_lags_none_sinusoidal_no,0.009,0.654,429.828,432.184,True,True,True,1.841,0.001,0,1.0,,,,,,,,,,,,
Soybean_cluster_1_yearly_False_window_1_lags_2_sinusoidal_no_linear,False,1,linear_lags_2_sinusoidal_no,0.161,0.104,392.303,395.576,True,True,True,1.989,-0.09,0,1.0,1.0,0.079,,,,,,,,,,
Soybean_cluster_1_yearly_False_window_1_lags_3_sinusoidal_no_linear,False,1,linear_lags_3_sinusoidal_no,0.01,0.769,378.463,381.596,True,True,True,1.83,-0.212,0,1.0,,,1.0,0.969,,,,,,,,
Soybean_cluster_1_yearly_False_window_1_lags_7_sinusoidal_no_linear,False,1,linear_lags_7_sinusoidal_no,0.017,0.696,309.84,312.339,True,True,True,1.95,-0.391,0,1.0,,,,,1.0,0.838,,,,,,
Soybean_cluster_1_yearly_False_window_1_lags_8_sinusoidal_no_linear,False,1,linear_lags_8_sinusoidal_no,0.143,0.215,289.97,292.288,True,True,True,1.596,-0.152,0,1.0,,,,,,,1.0,0.17,,,,
Soybean_cluster_1_yearly_False_window_1_lags_none_sinusoidal_yes_linear,False,1,linear_lags_none_sinusoidal_yes,0.037,0.806,433.156,437.868,True,True,True,1.859,-0.805,0,1.0,,,,,,,,,1.0,1.0,0.495,0.754
Soybean_cluster_1_yearly_False_window_1_lags_2_sinusoidal_yes_linear,False,1,linear_lags_2_sinusoidal_yes,0.18,0.178,395.796,401.252,True,True,True,2.067,-0.538,0,1.0,1.0,0.124,,,,,,,1.0,1.0,0.887,0.558
Soybean_cluster_1_yearly_False_window_1_lags_3_sinusoidal_yes_linear,False,1,linear_lags_3_sinusoidal_yes,0.1,0.901,380.464,385.686,True,True,True,1.937,-0.223,0,1.0,,,1.0,0.782,,,,,1.0,1.0,0.353,0.407
Soybean_cluster_1_yearly_False_window_1_lags_7_sinusoidal_yes_linear,False,1,linear_lags_7_sinusoidal_yes,0.145,0.507,311.475,315.641,True,True,True,2.199,-1.553,0,1.0,,,,,1.0,0.65,,,1.0,1.0,0.235,0.619
Soybean_cluster_1_yearly_False_window_1_lags_8_sinusoidal_yes_linear,False,1,linear_lags_8_sinusoidal_yes,0.403,0.068,288.181,292.044,True,True,True,1.888,-1.308,0,1.0,,,,,,,1.0,0.061,1.0,1.0,0.068,0.438
Soybean_cluster_1_yearly_True_window_1_lags_none_sinusoidal_no_linear,True,1,linear_lags_none_sinusoidal_no,0.052,0.333,351.289,353.281,True,True,False,1.441,-0.151,0,1.0,,,,,,,,,,,,
Soybean_cluster_1_yearly_True_window_1_lags_2_sinusoidal_no_linear,True,1,linear_lags_2_sinusoidal_no,0.059,0.478,317.089,319.76,True,True,False,1.271,-0.863,0,1.0,1.0,0.907,,,,,,,,,,
Soybean_cluster_1_yearly_True_window_1_lags_3_sinusoidal_no_linear,True,1,linear_lags_3_sinusoidal_no,0.097,0.985,298.979,301.479,True,True,True,1.512,-0.076,0,1.0,,,1.0,0.483,,,,,,,,
Soybean_cluster_1_yearly_True_window_1_lags_7_sinusoidal_no_linear,True,1,linear_lags_7_sinusoidal_no,0.068,0.953,231.346,233.041,True,True,True,1.741,-0.743,0,1.0,,,,,1.0,0.633,,,,,,
Soybean_cluster_1_yearly_True_window_1_lags_8_sinusoidal_no_linear,True,1,linear_lags_8_sinusoidal_no,0.232,0.636,212.561,214.016,True,True,False,1.361,-0.257,0,1.0,,,,,,,1.0,0.167,,,,
Soybean_cluster_1_yearly_True_window_1_lags_none_sinusoidal_yes_linear,True,1,linear_lags_none_sinusoidal_yes,0.079,0.516,354.716,358.699,True,True,True,1.513,-0.476,0,1.0,,,,,,,,,1.0,1.0,0.541,0.757
Soybean_cluster_1_yearly_True_window_1_lags_2_sinusoidal_yes_linear,True,1,linear_lags_2_sinusoidal_yes,0.125,0.788,319.768,324.22,True,True,False,1.433,-1.466,0,1.0,1.0,0.884,,,,,,,1.0,1.0,0.554,0.451
Soybean_cluster_1_yearly_True_window_1_lags_3_sinusoidal_yes_linear,True,1,linear_lags_3_sinusoidal_yes,0.252,0.734,299.766,303.932,True,True,True,1.899,-3.607,0,1.0,,,1.0,0.352,,,,,1.0,1.0,0.243,0.376
Soybean_cluster_1_yearly_True_window_1_lags_7_sinusoidal_yes_linear,True,1,linear_lags_7_sinusoidal_yes,0.243,0.606,232.641,235.466,True,True,True,1.788,-1.133,0,1.0,,,,,1.0,0.975,,,1.0,1.0,0.243,0.772
Soybean_cluster_1_yearly_True_window_1_lags_8_sinusoidal_yes_linear,True,1,linear_lags_8_sinusoidal_yes,0.364,0.486,214.3,216.725,True,True,True,1.789,-8.678,0,1.0,,,,,,,1.0,0.168,1.0,1.0,0.739,0.349
Soybean_cluster_1_yearly_False_window_2_lags_none_sinusoidal_no_linear,False,2,linear_lags_none_sinusoidal_no,0.016,0.556,415.927,418.283,True,True,False,0.885,-0.1,0,1.0,,,,,,,,,,,,
Soybean_cluster_1_yearly_False_window_2_lags_2_sinusoidal_no_linear,False,2,linear_lags_2_sinusoidal_no,0.221,0.042,377.919,381.192,True,True,False,0.831,-0.06,0,1.0,1.0,0.046,,,,,,,,,,
Soybean_cluster_1_yearly_False_window_2_lags_3_sinusoidal_no_linear,False,2,linear_lags_3_sinusoidal_no,0.039,0.487,364.613,367.746,True,True,False,0.972,0.025,0,1.0,,,1.0,0.764,,,,,,,,
Soybean_cluster_1_yearly_False_window_2_lags_7_sinusoidal_no_linear,False,2,linear_lags_7_sinusoidal_no,0.136,0.208,296.889,299.389,True,True,False,1.065,0.083,0,1.0,,,,,1.0,0.463,,,,,,
Soybean_cluster_1_yearly_False_window_2_lags_8_sinusoidal_no_linear,False,2,linear_lags_8_sinusoidal_no,0.07,0.352,279.851,282.169,True,True,False,0.999,-0.215,0,1.0,,,,,,,1.0,0.536,,,,
Soybean_cluster_1_yearly_False_window_2_lags_none_sinusoidal_yes_linear,False,2,linear_lags_none_sinusoidal_yes,0.037,0.754,419.41,424.123,True,True,False,0.901,-0.703,0,1.0,,,,,,,,,1.0,1.0,0.519,0.909
Soybean_cluster_1_yearly_False_window_2_lags_2_sinusoidal_yes_linear,False,2,linear_lags_2_sinusoidal_yes,0.29,0.042,379.884,385.34,True,True,False,0.904,-0.047,0,1.0,1.0,0.04,,,,,,,1.0,1.0,0.389,0.394
Soybean_cluster_1_yearly_False_window_2_lags_3_sinusoidal_yes_linear,False,2,linear_lags_3_sinusoidal_yes,0.128,0.849,366.573,371.796,True,True,False,1.133,-0.244,0,1.0,,,1.0,0.944,,,,,1.0,1.0,0.454,0.334
Soybean_cluster_1_yearly_False_window_2_lags_7_sinusoidal_yes_linear,False,2,linear_lags_7_sinusoidal_yes,0.31,0.12,297.072,301.238,True,True,False,1.291,-1.773,0,1.0,,,,,1.0,0.313,,,1.0,1.0,0.127,0.561
Soybean_cluster_1_yearly_False_window_2_lags_8_sinusoidal_yes_linear,False,2,linear_lags_8_sinusoidal_yes,0.334,0.081,278.497,282.36,True,True,False,1.273,-0.544,0,1.0,,,,,,,1.0,0.168,1.0,1.0,0.066,0.722
Soybean_cluster_1_yearly_True_window_2_lags_none_sinusoidal_no_linear,True,2,linear_lags_none_sinusoidal_no,0.021,0.544,343.134,345.125,True,True,False,0.815,-0.083,0,1.0,,,,,,,,,,,,
Soybean_cluster_1_yearly_True_window_2_lags_2_sinusoidal_no_linear,True,2,linear_lags_2_sinusoidal_no,0.052,0.565,309.536,312.208,True,True,False,0.813,-1.654,0,1.0,1.0,0.988,,,,,,,,,,
Soybean_cluster_1_yearly_True_window_2_lags_3_sinusoidal_no_linear,True,2,linear_lags_3_sinusoidal_no,0.159,0.647,289.31,291.809,True,False,False,0.998,-0.106,0,1.0,,,1.0,0.206,,,,,,,,
Soybean_cluster_1_yearly_True_window_2_lags_7_sinusoidal_no_linear,True,2,linear_lags_7_sinusoidal_no,0.226,0.767,220.652,222.347,True,True,True,1.547,-1.962,0,1.0,,,,,1.0,0.198,,,,,,
Soybean_cluster_1_yearly_True_window_2_lags_8_sinusoidal_no_linear,True,2,linear_lags_8_sinusoidal_no,0.15,0.961,207.445,208.9,True,True,False,1.103,0.047,0,1.0,,,,,,,1.0,0.342,,,,
Soybean_cluster_1_yearly_True_window_2_lags_none_sinusoidal_yes_linear,True,2,linear_lags_none_sinusoidal_yes,0.055,0.916,346.425,350.408,True,True,False,0.857,-3.441,0,1.0,,,,,,,,,1.0,1.0,0.46,0.869
Soybean_cluster_1_yearly_True_window_2_lags_2_sinusoidal_yes_linear,True,2,linear_lags_2_sinusoidal_yes,0.118,0.838,312.24,316.692,True,True,False,0.949,-3.093,0,1.0,1.0,0.921,,,,,,,1.0,1.0,0.751,0.445
Soybean_cluster_1_yearly_True_window_2_lags_3_sinusoidal_yes_linear,True,2,linear_lags_3_sinusoidal_yes,0.315,0.427,289.83,293.996,True,True,False,1.374,-5.933,0,1.0,,,1.0,0.156,,,,,1.0,1.0,0.185,0.673
Soybean_cluster_1_yearly_True_window_2_lags_7_sinusoidal_yes_linear,True,2,linear_lags_7_sinusoidal_yes,0.309,0.872,223.177,226.002,True,True,True,1.731,-3.694,0,1.0,,,,,1.0,0.341,,,1.0,1.0,0.505,0.693
Soybean_cluster_1_yearly_True_window_2_lags_8_sinusoidal_yes_linear,True,2,linear_lags_8_sinusoidal_yes,0.326,0.443,208.655,211.079,True,True,False,1.452,-2.584,0,1.0,,,,,,,1.0,0.196,1.0,1.0,0.595,0.295
Soybean_cluster_1_yearly_False_window_3_lags_none_sinusoidal_no_linear,False,3,linear_lags_none_sinusoidal_no,0.009,0.66,404.499,406.855,False,True,False,0.767,-0.222,0,1.0,,,,,,,,,,,,
Soybean_cluster_1_yearly_False_window_3_lags_2_sinusoidal_no_linear,False,3,linear_lags_2_sinusoidal_no,0.204,0.07,369.988,373.261,True,True,False,0.673,-0.388,0,1.0,1.0,0.048,,,,,,,,,,
Soybean_cluster_1_yearly_False_window_3_lags_3_sinusoidal_no_linear,False,3,linear_lags_3_sinusoidal_no,0.029,0.619,357.083,360.217,True,True,False,0.827,-0.2,0,1.0,,,1.0,0.91,,,,,,,,
Soybean_cluster_1_yearly_False_window_3_lags_7_sinusoidal_no_linear,False,3,linear_lags_7_sinusoidal_no,0.06,0.427,290.588,293.087,True,True,False,0.959,-0.169,0,1.0,,,,,1.0,0.659,,,,,,
Soybean_cluster_1_yearly_False_window_3_lags_8_sinusoidal_no_linear,False,3,linear_lags_8_sinusoidal_no,0.017,0.654,275.013,277.33,True,True,False,0.9,-0.634,0,1.0,,,,,,,1.0,0.786,,,,
Soybean_cluster_1_yearly_False_window_3_lags_none_sinusoidal_yes_linear,False,3,linear_lags_none_sinusoidal_yes,0.064,0.934,407.12,411.832,True,True,False,0.845,-0.453,0,1.0,,,,,,,,,1.0,1.0,0.412,0.455
Soybean_cluster_1_yearly_False_window_3_lags_2_sinusoidal_yes_linear,False,3,linear_lags_2_sinusoidal_yes,0.297,0.117,371.259,376.714,True,True,False,0.718,-0.264,0,1.0,1.0,0.065,,,,,,,1.0,1.0,0.521,0.241
Soybean_cluster_1_yearly_False_window_3_lags_3_sinusoidal_yes_linear,False,3,linear_lags_3_sinusoidal_yes,0.201,0.637,356.992,362.215,True,True,False,1.113,-1.3,0,1.0,,,1.0,0.5,,,,,1.0,1.0,0.2,0.179
Soybean_cluster_1_yearly_False_window_3_lags_7_sinusoidal_yes_linear,False,3,linear_lags_7_sinusoidal_yes,0.282,0.245,290.013,294.179,True,True,False,1.421,-1.77,0,1.0,,,,,1.0,0.445,,,1.0,1.0,0.108,0.405
Soybean_cluster_1_yearly_False_window_3_lags_8_sinusoidal_yes_linear,False,3,linear_lags_8_sinusoidal_yes,0.395,0.07,271.241,275.104,True,True,False,1.321,-0.969,0,1.0,,,,,,,1.0,0.131,1.0,1.0,0.038,0.218
Soybean_cluster_1_yearly_True_window_3_lags_none_sinusoidal_no_linear,True,3,linear_lags_none_sinusoidal_no,0.008,0.711,332.497,334.489,True,False,False,0.479,-0.184,0,1.0,,,,,,,,,,,,
Soybean_cluster_1_yearly_True_window_3_lags_2_sinusoidal_no_linear,True,3,linear_lags_2_sinusoidal_no,0.022,0.583,303.004,305.675,True,False,False,0.423,-0.256,0,1.0,1.0,0.786,,,,,,,,,,
Soybean_cluster_1_yearly_True_window_3_lags_3_sinusoidal_no_linear,True,3,linear_lags_3_sinusoidal_no,0.167,0.505,282.808,285.308,True,True,False,0.539,-0.145,0,1.0,,,1.0,0.164,,,,,,,,
Soybean_cluster_1_yearly_True_window_3_lags_7_sinusoidal_no_linear,True,3,linear_lags_7_sinusoidal_no,0.319,0.304,213.859,215.554,True,True,False,1.101,-0.625,0,1.0,,,,,1.0,0.058,,,,,,
Soybean_cluster_1_yearly_True_window_3_lags_8_sinusoidal_no_linear,True,3,linear_lags_8_sinusoidal_no,0.278,0.695,199.205,200.66,True,True,False,0.692,0.167,0,1.0,,,,,,,1.0,0.108,,,,
Soybean_cluster_1_yearly_True_window_3_lags_none_sinusoidal_yes_linear,True,3,linear_lags_none_sinusoidal_yes,0.154,0.56,333.321,337.304,True,True,False,0.592,-1.28,0,1.0,,,,,,,,,1.0,1.0,0.228,0.215
Soybean_cluster_1_yearly_True_window_3_lags_2_sinusoidal_yes_linear,True,3,linear_lags_2_sinusoidal_yes,0.255,0.896,302.116,306.568,True,True,False,0.674,-0.582,0,1.0,1.0,0.841,,,,,,,1.0,1.0,0.446,0.105
Soybean_cluster_1_yearly_True_window_3_lags_3_sinusoidal_yes_linear,True,3,linear_lags_3_sinusoidal_yes,0.546,0.131,276.476,280.642,True,True,False,0.953,-0.237,0,1.0,,,1.0,0.036,,,,,1.0,1.0,0.024,0.266
Soybean_cluster_1_yearly_True_window_3_lags_7_sinusoidal_yes_linear,True,3,linear_lags_7_sinusoidal_yes,0.476,0.504,214.455,217.28,True,True,True,1.564,-22.207,0,1.0,,,,,1.0,0.137,,,1.0,1.0,0.849,0.228
Soybean_cluster_1_yearly_True_window_3_lags_8_sinusoidal_yes_linear,True,3,linear_lags_8_sinusoidal_yes,0.696,0.192,192.817,195.242,True,True,True,1.693,-0.363,0,1.0,,,,,,,1.0,0.027,1.0,1.0,0.246,0.072
Soybean_cluster_1_yearly_False_window_4_lags_none_sinusoidal_no_linear,False,4,linear_lags_none_sinusoidal_no,0.046,0.316,393.812,396.168,True,True,False,0.507,-0.214,0,1.0,,,,,,,,,,,,
Soybean_cluster_1_yearly_False_window_4_lags_2_sinusoidal_no_linear,False,4,linear_lags_2_sinusoidal_no,0.141,0.094,362.999,366.272,True,False,False,0.431,-0.406,0,1.0,1.0,0.285,,,,,,,,,,
Soybean_cluster_1_yearly_False_window_4_lags_3_sinusoidal_no_linear,False,4,linear_lags_3_sinusoidal_no,0.15,0.267,344.75,347.883,True,False,False,0.693,0.034,0,1.0,,,1.0,0.94,,,,,,,,
Soybean_cluster_1_yearly_False_window_4_lags_7_sinusoidal_no_linear,False,4,linear_lags_7_sinusoidal_no,0.296,0.417,275.933,278.432,True,True,False,1.134,-0.52,0,1.0,,,,,1.0,0.683,,,,,,
Soybean_cluster_1_yearly_False_window_4_lags_8_sinusoidal_no_linear,False,4,linear_lags_8_sinusoidal_no,0.15,0.46,262.209,264.527,True,True,False,1.101,-0.907,0,1.0,,,,,,,1.0,0.723,,,,
Soybean_cluster_1_yearly_False_window_4_lags_none_sinusoidal_yes_linear,False,4,linear_lags_none_sinusoidal_yes,0.087,0.803,396.751,401.463,True,False,False,0.551,-0.848,0,1.0,,,,,,,,,1.0,1.0,0.4,0.566
Soybean_cluster_1_yearly_False_window_4_lags_2_sinusoidal_yes_linear,False,4,linear_lags_2_sinusoidal_yes,0.234,0.263,364.477,369.932,True,True,False,0.493,-0.263,0,1.0,1.0,0.388,,,,,,,1.0,1.0,0.927,0.178
Soybean_cluster_1_yearly_False_window_4_lags_3_sinusoidal_yes_linear,False,4,linear_lags_3_sinusoidal_yes,0.321,0.969,344.035,349.257,True,True,False,0.887,-1.345,0,1.0,,,1.0,0.409,,,,,1.0,1.0,0.183,0.159
Soybean_cluster_1_yearly_False_window_4_lags_7_sinusoidal_yes_linear,False,4,linear_lags_7_sinusoidal_yes,0.447,0.236,275.815,279.981,True,True,False,1.379,-0.651,0,1.0,,,,,1.0,0.936,,,1.0,1.0,0.097,0.79
Soybean_cluster_1_yearly_False_window_4_lags_8_sinusoidal_yes_linear,False,4,linear_lags_8_sinusoidal_yes,0.43,0.068,259.811,263.674,True,True,False,1.0,-0.717,0,1.0,,,,,,,1.0,0.473,1.0,1.0,0.055,0.386
Soybean_cluster_1_yearly_True_window_4_lags_none_sinusoidal_no_linear,True,4,linear_lags_none_sinusoidal_no,0.033,0.441,326.703,328.695,True,False,False,0.24,-0.273,0,1.0,,,,,,,,,,,,
Soybean_cluster_1_yearly_True_window_4_lags_2_sinusoidal_no_linear,True,4,linear_lags_2_sinusoidal_no,0.122,0.553,296.698,299.369,True,False,False,0.271,-0.154,0,1.0,1.0,0.457,,,,,,,,,,
Soybean_cluster_1_yearly_True_window_4_lags_3_sinusoidal_no_linear,True,4,linear_lags_3_sinusoidal_no,0.297,0.806,274.653,277.153,True,False,False,0.462,-0.252,0,1.0,,,1.0,0.165,,,,,,,,
Soybean_cluster_1_yearly_True_window_4_lags_7_sinusoidal_no_linear,True,4,linear_lags_7_sinusoidal_no,0.418,0.926,203.1,204.795,True,True,False,0.929,-0.247,0,1.0,,,,,1.0,0.074,,,,,,
Soybean_cluster_1_yearly_True_window_4_lags_8_sinusoidal_no_linear,True,4,linear_lags_8_sinusoidal_no,0.391,0.311,189.052,190.507,True,True,False,0.599,-0.35,0,1.0,,,,,,,1.0,0.313,,,,
Soybean_cluster_1_yearly_True_window_4_lags_none_sinusoidal_yes_linear,True,4,linear_lags_none_sinusoidal_yes,0.123,0.666,328.75,332.733,True,False,False,0.295,-0.708,0,1.0,,,,,,,,,1.0,1.0,0.256,0.401
Soybean_cluster_1_yearly_True_window_4_lags_2_sinusoidal_yes_linear,True,4,linear_lags_2_sinusoidal_yes,0.249,0.689,297.889,302.341,True,False,False,0.327,-0.236,0,1.0,1.0,0.286,,,,,,,1.0,1.0,0.355,0.495
Soybean_cluster_1_yearly_True_window_4_lags_3_sinusoidal_yes_linear,True,4,linear_lags_3_sinusoidal_yes,0.497,0.912,272.959,277.125,True,True,False,0.48,-0.077,0,1.0,,,1.0,0.188,,,,,1.0,1.0,0.296,0.237
Soybean_cluster_1_yearly_True_window_4_lags_7_sinusoidal_yes_linear,True,4,linear_lags_7_sinusoidal_yes,0.663,0.714,199.977,202.802,True,True,False,1.474,-2.28,0,1.0,,,,,1.0,0.059,,,1.0,1.0,0.067,0.423
Soybean_cluster_1_yearly_True_window_4_lags_8_sinusoidal_yes_linear,True,4,linear_lags_8_sinusoidal_yes,0.902,0.409,171.153,173.577,True,True,True,1.649,-0.713,0,1.0,,,,,,,1.0,0.015,1.0,1.0,0.001,0.137
Soybean_cluster_1_yearly_False_window_5_lags_none_sinusoidal_no_linear,False,5,linear_lags_none_sinusoidal_no,0.06,0.25,387.03,389.387,True,False,False,0.343,-0.07,0,1.0,,,,,,,,,,,,
Soybean_cluster_1_yearly_False_window_5_lags_2_sinusoidal_no_linear,False,5,linear_lags_2_sinusoidal_no,0.191,0.058,354.135,357.408,True,False,False,0.373,0.064,0,1.0,1.0,0.6,,,,,,,,,,
Soybean_cluster_1_yearly_False_window_5_lags_3_sinusoidal_no_linear,False,5,linear_lags_3_sinusoidal_no,0.277,0.078,332.731,335.865,True,False,False,0.535,0.124,0,1.0,,,1.0,0.954,,,,,,,,
Soybean_cluster_1_yearly_False_window_5_lags_7_sinusoidal_no_linear,False,5,linear_lags_7_sinusoidal_no,0.374,0.61,264.724,267.223,True,True,False,0.856,0.207,0,1.0,,,,,1.0,0.4,,,,,,
Soybean_cluster_1_yearly_False_window_5_lags_8_sinusoidal_no_linear,False,5,linear_lags_8_sinusoidal_no,0.501,0.702,244.979,247.297,True,True,False,1.296,-0.118,0,1.0,,,,,,,1.0,0.036,,,,
Soybean_cluster_1_yearly_False_window_5_lags_none_sinusoidal_yes_linear,False,5,linear_lags_none_sinusoidal_yes,0.107,0.732,389.8,394.512,True,False,False,0.39,-1.079,0,1.0,,,,,,,,,1.0,1.0,0.365,0.545
Soybean_cluster_1_yearly_False_window_5_lags_2_sinusoidal_yes_linear,False,5,linear_lags_2_sinusoidal_yes,0.273,0.504,355.786,361.241,True,True,False,0.509,0.079,0,1.0,1.0,0.996,,,,,,,1.0,1.0,0.507,0.201
Soybean_cluster_1_yearly_False_window_5_lags_3_sinusoidal_yes_linear,False,5,linear_lags_3_sinusoidal_yes,0.527,0.904,327.8,333.023,True,True,False,0.867,-0.49,0,1.0,,,1.0,0.248,,,,,1.0,1.0,0.035,0.065
Soybean_cluster_1_yearly_False_window_5_lags_7_sinusoidal_yes_linear,False,5,linear_lags_7_sinusoidal_yes,0.635,0.188,259.571,263.737,True,True,False,1.157,-0.273,0,1.0,,,,,1.0,0.762,,,1.0,1.0,0.014,0.517
Soybean_cluster_1_yearly_False_window_5_lags_8_sinusoidal_yes_linear,False,5,linear_lags_8_sinusoidal_yes,0.692,0.044,241.253,245.116,True,True,False,1.428,-0.053,0,1.0,,,,,,,1.0,0.607,1.0,1.0,0.03,0.153
Soybean_cluster_1_yearly_True_window_5_lags_none_sinusoidal_no_linear,True,5,linear_lags_none_sinusoidal_no,0.031,0.461,325.037,327.028,True,False,False,0.203,-0.651,0,1.0,,,,,,,,,,,,
Soybean_cluster_1_yearly_True_window_5_lags_2_sinusoidal_no_linear,True,5,linear_lags_2_sinusoidal_no,0.176,0.374,292.737,295.409,True,False,False,0.226,-0.3,0,1.0,1.0,0.481,,,,,,,,,,
Soybean_cluster_1_yearly_True_window_5_lags_3_sinusoidal_no_linear,True,5,linear_lags_3_sinusoidal_no,0.365,0.668,269.578,272.078,True,False,False,0.472,-0.296,0,1.0,,,1.0,0.139,,,,,,,,
Soybean_cluster_1_yearly_True_window_5_lags_7_sinusoidal_no_linear,True,5,linear_lags_7_sinusoidal_no,0.675,0.57,193.576,195.271,True,True,False,0.712,-7.996,0,1.0,,,,,1.0,0.004,,,,,,
Soybean_cluster_1_yearly_True_window_5_lags_8_sinusoidal_no_linear,True,5,linear_lags_8_sinusoidal_no,0.334,0.311,188.071,189.526,True,True,False,0.346,0.18,0,1.0,,,,,,,1.0,0.173,,,,
Soybean_cluster_1_yearly_True_window_5_lags_none_sinusoidal_yes_linear,True,5,linear_lags_none_sinusoidal_yes,0.091,0.879,327.751,331.734,True,False,False,0.271,-0.874,0,1.0,,,,,,,,,1.0,1.0,0.428,0.41
Soybean_cluster_1_yearly_True_window_5_lags_2_sinusoidal_yes_linear,True,5,linear_lags_2_sinusoidal_yes,0.334,0.59,292.892,297.344,True,True,False,0.402,-0.601,0,1.0,1.0,0.219,,,,,,,1.0,1.0,0.256,0.472
Soybean_cluster_1_yearly_True_window_5_lags_3_sinusoidal_yes_linear,True,5,linear_lags_3_sinusoidal_yes,0.607,0.89,265.43,269.596,True,True,False,0.559,-3.916,0,1.0,,,1.0,0.128,,,,,1.0,1.0,0.175,0.121
Soybean_cluster_1_yearly_True_window_5_lags_7_sinusoidal_yes_linear,True,5,linear_lags_7_sinusoidal_yes,0.921,0.152,179.202,182.027,True,True,True,2.378,-3.391,0,1.0,,,,,1.0,0.0,,,1.0,1.0,0.608,0.002
Soybean_cluster_1_yearly_True_window_5_lags_8_sinusoidal_yes_linear,True,5,linear_lags_8_sinusoidal_yes,0.881,0.406,171.437,173.862,True,True,False,1.328,0.835,0,1.0,,,,,,,1.0,0.009,1.0,1.0,0.002,0.089
Soybean_cluster_1_yearly_False_window_6_lags_none_sinusoidal_no_linear,False,6,linear_lags_none_sinusoidal_no,0.023,0.481,384.781,387.137,True,False,False,0.299,-0.143,0,1.0,,,,,,,,,,,,
Soybean_cluster_1_yearly_False_window_6_lags_2_sinusoidal_no_linear,False,6,linear_lags_2_sinusoidal_no,0.158,0.181,351.923,355.196,True,False,False,0.427,-0.041,0,1.0,1.0,0.693,,,,,,,,,,
Soybean_cluster_1_yearly_False_window_6_lags_3_sinusoidal_no_linear,False,6,linear_lags_3_sinusoidal_no,0.277,0.12,328.545,331.679,True,False,False,0.596,0.025,0,1.0,,,1.0,0.747,,,,,,,,
Soybean_cluster_1_yearly_False_window_6_lags_7_sinusoidal_no_linear,False,6,linear_lags_7_sinusoidal_no,0.632,0.348,249.995,252.494,False,True,True,1.691,0.433,0,1.0,,,,,1.0,0.017,,,,,,
Soybean_cluster_1_yearly_False_window_6_lags_8_sinusoidal_no_linear,False,6,linear_lags_8_sinusoidal_no,0.651,0.964,231.962,234.28,True,True,False,2.682,0.177,0,1.0,,,,,,,1.0,0.005,,,,
Soybean_cluster_1_yearly_False_window_6_lags_none_sinusoidal_yes_linear,False,6,linear_lags_none_sinusoidal_yes,0.102,0.722,386.74,391.452,True,False,False,0.342,-0.61,0,1.0,,,,,,,,,1.0,1.0,0.255,0.352
Soybean_cluster_1_yearly_False_window_6_lags_2_sinusoidal_yes_linear,False,6,linear_lags_2_sinusoidal_yes,0.303,0.645,351.776,357.231,True,True,False,0.635,0.118,0,1.0,1.0,0.22,,,,,,,1.0,1.0,0.134,0.241
Soybean_cluster_1_yearly_False_window_6_lags_3_sinusoidal_yes_linear,False,6,linear_lags_3_sinusoidal_yes,0.54,0.919,323.037,328.259,True,True,False,0.856,0.069,0,1.0,,,1.0,0.151,,,,,1.0,1.0,0.04,0.078
Soybean_cluster_1_yearly_False_window_6_lags_7_sinusoidal_yes_linear,False,6,linear_lags_7_sinusoidal_yes,0.743,0.764,247.855,252.021,True,True,True,2.093,0.213,0,1.0,,,,,1.0,0.191,,,1.0,1.0,0.042,0.815
Soybean_cluster_1_yearly_False_window_6_lags_8_sinusoidal_yes_linear,False,6,linear_lags_8_sinusoidal_yes,0.771,0.114,229.222,233.085,True,True,False,2.645,0.429,0,1.0,,,,,,,1.0,0.188,1.0,1.0,0.061,0.18
Soybean_cluster_1_yearly_True_window_6_lags_none_sinusoidal_no_linear,True,6,linear_lags_none_sinusoidal_no,0.004,0.793,324.334,326.326,True,False,False,0.193,-0.611,0,1.0,,,,,,,,,,,,
Soybean_cluster_1_yearly_True_window_6_lags_2_sinusoidal_no_linear,True,6,linear_lags_2_sinusoidal_no,0.195,0.631,291.444,294.115,True,False,False,0.332,-0.022,0,1.0,1.0,0.253,,,,,,,,,,
Soybean_cluster_1_yearly_True_window_6_lags_3_sinusoidal_no_linear,True,6,linear_lags_3_sinusoidal_no,0.453,0.983,265.664,268.163,True,True,False,0.493,0.13,0,1.0,,,1.0,0.033,,,,,,,,
Soybean_cluster_1_yearly_True_window_6_lags_7_sinusoidal_no_linear,True,6,linear_lags_7_sinusoidal_no,0.534,0.244,194.807,196.502,True,True,False,0.653,-3.073,0,1.0,,,,,1.0,0.018,,,,,,
Soybean_cluster_1_yearly_True_window_6_lags_8_sinusoidal_no_linear,True,6,linear_lags_8_sinusoidal_no,0.144,0.523,188.212,189.667,True,True,False,0.463,-0.637,0,1.0,,,,,,,1.0,0.493,,,,
Soybean_cluster_1_yearly_True_window_6_lags_none_sinusoidal_yes_linear,True,6,linear_lags_none_sinusoidal_yes,0.076,0.586,326.832,330.815,True,False,False,0.22,-0.589,0,1.0,,,,,,,,,1.0,1.0,0.316,0.518
Soybean_cluster_1_yearly_True_window_6_lags_2_sinusoidal_yes_linear,True,6,linear_lags_2_sinusoidal_yes,0.325,0.371,292.282,296.734,True,False,False,0.545,-1.901,0,1.0,1.0,0.103,,,,,,,1.0,1.0,0.177,0.82
Soybean_cluster_1_yearly_True_window_6_lags_3_sinusoidal_yes_linear,True,6,linear_lags_3_sinusoidal_yes,0.558,0.442,266.048,270.214,True,False,False,0.668,-0.154,0,1.0,,,1.0,0.039,,,,,1.0,1.0,0.142,0.726
Soybean_cluster_1_yearly_True_window_6_lags_7_sinusoidal_yes_linear,True,6,linear_lags_7_sinusoidal_yes,0.866,0.178,182.619,185.444,True,True,True,2.023,0.308,0,1.0,,,,,1.0,0.025,,,1.0,1.0,0.449,0.058
Soybean_cluster_1_yearly_True_window_6_lags_8_sinusoidal_yes_linear,True,6,linear_lags_8_sinusoidal_yes,0.766,0.803,176.63,179.054,True,True,False,1.457,-1.477,0,1.0,,,,,,,1.0,0.199,1.0,1.0,0.003,0.531
Soybean_cluster_1_yearly_False_window_7_lags_none_sinusoidal_no_linear,False,7,linear_lags_none_sinusoidal_no,0.009,0.657,381.989,384.346,True,False,False,0.274,-0.109,0,1.0,,,,,,,,,,,,
Soybean_cluster_1_yearly_False_window_7_lags_2_sinusoidal_no_linear,False,7,linear_lags_2_sinusoidal_no,0.164,0.119,347.465,350.738,True,False,False,0.415,-0.494,0,1.0,1.0,0.924,,,,,,,,,,
Soybean_cluster_1_yearly_False_window_7_lags_3_sinusoidal_no_linear,False,7,linear_lags_3_sinusoidal_no,0.259,0.186,326.488,329.622,True,False,False,0.566,0.161,0,1.0,,,1.0,0.636,,,,,,,,
Soybean_cluster_1_yearly_False_window_7_lags_7_sinusoidal_no_linear,False,7,linear_lags_7_sinusoidal_no,0.56,0.277,251.72,254.22,True,True,True,1.525,0.115,0,1.0,,,,,1.0,0.029,,,,,,
Soybean_cluster_1_yearly_False_window_7_lags_8_sinusoidal_no_linear,False,7,linear_lags_8_sinusoidal_no,0.556,0.678,233.363,235.681,True,True,True,2.059,0.367,0,1.0,,,,,,,1.0,0.006,,,,
Soybean_cluster_1_yearly_False_window_7_lags_none_sinusoidal_yes_linear,False,7,linear_lags_none_sinusoidal_yes,0.13,0.469,382.863,387.575,True,False,False,0.31,-0.54,0,1.0,,,,,,,,,1.0,1.0,0.254,0.17
Soybean_cluster_1_yearly_False_window_7_lags_2_sinusoidal_yes_linear,False,7,linear_lags_2_sinusoidal_yes,0.453,0.196,342.13,347.585,True,True,False,0.946,-0.198,0,1.0,1.0,0.09,,,,,,,1.0,1.0,0.032,0.014
Soybean_cluster_1_yearly_False_window_7_lags_3_sinusoidal_yes_linear,False,7,linear_lags_3_sinusoidal_yes,0.627,0.399,316.054,321.277,True,True,False,0.868,0.373,0,1.0,,,1.0,0.035,,,,,1.0,1.0,0.007,0.031
Soybean_cluster_1_yearly_False_window_7_lags_7_sinusoidal_yes_linear,False,7,linear_lags_7_sinusoidal_yes,0.814,0.092,241.136,245.302,False,True,False,2.76,0.629,0,1.0,,,,,1.0,0.687,,,1.0,1.0,0.003,0.02
Soybean_cluster_1_yearly_False_window_7_lags_8_sinusoidal_yes_linear,False,7,linear_lags_8_sinusoidal_yes,0.753,0.287,228.002,231.865,True,True,True,2.428,-0.113,0,1.0,,,,,,,1.0,0.069,1.0,1.0,0.113,0.026
Soybean_cluster_1_yearly_True_window_7_lags_none_sinusoidal_no_linear,True,7,linear_lags_none_sinusoidal_no,0.0,0.962,321.675,323.666,True,True,False,0.185,-0.581,0,1.0,,,,,,,,,,,,
Soybean_cluster_1_yearly_True_window_7_lags_2_sinusoidal_no_linear,True,7,linear_lags_2_sinusoidal_no,0.237,0.442,286.746,289.417,True,True,False,0.375,0.124,0,1.0,1.0,0.282,,,,,,,,,,
Soybean_cluster_1_yearly_True_window_7_lags_3_sinusoidal_no_linear,True,7,linear_lags_3_sinusoidal_no,0.555,0.789,259.101,261.601,True,True,False,0.685,0.515,0,1.0,,,1.0,0.014,,,,,,,,
Soybean_cluster_1_yearly_True_window_7_lags_none_sinusoidal_yes_linear,True,7,linear_lags_none_sinusoidal_yes,0.064,0.58,324.356,328.339,True,False,False,0.183,-0.819,0,1.0,,,,,,,,,1.0,1.0,0.438,0.423
Soybean_cluster_1_yearly_True_window_7_lags_2_sinusoidal_yes_linear,True,7,linear_lags_2_sinusoidal_yes,0.446,0.324,284.987,289.438,True,True,False,0.704,0.321,0,1.0,1.0,0.055,,,,,,,1.0,1.0,0.075,0.647
Soybean_cluster_1_yearly_True_window_7_lags_3_sinusoidal_yes_linear,True,7,linear_lags_3_sinusoidal_yes,0.774,0.107,251.566,255.732,True,True,False,1.477,-0.043,0,1.0,,,1.0,0.001,,,,,1.0,1.0,0.005,0.158
Soybean_cluster_1_yearly_False_window_8_lags_none_sinusoidal_no_linear,False,8,linear_lags_none_sinusoidal_no,0.002,0.855,381.884,384.241,True,True,False,0.205,-0.146,0,1.0,,,,,,,,,,,,
Soybean_cluster_1_yearly_False_window_8_lags_2_sinusoidal_no_linear,False,8,linear_lags_2_sinusoidal_no,0.137,0.217,347.896,351.169,True,False,False,0.383,-0.3,0,1.0,1.0,0.784,,,,,,,,,,
Soybean_cluster_1_yearly_False_window_8_lags_3_sinusoidal_no_linear,False,8,linear_lags_3_sinusoidal_no,0.234,0.275,326.548,329.682,True,False,False,0.553,0.001,0,1.0,,,1.0,0.592,,,,,,,,
Soybean_cluster_1_yearly_False_window_8_lags_7_sinusoidal_no_linear,False,8,linear_lags_7_sinusoidal_no,0.478,0.598,253.301,255.801,True,True,False,1.143,0.002,0,1.0,,,,,1.0,0.105,,,,,,
Soybean_cluster_1_yearly_False_window_8_lags_8_sinusoidal_no_linear,False,8,linear_lags_8_sinusoidal_no,0.351,0.852,238.396,240.714,True,True,False,1.164,-1.018,0,1.0,,,,,,,1.0,0.082,,,,
Soybean_cluster_1_yearly_False_window_8_lags_none_sinusoidal_yes_linear,False,8,linear_lags_none_sinusoidal_yes,0.171,0.14,381.425,386.137,True,True,False,0.266,-0.369,0,1.0,,,,,,,,,1.0,1.0,0.124,0.111
Soybean_cluster_1_yearly_False_window_8_lags_2_sinusoidal_yes_linear,False,8,linear_lags_2_sinusoidal_yes,0.418,0.106,343.228,348.683,True,True,False,0.688,0.002,0,1.0,1.0,0.045,,,,,,,1.0,1.0,0.027,0.029
Soybean_cluster_1_yearly_False_window_8_lags_3_sinusoidal_yes_linear,False,8,linear_lags_3_sinusoidal_yes,0.526,0.251,320.46,325.683,True,True,False,0.881,0.207,0,1.0,,,1.0,0.053,,,,,1.0,1.0,0.027,0.395
Soybean_cluster_1_yearly_False_window_8_lags_7_sinusoidal_yes_linear,False,8,linear_lags_7_sinusoidal_yes,0.746,0.052,245.047,249.213,True,True,True,2.003,0.191,0,1.0,,,,,1.0,0.351,,,1.0,1.0,0.006,0.049
Soybean_cluster_1_yearly_False_window_8_lags_8_sinusoidal_yes_linear,False,8,linear_lags_8_sinusoidal_yes,0.688,0.151,230.705,234.568,True,True,True,1.731,-0.521,0,1.0,,,,,,,1.0,0.799,1.0,1.0,0.041,0.051
Soybean_cluster_1_yearly_True_window_8_lags_none_sinusoidal_no_linear,True,8,linear_lags_none_sinusoidal_no,0.004,0.802,320.306,322.297,True,True,False,0.208,-0.435,0,1.0,,,,,,,,,,,,
Soybean_cluster_1_yearly_True_window_8_lags_2_sinusoidal_no_linear,True,8,linear_lags_2_sinusoidal_no,0.397,0.435,280.882,283.553,True,True,False,0.403,0.011,0,1.0,1.0,0.059,,,,,,,,,,
Soybean_cluster_1_yearly_True_window_8_lags_3_sinusoidal_no_linear,True,8,linear_lags_3_sinusoidal_no,0.73,0.377,248.307,250.806,True,True,False,1.397,0.667,0,1.0,,,1.0,0.001,,,,,,,,
Soybean_cluster_1_yearly_True_window_8_lags_none_sinusoidal_yes_linear,True,8,linear_lags_none_sinusoidal_yes,0.038,0.56,323.605,327.588,True,False,False,0.228,-0.829,0,1.0,,,,,,,,,1.0,1.0,0.487,0.742
Soybean_cluster_1_yearly_True_window_8_lags_2_sinusoidal_yes_linear,True,8,linear_lags_2_sinusoidal_yes,0.543,0.426,279.871,284.323,True,True,False,0.693,-0.275,0,1.0,1.0,0.014,,,,,,,1.0,1.0,0.065,0.733
Soybean_cluster_1_yearly_True_window_8_lags_3_sinusoidal_yes_linear,True,8,linear_lags_3_sinusoidal_yes,0.801,0.851,247.123,251.289,True,True,True,1.884,0.542,0,1.0,,,1.0,0.001,,,,,1.0,1.0,0.074,0.33
Soybean_cluster_1_yearly_False_window_9_lags_none_sinusoidal_no_linear,False,9,linear_lags_none_sinusoidal_no,0.0,0.922,379.825,382.181,True,True,False,0.271,-0.507,0,1.0,,,,,,,,,,,,
Soybean_cluster_1_yearly_False_window_9_lags_2_sinusoidal_no_linear,False,9,linear_lags_2_sinusoidal_no,0.225,0.054,343.278,346.552,True,False,False,0.422,-0.067,0,1.0,1.0,0.704,,,,,,,,,,
Soybean_cluster_1_yearly_False_window_9_lags_3_sinusoidal_no_linear,False,9,linear_lags_3_sinusoidal_no,0.371,0.036,319.944,323.078,True,True,False,0.761,0.003,0,1.0,,,1.0,0.591,,,,,,,,
Soybean_cluster_1_yearly_False_window_9_lags_none_sinusoidal_yes_linear,False,9,linear_lags_none_sinusoidal_yes,0.112,0.331,380.99,385.702,True,True,False,0.346,-0.819,0,1.0,,,,,,,,,1.0,1.0,0.409,0.149
Soybean_cluster_1_yearly_False_window_9_lags_2_sinusoidal_yes_linear,False,9,linear_lags_2_sinusoidal_yes,0.326,0.834,344.209,349.664,True,False,False,0.581,-0.435,0,1.0,1.0,0.473,,,,,,,1.0,1.0,0.363,0.13
Soybean_cluster_1_yearly_False_window_9_lags_3_sinusoidal_yes_linear,False,9,linear_lags_3_sinusoidal_yes,0.524,0.596,318.069,323.292,True,True,False,0.782,0.299,0,1.0,,,1.0,0.688,,,,,1.0,1.0,0.266,0.095
Soybean_cluster_1_yearly_True_window_9_lags_none_sinusoidal_no_linear,True,9,linear_lags_none_sinusoidal_no,0.001,0.922,316.546,318.538,True,True,False,0.119,-0.292,0,1.0,,,,,,,,,,,,
Soybean_cluster_1_yearly_True_window_9_lags_2_sinusoidal_no_linear,True,9,linear_lags_2_sinusoidal_no,0.416,0.286,275.946,278.617,True,True,False,0.388,0.086,0,1.0,1.0,0.279,,,,,,,,,,
Soybean_cluster_1_yearly_True_window_9_lags_none_sinusoidal_yes_linear,True,9,linear_lags_none_sinusoidal_yes,0.006,0.993,320.437,324.42,True,False,False,0.121,-0.852,0,1.0,,,,,,,,,1.0,1.0,0.88,0.798
Soybean_cluster_1_yearly_True_window_9_lags_2_sinusoidal_yes_linear,True,9,linear_lags_2_sinusoidal_yes,0.549,0.672,275.303,279.755,True,True,False,0.649,-0.723,0,1.0,1.0,0.211,,,,,,,1.0,1.0,0.254,0.251
Soybean_cluster_1_yearly_False_window_10_lags_none_sinusoidal_no_linear,False,10,linear_lags_none_sinusoidal_no,0.004,0.757,377.142,379.498,True,True,False,0.163,-0.565,0,1.0,,,,,,,,,,,,
Soybean_cluster_1_yearly_False_window_10_lags_2_sinusoidal_no_linear,False,10,linear_lags_2_sinusoidal_no,0.237,0.062,340.606,343.879,True,False,False,0.393,-0.106,0,1.0,1.0,0.88,,,,,,,,,,
Soybean_cluster_1_yearly_False_window_10_lags_3_sinusoidal_no_linear,False,10,linear_lags_3_sinusoidal_no,0.404,0.033,316.006,319.139,True,True,False,0.752,-0.07,0,1.0,,,1.0,0.719,,,,,,,,
Soybean_cluster_1_yearly_False_window_10_lags_none_sinusoidal_yes_linear,False,10,linear_lags_none_sinusoidal_yes,0.131,0.204,377.865,382.577,False,False,False,0.265,-1.028,0,1.0,,,,,,,,,1.0,1.0,0.176,0.211
Soybean_cluster_1_yearly_False_window_10_lags_2_sinusoidal_yes_linear,False,10,linear_lags_2_sinusoidal_yes,0.306,0.89,342.532,347.987,True,False,False,0.441,-0.45,0,1.0,1.0,0.494,,,,,,,1.0,1.0,0.283,0.322
Soybean_cluster_1_yearly_False_window_10_lags_3_sinusoidal_yes_linear,False,10,linear_lags_3_sinusoidal_yes,0.535,0.448,314.783,320.006,True,True,False,0.722,-0.352,0,1.0,,,1.0,0.57,,,,,1.0,1.0,0.1,0.402
Soybean_cluster_1_yearly_True_window_10_lags_none_sinusoidal_no_linear,True,10,linear_lags_none_sinusoidal_no,0.0,0.976,315.387,317.378,True,True,False,0.124,-0.075,0,1.0,,,,,,,,,,,,
Soybean_cluster_1_yearly_True_window_10_lags_none_sinusoidal_yes_linear,True,10,linear_lags_none_sinusoidal_yes,0.0,0.979,319.383,323.366,True,False,False,0.125,-1.025,0,1.0,,,,,,,,,1.0,1.0,0.976,0.966
