analysis_name,yearly_aggregate,window_size,config_type,r_squared,p_value,aic,bic,is_normal,is_homoscedastic,no_autocorrelation,durbin_watson,cv_r2_score,cv_r2_std,vif_PPT,vif_ortho_PPT_lag0,p_value_lag0,vif_ortho_PPT_lag1,p_value_lag1,vif_ortho_PPT_lag7,p_value_lag7,vif_ortho_sin_cycle,vif_ortho_cos_cycle,p_value_sin,p_value_cos
Soybean_cluster_0_yearly_False_window_1_lags_none_sinusoidal_no_linear,False,1,linear_lags_none_sinusoidal_no,0.221,0.031,359.921,362.01,True,True,False,1.337,-0.156,0,1.0,,,,,,,,,,
Soybean_cluster_0_yearly_False_window_1_lags_0_sinusoidal_no_linear,False,1,linear_lags_0_sinusoidal_no,0.245,0.079,361.271,364.404,True,True,False,1.409,-1.95,0,1.0,1.0,0.462,,,,,,,,
Soybean_cluster_0_yearly_False_window_1_lags_1_sinusoidal_no_linear,False,1,linear_lags_1_sinusoidal_no,0.2,0.06,344.663,347.65,True,True,True,1.578,0.064,0,1.0,,,1.0,0.417,,,,,,
Soybean_cluster_0_yearly_False_window_1_lags_7_sinusoidal_no_linear,False,1,linear_lags_7_sinusoidal_no,0.214,0.325,243.165,245.083,True,True,True,1.628,-0.055,0,1.0,,,,,1.0,0.791,,,,
Soybean_cluster_0_yearly_False_window_1_lags_none_sinusoidal_yes_linear,False,1,linear_lags_none_sinusoidal_yes,0.356,0.014,359.933,364.111,True,True,True,1.632,-0.023,0,1.0,,,,,,,1.0,1.0,0.699,0.081
Soybean_cluster_0_yearly_False_window_1_lags_0_sinusoidal_yes_linear,False,1,linear_lags_0_sinusoidal_yes,0.356,0.025,361.925,367.147,True,True,True,1.635,-0.114,0,1.0,1.0,0.702,,,,,1.0,1.0,0.684,0.108
Soybean_cluster_0_yearly_False_window_1_lags_1_sinusoidal_yes_linear,False,1,linear_lags_1_sinusoidal_yes,0.33,0.026,345.125,350.103,True,True,True,1.823,-0.345,0,1.0,,,1.0,0.26,,,1.0,1.0,0.526,0.127
Soybean_cluster_0_yearly_False_window_1_lags_7_sinusoidal_yes_linear,False,1,linear_lags_7_sinusoidal_yes,0.439,0.178,242.438,245.633,True,True,True,2.076,-1.01,0,1.0,,,,,1.0,0.998,1.0,1.0,0.479,0.115
Soybean_cluster_0_yearly_True_window_1_lags_none_sinusoidal_no_linear,True,1,linear_lags_none_sinusoidal_no,0.247,0.03,321.656,323.545,True,True,False,1.366,-0.198,0,1.0,,,,,,,,,,
Soybean_cluster_0_yearly_True_window_1_lags_0_sinusoidal_no_linear,True,1,linear_lags_0_sinusoidal_no,0.267,0.076,323.149,325.982,True,True,False,1.446,-2.262,0,1.0,1.0,0.52,,,,,,,,
Soybean_cluster_0_yearly_True_window_1_lags_1_sinusoidal_no_linear,True,1,linear_lags_1_sinusoidal_no,0.201,0.1,307.138,309.809,True,True,True,1.554,-0.537,0,1.0,,,1.0,0.647,,,,,,
Soybean_cluster_0_yearly_True_window_1_lags_7_sinusoidal_no_linear,True,1,linear_lags_7_sinusoidal_no,0.272,0.195,206.236,207.69,True,True,False,1.434,-0.283,0,1.0,,,,,1.0,0.701,,,,
Soybean_cluster_0_yearly_True_window_1_lags_none_sinusoidal_yes_linear,True,1,linear_lags_none_sinusoidal_yes,0.397,0.011,321.418,325.196,True,True,True,1.609,-0.039,0,1.0,,,,,,,1.0,1.0,0.343,0.11
Soybean_cluster_0_yearly_True_window_1_lags_0_sinusoidal_yes_linear,True,1,linear_lags_0_sinusoidal_yes,0.399,0.025,323.377,328.099,True,True,True,1.617,-21.017,0,1.0,1.0,0.719,,,,,1.0,1.0,0.357,0.148
Soybean_cluster_0_yearly_True_window_1_lags_1_sinusoidal_yes_linear,True,1,linear_lags_1_sinusoidal_yes,0.356,0.036,307.246,311.698,True,True,True,1.807,-0.871,0,1.0,,,1.0,0.384,,,1.0,1.0,0.286,0.169
Soybean_cluster_0_yearly_True_window_1_lags_7_sinusoidal_yes_linear,True,1,linear_lags_7_sinusoidal_yes,0.562,0.052,204.127,206.552,True,True,False,1.484,-0.847,0,1.0,,,,,1.0,0.275,1.0,1.0,0.836,0.071
Soybean_cluster_0_yearly_False_window_2_lags_none_sinusoidal_no_linear,False,2,linear_lags_none_sinusoidal_no,0.23,0.028,351.579,353.668,True,True,False,0.626,0.135,0,1.0,,,,,,,,,,
Soybean_cluster_0_yearly_False_window_2_lags_0_sinusoidal_no_linear,False,2,linear_lags_0_sinusoidal_no,0.244,0.071,353.203,356.336,True,True,False,0.652,-0.879,0,1.0,1.0,0.575,,,,,,,,
Soybean_cluster_0_yearly_False_window_2_lags_1_sinusoidal_no_linear,False,2,linear_lags_1_sinusoidal_no,0.321,0.025,332.193,335.18,True,True,False,0.992,0.178,0,1.0,,,1.0,0.042,,,,,,
Soybean_cluster_0_yearly_False_window_2_lags_7_sinusoidal_no_linear,False,2,linear_lags_7_sinusoidal_no,0.11,0.631,235.207,237.124,True,True,False,1.002,-0.379,0,1.0,,,,,1.0,0.699,,,,
Soybean_cluster_0_yearly_False_window_2_lags_none_sinusoidal_yes_linear,False,2,linear_lags_none_sinusoidal_yes,0.4,0.012,350.366,354.544,True,True,False,0.845,0.045,0,1.0,,,,,,,1.0,1.0,0.411,0.058
Soybean_cluster_0_yearly_False_window_2_lags_0_sinusoidal_yes_linear,False,2,linear_lags_0_sinusoidal_yes,0.4,0.025,352.357,357.58,True,True,False,0.852,-0.385,0,1.0,1.0,0.729,,,,,1.0,1.0,0.423,0.074
Soybean_cluster_0_yearly_False_window_2_lags_1_sinusoidal_yes_linear,False,2,linear_lags_1_sinusoidal_yes,0.413,0.013,333.276,338.254,True,True,False,1.078,0.0,0,1.0,,,1.0,0.03,,,1.0,1.0,0.295,0.273
Soybean_cluster_0_yearly_False_window_2_lags_7_sinusoidal_yes_linear,False,2,linear_lags_7_sinusoidal_yes,0.477,0.186,231.75,234.945,True,True,True,1.567,-0.652,0,1.0,,,,,1.0,0.775,1.0,1.0,0.742,0.039
Soybean_cluster_0_yearly_True_window_2_lags_none_sinusoidal_no_linear,True,2,linear_lags_none_sinusoidal_no,0.244,0.032,313.997,315.886,True,True,False,0.623,0.19,0,1.0,,,,,,,,,,
Soybean_cluster_0_yearly_True_window_2_lags_0_sinusoidal_no_linear,True,2,linear_lags_0_sinusoidal_no,0.257,0.043,315.648,318.482,True,True,False,0.641,-0.16,0,1.0,1.0,0.594,,,,,,,,
Soybean_cluster_0_yearly_True_window_2_lags_1_sinusoidal_no_linear,True,2,linear_lags_1_sinusoidal_no,0.281,0.041,296.274,298.946,True,True,False,0.839,0.053,0,1.0,,,1.0,0.095,,,,,,
Soybean_cluster_0_yearly_True_window_2_lags_7_sinusoidal_no_linear,True,2,linear_lags_7_sinusoidal_no,0.133,0.899,199.384,200.839,True,True,False,1.063,-0.6,0,1.0,,,,,1.0,0.563,,,,
Soybean_cluster_0_yearly_True_window_2_lags_none_sinusoidal_yes_linear,True,2,linear_lags_none_sinusoidal_yes,0.448,0.009,312.015,315.793,True,False,False,0.842,0.084,0,1.0,,,,,,,1.0,1.0,0.141,0.092
Soybean_cluster_0_yearly_True_window_2_lags_0_sinusoidal_yes_linear,True,2,linear_lags_0_sinusoidal_yes,0.458,0.01,313.669,318.391,True,True,False,0.911,-0.241,0,1.0,1.0,0.624,,,,,1.0,1.0,0.152,0.099
Soybean_cluster_0_yearly_True_window_2_lags_1_sinusoidal_yes_linear,True,2,linear_lags_1_sinusoidal_yes,0.467,0.009,294.908,299.36,True,True,False,1.065,-0.3,0,1.0,,,1.0,0.041,,,1.0,1.0,0.06,0.591
Soybean_cluster_0_yearly_True_window_2_lags_7_sinusoidal_yes_linear,True,2,linear_lags_7_sinusoidal_yes,0.63,0.084,193.173,195.597,True,True,False,1.371,-2.889,0,1.0,,,,,1.0,0.314,1.0,1.0,0.439,0.019
Soybean_cluster_0_yearly_False_window_3_lags_none_sinusoidal_no_linear,False,3,linear_lags_none_sinusoidal_no,0.188,0.049,345.847,347.936,True,True,False,0.371,0.157,0,1.0,,,,,,,,,,
Soybean_cluster_0_yearly_False_window_3_lags_0_sinusoidal_no_linear,False,3,linear_lags_0_sinusoidal_no,0.191,0.054,347.774,350.907,True,True,False,0.356,-0.045,0,1.0,1.0,0.804,,,,,,,,
Soybean_cluster_0_yearly_False_window_3_lags_1_sinusoidal_no_linear,False,3,linear_lags_1_sinusoidal_no,0.366,0.031,324.227,327.214,True,True,False,0.7,0.117,0,1.0,,,1.0,0.014,,,,,,
Soybean_cluster_0_yearly_False_window_3_lags_7_sinusoidal_no_linear,False,3,linear_lags_7_sinusoidal_no,0.126,0.998,228.896,230.813,True,True,False,0.698,-0.046,0,1.0,,,,,1.0,0.428,,,,
Soybean_cluster_0_yearly_False_window_3_lags_none_sinusoidal_yes_linear,False,3,linear_lags_none_sinusoidal_yes,0.453,0.006,341.568,345.746,True,False,False,0.484,0.115,0,1.0,,,,,,,1.0,1.0,0.491,0.012
Soybean_cluster_0_yearly_False_window_3_lags_0_sinusoidal_yes_linear,False,3,linear_lags_0_sinusoidal_yes,0.453,0.015,343.547,348.769,True,False,False,0.491,-4.543,0,1.0,1.0,0.663,,,,,1.0,1.0,0.486,0.02
Soybean_cluster_0_yearly_False_window_3_lags_1_sinusoidal_yes_linear,False,3,linear_lags_1_sinusoidal_yes,0.54,0.004,321.788,326.767,True,True,False,0.642,-0.536,0,1.0,,,1.0,0.004,,,1.0,1.0,0.115,0.076
Soybean_cluster_0_yearly_False_window_3_lags_7_sinusoidal_yes_linear,False,3,linear_lags_7_sinusoidal_yes,0.58,0.367,222.619,225.814,True,True,False,1.119,0.203,0,1.0,,,,,1.0,0.814,1.0,1.0,0.275,0.022
Soybean_cluster_0_yearly_True_window_3_lags_none_sinusoidal_no_linear,True,3,linear_lags_none_sinusoidal_no,0.19,0.062,308.822,310.711,True,True,False,0.499,0.15,0,1.0,,,,,,,,,,
Soybean_cluster_0_yearly_True_window_3_lags_0_sinusoidal_no_linear,True,3,linear_lags_0_sinusoidal_no,0.223,0.201,310.051,312.884,True,True,False,0.61,-0.058,0,1.0,1.0,0.427,,,,,,,,
Soybean_cluster_0_yearly_True_window_3_lags_1_sinusoidal_no_linear,True,3,linear_lags_1_sinusoidal_no,0.232,0.101,291.294,293.965,True,True,False,0.733,-0.477,0,1.0,,,1.0,0.099,,,,,,
Soybean_cluster_0_yearly_True_window_3_lags_7_sinusoidal_no_linear,True,3,linear_lags_7_sinusoidal_no,0.15,0.725,194.142,195.597,True,True,False,1.22,-0.468,0,1.0,,,,,1.0,0.375,,,,
Soybean_cluster_0_yearly_True_window_3_lags_none_sinusoidal_yes_linear,True,3,linear_lags_none_sinusoidal_yes,0.47,0.007,304.79,308.568,True,False,False,0.707,0.307,0,1.0,,,,,,,1.0,1.0,0.16,0.026
Soybean_cluster_0_yearly_True_window_3_lags_0_sinusoidal_yes_linear,True,3,linear_lags_0_sinusoidal_yes,0.505,0.035,305.458,310.18,True,False,False,0.856,-0.238,0,1.0,1.0,0.616,,,,,1.0,1.0,0.144,0.03
Soybean_cluster_0_yearly_True_window_3_lags_1_sinusoidal_yes_linear,True,3,linear_lags_1_sinusoidal_yes,0.513,0.009,287.073,291.525,True,True,False,0.957,-2.76,0,1.0,,,1.0,0.022,,,1.0,1.0,0.022,0.205
Soybean_cluster_0_yearly_True_window_3_lags_7_sinusoidal_yes_linear,True,3,linear_lags_7_sinusoidal_yes,0.611,0.108,188.776,191.2,False,True,False,1.048,-3.732,0,1.0,,,,,1.0,0.221,1.0,1.0,0.527,0.031
Soybean_cluster_0_yearly_False_window_4_lags_none_sinusoidal_no_linear,False,4,linear_lags_none_sinusoidal_no,0.242,0.024,342.308,344.397,True,True,False,0.427,0.156,0,1.0,,,,,,,,,,
Soybean_cluster_0_yearly_False_window_4_lags_0_sinusoidal_no_linear,False,4,linear_lags_0_sinusoidal_no,0.259,0.087,343.823,346.956,True,True,False,0.494,0.108,0,1.0,1.0,0.525,,,,,,,,
Soybean_cluster_0_yearly_False_window_4_lags_1_sinusoidal_no_linear,False,4,linear_lags_1_sinusoidal_no,0.358,0.053,321.716,324.703,True,True,False,0.908,-0.345,0,1.0,,,1.0,0.015,,,,,,
Soybean_cluster_0_yearly_False_window_4_lags_7_sinusoidal_no_linear,False,4,linear_lags_7_sinusoidal_no,0.169,0.543,223.633,225.55,True,True,False,0.915,-0.629,0,1.0,,,,,1.0,0.206,,,,
Soybean_cluster_0_yearly_False_window_4_lags_none_sinusoidal_yes_linear,False,4,linear_lags_none_sinusoidal_yes,0.495,0.004,337.779,341.957,True,False,False,0.507,0.078,0,1.0,,,,,,,1.0,1.0,0.209,0.017
Soybean_cluster_0_yearly_False_window_4_lags_0_sinusoidal_yes_linear,False,4,linear_lags_0_sinusoidal_yes,0.495,0.013,339.778,345.0,True,False,False,0.507,0.074,0,1.0,1.0,0.764,,,,,1.0,1.0,0.205,0.025
Soybean_cluster_0_yearly_False_window_4_lags_1_sinusoidal_yes_linear,False,4,linear_lags_1_sinusoidal_yes,0.521,0.007,319.84,324.819,True,True,False,0.749,-1.054,0,1.0,,,1.0,0.006,,,1.0,1.0,0.052,0.285
Soybean_cluster_0_yearly_False_window_4_lags_7_sinusoidal_yes_linear,False,4,linear_lags_7_sinusoidal_yes,0.697,0.366,213.512,216.707,True,True,True,1.588,-0.04,0,1.0,,,,,1.0,0.83,1.0,1.0,0.754,0.005
Soybean_cluster_0_yearly_True_window_4_lags_none_sinusoidal_no_linear,True,4,linear_lags_none_sinusoidal_no,0.252,0.028,304.012,305.901,True,True,False,0.431,0.21,0,1.0,,,,,,,,,,
Soybean_cluster_0_yearly_True_window_4_lags_0_sinusoidal_no_linear,True,4,linear_lags_0_sinusoidal_no,0.269,0.1,305.588,308.421,True,True,False,0.478,-0.454,0,1.0,1.0,0.556,,,,,,,,
Soybean_cluster_0_yearly_True_window_4_lags_1_sinusoidal_no_linear,True,4,linear_lags_1_sinusoidal_no,0.38,0.095,283.194,285.865,True,True,False,0.946,0.239,0,1.0,,,1.0,0.014,,,,,,
Soybean_cluster_0_yearly_True_window_4_lags_7_sinusoidal_no_linear,True,4,linear_lags_7_sinusoidal_no,0.302,0.271,185.82,187.275,True,True,False,1.326,-0.484,0,1.0,,,,,1.0,0.089,,,,
Soybean_cluster_0_yearly_True_window_4_lags_none_sinusoidal_yes_linear,True,4,linear_lags_none_sinusoidal_yes,0.561,0.002,297.882,301.659,True,False,False,0.636,0.255,0,1.0,,,,,,,1.0,1.0,0.03,0.042
Soybean_cluster_0_yearly_True_window_4_lags_0_sinusoidal_yes_linear,True,4,linear_lags_0_sinusoidal_yes,0.569,0.006,299.542,304.264,True,False,False,0.691,-6.781,0,1.0,1.0,0.982,,,,,1.0,1.0,0.031,0.044
Soybean_cluster_0_yearly_True_window_4_lags_1_sinusoidal_yes_linear,True,4,linear_lags_1_sinusoidal_yes,0.583,0.01,280.026,284.478,True,True,False,1.041,-0.174,0,1.0,,,1.0,0.004,,,1.0,1.0,0.026,0.651
Soybean_cluster_0_yearly_True_window_4_lags_7_sinusoidal_yes_linear,True,4,linear_lags_7_sinusoidal_yes,0.802,0.272,174.704,177.128,True,True,True,1.574,0.192,0,1.0,,,,,1.0,0.691,1.0,1.0,0.36,0.011
Soybean_cluster_0_yearly_False_window_5_lags_none_sinusoidal_no_linear,False,5,linear_lags_none_sinusoidal_no,0.246,0.022,336.404,338.493,True,True,False,0.321,0.219,0,1.0,,,,,,,,,,
Soybean_cluster_0_yearly_False_window_5_lags_0_sinusoidal_no_linear,False,5,linear_lags_0_sinusoidal_no,0.246,0.069,338.403,341.536,True,True,False,0.321,-0.322,0,1.0,1.0,0.978,,,,,,,,
Soybean_cluster_0_yearly_False_window_5_lags_1_sinusoidal_no_linear,False,5,linear_lags_1_sinusoidal_no,0.389,0.065,314.814,317.801,True,True,False,0.558,-0.275,0,1.0,,,1.0,0.008,,,,,,
Soybean_cluster_0_yearly_False_window_5_lags_7_sinusoidal_no_linear,False,5,linear_lags_7_sinusoidal_no,0.12,0.537,215.926,217.844,True,True,False,0.704,0.039,0,1.0,,,,,1.0,0.278,,,,
Soybean_cluster_0_yearly_False_window_5_lags_none_sinusoidal_yes_linear,False,5,linear_lags_none_sinusoidal_yes,0.587,0.001,327.785,331.963,True,True,False,0.577,0.229,0,1.0,,,,,,,1.0,1.0,0.31,0.002
Soybean_cluster_0_yearly_False_window_5_lags_0_sinusoidal_yes_linear,False,5,linear_lags_0_sinusoidal_yes,0.609,0.001,328.597,333.82,True,True,False,0.689,0.151,0,1.0,1.0,0.291,,,,,1.0,1.0,0.338,0.002
Soybean_cluster_0_yearly_False_window_5_lags_1_sinusoidal_yes_linear,False,5,linear_lags_1_sinusoidal_yes,0.602,0.003,310.256,315.235,True,True,False,0.693,-0.406,0,1.0,,,1.0,0.001,,,1.0,1.0,0.024,0.067
Soybean_cluster_0_yearly_False_window_5_lags_7_sinusoidal_yes_linear,False,5,linear_lags_7_sinusoidal_yes,0.681,0.377,205.741,208.936,True,True,True,1.929,-0.943,0,1.0,,,,,1.0,0.858,1.0,1.0,0.121,0.022
Soybean_cluster_0_yearly_True_window_5_lags_none_sinusoidal_no_linear,True,5,linear_lags_none_sinusoidal_no,0.266,0.024,298.517,300.406,True,True,False,0.344,0.182,0,1.0,,,,,,,,,,
Soybean_cluster_0_yearly_True_window_5_lags_0_sinusoidal_no_linear,True,5,linear_lags_0_sinusoidal_no,0.358,0.009,297.97,300.804,True,False,False,0.426,0.107,0,1.0,1.0,0.149,,,,,,,,
Soybean_cluster_0_yearly_True_window_5_lags_1_sinusoidal_no_linear,True,5,linear_lags_1_sinusoidal_no,0.399,0.099,277.384,280.055,False,True,False,1.045,0.145,0,1.0,,,1.0,0.01,,,,,,
Soybean_cluster_0_yearly_True_window_5_lags_7_sinusoidal_no_linear,True,5,linear_lags_7_sinusoidal_no,0.233,0.277,178.058,179.512,True,True,False,1.367,-1.892,0,1.0,,,,,1.0,0.145,,,,
Soybean_cluster_0_yearly_True_window_5_lags_none_sinusoidal_yes_linear,True,5,linear_lags_none_sinusoidal_yes,0.66,0.0,287.915,291.693,True,True,False,0.704,0.461,0,1.0,,,,,,,1.0,1.0,0.02,0.004
Soybean_cluster_0_yearly_True_window_5_lags_0_sinusoidal_yes_linear,True,5,linear_lags_0_sinusoidal_yes,0.66,0.001,289.909,294.631,True,True,False,0.713,-0.002,0,1.0,1.0,0.255,,,,,1.0,1.0,0.049,0.007
Soybean_cluster_0_yearly_True_window_5_lags_1_sinusoidal_yes_linear,True,5,linear_lags_1_sinusoidal_yes,0.673,0.003,270.443,274.895,True,True,False,1.151,0.312,0,1.0,,,1.0,0.001,,,1.0,1.0,0.007,0.117
Soybean_cluster_0_yearly_True_window_5_lags_7_sinusoidal_yes_linear,True,5,linear_lags_7_sinusoidal_yes,0.786,0.874,166.729,169.153,True,True,True,1.915,-1.334,0,1.0,,,,,1.0,0.631,1.0,1.0,0.427,0.013
Soybean_cluster_0_yearly_False_window_6_lags_none_sinusoidal_no_linear,False,6,linear_lags_none_sinusoidal_no,0.375,0.003,331.162,333.251,True,True,False,0.286,0.277,0,1.0,,,,,,,,,,
Soybean_cluster_0_yearly_False_window_6_lags_0_sinusoidal_no_linear,False,6,linear_lags_0_sinusoidal_no,0.376,0.009,333.133,336.266,True,True,False,0.301,-0.738,0,1.0,1.0,0.876,,,,,,,,
Soybean_cluster_0_yearly_False_window_6_lags_1_sinusoidal_no_linear,False,6,linear_lags_1_sinusoidal_no,0.574,0.015,305.69,308.677,False,True,False,1.177,-0.039,0,1.0,,,1.0,0.0,,,,,,
Soybean_cluster_0_yearly_False_window_6_lags_7_sinusoidal_no_linear,False,6,linear_lags_7_sinusoidal_no,0.059,0.936,210.316,212.233,True,True,False,0.652,-0.479,0,1.0,,,,,1.0,0.598,,,,
Soybean_cluster_0_yearly_False_window_6_lags_none_sinusoidal_yes_linear,False,6,linear_lags_none_sinusoidal_yes,0.662,0.0,322.254,326.432,True,False,False,0.555,0.466,0,1.0,,,,,,,1.0,1.0,0.081,0.004
Soybean_cluster_0_yearly_False_window_6_lags_0_sinusoidal_yes_linear,False,6,linear_lags_0_sinusoidal_yes,0.684,0.0,322.866,328.088,True,False,False,0.585,0.38,0,1.0,1.0,0.654,,,,,1.0,1.0,0.06,0.003
Soybean_cluster_0_yearly_False_window_6_lags_1_sinusoidal_yes_linear,False,6,linear_lags_1_sinusoidal_yes,0.671,0.003,304.545,309.524,True,False,False,0.938,-0.037,0,1.0,,,1.0,0.0,,,1.0,1.0,0.075,0.164
Soybean_cluster_0_yearly_False_window_6_lags_7_sinusoidal_yes_linear,False,6,linear_lags_7_sinusoidal_yes,0.88,0.74,185.463,188.658,True,True,True,2.278,0.684,0,1.0,,,,,1.0,0.829,1.0,1.0,0.099,0.004
Soybean_cluster_0_yearly_True_window_6_lags_none_sinusoidal_no_linear,True,6,linear_lags_none_sinusoidal_no,0.438,0.002,293.106,294.995,True,False,False,0.363,0.309,0,1.0,,,,,,,,,,
Soybean_cluster_0_yearly_True_window_6_lags_0_sinusoidal_no_linear,True,6,linear_lags_0_sinusoidal_no,0.458,0.013,294.401,297.235,True,False,False,0.449,-1.218,0,1.0,1.0,0.448,,,,,,,,
Soybean_cluster_0_yearly_True_window_6_lags_1_sinusoidal_no_linear,True,6,linear_lags_1_sinusoidal_no,0.538,0.036,271.545,274.216,False,True,False,1.14,0.337,0,1.0,,,1.0,0.002,,,,,,
Soybean_cluster_0_yearly_True_window_6_lags_7_sinusoidal_no_linear,True,6,linear_lags_7_sinusoidal_no,0.144,0.253,169.132,170.586,True,True,False,1.443,-0.588,0,1.0,,,,,1.0,0.432,,,,
Soybean_cluster_0_yearly_True_window_6_lags_none_sinusoidal_yes_linear,True,6,linear_lags_none_sinusoidal_yes,0.767,0.0,280.338,284.116,True,True,False,0.822,0.562,0,1.0,,,,,,,1.0,1.0,0.001,0.032
Soybean_cluster_0_yearly_True_window_6_lags_0_sinusoidal_yes_linear,True,6,linear_lags_0_sinusoidal_yes,0.772,0.0,281.987,286.709,True,True,False,0.853,-0.305,0,1.0,1.0,0.773,,,,,1.0,1.0,0.002,0.034
Soybean_cluster_0_yearly_True_window_6_lags_1_sinusoidal_yes_linear,True,6,linear_lags_1_sinusoidal_yes,0.81,0.0,259.544,263.996,True,True,False,1.288,0.468,0,1.0,,,1.0,0.0,,,1.0,1.0,0.001,0.143
Soybean_cluster_0_yearly_True_window_6_lags_7_sinusoidal_yes_linear,True,6,linear_lags_7_sinusoidal_yes,0.623,0.362,163.291,165.715,True,True,True,1.594,-1.404,0,1.0,,,,,1.0,0.366,1.0,1.0,0.386,0.026
Soybean_cluster_0_yearly_False_window_7_lags_none_sinusoidal_no_linear,False,7,linear_lags_none_sinusoidal_no,0.422,0.001,326.392,328.481,True,True,False,0.285,0.236,0,1.0,,,,,,,,,,
Soybean_cluster_0_yearly_False_window_7_lags_0_sinusoidal_no_linear,False,7,linear_lags_0_sinusoidal_no,0.509,0.002,324.963,328.096,True,True,False,0.449,0.335,0,1.0,1.0,0.091,,,,,,,,
Soybean_cluster_0_yearly_False_window_7_lags_1_sinusoidal_no_linear,False,7,linear_lags_1_sinusoidal_no,0.571,0.007,302.161,305.148,False,True,False,1.074,-0.049,0,1.0,,,1.0,0.001,,,,,,
Soybean_cluster_0_yearly_False_window_7_lags_7_sinusoidal_no_linear,False,7,linear_lags_7_sinusoidal_no,0.121,0.275,205.136,207.053,True,True,False,0.978,-0.515,0,1.0,,,,,1.0,0.477,,,,
Soybean_cluster_0_yearly_False_window_7_lags_none_sinusoidal_yes_linear,False,7,linear_lags_none_sinusoidal_yes,0.732,0.0,314.293,318.471,True,True,False,0.652,0.615,0,1.0,,,,,,,1.0,1.0,0.188,0.001
Soybean_cluster_0_yearly_False_window_7_lags_0_sinusoidal_yes_linear,False,7,linear_lags_0_sinusoidal_yes,0.747,0.0,315.081,320.303,True,True,False,0.63,-1.866,0,1.0,1.0,0.056,,,,,1.0,1.0,0.213,0.002
Soybean_cluster_0_yearly_False_window_7_lags_1_sinusoidal_yes_linear,False,7,linear_lags_1_sinusoidal_yes,0.728,0.0,297.035,302.014,True,True,False,1.032,0.361,0,1.0,,,1.0,0.0,,,1.0,1.0,0.041,0.031
Soybean_cluster_0_yearly_False_window_7_lags_7_sinusoidal_yes_linear,False,7,linear_lags_7_sinusoidal_yes,0.741,0.279,192.017,195.213,False,True,True,2.036,0.585,0,1.0,,,,,1.0,0.415,1.0,1.0,0.098,0.031
Soybean_cluster_0_yearly_True_window_7_lags_none_sinusoidal_no_linear,True,7,linear_lags_none_sinusoidal_no,0.488,0.001,288.639,290.528,True,False,False,0.403,0.315,0,1.0,,,,,,,,,,
Soybean_cluster_0_yearly_True_window_7_lags_0_sinusoidal_no_linear,True,7,linear_lags_0_sinusoidal_no,0.538,0.002,288.678,291.511,True,True,False,0.54,-1.656,0,1.0,1.0,0.206,,,,,,,,
Soybean_cluster_0_yearly_True_window_7_lags_1_sinusoidal_no_linear,True,7,linear_lags_1_sinusoidal_no,0.565,0.005,267.173,269.844,True,True,False,0.775,0.189,0,1.0,,,1.0,0.003,,,,,,
Soybean_cluster_0_yearly_True_window_7_lags_none_sinusoidal_yes_linear,True,7,linear_lags_none_sinusoidal_yes,0.77,0.0,277.404,281.182,True,True,False,0.85,0.641,0,1.0,,,,,,,1.0,1.0,0.006,0.011
Soybean_cluster_0_yearly_True_window_7_lags_0_sinusoidal_yes_linear,True,7,linear_lags_0_sinusoidal_yes,0.783,0.0,278.306,283.029,True,True,False,0.858,0.016,0,1.0,1.0,0.131,,,,,1.0,1.0,0.008,0.023
Soybean_cluster_0_yearly_True_window_7_lags_1_sinusoidal_yes_linear,True,7,linear_lags_1_sinusoidal_yes,0.832,0.0,254.035,258.487,True,True,False,1.415,0.527,0,1.0,,,1.0,0.0,,,1.0,1.0,0.002,0.014
Soybean_cluster_0_yearly_False_window_8_lags_none_sinusoidal_no_linear,False,8,linear_lags_none_sinusoidal_no,0.557,0.0,321.262,323.351,True,True,False,0.293,0.264,0,1.0,,,,,,,,,,
Soybean_cluster_0_yearly_False_window_8_lags_0_sinusoidal_no_linear,False,8,linear_lags_0_sinusoidal_no,0.572,0.0,322.554,325.687,True,True,False,0.339,0.264,0,1.0,1.0,0.442,,,,,,,,
Soybean_cluster_0_yearly_False_window_8_lags_1_sinusoidal_no_linear,False,8,linear_lags_1_sinusoidal_no,0.655,0.001,297.905,300.892,True,True,False,0.718,0.107,0,1.0,,,1.0,0.0,,,,,,
Soybean_cluster_0_yearly_False_window_8_lags_none_sinusoidal_yes_linear,False,8,linear_lags_none_sinusoidal_yes,0.753,0.0,312.988,317.166,True,True,False,0.646,0.605,0,1.0,,,,,,,1.0,1.0,0.086,0.005
Soybean_cluster_0_yearly_False_window_8_lags_0_sinusoidal_yes_linear,False,8,linear_lags_0_sinusoidal_yes,0.755,0.0,314.825,320.048,True,True,False,0.677,0.588,0,1.0,1.0,0.321,,,,,1.0,1.0,0.085,0.009
Soybean_cluster_0_yearly_False_window_8_lags_1_sinusoidal_yes_linear,False,8,linear_lags_1_sinusoidal_yes,0.804,0.0,290.518,295.497,True,True,False,0.729,0.038,0,1.0,,,1.0,0.0,,,1.0,1.0,0.018,0.026
Soybean_cluster_0_yearly_True_window_8_lags_none_sinusoidal_no_linear,True,8,linear_lags_none_sinusoidal_no,0.724,0.0,277.185,279.074,True,True,False,0.721,0.591,0,1.0,,,,,,,,,,
Soybean_cluster_0_yearly_True_window_8_lags_0_sinusoidal_no_linear,True,8,linear_lags_0_sinusoidal_no,0.759,0.0,276.559,279.392,True,True,False,0.959,0.57,0,1.0,1.0,0.143,,,,,,,,
Soybean_cluster_0_yearly_True_window_8_lags_1_sinusoidal_no_linear,True,8,linear_lags_1_sinusoidal_no,0.669,0.0,262.43,265.101,True,True,False,0.877,-0.057,0,1.0,,,1.0,0.004,,,,,,
Soybean_cluster_0_yearly_True_window_8_lags_none_sinusoidal_yes_linear,True,8,linear_lags_none_sinusoidal_yes,0.857,0.0,268.694,272.472,True,True,False,1.255,0.789,0,1.0,,,,,,,1.0,1.0,0.007,0.061
Soybean_cluster_0_yearly_True_window_8_lags_0_sinusoidal_yes_linear,True,8,linear_lags_0_sinusoidal_yes,0.879,0.0,267.534,272.256,True,True,False,1.497,-3.462,0,1.0,1.0,0.065,,,,,1.0,1.0,0.004,0.151
Soybean_cluster_0_yearly_True_window_8_lags_1_sinusoidal_yes_linear,True,8,linear_lags_1_sinusoidal_yes,0.869,0.0,249.728,254.18,True,True,True,1.73,-0.927,0,1.0,,,1.0,0.0,,,1.0,1.0,0.003,0.022
Soybean_cluster_0_yearly_False_window_9_lags_none_sinusoidal_no_linear,False,9,linear_lags_none_sinusoidal_no,0.613,0.0,315.884,317.974,False,True,False,0.265,0.414,0,1.0,,,,,,,,,,
Soybean_cluster_0_yearly_False_window_9_lags_0_sinusoidal_no_linear,False,9,linear_lags_0_sinusoidal_no,0.686,0.0,313.486,316.62,False,True,False,0.317,0.559,0,1.0,1.0,0.055,,,,,,,,
Soybean_cluster_0_yearly_False_window_9_lags_1_sinusoidal_no_linear,False,9,linear_lags_1_sinusoidal_no,0.63,0.0,295.787,298.774,True,True,False,0.694,0.356,0,1.0,,,1.0,0.007,,,,,,
Soybean_cluster_0_yearly_False_window_9_lags_none_sinusoidal_yes_linear,False,9,linear_lags_none_sinusoidal_yes,0.721,0.0,312.986,317.164,False,True,False,0.51,0.603,0,1.0,,,,,,,1.0,1.0,0.51,0.024
Soybean_cluster_0_yearly_False_window_9_lags_0_sinusoidal_yes_linear,False,9,linear_lags_0_sinusoidal_yes,0.759,0.0,311.919,317.142,False,True,False,0.412,0.358,0,1.0,1.0,0.046,,,,,1.0,1.0,0.491,0.053
Soybean_cluster_0_yearly_False_window_9_lags_1_sinusoidal_yes_linear,False,9,linear_lags_1_sinusoidal_yes,0.759,0.0,291.181,296.16,True,True,False,0.814,0.45,0,1.0,,,1.0,0.002,,,1.0,1.0,0.207,0.022
Soybean_cluster_0_yearly_True_window_9_lags_none_sinusoidal_no_linear,True,9,linear_lags_none_sinusoidal_no,0.799,0.0,268.164,270.053,True,True,False,0.772,0.747,0,1.0,,,,,,,,,,
Soybean_cluster_0_yearly_True_window_9_lags_0_sinusoidal_no_linear,True,9,linear_lags_0_sinusoidal_no,0.802,0.0,269.905,272.738,True,True,False,0.781,0.726,0,1.0,1.0,0.645,,,,,,,,
Soybean_cluster_0_yearly_True_window_9_lags_1_sinusoidal_no_linear,True,9,linear_lags_1_sinusoidal_no,0.807,0.0,248.53,251.201,True,True,False,0.927,0.741,0,1.0,,,1.0,0.003,,,,,,
Soybean_cluster_0_yearly_True_window_9_lags_none_sinusoidal_yes_linear,True,9,linear_lags_none_sinusoidal_yes,0.85,0.0,266.699,270.477,True,True,False,1.076,0.805,0,1.0,,,,,,,1.0,1.0,0.095,0.19
Soybean_cluster_0_yearly_True_window_9_lags_0_sinusoidal_yes_linear,True,9,linear_lags_0_sinusoidal_yes,0.853,0.0,268.292,273.014,True,True,False,1.098,0.802,0,1.0,1.0,0.579,,,,,1.0,1.0,0.086,0.252
Soybean_cluster_0_yearly_True_window_9_lags_1_sinusoidal_yes_linear,True,9,linear_lags_1_sinusoidal_yes,0.896,0.0,241.376,245.828,True,True,False,1.465,0.768,0,1.0,,,1.0,0.001,,,1.0,1.0,0.03,0.038
Soybean_cluster_0_yearly_False_window_10_lags_none_sinusoidal_no_linear,False,10,linear_lags_none_sinusoidal_no,0.768,0.0,305.291,307.38,True,True,False,0.537,0.671,0,1.0,,,,,,,,,,
Soybean_cluster_0_yearly_False_window_10_lags_0_sinusoidal_no_linear,False,10,linear_lags_0_sinusoidal_no,0.81,0.0,303.083,306.216,False,True,False,0.691,0.699,0,1.0,1.0,0.061,,,,,,,,
Soybean_cluster_0_yearly_False_window_10_lags_1_sinusoidal_no_linear,False,10,linear_lags_1_sinusoidal_no,0.811,0.0,282.605,285.592,True,True,False,0.981,0.781,0,1.0,,,1.0,0.001,,,,,,
Soybean_cluster_0_yearly_False_window_10_lags_none_sinusoidal_yes_linear,False,10,linear_lags_none_sinusoidal_yes,0.814,0.0,304.675,308.853,True,True,False,0.736,0.65,0,1.0,,,,,,,1.0,1.0,0.815,0.058
Soybean_cluster_0_yearly_False_window_10_lags_0_sinusoidal_yes_linear,False,10,linear_lags_0_sinusoidal_yes,0.841,0.0,303.383,308.605,False,True,False,0.77,-2.261,0,1.0,1.0,0.04,,,,,1.0,1.0,0.801,0.161
Soybean_cluster_0_yearly_False_window_10_lags_1_sinusoidal_yes_linear,False,10,linear_lags_1_sinusoidal_yes,0.882,0.0,277.212,282.191,True,True,False,1.267,0.786,0,1.0,,,1.0,0.0,,,1.0,1.0,0.265,0.014
