analysis_name,yearly_aggregate,window_size,config_type,r_squared,p_value,aic,bic,is_normal,is_homoscedastic,no_autocorrelation,durbin_watson,cv_r2_score,cv_r2_std,vif_PPT,vif_segment,p_value_segment,breakpoint,vif_ortho_PPT_lag0,p_value_lag0,vif_ortho_PPT_lag1,p_value_lag1,vif_ortho_sin_cycle,vif_ortho_cos_cycle,p_value_sin,p_value_cos
Soybean_cluster_2_yearly_False_window_1_lags_none_sinusoidal_no_piecewise,False,1,piecewise_lags_none_sinusoidal_no,0.242,0.268,274.755,276.879,True,True,True,2.155,-4224.182,0,2.14,2.14,0.18,959.2226379797979,,,,,,,,
Soybean_cluster_2_yearly_False_window_1_lags_0_sinusoidal_no_piecewise,False,1,piecewise_lags_0_sinusoidal_no,0.264,0.255,276.315,279.147,True,True,True,2.112,-3930.593,0,2.14,2.14,0.175,959.2226379797979,1.0,0.579,,,,,,
Soybean_cluster_2_yearly_False_window_1_lags_1_sinusoidal_no_piecewise,False,1,piecewise_lags_1_sinusoidal_no,0.249,0.327,259.468,262.024,True,True,True,2.093,-1.024,0,3.318,4.506,0.215,959.9958257575759,,,2.188,0.996,,,,
Soybean_cluster_2_yearly_False_window_1_lags_none_sinusoidal_yes_piecewise,False,1,piecewise_lags_none_sinusoidal_yes,0.26,0.362,278.394,281.935,True,True,True,2.193,-4223.067,0,2.334,2.504,0.251,959.2226379797979,,,,,1.001,1.169,0.806,0.699
Soybean_cluster_2_yearly_False_window_1_lags_0_sinusoidal_yes_piecewise,False,1,piecewise_lags_0_sinusoidal_yes,0.304,0.335,279.479,283.728,True,True,True,2.122,-3951.048,0,2.356,2.546,0.23,959.2226379797979,1.0,0.61,,,1.001,1.189,0.745,0.559
Soybean_cluster_2_yearly_False_window_1_lags_1_sinusoidal_yes_piecewise,False,1,piecewise_lags_1_sinusoidal_yes,0.307,0.53,262.344,266.179,True,True,True,2.131,-3.448,0,4.385,6.579,0.314,959.9958257575759,,,2.735,0.711,1.033,1.427,0.756,0.485
Soybean_cluster_2_yearly_True_window_1_lags_none_sinusoidal_no_piecewise,True,1,piecewise_lags_none_sinusoidal_no,0.278,0.228,232.447,234.142,True,False,True,1.573,-1870.918,0,2.185,2.185,0.134,967.6296611111111,,,,,,,,
Soybean_cluster_2_yearly_True_window_1_lags_0_sinusoidal_no_piecewise,True,1,piecewise_lags_0_sinusoidal_no,0.294,0.223,234.15,236.41,True,False,False,1.498,-1686.141,0,2.192,2.199,0.137,967.6296611111111,1.006,0.659,,,,,,
Soybean_cluster_2_yearly_True_window_1_lags_1_sinusoidal_no_piecewise,True,1,piecewise_lags_1_sinusoidal_no,0.398,0.125,215.582,217.522,False,True,False,1.262,-1.877,0,3.747,5.275,0.109,968.3367698484849,,,2.528,0.283,,,,
Soybean_cluster_2_yearly_True_window_1_lags_none_sinusoidal_yes_piecewise,True,1,piecewise_lags_none_sinusoidal_yes,0.312,0.265,235.814,238.638,True,True,True,1.728,-2266.669,0,2.446,2.667,0.158,967.6296611111111,,,,,1.0,1.22,0.609,0.78
Soybean_cluster_2_yearly_True_window_1_lags_0_sinusoidal_yes_piecewise,True,1,piecewise_lags_0_sinusoidal_yes,0.356,0.238,236.964,240.353,True,True,True,1.64,-2409.681,0,2.552,2.863,0.145,967.6296611111111,1.008,0.639,,,1.0,1.302,0.562,0.624
Soybean_cluster_2_yearly_True_window_1_lags_1_sinusoidal_yes_piecewise,True,1,piecewise_lags_1_sinusoidal_yes,0.457,0.169,218.339,221.248,False,True,False,1.452,-29.092,0,5.159,7.986,0.121,968.3367698484849,,,3.314,0.403,1.003,1.511,0.457,0.987
Soybean_cluster_2_yearly_False_window_2_lags_none_sinusoidal_no_piecewise,False,2,piecewise_lags_none_sinusoidal_no,0.516,0.007,255.007,257.131,True,True,True,1.569,-161.55,0,2.719,2.719,0.005,967.86588,,,,,,,,
Soybean_cluster_2_yearly_False_window_2_lags_0_sinusoidal_no_piecewise,False,2,piecewise_lags_0_sinusoidal_no,0.58,0.006,254.887,257.719,True,True,True,1.719,-128.352,0,2.72,2.721,0.004,967.86588,1.001,0.223,,,,,,
Soybean_cluster_2_yearly_False_window_2_lags_1_sinusoidal_no_piecewise,False,2,piecewise_lags_1_sinusoidal_no,0.742,0.001,234.505,237.061,True,True,True,2.312,0.462,0,3.496,4.222,0.001,968.0041536363636,,,1.727,0.054,,,,
Soybean_cluster_2_yearly_False_window_2_lags_none_sinusoidal_yes_piecewise,False,2,piecewise_lags_none_sinusoidal_yes,0.524,0.024,258.741,262.282,True,True,True,1.575,-531.887,0,3.458,3.888,0.017,967.86588,,,,,1.003,1.427,0.77,0.77
Soybean_cluster_2_yearly_False_window_2_lags_0_sinusoidal_yes_piecewise,False,2,piecewise_lags_0_sinusoidal_yes,0.611,0.026,257.722,261.97,True,True,True,1.632,-617.085,0,3.628,4.157,0.017,967.86588,1.001,0.256,,,1.004,1.524,0.911,0.42
Soybean_cluster_2_yearly_False_window_2_lags_1_sinusoidal_yes_piecewise,False,2,piecewise_lags_1_sinusoidal_yes,0.764,0.007,237.273,241.107,True,True,True,2.313,0.195,0,4.639,6.157,0.003,968.0041536363636,,,2.06,0.061,1.0,1.458,0.705,0.456
Soybean_cluster_2_yearly_True_window_2_lags_none_sinusoidal_no_piecewise,True,2,piecewise_lags_none_sinusoidal_no,0.524,0.008,213.937,215.632,False,True,False,1.222,-0.124,0,3.274,3.274,0.01,978.3194327272729,,,,,,,,
Soybean_cluster_2_yearly_True_window_2_lags_0_sinusoidal_no_piecewise,True,2,piecewise_lags_0_sinusoidal_no,0.594,0.006,213.89,216.149,False,True,False,1.202,-1.145,0,3.315,3.334,0.008,978.3194327272729,1.018,0.247,,,,,,
Soybean_cluster_2_yearly_True_window_2_lags_1_sinusoidal_no_piecewise,True,2,piecewise_lags_1_sinusoidal_no,0.739,0.002,197.412,199.352,True,True,True,2.381,0.062,0,5.184,6.312,0.001,973.6021237373739,,,2.128,0.238,,,,
Soybean_cluster_2_yearly_True_window_2_lags_none_sinusoidal_yes_piecewise,True,2,piecewise_lags_none_sinusoidal_yes,0.526,0.022,217.892,220.717,False,True,False,1.223,-0.284,0,4.74,5.384,0.022,978.3194327272729,,,,,1.037,1.608,0.946,0.878
Soybean_cluster_2_yearly_True_window_2_lags_0_sinusoidal_yes_piecewise,True,2,piecewise_lags_0_sinusoidal_yes,0.678,0.014,214.858,218.248,True,True,False,1.335,-12.183,0,5.514,6.5,0.01,978.3194327272729,1.003,0.212,,,1.042,1.941,0.969,0.273
Soybean_cluster_2_yearly_True_window_2_lags_1_sinusoidal_yes_piecewise,True,2,piecewise_lags_1_sinusoidal_yes,0.763,0.007,200.291,203.201,True,True,True,2.455,-3.623,0,7.358,9.592,0.005,973.6021237373739,,,2.714,0.218,1.099,1.421,0.65,0.529
Soybean_cluster_2_yearly_False_window_3_lags_none_sinusoidal_no_piecewise,False,3,piecewise_lags_none_sinusoidal_no,0.14,0.45,255.301,257.425,True,True,True,1.662,-3822.117,0,1.169,1.169,0.191,1031.8715772606058,,,,,,,,
Soybean_cluster_2_yearly_False_window_3_lags_0_sinusoidal_no_piecewise,False,3,piecewise_lags_0_sinusoidal_no,0.151,0.459,257.107,259.94,True,True,True,1.62,-4066.309,0,1.173,1.199,0.222,1031.8715772606058,1.025,0.713,,,,,,
Soybean_cluster_2_yearly_False_window_3_lags_1_sinusoidal_no_piecewise,False,3,piecewise_lags_1_sinusoidal_no,0.372,0.713,236.559,239.115,True,True,False,0.917,-0.161,0,1.189,1.203,0.2,1031.774775862626,,,1.014,0.133,,,,
Soybean_cluster_2_yearly_False_window_3_lags_none_sinusoidal_yes_piecewise,False,3,piecewise_lags_none_sinusoidal_yes,0.266,0.937,256.924,260.465,True,True,True,1.55,-57.875,0,1.206,1.426,0.257,1031.8715772606058,,,,,1.0,1.22,0.637,0.23
Soybean_cluster_2_yearly_False_window_3_lags_0_sinusoidal_yes_piecewise,False,3,piecewise_lags_0_sinusoidal_yes,0.267,0.972,258.895,263.143,True,True,True,1.55,-362472.758,0,1.223,1.541,0.283,1031.8715772606058,1.033,0.822,,,1.001,1.284,0.662,0.268
Soybean_cluster_2_yearly_False_window_3_lags_1_sinusoidal_yes_piecewise,False,3,piecewise_lags_1_sinusoidal_yes,0.38,0.959,240.377,244.211,False,True,False,0.907,-10.095,0,1.247,1.571,0.354,1031.774775862626,,,1.018,0.204,1.0,1.306,0.896,0.756
Soybean_cluster_2_yearly_True_window_3_lags_none_sinusoidal_no_piecewise,True,3,piecewise_lags_none_sinusoidal_no,0.47,0.021,213.13,214.825,False,True,True,1.937,-377.831,0,1.181,1.181,0.023,1016.2528246548821,,,,,,,,
Soybean_cluster_2_yearly_True_window_3_lags_0_sinusoidal_no_piecewise,True,3,piecewise_lags_0_sinusoidal_no,0.525,0.021,213.704,215.964,True,True,True,1.908,-742.238,0,1.185,1.202,0.021,1016.2528246548821,1.017,0.334,,,,,,
Soybean_cluster_2_yearly_True_window_3_lags_1_sinusoidal_no_piecewise,True,3,piecewise_lags_1_sinusoidal_no,0.575,0.03,197.181,199.121,False,True,True,2.402,-1.98,0,1.224,1.349,0.021,1016.2537806060607,,,1.125,0.561,,,,
Soybean_cluster_2_yearly_True_window_3_lags_none_sinusoidal_yes_piecewise,True,3,piecewise_lags_none_sinusoidal_yes,0.586,0.088,213.911,216.736,True,True,True,1.754,-2.383,0,1.24,1.561,0.02,1016.2528246548821,,,,,1.001,1.321,0.593,0.191
Soybean_cluster_2_yearly_True_window_3_lags_0_sinusoidal_yes_piecewise,True,3,piecewise_lags_0_sinusoidal_yes,0.587,0.124,215.886,219.276,True,True,True,1.76,-1637.018,0,1.25,1.627,0.031,1016.2528246548821,1.023,0.338,,,1.0,1.353,0.662,0.37
Soybean_cluster_2_yearly_True_window_3_lags_1_sinusoidal_yes_piecewise,True,3,piecewise_lags_1_sinusoidal_yes,0.579,0.166,201.055,203.964,False,True,True,2.222,-1.202,0,1.327,1.97,0.048,1016.2537806060607,,,1.182,0.582,1.001,1.46,0.947,0.813
Soybean_cluster_2_yearly_False_window_4_lags_none_sinusoidal_no_piecewise,False,4,piecewise_lags_none_sinusoidal_no,0.219,0.133,248.242,250.366,True,True,False,0.98,-0.423,0,2.022,2.022,0.157,982.1275,,,,,,,,
Soybean_cluster_2_yearly_False_window_4_lags_0_sinusoidal_no_piecewise,False,4,piecewise_lags_0_sinusoidal_no,0.511,0.205,243.21,246.043,True,True,False,1.117,-0.158,0,2.069,2.115,0.269,982.1275,1.046,0.026,,,,,,
Soybean_cluster_2_yearly_False_window_4_lags_1_sinusoidal_no_piecewise,False,4,piecewise_lags_1_sinusoidal_no,0.529,0.068,229.597,232.153,True,True,False,1.106,-15.608,0,2.192,2.478,0.088,982.65062729899,,,1.286,0.021,,,,
Soybean_cluster_2_yearly_False_window_4_lags_none_sinusoidal_yes_piecewise,False,4,piecewise_lags_none_sinusoidal_yes,0.673,0.009,239.172,242.713,True,True,False,0.661,-6.81,0,2.251,2.474,0.015,982.1275,,,,,1.05,1.173,0.026,0.014
Soybean_cluster_2_yearly_False_window_4_lags_0_sinusoidal_yes_piecewise,False,4,piecewise_lags_0_sinusoidal_yes,0.702,0.035,239.76,244.008,True,True,False,0.897,-8.047,0,2.251,2.475,0.053,982.1275,1.054,0.017,,,1.023,1.147,0.156,0.069
Soybean_cluster_2_yearly_False_window_4_lags_1_sinusoidal_yes_piecewise,False,4,piecewise_lags_1_sinusoidal_yes,0.578,0.077,232.073,235.907,True,True,False,0.804,-44.96,0,2.414,2.94,0.095,982.65062729899,,,1.339,0.032,1.005,1.181,0.37,0.85
Soybean_cluster_2_yearly_True_window_4_lags_none_sinusoidal_no_piecewise,True,4,piecewise_lags_none_sinusoidal_no,0.262,0.095,212.832,214.527,True,True,False,1.172,-0.331,0,2.039,2.039,0.102,992.8835082696971,,,,,,,,
Soybean_cluster_2_yearly_True_window_4_lags_0_sinusoidal_no_piecewise,True,4,piecewise_lags_0_sinusoidal_no,0.335,0.177,213.473,215.733,True,True,False,1.146,-3.573,0,2.098,2.155,0.195,992.8835082696971,1.057,0.345,,,,,,
Soybean_cluster_2_yearly_True_window_4_lags_1_sinusoidal_no_piecewise,True,4,piecewise_lags_1_sinusoidal_no,0.256,0.164,200.417,202.357,True,True,False,0.848,-1.424,0,1.591,2.04,0.182,1008.0821490555556,,,1.449,0.976,,,,
Soybean_cluster_2_yearly_True_window_4_lags_none_sinusoidal_yes_piecewise,True,4,piecewise_lags_none_sinusoidal_yes,0.307,0.176,216.011,218.835,True,True,False,0.975,-13.406,0,2.164,2.285,0.18,992.8835082696971,,,,,1.018,1.102,0.764,0.535
Soybean_cluster_2_yearly_True_window_4_lags_0_sinusoidal_yes_piecewise,True,4,piecewise_lags_0_sinusoidal_yes,0.322,0.22,217.716,221.106,True,True,False,1.044,-45.74,0,2.47,2.886,0.233,992.8835082696971,1.13,0.554,,,1.013,1.273,0.802,0.741
Soybean_cluster_2_yearly_True_window_4_lags_1_sinusoidal_yes_piecewise,True,4,piecewise_lags_1_sinusoidal_yes,0.259,0.27,204.356,207.265,True,True,False,0.853,-3.088,0,1.709,2.447,0.299,1008.0821490555556,,,1.538,0.987,1.086,1.114,0.867,0.993
Soybean_cluster_2_yearly_False_window_5_lags_none_sinusoidal_no_piecewise,False,5,piecewise_lags_none_sinusoidal_no,0.439,0.027,241.2,243.324,True,True,False,1.078,0.384,0,1.651,1.651,0.042,982.7291053737374,,,,,,,,
Soybean_cluster_2_yearly_False_window_5_lags_0_sinusoidal_no_piecewise,False,5,piecewise_lags_0_sinusoidal_no,0.476,0.035,242.171,245.003,True,True,False,0.899,-20.652,0,1.696,1.765,0.049,982.7291053737374,1.069,0.396,,,,,,
Soybean_cluster_2_yearly_False_window_5_lags_1_sinusoidal_no_piecewise,False,5,piecewise_lags_1_sinusoidal_no,0.41,0.042,230.768,233.324,True,True,False,1.431,-883416.568,0,1.717,2.005,0.051,982.6301821818182,,,1.288,0.177,,,,
Soybean_cluster_2_yearly_False_window_5_lags_none_sinusoidal_yes_piecewise,False,5,piecewise_lags_none_sinusoidal_yes,0.458,0.04,244.685,248.226,True,True,False,1.299,-2.56,0,1.838,2.124,0.054,982.7291053737374,,,,,1.175,1.112,0.573,0.834
Soybean_cluster_2_yearly_False_window_5_lags_0_sinusoidal_yes_piecewise,False,5,piecewise_lags_0_sinusoidal_yes,0.507,0.042,245.258,249.506,True,True,False,1.163,-14.041,0,1.85,2.156,0.056,982.7291053737374,1.084,0.506,,,1.146,1.075,0.531,0.644
Soybean_cluster_2_yearly_False_window_5_lags_1_sinusoidal_yes_piecewise,False,5,piecewise_lags_1_sinusoidal_yes,0.43,0.092,234.288,238.122,True,True,False,1.37,-852897.674,0,1.772,2.158,0.101,982.6301821818182,,,1.31,0.237,1.039,1.038,0.808,0.677
Soybean_cluster_2_yearly_True_window_5_lags_none_sinusoidal_no_piecewise,True,5,piecewise_lags_none_sinusoidal_no,0.143,0.375,210.875,212.569,True,True,False,0.535,-0.562,0,1.474,1.474,0.235,1008.5922487555556,,,,,,,,
Soybean_cluster_2_yearly_True_window_5_lags_0_sinusoidal_no_piecewise,True,5,piecewise_lags_0_sinusoidal_no,0.237,0.194,211.368,213.628,True,True,False,0.906,-3.991,0,1.496,1.541,0.134,1008.5922487555556,1.045,0.32,,,,,,
Soybean_cluster_2_yearly_True_window_5_lags_1_sinusoidal_no_piecewise,True,5,piecewise_lags_1_sinusoidal_no,0.329,0.563,196.214,198.153,True,True,False,0.95,-0.24,0,2.116,3.011,0.145,1007.4647362026263,,,1.894,0.199,,,,
Soybean_cluster_2_yearly_True_window_5_lags_none_sinusoidal_yes_piecewise,True,5,piecewise_lags_none_sinusoidal_yes,0.147,0.444,214.816,217.641,True,True,False,0.543,-1.922,0,1.503,1.565,0.29,1008.5922487555556,,,,,1.011,1.051,0.99,0.855
Soybean_cluster_2_yearly_True_window_5_lags_0_sinusoidal_yes_piecewise,True,5,piecewise_lags_0_sinusoidal_yes,0.242,0.258,215.283,218.672,True,True,False,0.945,-26.147,0,1.524,1.628,0.187,1008.5922487555556,1.048,0.39,,,1.015,1.042,0.91,0.865
Soybean_cluster_2_yearly_True_window_5_lags_1_sinusoidal_yes_piecewise,True,5,piecewise_lags_1_sinusoidal_yes,0.364,0.604,199.569,202.479,True,True,False,1.069,-12.817,0,2.206,3.253,0.185,1007.4647362026263,,,1.966,0.236,1.053,1.027,0.814,0.616
Soybean_cluster_2_yearly_False_window_6_lags_none_sinusoidal_no_piecewise,False,6,piecewise_lags_none_sinusoidal_no,0.596,0.005,234.503,236.628,True,True,False,1.408,0.172,0,1.93,1.93,0.025,993.3806754545454,,,,,,,,
Soybean_cluster_2_yearly_False_window_6_lags_0_sinusoidal_no_piecewise,False,6,piecewise_lags_0_sinusoidal_no,0.602,0.008,236.283,239.115,True,True,False,1.45,0.176,0,1.951,1.973,0.03,993.3806754545454,1.022,0.694,,,,,,
Soybean_cluster_2_yearly_False_window_6_lags_1_sinusoidal_no_piecewise,False,6,piecewise_lags_1_sinusoidal_no,0.623,0.003,223.624,226.181,True,True,False,1.211,0.576,0,1.462,1.944,0.009,1008.4778083636363,,,1.482,0.106,,,,
Soybean_cluster_2_yearly_False_window_6_lags_none_sinusoidal_yes_piecewise,False,6,piecewise_lags_none_sinusoidal_yes,0.681,0.006,234.966,238.507,True,True,False,1.243,-1.407,0,2.09,2.262,0.022,993.3806754545454,,,,,1.171,1.001,0.335,0.239
Soybean_cluster_2_yearly_False_window_6_lags_0_sinusoidal_yes_piecewise,False,6,piecewise_lags_0_sinusoidal_yes,0.693,0.007,236.404,240.652,True,True,False,1.247,-2.097,0,2.185,2.46,0.026,993.3806754545454,1.028,0.636,,,1.234,1.013,0.398,0.216
Soybean_cluster_2_yearly_False_window_6_lags_1_sinusoidal_yes_piecewise,False,6,piecewise_lags_1_sinusoidal_yes,0.778,0.001,220.213,224.047,True,True,True,1.626,-2.58,0,1.618,2.602,0.004,1008.4778083636363,,,1.645,0.114,1.327,1.011,0.367,0.056
Soybean_cluster_2_yearly_True_window_6_lags_none_sinusoidal_no_piecewise,True,6,piecewise_lags_none_sinusoidal_no,0.13,0.268,207.122,208.817,True,True,False,0.513,-0.948,0,2.163,2.163,0.252,1001.9555171636364,,,,,,,,
Soybean_cluster_2_yearly_True_window_6_lags_0_sinusoidal_no_piecewise,True,6,piecewise_lags_0_sinusoidal_no,0.273,0.195,206.782,209.042,True,True,False,0.826,-8.385,0,2.166,2.169,0.191,1001.9555171636364,1.002,0.215,,,,,,
Soybean_cluster_2_yearly_True_window_6_lags_1_sinusoidal_no_piecewise,True,6,piecewise_lags_1_sinusoidal_no,0.319,0.582,193.007,194.947,True,True,False,0.836,-4.327,0,2.592,3.039,0.281,1001.9501797709092,,,1.447,0.215,,,,
Soybean_cluster_2_yearly_True_window_6_lags_none_sinusoidal_yes_piecewise,True,6,piecewise_lags_none_sinusoidal_yes,0.144,0.354,210.915,213.74,True,True,False,0.495,-3.894,0,2.226,2.28,0.351,1001.9555171636364,,,,,1.035,1.019,0.937,0.74
Soybean_cluster_2_yearly_True_window_6_lags_0_sinusoidal_yes_piecewise,True,6,piecewise_lags_0_sinusoidal_yes,0.377,0.154,208.788,212.178,True,True,False,0.866,-10.616,0,2.231,2.288,0.162,1001.9555171636364,1.003,0.219,,,1.033,1.023,0.686,0.333
Soybean_cluster_2_yearly_True_window_6_lags_1_sinusoidal_yes_piecewise,True,6,piecewise_lags_1_sinusoidal_yes,0.449,0.342,194.464,197.374,True,True,False,1.176,-8.032,0,3.477,4.727,0.161,1001.9501797709092,,,1.695,0.219,1.555,1.001,0.36,0.475
Soybean_cluster_2_yearly_False_window_7_lags_none_sinusoidal_no_piecewise,False,7,piecewise_lags_none_sinusoidal_no,0.574,0.014,234.661,236.785,True,True,False,0.859,0.484,0,1.814,1.814,0.027,982.2268165979799,,,,,,,,
Soybean_cluster_2_yearly_False_window_7_lags_0_sinusoidal_no_piecewise,False,7,piecewise_lags_0_sinusoidal_no,0.679,0.014,232.386,235.218,True,True,False,1.369,0.42,0,1.816,1.817,0.028,982.2268165979799,1.002,0.083,,,,,,
Soybean_cluster_2_yearly_False_window_7_lags_1_sinusoidal_no_piecewise,False,7,piecewise_lags_1_sinusoidal_no,0.567,0.021,222.038,224.594,True,True,False,0.975,-0.183,0,1.981,2.501,0.039,982.4945003636363,,,1.52,0.516,,,,
Soybean_cluster_2_yearly_False_window_7_lags_none_sinusoidal_yes_piecewise,False,7,piecewise_lags_none_sinusoidal_yes,0.636,0.012,236.285,239.825,True,True,False,1.16,-0.246,0,1.857,1.909,0.019,982.2268165979799,,,,,1.017,1.036,0.397,0.286
Soybean_cluster_2_yearly_False_window_7_lags_0_sinusoidal_yes_piecewise,False,7,piecewise_lags_0_sinusoidal_yes,0.698,0.031,235.509,239.757,True,True,False,1.316,-6.381,0,1.857,1.91,0.049,982.2268165979799,1.002,0.122,,,1.015,1.036,0.73,0.494
Soybean_cluster_2_yearly_False_window_7_lags_1_sinusoidal_yes_piecewise,False,7,piecewise_lags_1_sinusoidal_yes,0.597,0.08,225.036,228.87,True,True,False,0.959,-0.524,0,2.316,3.355,0.132,982.4945003636363,,,1.697,0.661,1.149,1.192,0.578,0.841
