analysis_name,yearly_aggregate,window_size,config_type,r_squared,p_value,aic,bic,is_normal,is_homoscedastic,no_autocorrelation,durbin_watson,cv_r2_score,cv_r2_std,vif_PPT,vif_quadratic,p_value_quadratic,vif_ortho_PPT_lag2,p_value_lag2,vif_ortho_PPT_lag3,p_value_lag3,vif_ortho_PPT_lag7,p_value_lag7,vif_ortho_PPT_lag8,p_value_lag8,vif_ortho_sin_cycle,vif_ortho_cos_cycle,p_value_sin,p_value_cos
Soybean_cluster_1_yearly_False_window_1_lags_none_sinusoidal_no_quadratic,False,1,quadratic_lags_none_sinusoidal_no,0.013,0.616,431.737,435.271,True,True,True,1.847,-0.63,0,1.992,1.992,0.78,,,,,,,,,,,,
Soybean_cluster_1_yearly_False_window_1_lags_2_sinusoidal_no_quadratic,False,1,quadratic_lags_2_sinusoidal_no,0.184,0.085,393.7,398.065,False,True,True,2.056,-0.042,0,2.104,2.116,0.489,1.012,0.065,,,,,,,,,,
Soybean_cluster_1_yearly_False_window_1_lags_3_sinusoidal_no_quadratic,False,1,quadratic_lags_3_sinusoidal_no,0.011,0.813,380.442,384.62,True,True,True,1.829,-0.477,0,2.206,2.207,0.899,,,1.001,0.992,,,,,,,,
Soybean_cluster_1_yearly_False_window_1_lags_7_sinusoidal_no_quadratic,False,1,quadratic_lags_7_sinusoidal_no,0.032,0.742,311.576,314.909,True,True,True,1.992,-1.48,0,2.698,2.698,0.66,,,,,1.0,0.862,,,,,,
Soybean_cluster_1_yearly_False_window_1_lags_8_sinusoidal_no_quadratic,False,1,quadratic_lags_8_sinusoidal_no,0.155,0.271,291.743,294.833,True,True,True,1.677,-0.225,0,2.54,2.56,0.686,,,,,,,1.02,0.19,,,,
Soybean_cluster_1_yearly_False_window_1_lags_none_sinusoidal_yes_quadratic,False,1,quadratic_lags_none_sinusoidal_yes,0.046,0.7,434.91,440.8,True,True,True,1.879,-1.271,0,2.205,2.419,0.663,,,,,,,,,1.144,1.07,0.44,0.89
Soybean_cluster_1_yearly_False_window_1_lags_2_sinusoidal_yes_quadratic,False,1,quadratic_lags_2_sinusoidal_yes,0.189,0.173,397.56,404.106,True,True,True,2.077,-0.759,0,2.48,2.836,0.683,1.016,0.124,,,,,,,1.144,1.197,0.954,0.756
Soybean_cluster_1_yearly_False_window_1_lags_3_sinusoidal_yes_quadratic,False,1,quadratic_lags_3_sinusoidal_yes,0.108,0.831,382.272,388.539,True,True,True,1.947,-0.789,0,2.712,3.133,0.716,,,1.001,0.739,,,,,1.127,1.292,0.432,0.381
Soybean_cluster_1_yearly_False_window_1_lags_7_sinusoidal_yes_quadratic,False,1,quadratic_lags_7_sinusoidal_yes,0.152,0.553,313.325,318.324,True,True,True,2.217,-1.577,0,3.155,3.424,0.76,,,,,1.0,0.678,,,1.092,1.177,0.316,0.578
Soybean_cluster_1_yearly_False_window_1_lags_8_sinusoidal_yes_quadratic,False,1,quadratic_lags_8_sinusoidal_yes,0.404,0.106,290.148,294.784,True,True,True,1.923,-11.328,0,2.861,3.094,0.888,,,,,,,1.024,0.08,1.066,1.143,0.106,0.461
Soybean_cluster_1_yearly_True_window_1_lags_none_sinusoidal_no_quadratic,True,1,quadratic_lags_none_sinusoidal_no,0.052,0.365,353.282,356.269,True,True,False,1.444,-0.678,0,1.972,1.972,0.94,,,,,,,,,,,,
Soybean_cluster_1_yearly_True_window_1_lags_2_sinusoidal_no_quadratic,True,1,quadratic_lags_2_sinusoidal_no,0.062,0.632,319.031,322.592,True,True,False,1.237,-1.253,0,2.143,2.175,0.834,1.032,0.998,,,,,,,,,,
Soybean_cluster_1_yearly_True_window_1_lags_3_sinusoidal_no_quadratic,True,1,quadratic_lags_3_sinusoidal_no,0.119,0.89,300.544,303.877,True,True,True,1.553,-1.522,0,2.267,2.278,0.571,,,1.011,0.467,,,,,,,,
Soybean_cluster_1_yearly_True_window_1_lags_7_sinusoidal_no_quadratic,True,1,quadratic_lags_7_sinusoidal_no,0.128,0.967,232.48,234.74,True,True,True,1.74,-0.956,0,2.667,2.856,0.451,,,,,1.19,0.821,,,,,,
Soybean_cluster_1_yearly_True_window_1_lags_8_sinusoidal_no_quadratic,True,1,quadratic_lags_8_sinusoidal_no,0.262,0.563,214.091,216.031,True,True,False,1.385,-6.487,0,2.605,2.927,0.588,,,,,,,1.322,0.255,,,,
Soybean_cluster_1_yearly_True_window_1_lags_none_sinusoidal_yes_quadratic,True,1,quadratic_lags_none_sinusoidal_yes,0.083,0.5,356.635,361.614,True,True,True,1.536,-1.122,0,2.206,2.446,0.808,,,,,,,,,1.214,1.027,0.522,0.817
Soybean_cluster_1_yearly_True_window_1_lags_2_sinusoidal_yes_quadratic,True,1,quadratic_lags_2_sinusoidal_yes,0.136,0.929,321.559,326.901,True,True,False,1.395,-2.616,0,2.479,2.815,0.715,1.042,0.781,,,,,,,1.187,1.107,0.616,0.422
Soybean_cluster_1_yearly_True_window_1_lags_3_sinusoidal_yes_quadratic,True,1,quadratic_lags_3_sinusoidal_yes,0.285,0.732,301.006,306.006,True,True,True,1.909,-3.829,0,2.856,3.337,0.493,,,1.016,0.399,,,,,1.183,1.282,0.415,0.284
Soybean_cluster_1_yearly_True_window_1_lags_7_sinusoidal_yes_quadratic,True,1,quadratic_lags_7_sinusoidal_yes,0.302,0.722,233.581,236.971,False,True,True,1.911,-31.989,0,2.859,3.185,0.466,,,,,1.211,0.937,,,1.015,1.1,0.318,0.614
Soybean_cluster_1_yearly_True_window_1_lags_8_sinusoidal_yes_quadratic,True,1,quadratic_lags_8_sinusoidal_yes,0.434,0.335,214.899,217.808,True,True,True,1.893,-8.028,0,2.655,3.018,0.422,,,,,,,1.332,0.188,1.015,1.017,0.975,0.262
Soybean_cluster_1_yearly_False_window_2_lags_none_sinusoidal_no_quadratic,False,2,quadratic_lags_none_sinusoidal_no,0.086,0.839,416.163,419.697,True,True,False,1.094,-0.291,0,1.747,1.747,0.22,,,,,,,,,,,,
Soybean_cluster_1_yearly_False_window_2_lags_2_sinusoidal_no_quadratic,False,2,quadratic_lags_2_sinusoidal_no,0.307,0.078,377.342,381.706,True,True,False,1.123,-0.948,0,1.832,2.078,0.152,1.246,0.027,,,,,,,,,,
Soybean_cluster_1_yearly_False_window_2_lags_3_sinusoidal_no_quadratic,False,2,quadratic_lags_3_sinusoidal_no,0.063,0.564,366.074,370.252,True,True,False,1.053,-0.284,0,2.091,2.414,0.515,,,1.323,0.683,,,,,,,,
Soybean_cluster_1_yearly_False_window_2_lags_7_sinusoidal_no_quadratic,False,2,quadratic_lags_7_sinusoidal_no,0.142,0.211,298.76,302.093,True,True,False,1.064,-0.843,0,2.193,2.589,0.758,,,,,1.396,0.498,,,,,,
Soybean_cluster_1_yearly_False_window_2_lags_8_sinusoidal_no_quadratic,False,2,quadratic_lags_8_sinusoidal_no,0.076,0.46,281.739,284.829,True,True,False,0.999,-0.458,0,2.313,2.765,0.776,,,,,,,1.452,0.533,,,,
Soybean_cluster_1_yearly_False_window_2_lags_none_sinusoidal_yes_quadratic,False,2,quadratic_lags_none_sinusoidal_yes,0.156,0.907,418.238,424.128,True,True,False,1.31,-1.834,0,2.038,2.429,0.118,,,,,,,,,1.042,1.348,0.274,0.542
Soybean_cluster_1_yearly_False_window_2_lags_2_sinusoidal_yes_quadratic,False,2,quadratic_lags_2_sinusoidal_yes,0.322,0.101,380.864,387.411,True,True,False,1.051,-2.481,0,2.284,3.208,0.396,1.38,0.038,,,,,,,1.006,1.538,0.568,0.863
Soybean_cluster_1_yearly_False_window_2_lags_3_sinusoidal_yes_quadratic,False,2,quadratic_lags_3_sinusoidal_yes,0.131,0.921,368.493,374.76,True,True,False,1.152,-2.023,0,2.671,3.698,0.814,,,1.494,0.958,,,,,1.002,1.53,0.448,0.553
Soybean_cluster_1_yearly_False_window_2_lags_7_sinusoidal_yes_quadratic,False,2,quadratic_lags_7_sinusoidal_yes,0.31,0.149,299.072,304.071,True,True,False,1.29,-2.38,0,2.598,3.467,0.987,,,,,1.53,0.34,,,1.18,1.159,0.172,0.607
Soybean_cluster_1_yearly_False_window_2_lags_8_sinusoidal_yes_quadratic,False,2,quadratic_lags_8_sinusoidal_yes,0.411,0.106,278.525,283.161,True,False,False,1.349,-1.344,0,3.453,5.168,0.279,,,,,,,1.846,0.102,1.439,1.43,0.04,0.76
Soybean_cluster_1_yearly_True_window_2_lags_none_sinusoidal_no_quadratic,True,2,quadratic_lags_none_sinusoidal_no,0.091,0.75,343.656,346.644,True,True,False,0.917,-0.698,0,1.718,1.718,0.269,,,,,,,,,,,,
Soybean_cluster_1_yearly_True_window_2_lags_2_sinusoidal_no_quadratic,True,2,quadratic_lags_2_sinusoidal_no,0.125,0.441,310.091,313.652,True,True,False,0.939,-4.615,0,2.197,3.131,0.297,1.934,0.518,,,,,,,,,,
Soybean_cluster_1_yearly_True_window_2_lags_3_sinusoidal_no_quadratic,True,2,quadratic_lags_3_sinusoidal_no,0.16,0.662,291.299,294.632,True,True,False,1.012,-0.663,0,2.195,2.68,0.929,,,1.485,0.241,,,,,,,,
Soybean_cluster_1_yearly_True_window_2_lags_7_sinusoidal_no_quadratic,True,2,quadratic_lags_7_sinusoidal_no,0.305,0.361,221.248,223.508,True,True,True,1.84,-1.877,0,1.804,1.834,0.337,,,,,1.031,0.121,,,,,,
Soybean_cluster_1_yearly_True_window_2_lags_8_sinusoidal_no_quadratic,True,2,quadratic_lags_8_sinusoidal_no,0.164,0.827,209.243,211.182,True,True,False,1.063,-223.749,0,1.811,1.811,0.722,,,,,,,1.0,0.344,,,,
Soybean_cluster_1_yearly_True_window_2_lags_none_sinusoidal_yes_quadratic,True,2,quadratic_lags_none_sinusoidal_yes,0.264,0.409,343.432,348.411,True,True,False,1.463,-2.218,0,1.975,2.334,0.057,,,,,,,,,1.16,1.198,0.085,0.636
Soybean_cluster_1_yearly_True_window_2_lags_2_sinusoidal_yes_quadratic,True,2,quadratic_lags_2_sinusoidal_yes,0.191,0.923,312.698,318.04,True,True,False,1.112,-13.617,0,2.519,3.974,0.321,2.186,0.916,,,,,,,1.127,1.143,0.472,0.804
Soybean_cluster_1_yearly_True_window_2_lags_3_sinusoidal_yes_quadratic,True,2,quadratic_lags_3_sinusoidal_yes,0.338,0.335,291.231,296.23,True,True,False,1.353,-4.917,0,2.474,3.307,0.543,,,1.599,0.157,,,,,1.182,1.052,0.17,0.946
Soybean_cluster_1_yearly_True_window_2_lags_7_sinusoidal_yes_quadratic,True,2,quadratic_lags_7_sinusoidal_yes,0.42,0.539,222.902,226.292,True,True,True,1.969,-35.191,0,3.148,4.903,0.285,,,,,1.082,0.241,,,1.566,2.107,0.299,0.834
Soybean_cluster_1_yearly_True_window_2_lags_8_sinusoidal_yes_quadratic,True,2,quadratic_lags_8_sinusoidal_yes,0.329,0.474,210.602,213.512,True,True,False,1.412,-3759.321,0,2.664,3.717,0.876,,,,,,,1.001,0.237,1.086,1.966,0.609,0.38
Soybean_cluster_1_yearly_False_window_3_lags_none_sinusoidal_no_quadratic,False,3,quadratic_lags_none_sinusoidal_no,0.129,0.839,403.39,406.925,False,True,False,0.787,-0.256,0,1.613,1.613,0.103,,,,,,,,,,,,
Soybean_cluster_1_yearly_False_window_3_lags_2_sinusoidal_no_quadratic,False,3,quadratic_lags_2_sinusoidal_no,0.368,0.17,366.908,371.272,True,True,False,0.783,-0.304,0,1.686,1.965,0.044,1.279,0.016,,,,,,,,,,
Soybean_cluster_1_yearly_False_window_3_lags_3_sinusoidal_no_quadratic,False,3,quadratic_lags_3_sinusoidal_no,0.119,0.795,357.049,361.227,True,True,False,0.831,-4.318,0,1.752,2.225,0.206,,,1.473,0.692,,,,,,,,
Soybean_cluster_1_yearly_False_window_3_lags_7_sinusoidal_no_quadratic,False,3,quadratic_lags_7_sinusoidal_no,0.067,0.522,292.461,295.793,True,True,False,0.933,-0.221,0,1.812,2.015,0.76,,,,,1.203,0.681,,,,,,
Soybean_cluster_1_yearly_False_window_3_lags_8_sinusoidal_no_quadratic,False,3,quadratic_lags_8_sinusoidal_no,0.068,0.992,276.164,279.255,True,True,False,0.907,-1.087,0,1.776,1.959,0.435,,,,,,,1.183,0.871,,,,
Soybean_cluster_1_yearly_False_window_3_lags_none_sinusoidal_yes_quadratic,False,3,quadratic_lags_none_sinusoidal_yes,0.261,0.425,403.441,409.331,True,True,False,1.046,-0.261,0,1.88,2.318,0.036,,,,,,,,,1.169,1.269,0.083,0.904
Soybean_cluster_1_yearly_False_window_3_lags_2_sinusoidal_yes_quadratic,False,3,quadratic_lags_2_sinusoidal_yes,0.379,0.369,370.525,377.071,True,True,False,0.784,-0.289,0,1.932,2.67,0.165,1.379,0.054,,,,,,,1.044,1.315,0.978,0.605
Soybean_cluster_1_yearly_False_window_3_lags_3_sinusoidal_yes_quadratic,False,3,quadratic_lags_3_sinusoidal_yes,0.313,0.327,355.816,362.083,True,True,False,1.146,-5.943,0,1.996,2.947,0.138,,,1.626,0.552,,,,,1.051,1.273,0.078,0.541
Soybean_cluster_1_yearly_False_window_3_lags_7_sinusoidal_yes_quadratic,False,3,quadratic_lags_7_sinusoidal_yes,0.334,0.398,290.745,295.745,True,True,False,1.463,-1.742,0,2.078,2.675,0.376,,,,,1.27,0.456,,,1.253,1.075,0.077,0.604
Soybean_cluster_1_yearly_False_window_3_lags_8_sinusoidal_yes_quadratic,False,3,quadratic_lags_8_sinusoidal_yes,0.494,0.135,270.379,275.014,True,True,False,1.459,-0.643,0,2.128,2.848,0.192,,,,,,,1.266,0.114,1.378,1.076,0.02,0.405
Soybean_cluster_1_yearly_True_window_3_lags_none_sinusoidal_no_quadratic,True,3,quadratic_lags_none_sinusoidal_no,0.012,0.73,334.42,337.407,True,False,False,0.463,-1.127,0,1.699,1.699,0.8,,,,,,,,,,,,
Soybean_cluster_1_yearly_True_window_3_lags_2_sinusoidal_no_quadratic,True,3,quadratic_lags_2_sinusoidal_no,0.028,0.569,304.895,308.457,True,False,False,0.406,-0.899,0,1.823,2.122,0.775,1.299,0.718,,,,,,,,,,
Soybean_cluster_1_yearly_True_window_3_lags_3_sinusoidal_no_quadratic,True,3,quadratic_lags_3_sinusoidal_no,0.184,0.496,284.455,287.788,True,True,False,0.616,-2.012,0,1.752,1.986,0.61,,,1.234,0.152,,,,,,,,
Soybean_cluster_1_yearly_True_window_3_lags_7_sinusoidal_no_quadratic,True,3,quadratic_lags_7_sinusoidal_no,0.33,0.303,215.654,217.914,True,True,False,1.149,-0.876,0,1.624,1.63,0.714,,,,,1.006,0.072,,,,,,
Soybean_cluster_1_yearly_True_window_3_lags_8_sinusoidal_no_quadratic,True,3,quadratic_lags_8_sinusoidal_no,0.284,0.662,201.108,203.048,True,True,False,0.681,-5.95,0,1.651,1.733,0.805,,,,,,,1.082,0.143,,,,
Soybean_cluster_1_yearly_True_window_3_lags_none_sinusoidal_yes_quadratic,True,3,quadratic_lags_none_sinusoidal_yes,0.192,0.466,334.396,339.375,True,True,False,0.584,-2.634,0,1.958,2.329,0.413,,,,,,,,,1.31,1.06,0.154,0.258
Soybean_cluster_1_yearly_True_window_3_lags_2_sinusoidal_yes_quadratic,True,3,quadratic_lags_2_sinusoidal_yes,0.264,0.833,303.895,309.237,True,True,False,0.648,-1.639,0,1.957,2.467,0.707,1.347,0.88,,,,,,,1.134,1.029,0.412,0.143
Soybean_cluster_1_yearly_True_window_3_lags_3_sinusoidal_yes_quadratic,True,3,quadratic_lags_3_sinusoidal_yes,0.559,0.123,277.984,282.983,True,True,False,0.932,-0.519,0,1.919,2.429,0.581,,,1.287,0.043,,,,,1.217,1.006,0.032,0.341
Soybean_cluster_1_yearly_True_window_3_lags_7_sinusoidal_yes_quadratic,True,3,quadratic_lags_7_sinusoidal_yes,0.483,0.539,216.275,219.664,True,True,True,1.59,-146.693,0,1.949,2.48,0.764,,,,,1.01,0.161,,,1.43,1.091,0.783,0.307
Soybean_cluster_1_yearly_True_window_3_lags_8_sinusoidal_yes_quadratic,True,3,quadratic_lags_8_sinusoidal_yes,0.716,0.19,194.023,196.932,True,True,True,1.721,-8.645,0,1.778,2.071,0.545,,,,,,,1.098,0.034,1.1,1.095,0.241,0.092
Soybean_cluster_1_yearly_False_window_4_lags_none_sinusoidal_no_quadratic,False,4,quadratic_lags_none_sinusoidal_no,0.108,0.37,394.188,397.722,False,True,False,0.591,-1.002,0,1.568,1.568,0.239,,,,,,,,,,,,
Soybean_cluster_1_yearly_False_window_4_lags_2_sinusoidal_no_quadratic,False,4,quadratic_lags_2_sinusoidal_no,0.222,0.125,362.817,367.182,True,False,False,0.547,-0.291,0,1.505,1.572,0.188,1.067,0.215,,,,,,,,,,
Soybean_cluster_1_yearly_False_window_4_lags_3_sinusoidal_no_quadratic,False,4,quadratic_lags_3_sinusoidal_no,0.21,0.236,345.212,349.39,True,True,False,0.797,-1.521,0,1.568,1.846,0.271,,,1.278,0.734,,,,,,,,
Soybean_cluster_1_yearly_False_window_4_lags_7_sinusoidal_no_quadratic,False,4,quadratic_lags_7_sinusoidal_no,0.302,0.483,277.788,281.121,True,True,False,1.161,-2.338,0,1.601,1.625,0.744,,,,,1.024,0.667,,,,,,
Soybean_cluster_1_yearly_False_window_4_lags_8_sinusoidal_no_quadratic,False,4,quadratic_lags_8_sinusoidal_no,0.196,0.693,263.332,266.422,True,True,False,1.225,-0.998,0,1.537,1.598,0.427,,,,,,,1.061,0.666,,,,
Soybean_cluster_1_yearly_False_window_4_lags_none_sinusoidal_yes_quadratic,False,4,quadratic_lags_none_sinusoidal_yes,0.164,0.822,396.646,402.537,True,True,False,0.666,-1.115,0,1.683,1.885,0.203,,,,,,,,,1.043,1.159,0.276,0.879
Soybean_cluster_1_yearly_False_window_4_lags_2_sinusoidal_yes_quadratic,False,4,quadratic_lags_2_sinusoidal_yes,0.265,0.356,365.558,372.105,True,True,False,0.541,-0.194,0,1.616,1.917,0.421,1.081,0.377,,,,,,,1.008,1.212,0.929,0.347
Soybean_cluster_1_yearly_False_window_4_lags_3_sinusoidal_yes_quadratic,False,4,quadratic_lags_3_sinusoidal_yes,0.35,0.986,345.099,351.366,True,True,False,0.923,-3.638,0,1.637,2.072,0.421,,,1.312,0.597,,,,,1.007,1.116,0.176,0.281
Soybean_cluster_1_yearly_False_window_4_lags_7_sinusoidal_yes_quadratic,False,4,quadratic_lags_7_sinusoidal_yes,0.476,0.318,276.909,281.908,True,True,True,1.505,-5.137,0,1.718,1.94,0.454,,,,,1.028,0.874,,,1.097,1.098,0.083,0.997
Soybean_cluster_1_yearly_False_window_4_lags_8_sinusoidal_yes_quadratic,False,4,quadratic_lags_8_sinusoidal_yes,0.522,0.091,259.002,263.638,True,True,False,1.255,-0.714,0,1.677,2.014,0.196,,,,,,,1.077,0.434,1.213,1.048,0.031,0.552
Soybean_cluster_1_yearly_True_window_4_lags_none_sinusoidal_no_quadratic,True,4,quadratic_lags_none_sinusoidal_no,0.033,0.534,328.703,331.69,True,False,False,0.24,-0.372,0,1.597,1.597,0.987,,,,,,,,,,,,
Soybean_cluster_1_yearly_True_window_4_lags_2_sinusoidal_no_quadratic,True,4,quadratic_lags_2_sinusoidal_no,0.138,0.455,298.363,301.925,True,False,False,0.299,-0.385,0,1.614,1.636,0.616,1.023,0.525,,,,,,,,,,
Soybean_cluster_1_yearly_True_window_4_lags_3_sinusoidal_no_quadratic,True,4,quadratic_lags_3_sinusoidal_no,0.312,0.608,276.267,279.6,True,False,False,0.482,-1.067,0,1.619,1.625,0.594,,,1.007,0.311,,,,,,,,
Soybean_cluster_1_yearly_True_window_4_lags_7_sinusoidal_no_quadratic,True,4,quadratic_lags_7_sinusoidal_no,0.527,0.775,202.41,204.67,True,True,True,1.714,0.141,0,1.768,1.915,0.184,,,,,1.147,0.053,,,,,,
Soybean_cluster_1_yearly_True_window_4_lags_8_sinusoidal_no_quadratic,True,4,quadratic_lags_8_sinusoidal_no,0.669,0.08,183.747,185.686,True,True,False,0.891,-4.411,0,1.737,2.593,0.032,,,,,,,1.856,0.036,,,,
Soybean_cluster_1_yearly_True_window_4_lags_none_sinusoidal_yes_quadratic,True,4,quadratic_lags_none_sinusoidal_yes,0.15,0.443,330.137,335.116,True,False,False,0.348,-0.774,0,1.735,1.966,0.505,,,,,,,,,1.154,1.077,0.212,0.293
Soybean_cluster_1_yearly_True_window_4_lags_2_sinusoidal_yes_quadratic,True,4,quadratic_lags_2_sinusoidal_yes,0.254,0.655,299.756,305.098,True,True,False,0.318,-0.245,0,2.387,3.698,0.77,1.051,0.297,,,,,,,1.203,2.057,0.375,0.492
Soybean_cluster_1_yearly_True_window_4_lags_3_sinusoidal_yes_quadratic,True,4,quadratic_lags_3_sinusoidal_yes,0.502,0.817,274.765,279.764,True,True,False,0.479,-1.716,0,2.053,2.766,0.729,,,1.011,0.192,,,,,1.11,1.591,0.307,0.241
Soybean_cluster_1_yearly_True_window_4_lags_7_sinusoidal_yes_quadratic,True,4,quadratic_lags_7_sinusoidal_yes,0.678,0.994,201.396,204.785,True,True,True,1.705,-2.942,0,1.918,2.29,0.589,,,,,1.176,0.091,,,1.138,1.058,0.118,0.709
Soybean_cluster_1_yearly_True_window_4_lags_8_sinusoidal_yes_quadratic,True,4,quadratic_lags_8_sinusoidal_yes,0.954,0.342,164.091,167.0,True,True,True,2.078,-0.711,0,2.116,3.927,0.041,,,,,,,2.297,0.002,1.322,1.193,0.001,0.037
Soybean_cluster_1_yearly_False_window_5_lags_none_sinusoidal_no_quadratic,False,5,quadratic_lags_none_sinusoidal_no,0.067,0.241,388.855,392.389,True,True,False,0.359,-0.183,0,1.801,1.801,0.698,,,,,,,,,,,,
Soybean_cluster_1_yearly_False_window_5_lags_2_sinusoidal_no_quadratic,False,5,quadratic_lags_2_sinusoidal_no,0.234,0.055,354.941,359.305,True,False,False,0.471,-0.168,0,1.65,1.657,0.33,1.008,0.547,,,,,,,,,,
Soybean_cluster_1_yearly_False_window_5_lags_3_sinusoidal_no_quadratic,False,5,quadratic_lags_3_sinusoidal_no,0.301,0.065,334.014,338.192,True,False,False,0.607,-0.126,0,1.736,1.834,0.453,,,1.097,0.753,,,,,,,,
Soybean_cluster_1_yearly_False_window_5_lags_7_sinusoidal_no_quadratic,False,5,quadratic_lags_7_sinusoidal_no,0.388,0.578,266.356,269.688,True,True,False,0.888,-0.464,0,1.688,1.713,0.603,,,,,1.024,0.421,,,,,,
Soybean_cluster_1_yearly_False_window_5_lags_8_sinusoidal_no_quadratic,False,5,quadratic_lags_8_sinusoidal_no,0.533,0.639,245.912,249.003,True,True,False,1.317,-1.343,0,1.544,1.554,0.381,,,,,,,1.01,0.038,,,,
Soybean_cluster_1_yearly_False_window_5_lags_none_sinusoidal_yes_quadratic,False,5,quadratic_lags_none_sinusoidal_yes,0.113,0.659,391.638,397.529,True,False,False,0.398,-0.955,0,1.978,2.2,0.724,,,,,,,,,1.092,1.13,0.352,0.721
Soybean_cluster_1_yearly_False_window_5_lags_2_sinusoidal_yes_quadratic,False,5,quadratic_lags_2_sinusoidal_yes,0.289,0.541,357.279,363.825,True,True,False,0.565,-0.239,0,1.991,2.529,0.55,1.012,0.994,,,,,,,1.106,1.42,0.431,0.426
Soybean_cluster_1_yearly_False_window_5_lags_3_sinusoidal_yes_quadratic,False,5,quadratic_lags_3_sinusoidal_yes,0.528,0.884,329.77,336.037,True,True,False,0.873,-1.736,0,1.933,2.325,0.884,,,1.124,0.319,,,,,1.037,1.231,0.041,0.122
Soybean_cluster_1_yearly_False_window_5_lags_7_sinusoidal_yes_quadratic,False,5,quadratic_lags_7_sinusoidal_yes,0.705,0.12,257.947,262.946,True,True,False,1.475,-0.442,0,2.04,2.588,0.134,,,,,1.037,0.771,,,1.116,1.396,0.006,0.826
Soybean_cluster_1_yearly_False_window_5_lags_8_sinusoidal_yes_quadratic,False,5,quadratic_lags_8_sinusoidal_yes,0.755,0.024,239.58,244.216,True,True,True,1.564,-0.524,0,1.724,2.066,0.139,,,,,,,1.013,0.647,1.054,1.276,0.014,0.387
Soybean_cluster_1_yearly_True_window_5_lags_none_sinusoidal_no_quadratic,True,5,quadratic_lags_none_sinusoidal_no,0.031,0.582,327.028,330.015,True,False,False,0.208,-1.137,0,1.699,1.699,0.931,,,,,,,,,,,,
Soybean_cluster_1_yearly_True_window_5_lags_2_sinusoidal_no_quadratic,True,5,quadratic_lags_2_sinusoidal_no,0.245,0.206,293.15,296.712,True,True,False,0.361,-0.215,0,1.692,1.735,0.275,1.042,0.538,,,,,,,,,,
Soybean_cluster_1_yearly_True_window_5_lags_3_sinusoidal_no_quadratic,True,5,quadratic_lags_3_sinusoidal_no,0.397,0.468,270.695,274.028,True,True,False,0.543,-1.842,0,1.757,1.779,0.42,,,1.022,0.207,,,,,,,,
Soybean_cluster_1_yearly_True_window_5_lags_7_sinusoidal_no_quadratic,True,5,quadratic_lags_7_sinusoidal_no,0.72,0.905,193.642,195.902,True,True,False,0.8,-2798.593,0,1.456,1.638,0.26,,,,,1.182,0.004,,,,,,
Soybean_cluster_1_yearly_True_window_5_lags_8_sinusoidal_no_quadratic,True,5,quadratic_lags_8_sinusoidal_no,0.367,0.263,189.46,191.399,True,True,False,0.537,-11.503,0,1.497,1.57,0.536,,,,,,,1.072,0.301,,,,
Soybean_cluster_1_yearly_True_window_5_lags_none_sinusoidal_yes_quadratic,True,5,quadratic_lags_none_sinusoidal_yes,0.106,0.67,329.413,334.392,True,False,False,0.368,-1.372,0,1.77,1.873,0.621,,,,,,,,,1.093,1.009,0.409,0.35
Soybean_cluster_1_yearly_True_window_5_lags_2_sinusoidal_yes_quadratic,True,5,quadratic_lags_2_sinusoidal_yes,0.379,0.582,293.64,298.982,True,True,False,0.53,-0.526,0,2.118,2.802,0.371,1.068,0.183,,,,,,,1.227,1.389,0.199,0.864
Soybean_cluster_1_yearly_True_window_5_lags_3_sinusoidal_yes_quadratic,True,5,quadratic_lags_3_sinusoidal_yes,0.608,0.876,267.379,272.378,True,True,False,0.554,-4.054,0,2.106,2.598,0.86,,,1.032,0.146,,,,,1.065,1.395,0.191,0.198
Soybean_cluster_1_yearly_True_window_5_lags_7_sinusoidal_yes_quadratic,True,5,quadratic_lags_7_sinusoidal_yes,0.923,0.256,180.907,184.297,True,True,True,2.221,-246.431,0,1.629,2.259,0.7,,,,,1.251,0.001,,,1.367,1.012,0.691,0.005
Soybean_cluster_1_yearly_True_window_5_lags_8_sinusoidal_yes_quadratic,True,5,quadratic_lags_8_sinusoidal_yes,0.881,0.481,173.431,176.341,True,True,False,1.332,-43.777,0,1.531,1.676,0.958,,,,,,,1.077,0.026,1.024,1.044,0.004,0.136
Soybean_cluster_1_yearly_False_window_6_lags_none_sinusoidal_no_quadratic,False,6,quadratic_lags_none_sinusoidal_no,0.028,0.622,386.659,390.193,True,False,False,0.324,-0.402,0,2.178,2.178,0.747,,,,,,,,,,,,
Soybean_cluster_1_yearly_False_window_6_lags_2_sinusoidal_no_quadratic,False,6,quadratic_lags_2_sinusoidal_no,0.24,0.093,351.674,356.038,True,True,False,0.489,-0.417,0,2.047,2.049,0.181,1.002,0.806,,,,,,,,,,
Soybean_cluster_1_yearly_False_window_6_lags_3_sinusoidal_no_quadratic,False,6,quadratic_lags_3_sinusoidal_no,0.336,0.07,328.765,332.943,True,False,False,0.629,0.146,0,2.131,2.131,0.237,,,1.0,0.922,,,,,,,,
Soybean_cluster_1_yearly_False_window_6_lags_7_sinusoidal_no_quadratic,False,6,quadratic_lags_7_sinusoidal_no,0.633,0.474,251.914,255.247,True,True,True,1.689,-2.249,0,1.891,2.079,0.807,,,,,1.188,0.028,,,,,,
Soybean_cluster_1_yearly_False_window_6_lags_8_sinusoidal_no_quadratic,False,6,quadratic_lags_8_sinusoidal_no,0.706,0.517,231.244,234.334,True,True,False,2.883,0.466,0,1.592,1.777,0.162,,,,,,,1.185,0.004,,,,
Soybean_cluster_1_yearly_False_window_6_lags_none_sinusoidal_yes_quadratic,False,6,quadratic_lags_none_sinusoidal_yes,0.136,0.441,387.837,393.727,True,False,False,0.491,-0.627,0,2.326,2.451,0.404,,,,,,,,,1.078,1.047,0.24,0.225
Soybean_cluster_1_yearly_False_window_6_lags_2_sinusoidal_yes_quadratic,False,6,quadratic_lags_2_sinusoidal_yes,0.356,0.818,352.04,358.586,True,True,False,0.776,-0.381,0,2.677,3.281,0.269,1.003,0.259,,,,,,,1.153,1.449,0.113,0.736
Soybean_cluster_1_yearly_False_window_6_lags_3_sinusoidal_yes_quadratic,False,6,quadratic_lags_3_sinusoidal_yes,0.549,0.98,324.656,330.923,True,True,False,0.841,-0.024,0,2.813,3.415,0.608,,,1.0,0.178,,,,,1.074,1.528,0.042,0.252
Soybean_cluster_1_yearly_False_window_6_lags_7_sinusoidal_yes_quadratic,False,6,quadratic_lags_7_sinusoidal_yes,0.786,0.325,246.779,251.778,True,True,False,2.643,-0.574,0,2.173,2.738,0.168,,,,,1.248,0.415,,,1.017,1.3,0.018,0.737
Soybean_cluster_1_yearly_False_window_6_lags_8_sinusoidal_yes_quadratic,False,6,quadratic_lags_8_sinusoidal_yes,0.823,0.038,227.142,231.777,True,True,False,3.041,0.509,0,1.848,2.546,0.119,,,,,,,1.266,0.204,1.05,1.383,0.03,0.659
Soybean_cluster_1_yearly_True_window_6_lags_none_sinusoidal_no_quadratic,True,6,quadratic_lags_none_sinusoidal_no,0.074,0.712,324.87,327.857,True,True,False,0.268,-0.824,0,1.671,1.671,0.272,,,,,,,,,,,,
Soybean_cluster_1_yearly_True_window_6_lags_2_sinusoidal_no_quadratic,True,6,quadratic_lags_2_sinusoidal_no,0.201,0.578,293.311,296.873,True,True,False,0.365,-0.005,0,1.676,1.704,0.753,1.028,0.291,,,,,,,,,,
Soybean_cluster_1_yearly_True_window_6_lags_3_sinusoidal_no_quadratic,True,6,quadratic_lags_3_sinusoidal_no,0.454,0.936,267.607,270.94,True,True,False,0.513,0.07,0,1.826,1.885,0.838,,,1.059,0.04,,,,,,,,
Soybean_cluster_1_yearly_True_window_6_lags_7_sinusoidal_no_quadratic,True,6,quadratic_lags_7_sinusoidal_no,0.536,0.307,196.759,199.019,True,True,False,0.667,-375.899,0,1.482,1.905,0.859,,,,,1.423,0.024,,,,,,
Soybean_cluster_1_yearly_True_window_6_lags_8_sinusoidal_no_quadratic,True,6,quadratic_lags_8_sinusoidal_no,0.183,0.4,189.658,191.598,True,True,False,0.606,-2.611,0,2.017,2.03,0.556,,,,,,,1.012,0.737,,,,
Soybean_cluster_1_yearly_True_window_6_lags_none_sinusoidal_yes_quadratic,True,6,quadratic_lags_none_sinusoidal_yes,0.185,0.237,326.311,331.289,True,False,False,0.358,-0.94,0,1.745,1.854,0.176,,,,,,,,,1.103,1.007,0.256,0.296
Soybean_cluster_1_yearly_True_window_6_lags_2_sinusoidal_yes_quadratic,True,6,quadratic_lags_2_sinusoidal_yes,0.326,0.425,294.252,299.594,True,True,False,0.57,-2.431,0,1.8,2.018,0.89,1.033,0.124,,,,,,,1.102,1.082,0.2,0.82
Soybean_cluster_1_yearly_True_window_6_lags_3_sinusoidal_yes_quadratic,True,6,quadratic_lags_3_sinusoidal_yes,0.563,0.432,267.841,272.84,True,True,False,0.789,-0.767,0,2.037,2.368,0.721,,,1.074,0.047,,,,,1.024,1.232,0.148,0.652
Soybean_cluster_1_yearly_True_window_6_lags_7_sinusoidal_yes_quadratic,True,6,quadratic_lags_7_sinusoidal_yes,0.88,0.2,183.189,186.578,True,True,True,2.269,-173.172,0,1.78,3.081,0.397,,,,,1.684,0.047,,,1.446,1.171,0.329,0.098
Soybean_cluster_1_yearly_True_window_6_lags_8_sinusoidal_yes_quadratic,True,6,quadratic_lags_8_sinusoidal_yes,0.767,0.863,178.61,181.519,True,True,False,1.472,-27.804,0,2.704,3.4,0.923,,,,,,,1.021,0.284,1.024,1.651,0.008,0.567
Soybean_cluster_1_yearly_False_window_7_lags_none_sinusoidal_no_quadratic,False,7,quadratic_lags_none_sinusoidal_no,0.042,0.948,383.169,386.703,True,False,False,0.337,-0.196,0,1.781,1.781,0.402,,,,,,,,,,,,
Soybean_cluster_1_yearly_False_window_7_lags_2_sinusoidal_no_quadratic,False,7,quadratic_lags_2_sinusoidal_no,0.204,0.082,348.385,352.749,True,False,False,0.512,-0.459,0,1.758,1.782,0.354,1.024,0.89,,,,,,,,,,
Soybean_cluster_1_yearly_False_window_7_lags_3_sinusoidal_no_quadratic,False,7,quadratic_lags_3_sinusoidal_no,0.285,0.172,327.743,331.921,True,False,False,0.626,-0.037,0,1.902,1.989,0.444,,,1.087,0.565,,,,,,,,
Soybean_cluster_1_yearly_False_window_7_lags_7_sinusoidal_no_quadratic,False,7,quadratic_lags_7_sinusoidal_no,0.587,0.17,252.646,255.979,True,True,True,1.686,0.337,0,1.57,1.908,0.374,,,,,1.338,0.023,,,,,,
Soybean_cluster_1_yearly_False_window_7_lags_8_sinusoidal_no_quadratic,False,7,quadratic_lags_8_sinusoidal_no,0.558,0.664,235.318,238.409,True,True,True,2.082,0.083,0,1.72,1.774,0.857,,,,,,,1.054,0.008,,,,
Soybean_cluster_1_yearly_False_window_7_lags_none_sinusoidal_yes_quadratic,False,7,quadratic_lags_none_sinusoidal_yes,0.206,0.213,382.685,388.575,True,True,False,0.534,-0.52,0,1.795,1.812,0.195,,,,,,,,,1.017,1.0,0.219,0.092
Soybean_cluster_1_yearly_False_window_7_lags_2_sinusoidal_yes_quadratic,False,7,quadratic_lags_2_sinusoidal_yes,0.458,0.275,343.928,350.474,True,True,False,0.968,-0.289,0,1.814,1.914,0.706,1.026,0.114,,,,,,,1.06,1.014,0.043,0.024
Soybean_cluster_1_yearly_False_window_7_lags_3_sinusoidal_yes_quadratic,False,7,quadratic_lags_3_sinusoidal_yes,0.64,0.376,317.302,323.569,True,True,False,0.866,0.086,0,2.109,2.444,0.471,,,1.107,0.031,,,,,1.04,1.189,0.006,0.086
Soybean_cluster_1_yearly_False_window_7_lags_7_sinusoidal_yes_quadratic,False,7,quadratic_lags_7_sinusoidal_yes,0.818,0.127,242.747,247.746,False,True,False,2.828,0.405,0,1.619,2.073,0.624,,,,,1.367,0.551,,,1.002,1.085,0.005,0.023
Soybean_cluster_1_yearly_False_window_7_lags_8_sinusoidal_yes_quadratic,False,7,quadratic_lags_8_sinusoidal_yes,0.761,0.415,229.454,234.089,True,True,False,2.651,0.054,0,1.889,2.192,0.568,,,,,,,1.067,0.073,1.214,1.022,0.118,0.03
Soybean_cluster_1_yearly_True_window_7_lags_none_sinusoidal_no_quadratic,True,7,quadratic_lags_none_sinusoidal_no,0.119,0.762,321.144,324.132,True,True,False,0.336,-0.364,0,1.659,1.659,0.148,,,,,,,,,,,,
Soybean_cluster_1_yearly_True_window_7_lags_2_sinusoidal_no_quadratic,True,7,quadratic_lags_2_sinusoidal_no,0.247,0.494,288.522,292.083,True,False,False,0.353,-0.093,0,1.671,1.672,0.682,1.001,0.287,,,,,,,,,,
Soybean_cluster_1_yearly_True_window_7_lags_3_sinusoidal_no_quadratic,True,7,quadratic_lags_3_sinusoidal_no,0.589,0.807,259.766,263.099,True,True,False,0.526,0.139,0,1.772,1.772,0.322,,,1.0,0.014,,,,,,,,
Soybean_cluster_1_yearly_True_window_7_lags_none_sinusoidal_yes_quadratic,True,7,quadratic_lags_none_sinusoidal_yes,0.202,0.366,323.162,328.14,True,False,False,0.43,-0.483,0,1.722,1.817,0.128,,,,,,,,,1.077,1.018,0.572,0.254
Soybean_cluster_1_yearly_True_window_7_lags_2_sinusoidal_yes_quadratic,True,7,quadratic_lags_2_sinusoidal_yes,0.447,0.353,286.963,292.305,True,False,False,0.708,0.258,0,1.706,1.758,0.902,1.001,0.069,,,,,,,1.046,1.006,0.097,0.653
Soybean_cluster_1_yearly_True_window_7_lags_3_sinusoidal_yes_quadratic,True,7,quadratic_lags_3_sinusoidal_yes,0.794,0.116,252.057,257.057,True,True,False,1.253,-0.388,0,1.778,1.786,0.334,,,1.0,0.001,,,,,1.008,1.0,0.007,0.169
Soybean_cluster_1_yearly_False_window_8_lags_none_sinusoidal_no_quadratic,False,8,quadratic_lags_none_sinusoidal_no,0.14,0.553,380.299,383.833,True,True,False,0.306,-0.165,0,1.707,1.707,0.08,,,,,,,,,,,,
Soybean_cluster_1_yearly_False_window_8_lags_2_sinusoidal_no_quadratic,False,8,quadratic_lags_2_sinusoidal_no,0.14,0.22,349.82,354.184,True,False,False,0.42,-0.594,0,1.814,1.878,0.805,1.064,0.77,,,,,,,,,,
Soybean_cluster_1_yearly_False_window_8_lags_3_sinusoidal_no_quadratic,False,8,quadratic_lags_3_sinusoidal_no,0.234,0.291,328.547,332.725,True,False,False,0.558,-0.352,0,1.971,2.071,0.973,,,1.1,0.609,,,,,,,,
Soybean_cluster_1_yearly_False_window_8_lags_7_sinusoidal_no_quadratic,False,8,quadratic_lags_7_sinusoidal_no,0.497,0.421,254.683,258.015,True,True,False,1.173,-1.581,0,1.486,2.042,0.5,,,,,1.555,0.09,,,,,,
Soybean_cluster_1_yearly_False_window_8_lags_8_sinusoidal_no_quadratic,False,8,quadratic_lags_8_sinusoidal_no,0.398,0.501,239.215,242.306,True,True,False,1.206,-1.455,0,1.608,1.681,0.357,,,,,,,1.073,0.06,,,,
Soybean_cluster_1_yearly_False_window_8_lags_none_sinusoidal_yes_quadratic,False,8,quadratic_lags_none_sinusoidal_yes,0.368,0.032,376.899,382.789,True,True,False,0.581,-0.106,0,1.708,1.709,0.025,,,,,,,,,1.001,1.0,0.054,0.04
Soybean_cluster_1_yearly_False_window_8_lags_2_sinusoidal_yes_quadratic,False,8,quadratic_lags_2_sinusoidal_yes,0.423,0.108,345.018,351.565,True,True,False,0.69,-0.267,0,1.816,1.884,0.701,1.065,0.048,,,,,,,1.003,1.0,0.03,0.032
Soybean_cluster_1_yearly_False_window_8_lags_3_sinusoidal_yes_quadratic,False,8,quadratic_lags_3_sinusoidal_yes,0.529,0.278,322.334,328.601,True,True,False,0.846,-0.366,0,2.017,2.17,0.767,,,1.105,0.074,,,,,1.006,1.042,0.033,0.385
Soybean_cluster_1_yearly_False_window_8_lags_7_sinusoidal_yes_quadratic,False,8,quadratic_lags_7_sinusoidal_yes,0.768,0.157,245.559,250.558,True,True,True,2.058,-0.572,0,1.603,2.533,0.337,,,,,1.689,0.491,,,1.143,1.098,0.008,0.041
Soybean_cluster_1_yearly_False_window_8_lags_8_sinusoidal_yes_quadratic,False,8,quadratic_lags_8_sinusoidal_yes,0.765,0.386,228.124,232.76,True,True,True,1.942,-1.659,0,1.774,2.139,0.099,,,,,,,1.093,0.543,1.27,1.002,0.027,0.026
Soybean_cluster_1_yearly_True_window_8_lags_none_sinusoidal_no_quadratic,True,8,quadratic_lags_none_sinusoidal_no,0.266,0.503,316.184,319.171,True,True,False,0.431,0.203,0,1.586,1.586,0.025,,,,,,,,,,,,
Soybean_cluster_1_yearly_True_window_8_lags_2_sinusoidal_no_quadratic,True,8,quadratic_lags_2_sinusoidal_no,0.425,0.668,282.026,285.587,True,True,False,0.44,-0.394,0,2.349,2.421,0.423,1.072,0.065,,,,,,,,,,
Soybean_cluster_1_yearly_True_window_8_lags_3_sinusoidal_no_quadratic,True,8,quadratic_lags_3_sinusoidal_no,0.731,0.437,250.248,253.58,True,True,False,1.379,0.628,0,2.288,2.445,0.835,,,1.157,0.002,,,,,,,,
Soybean_cluster_1_yearly_True_window_8_lags_none_sinusoidal_yes_quadratic,True,8,quadratic_lags_none_sinusoidal_yes,0.333,0.342,318.277,323.256,True,False,False,0.531,-0.05,0,1.713,1.931,0.021,,,,,,,,,1.109,1.109,0.848,0.243
Soybean_cluster_1_yearly_True_window_8_lags_2_sinusoidal_yes_quadratic,True,8,quadratic_lags_2_sinusoidal_yes,0.552,0.403,281.508,286.85,True,True,False,0.719,-0.719,0,2.582,2.838,0.63,1.084,0.02,,,,,,,1.172,1.0,0.091,0.717
Soybean_cluster_1_yearly_True_window_8_lags_3_sinusoidal_yes_quadratic,True,8,quadratic_lags_3_sinusoidal_yes,0.802,0.818,249.051,254.05,True,True,True,1.878,0.016,0,2.322,2.51,0.833,,,1.161,0.001,,,,,1.026,1.0,0.091,0.34
Soybean_cluster_1_yearly_False_window_9_lags_none_sinusoidal_no_quadratic,False,9,quadratic_lags_none_sinusoidal_no,0.133,0.825,378.413,381.947,True,True,False,0.41,-0.513,0,1.795,1.795,0.088,,,,,,,,,,,,
Soybean_cluster_1_yearly_False_window_9_lags_2_sinusoidal_no_quadratic,False,9,quadratic_lags_2_sinusoidal_no,0.23,0.059,345.128,349.492,True,False,False,0.415,-0.167,0,2.021,2.065,0.729,1.044,0.665,,,,,,,,,,
Soybean_cluster_1_yearly_False_window_9_lags_3_sinusoidal_no_quadratic,False,9,quadratic_lags_3_sinusoidal_no,0.373,0.04,321.868,326.046,True,True,False,0.768,-0.52,0,1.865,1.889,0.807,,,1.024,0.582,,,,,,,,
Soybean_cluster_1_yearly_False_window_9_lags_none_sinusoidal_yes_quadratic,False,9,quadratic_lags_none_sinusoidal_yes,0.303,0.115,377.17,383.06,True,False,False,0.625,-0.721,0,1.815,1.841,0.034,,,,,,,,,1.023,1.003,0.167,0.07
Soybean_cluster_1_yearly_False_window_9_lags_2_sinusoidal_yes_quadratic,False,9,quadratic_lags_2_sinusoidal_yes,0.328,0.828,346.128,352.674,True,True,False,0.59,-0.445,0,2.086,2.197,0.811,1.047,0.494,,,,,,,1.042,1.022,0.364,0.146
Soybean_cluster_1_yearly_False_window_9_lags_3_sinusoidal_yes_quadratic,False,9,quadratic_lags_3_sinusoidal_yes,0.53,0.714,319.797,326.064,True,True,False,0.845,-0.134,0,1.942,2.057,0.665,,,1.026,0.635,,,,,1.064,1.025,0.246,0.131
Soybean_cluster_1_yearly_True_window_9_lags_none_sinusoidal_no_quadratic,True,9,quadratic_lags_none_sinusoidal_no,0.101,0.936,316.435,319.422,True,True,False,0.295,-0.666,0,2.106,2.106,0.187,,,,,,,,,,,,
Soybean_cluster_1_yearly_True_window_9_lags_2_sinusoidal_no_quadratic,True,9,quadratic_lags_2_sinusoidal_no,0.439,0.285,277.213,280.775,True,True,False,0.434,-0.643,0,1.94,1.949,0.458,1.009,0.318,,,,,,,,,,
Soybean_cluster_1_yearly_True_window_9_lags_none_sinusoidal_yes_quadratic,True,9,quadratic_lags_none_sinusoidal_yes,0.103,0.954,320.379,325.357,True,False,False,0.302,-1.594,0,2.135,2.162,0.222,,,,,,,,,1.024,1.002,0.959,0.848
Soybean_cluster_1_yearly_True_window_9_lags_2_sinusoidal_yes_quadratic,True,9,quadratic_lags_2_sinusoidal_yes,0.55,0.755,277.251,282.594,True,True,False,0.646,-1.003,0,2.522,3.157,0.855,1.015,0.227,,,,,,,1.013,1.606,0.274,0.483
Soybean_cluster_1_yearly_False_window_10_lags_none_sinusoidal_no_quadratic,False,10,quadratic_lags_none_sinusoidal_no,0.166,0.873,374.892,378.427,True,True,False,0.384,0.015,0,1.657,1.657,0.057,,,,,,,,,,,,
Soybean_cluster_1_yearly_False_window_10_lags_2_sinusoidal_no_quadratic,False,10,quadratic_lags_2_sinusoidal_no,0.262,0.062,341.88,346.244,True,False,False,0.368,-1.207,0,1.523,1.539,0.447,1.015,0.81,,,,,,,,,,
Soybean_cluster_1_yearly_False_window_10_lags_3_sinusoidal_no_quadratic,False,10,quadratic_lags_3_sinusoidal_no,0.41,0.041,317.776,321.954,True,True,False,0.715,-1.897,0,1.486,1.497,0.671,,,1.011,0.728,,,,,,,,
Soybean_cluster_1_yearly_False_window_10_lags_none_sinusoidal_yes_quadratic,False,10,quadratic_lags_none_sinusoidal_yes,0.313,0.281,374.229,380.12,True,False,False,0.586,-0.369,0,1.691,1.743,0.037,,,,,,,,,1.007,1.046,0.135,0.122
Soybean_cluster_1_yearly_False_window_10_lags_2_sinusoidal_yes_quadratic,False,10,quadratic_lags_2_sinusoidal_yes,0.336,0.93,343.561,350.107,True,False,False,0.465,-1.777,0,1.535,1.574,0.408,1.016,0.513,,,,,,,1.016,1.007,0.25,0.347
Soybean_cluster_1_yearly_False_window_10_lags_3_sinusoidal_yes_quadratic,False,10,quadratic_lags_3_sinusoidal_yes,0.557,0.624,315.776,322.043,True,True,False,0.703,-0.671,0,1.501,1.542,0.404,,,1.011,0.473,,,,,1.019,1.011,0.076,0.505
Soybean_cluster_1_yearly_True_window_10_lags_none_sinusoidal_no_quadratic,True,10,quadratic_lags_none_sinusoidal_no,0.02,0.83,316.98,319.968,True,True,False,0.149,-0.053,0,1.917,1.917,0.563,,,,,,,,,,,,
Soybean_cluster_1_yearly_True_window_10_lags_none_sinusoidal_yes_quadratic,True,10,quadratic_lags_none_sinusoidal_yes,0.021,0.828,320.953,325.932,True,False,False,0.15,-1.307,0,1.93,1.944,0.576,,,,,,,,,1.007,1.007,0.914,0.928
