analysis_name,yearly_aggregate,window_size,config_type,r_squared,p_value,aic,bic,is_normal,is_homoscedastic,no_autocorrelation,durbin_watson,cv_r2_score,cv_r2_std,vif_PPT,vif_quadratic,p_value_quadratic,vif_ortho_PPT_lag0,p_value_lag0,vif_ortho_PPT_lag1,p_value_lag1,vif_ortho_PPT_lag7,p_value_lag7,vif_ortho_sin_cycle,vif_ortho_cos_cycle,p_value_sin,p_value_cos
Soybean_cluster_0_yearly_False_window_1_lags_none_sinusoidal_no_quadratic,False,1,quadratic_lags_none_sinusoidal_no,0.232,0.035,361.631,364.765,True,True,False,1.471,-1.144,0,1.448,1.448,0.623,,,,,,,,,,
Soybean_cluster_0_yearly_False_window_1_lags_0_sinusoidal_no_quadratic,False,1,quadratic_lags_0_sinusoidal_no,0.26,0.072,362.849,367.027,True,True,True,1.59,-3.629,0,1.484,1.564,0.565,1.08,0.433,,,,,,,,
Soybean_cluster_0_yearly_False_window_1_lags_1_sinusoidal_no_quadratic,False,1,quadratic_lags_1_sinusoidal_no,0.207,0.064,346.499,350.482,True,True,True,1.67,-1.004,0,1.453,1.76,0.721,,,1.308,0.505,,,,,,
Soybean_cluster_0_yearly_False_window_1_lags_7_sinusoidal_no_quadratic,False,1,quadratic_lags_7_sinusoidal_no,0.218,0.592,245.095,247.651,True,True,True,1.565,-0.308,0,1.367,1.424,0.827,,,,,1.057,0.747,,,,
Soybean_cluster_0_yearly_False_window_1_lags_none_sinusoidal_yes_quadratic,False,1,quadratic_lags_none_sinusoidal_yes,0.38,0.013,361.113,366.336,True,True,True,1.903,-0.934,0,1.449,1.452,0.437,,,,,,,1.003,1.0,0.618,0.074
Soybean_cluster_0_yearly_False_window_1_lags_0_sinusoidal_yes_quadratic,False,1,quadratic_lags_0_sinusoidal_yes,0.381,0.022,363.112,369.379,True,True,True,1.903,-0.88,0,1.478,1.546,0.454,1.058,0.663,,,,,1.005,1.005,0.608,0.103
Soybean_cluster_0_yearly_False_window_1_lags_1_sinusoidal_yes_quadratic,False,1,quadratic_lags_1_sinusoidal_yes,0.345,0.027,346.68,352.654,True,True,True,1.99,-1.193,0,1.453,1.761,0.584,,,1.308,0.346,,,1.0,1.0,0.507,0.127
Soybean_cluster_0_yearly_False_window_1_lags_7_sinusoidal_yes_quadratic,False,1,quadratic_lags_7_sinusoidal_yes,0.447,0.483,244.253,248.087,True,True,True,2.026,-1.599,0,1.384,1.491,0.753,,,,,1.059,0.88,1.032,1.015,0.465,0.145
Soybean_cluster_0_yearly_True_window_1_lags_none_sinusoidal_no_quadratic,True,1,quadratic_lags_none_sinusoidal_no,0.281,0.024,322.774,325.608,True,True,True,1.626,-2.054,0,1.502,1.502,0.396,,,,,,,,,,
Soybean_cluster_0_yearly_True_window_1_lags_0_sinusoidal_no_quadratic,True,1,quadratic_lags_0_sinusoidal_no,0.311,0.053,323.974,327.751,True,True,True,1.779,-2.266,0,1.553,1.655,0.343,1.102,0.434,,,,,,,,
Soybean_cluster_0_yearly_True_window_1_lags_1_sinusoidal_no_quadratic,True,1,quadratic_lags_1_sinusoidal_no,0.237,0.085,308.317,311.878,True,True,True,1.785,-1.4,0,1.524,1.895,0.432,,,1.371,0.851,,,,,,
Soybean_cluster_0_yearly_True_window_1_lags_7_sinusoidal_no_quadratic,True,1,quadratic_lags_7_sinusoidal_no,0.281,0.235,208.075,210.015,True,True,True,1.53,-6.337,0,1.507,1.738,0.751,,,,,1.231,0.67,,,,
Soybean_cluster_0_yearly_True_window_1_lags_none_sinusoidal_yes_quadratic,True,1,quadratic_lags_none_sinusoidal_yes,0.456,0.007,321.477,326.199,True,True,True,2.067,-1.643,0,1.507,1.516,0.24,,,,,,,1.007,1.002,0.254,0.093
Soybean_cluster_0_yearly_True_window_1_lags_0_sinusoidal_yes_quadratic,True,1,quadratic_lags_0_sinusoidal_yes,0.456,0.016,323.477,329.143,True,True,True,2.067,-8.981,0,1.573,1.714,0.263,1.105,0.597,,,,,1.008,1.028,0.276,0.146
Soybean_cluster_0_yearly_True_window_1_lags_1_sinusoidal_yes_quadratic,True,1,quadratic_lags_1_sinusoidal_yes,0.405,0.029,307.82,313.162,True,True,True,2.132,-1.159,0,1.525,1.898,0.34,,,1.372,0.569,,,1.0,1.001,0.252,0.163
Soybean_cluster_0_yearly_True_window_1_lags_7_sinusoidal_yes_quadratic,True,1,quadratic_lags_7_sinusoidal_yes,0.571,0.097,205.881,208.79,True,True,True,1.524,-27.361,0,1.593,2.033,0.736,,,,,1.27,0.289,1.093,1.076,0.981,0.092
Soybean_cluster_0_yearly_False_window_2_lags_none_sinusoidal_no_quadratic,False,2,quadratic_lags_none_sinusoidal_no,0.232,0.032,353.54,356.674,True,True,False,0.643,-0.344,0,1.89,1.89,0.857,,,,,,,,,,
Soybean_cluster_0_yearly_False_window_2_lags_0_sinusoidal_no_quadratic,False,2,quadratic_lags_0_sinusoidal_no,0.26,0.098,354.768,358.946,True,True,False,0.771,-3.992,0,2.324,2.812,0.559,1.488,0.436,,,,,,,,
Soybean_cluster_0_yearly_False_window_2_lags_1_sinusoidal_no_quadratic,False,2,quadratic_lags_1_sinusoidal_no,0.326,0.036,334.046,338.029,True,True,False,1.069,-0.001,0,2.069,2.237,0.736,,,1.169,0.085,,,,,,
Soybean_cluster_0_yearly_False_window_2_lags_7_sinusoidal_no_quadratic,False,2,quadratic_lags_7_sinusoidal_no,0.112,0.64,237.17,239.726,True,True,False,1.041,-0.668,0,2.014,2.021,0.873,,,,,1.007,0.817,,,,
Soybean_cluster_0_yearly_False_window_2_lags_none_sinusoidal_yes_quadratic,False,2,quadratic_lags_none_sinusoidal_yes,0.443,0.008,350.796,356.019,True,True,False,1.146,-0.136,0,2.049,2.228,0.282,,,,,,,1.129,1.05,0.236,0.038
Soybean_cluster_0_yearly_False_window_2_lags_0_sinusoidal_yes_quadratic,False,2,quadratic_lags_0_sinusoidal_yes,0.455,0.026,352.337,358.604,True,True,False,1.24,-3.006,0,2.598,3.393,0.237,1.589,0.341,,,,,1.199,1.008,0.226,0.058
Soybean_cluster_0_yearly_False_window_2_lags_1_sinusoidal_yes_quadratic,False,2,quadratic_lags_1_sinusoidal_yes,0.44,0.016,334.347,340.322,True,True,False,1.37,0.099,0,2.225,2.565,0.428,,,1.193,0.079,,,1.142,1.004,0.219,0.258
Soybean_cluster_0_yearly_False_window_2_lags_7_sinusoidal_yes_quadratic,False,2,quadratic_lags_7_sinusoidal_yes,0.484,0.456,233.575,237.41,True,True,True,1.562,-1.896,0,2.27,2.53,0.76,,,,,1.008,0.997,1.101,1.151,0.666,0.052
Soybean_cluster_0_yearly_True_window_2_lags_none_sinusoidal_no_quadratic,True,2,quadratic_lags_none_sinusoidal_no,0.247,0.038,315.916,318.749,True,True,False,0.632,-0.643,0,1.932,1.932,0.797,,,,,,,,,,
Soybean_cluster_0_yearly_True_window_2_lags_0_sinusoidal_no_quadratic,True,2,quadratic_lags_0_sinusoidal_no,0.279,0.056,317.101,320.878,True,True,False,0.729,-2.343,0,2.343,2.784,0.518,1.442,0.43,,,,,,,,
Soybean_cluster_0_yearly_True_window_2_lags_1_sinusoidal_no_quadratic,True,2,quadratic_lags_1_sinusoidal_no,0.315,0.096,297.4,300.961,True,True,False,0.994,-0.013,0,2.115,2.209,0.418,,,1.094,0.209,,,,,,
Soybean_cluster_0_yearly_True_window_2_lags_7_sinusoidal_no_quadratic,True,2,quadratic_lags_7_sinusoidal_no,0.156,0.756,201.055,202.995,True,True,False,1.135,-4.582,0,2.262,2.266,0.65,,,,,1.004,0.773,,,,
Soybean_cluster_0_yearly_True_window_2_lags_none_sinusoidal_yes_quadratic,True,2,quadratic_lags_none_sinusoidal_yes,0.53,0.005,310.964,315.686,True,True,False,1.223,-0.438,0,2.146,2.375,0.141,,,,,,,1.175,1.055,0.051,0.044
Soybean_cluster_0_yearly_True_window_2_lags_0_sinusoidal_yes_quadratic,True,2,quadratic_lags_0_sinusoidal_yes,0.533,0.009,312.818,318.484,True,True,False,1.253,-0.181,0,2.637,3.394,0.171,1.538,0.227,,,,,1.213,1.006,0.062,0.104
Soybean_cluster_0_yearly_True_window_2_lags_1_sinusoidal_yes_quadratic,True,2,quadratic_lags_1_sinusoidal_yes,0.574,0.017,292.872,298.214,True,True,True,1.611,-0.889,0,2.298,2.571,0.108,,,1.109,0.118,,,1.163,1.001,0.022,0.539
Soybean_cluster_0_yearly_True_window_2_lags_7_sinusoidal_yes_quadratic,True,2,quadratic_lags_7_sinusoidal_yes,0.689,0.079,193.079,195.989,True,True,False,1.477,-20.037,0,3.116,3.801,0.326,,,,,1.007,0.179,1.301,1.377,0.226,0.019
Soybean_cluster_0_yearly_False_window_3_lags_none_sinusoidal_no_quadratic,False,3,quadratic_lags_none_sinusoidal_no,0.193,0.073,347.728,350.861,True,True,False,0.371,-0.038,0,1.784,1.784,0.752,,,,,,,,,,
Soybean_cluster_0_yearly_False_window_3_lags_0_sinusoidal_no_quadratic,False,3,quadratic_lags_0_sinusoidal_no,0.195,0.08,349.671,353.849,True,True,False,0.354,-0.042,0,1.788,1.793,0.776,1.005,0.833,,,,,,,,
Soybean_cluster_0_yearly_False_window_3_lags_1_sinusoidal_no_quadratic,False,3,quadratic_lags_1_sinusoidal_no,0.396,0.123,325.246,329.229,True,True,False,0.807,0.173,0,1.791,1.826,0.383,,,1.035,0.039,,,,,,
Soybean_cluster_0_yearly_False_window_3_lags_7_sinusoidal_no_quadratic,False,3,quadratic_lags_7_sinusoidal_no,0.128,0.993,230.856,233.413,True,True,False,0.726,-0.405,0,2.11,2.172,0.869,,,,,1.062,0.483,,,,
Soybean_cluster_0_yearly_False_window_3_lags_none_sinusoidal_yes_quadratic,False,3,quadratic_lags_none_sinusoidal_yes,0.522,0.008,340.711,345.933,True,True,False,0.627,0.188,0,2.006,2.29,0.146,,,,,,,1.182,1.102,0.228,0.005
Soybean_cluster_0_yearly_False_window_3_lags_0_sinusoidal_yes_quadratic,False,3,quadratic_lags_0_sinusoidal_yes,0.536,0.052,342.11,348.378,True,True,False,0.67,-1.117,0,2.192,2.714,0.123,1.232,0.239,,,,,1.232,1.057,0.204,0.011
Soybean_cluster_0_yearly_False_window_3_lags_1_sinusoidal_yes_quadratic,False,3,quadratic_lags_1_sinusoidal_yes,0.593,0.018,321.365,327.34,True,False,False,0.85,-0.645,0,1.924,2.133,0.201,,,1.041,0.013,,,1.163,1.006,0.064,0.085
Soybean_cluster_0_yearly_False_window_3_lags_7_sinusoidal_yes_quadratic,False,3,quadratic_lags_7_sinusoidal_yes,0.6,0.518,223.938,227.773,True,True,False,1.27,-0.06,0,3.071,4.053,0.545,,,,,1.115,0.628,1.866,1.0,0.254,0.036
Soybean_cluster_0_yearly_True_window_3_lags_none_sinusoidal_no_quadratic,True,3,quadratic_lags_none_sinusoidal_no,0.191,0.084,310.821,313.655,True,True,False,0.501,-0.462,0,1.619,1.619,0.981,,,,,,,,,,
Soybean_cluster_0_yearly_True_window_3_lags_0_sinusoidal_no_quadratic,True,3,quadratic_lags_0_sinusoidal_no,0.225,0.302,311.984,315.761,True,True,False,0.601,-0.412,0,1.629,1.643,0.821,1.015,0.424,,,,,,,,
Soybean_cluster_0_yearly_True_window_3_lags_1_sinusoidal_no_quadratic,True,3,quadratic_lags_1_sinusoidal_no,0.286,0.502,291.964,295.525,False,True,False,0.793,-0.376,0,1.615,1.616,0.318,,,1.002,0.197,,,,,,
Soybean_cluster_0_yearly_True_window_3_lags_7_sinusoidal_no_quadratic,True,3,quadratic_lags_7_sinusoidal_no,0.163,0.659,195.969,197.909,True,True,False,1.261,-2.738,0,2.194,2.376,0.742,,,,,1.183,0.383,,,,
Soybean_cluster_0_yearly_True_window_3_lags_none_sinusoidal_yes_quadratic,True,3,quadratic_lags_none_sinusoidal_yes,0.536,0.011,304.235,308.958,True,True,False,0.781,0.129,0,1.833,2.179,0.178,,,,,,,1.144,1.202,0.076,0.012
Soybean_cluster_0_yearly_True_window_3_lags_0_sinusoidal_yes_quadratic,True,3,quadratic_lags_0_sinusoidal_yes,0.631,0.11,301.895,307.562,True,True,False,1.246,0.307,0,1.897,2.346,0.056,1.021,0.277,,,,,1.186,1.242,0.032,0.006
Soybean_cluster_0_yearly_True_window_3_lags_1_sinusoidal_yes_quadratic,True,3,quadratic_lags_1_sinusoidal_yes,0.587,0.107,286.106,291.448,True,False,False,1.036,-4.833,0,1.709,1.864,0.168,,,1.002,0.058,,,1.139,1.014,0.014,0.287
Soybean_cluster_0_yearly_True_window_3_lags_7_sinusoidal_yes_quadratic,True,3,quadratic_lags_7_sinusoidal_yes,0.62,0.13,190.499,193.408,False,True,False,1.131,-59.832,0,4.004,5.98,0.721,,,,,1.46,0.274,2.504,1.013,0.833,0.045
Soybean_cluster_0_yearly_False_window_4_lags_none_sinusoidal_no_quadratic,False,4,quadratic_lags_none_sinusoidal_no,0.245,0.03,344.207,347.34,True,True,False,0.444,0.115,0,1.535,1.535,0.772,,,,,,,,,,
Soybean_cluster_0_yearly_False_window_4_lags_0_sinusoidal_no_quadratic,False,4,quadratic_lags_0_sinusoidal_no,0.26,0.247,345.781,349.959,True,True,False,0.501,0.063,0,1.645,1.85,0.856,1.205,0.563,,,,,,,,
Soybean_cluster_0_yearly_False_window_4_lags_1_sinusoidal_no_quadratic,False,4,quadratic_lags_1_sinusoidal_no,0.403,0.511,322.253,326.236,False,True,False,1.043,-0.96,0,1.555,1.558,0.287,,,1.003,0.037,,,,,,
Soybean_cluster_0_yearly_False_window_4_lags_7_sinusoidal_no_quadratic,False,4,quadratic_lags_7_sinusoidal_no,0.21,0.401,224.919,227.475,True,True,False,1.066,-1.582,0,2.135,2.373,0.486,,,,,1.237,0.213,,,,
Soybean_cluster_0_yearly_False_window_4_lags_none_sinusoidal_yes_quadratic,False,4,quadratic_lags_none_sinusoidal_yes,0.52,0.009,338.687,343.91,True,False,False,0.562,-0.395,0,1.698,2.002,0.369,,,,,,,1.18,1.124,0.144,0.013
Soybean_cluster_0_yearly_False_window_4_lags_0_sinusoidal_yes_quadratic,False,4,quadratic_lags_0_sinusoidal_yes,0.544,0.161,339.632,345.899,True,True,False,0.657,-0.363,0,1.894,2.565,0.223,1.284,0.293,,,,,1.302,1.085,0.099,0.016
Soybean_cluster_0_yearly_False_window_4_lags_1_sinusoidal_yes_quadratic,False,4,quadratic_lags_1_sinusoidal_yes,0.566,0.166,319.901,325.875,True,True,False,0.914,-0.901,0,1.647,1.817,0.252,,,1.004,0.016,,,1.166,1.0,0.043,0.447
Soybean_cluster_0_yearly_False_window_4_lags_7_sinusoidal_yes_quadratic,False,4,quadratic_lags_7_sinusoidal_yes,0.729,0.244,213.946,217.78,True,True,True,1.735,-3.823,0,3.006,4.191,0.359,,,,,1.419,0.817,1.746,1.02,0.46,0.005
Soybean_cluster_0_yearly_True_window_4_lags_none_sinusoidal_no_quadratic,True,4,quadratic_lags_none_sinusoidal_no,0.284,0.023,305.2,308.033,True,True,False,0.464,-0.067,0,1.445,1.445,0.416,,,,,,,,,,
Soybean_cluster_0_yearly_True_window_4_lags_0_sinusoidal_no_quadratic,True,4,quadratic_lags_0_sinusoidal_no,0.284,0.112,307.198,310.976,True,True,False,0.466,-0.063,0,1.579,1.881,0.585,1.302,0.969,,,,,,,,
Soybean_cluster_0_yearly_True_window_4_lags_1_sinusoidal_no_quadratic,True,4,quadratic_lags_1_sinusoidal_no,0.398,0.368,284.643,288.204,True,True,False,1.061,0.284,0,1.426,1.433,0.52,,,1.007,0.018,,,,,,
Soybean_cluster_0_yearly_True_window_4_lags_7_sinusoidal_no_quadratic,True,4,quadratic_lags_7_sinusoidal_no,0.357,0.485,186.834,188.773,True,True,False,1.265,-12.022,0,1.841,2.128,0.432,,,,,1.286,0.093,,,,
Soybean_cluster_0_yearly_True_window_4_lags_none_sinusoidal_yes_quadratic,True,4,quadratic_lags_none_sinusoidal_yes,0.572,0.004,299.402,304.124,True,False,False,0.687,-0.015,0,1.622,2.021,0.559,,,,,,,1.113,1.286,0.03,0.045
Soybean_cluster_0_yearly_True_window_4_lags_0_sinusoidal_yes_quadratic,True,4,quadratic_lags_0_sinusoidal_yes,0.573,0.027,301.363,307.03,True,True,False,0.696,-4.85,0,1.777,2.524,0.732,1.405,0.828,,,,,1.145,1.196,0.036,0.054
Soybean_cluster_0_yearly_True_window_4_lags_1_sinusoidal_yes_quadratic,True,4,quadratic_lags_1_sinusoidal_yes,0.587,0.054,281.869,287.211,True,True,False,1.077,-0.32,0,1.477,1.604,0.751,,,1.007,0.006,,,1.048,1.072,0.037,0.651
Soybean_cluster_0_yearly_True_window_4_lags_7_sinusoidal_yes_quadratic,True,4,quadratic_lags_7_sinusoidal_yes,0.81,0.326,176.201,179.11,True,True,True,1.676,-173.414,0,2.048,2.651,0.63,,,,,1.357,0.817,1.111,1.135,0.468,0.025
Soybean_cluster_0_yearly_False_window_5_lags_none_sinusoidal_no_quadratic,False,5,quadratic_lags_none_sinusoidal_no,0.27,0.024,337.735,340.868,True,True,False,0.36,-0.107,0,1.502,1.502,0.455,,,,,,,,,,
Soybean_cluster_0_yearly_False_window_5_lags_0_sinusoidal_no_quadratic,False,5,quadratic_lags_0_sinusoidal_no,0.278,0.064,339.49,343.668,True,True,False,0.39,-1.078,0,1.502,1.502,0.397,1.0,0.661,,,,,,,,
Soybean_cluster_0_yearly_False_window_5_lags_1_sinusoidal_no_quadratic,False,5,quadratic_lags_1_sinusoidal_no,0.413,0.427,316.02,320.003,True,True,False,0.701,-0.263,0,1.484,1.485,0.432,,,1.0,0.015,,,,,,
Soybean_cluster_0_yearly_False_window_5_lags_7_sinusoidal_no_quadratic,False,5,quadratic_lags_7_sinusoidal_no,0.129,0.51,217.789,220.346,True,True,False,0.768,-10.051,0,1.978,2.182,0.76,,,,,1.204,0.299,,,,
Soybean_cluster_0_yearly_False_window_5_lags_none_sinusoidal_yes_quadratic,False,5,quadratic_lags_none_sinusoidal_yes,0.591,0.003,329.551,334.773,True,True,False,0.603,-0.639,0,1.673,2.013,0.678,,,,,,,1.089,1.251,0.293,0.003
Soybean_cluster_0_yearly_False_window_5_lags_0_sinusoidal_yes_quadratic,False,5,quadratic_lags_0_sinusoidal_yes,0.609,0.009,330.597,336.864,True,True,False,0.689,-1.345,0,1.674,2.016,0.989,1.0,0.353,,,,,1.091,1.251,0.373,0.003
Soybean_cluster_0_yearly_False_window_5_lags_1_sinusoidal_yes_quadratic,False,5,quadratic_lags_1_sinusoidal_yes,0.603,0.042,312.188,318.162,True,True,False,0.701,-0.329,0,1.54,1.657,0.83,,,1.0,0.003,,,1.06,1.056,0.032,0.106
Soybean_cluster_0_yearly_False_window_5_lags_7_sinusoidal_yes_quadratic,False,5,quadratic_lags_7_sinusoidal_yes,0.706,0.291,206.57,210.404,True,True,True,1.981,-4.665,0,2.137,2.535,0.428,,,,,1.237,0.816,1.154,1.008,0.106,0.023
Soybean_cluster_0_yearly_True_window_5_lags_none_sinusoidal_no_quadratic,True,5,quadratic_lags_none_sinusoidal_no,0.291,0.021,299.853,302.686,True,True,False,0.39,0.134,0,1.482,1.482,0.461,,,,,,,,,,
Soybean_cluster_0_yearly_True_window_5_lags_0_sinusoidal_no_quadratic,True,5,quadratic_lags_0_sinusoidal_no,0.438,0.004,297.449,301.227,True,True,False,0.606,0.053,0,1.489,1.506,0.165,1.016,0.067,,,,,,,,
Soybean_cluster_0_yearly_True_window_5_lags_1_sinusoidal_no_quadratic,True,5,quadratic_lags_1_sinusoidal_no,0.445,0.296,277.934,281.495,True,True,False,1.046,-1.066,0,1.433,1.443,0.297,,,1.01,0.01,,,,,,
Soybean_cluster_0_yearly_True_window_5_lags_7_sinusoidal_no_quadratic,True,5,quadratic_lags_7_sinusoidal_no,0.275,0.329,179.388,181.327,True,True,True,1.53,-4.75,0,1.674,1.717,0.517,,,,,1.043,0.156,,,,
Soybean_cluster_0_yearly_True_window_5_lags_none_sinusoidal_yes_quadratic,True,5,quadratic_lags_none_sinusoidal_yes,0.666,0.001,289.58,294.303,True,True,False,0.759,0.463,0,1.682,2.099,0.626,,,,,,,1.001,1.416,0.026,0.008
Soybean_cluster_0_yearly_True_window_5_lags_0_sinusoidal_yes_quadratic,True,5,quadratic_lags_0_sinusoidal_yes,0.667,0.011,291.522,297.189,True,True,False,0.74,-1.11,0,1.737,2.267,0.614,1.149,0.232,,,,,1.008,1.373,0.095,0.01
Soybean_cluster_0_yearly_True_window_5_lags_1_sinusoidal_yes_quadratic,True,5,quadratic_lags_1_sinusoidal_yes,0.677,0.012,272.188,277.53,True,True,False,1.125,0.237,0,1.507,1.692,0.687,,,1.012,0.001,,,1.015,1.157,0.017,0.124
Soybean_cluster_0_yearly_True_window_5_lags_7_sinusoidal_yes_quadratic,True,5,quadratic_lags_7_sinusoidal_yes,0.794,0.856,168.289,171.199,True,True,True,1.739,-1001.824,0,1.792,2.017,0.653,,,,,1.051,0.707,1.023,1.151,0.443,0.021
Soybean_cluster_0_yearly_False_window_6_lags_none_sinusoidal_no_quadratic,False,6,quadratic_lags_none_sinusoidal_no,0.419,0.002,331.636,334.769,True,True,False,0.42,-0.036,0,1.607,1.607,0.259,,,,,,,,,,
Soybean_cluster_0_yearly_False_window_6_lags_0_sinusoidal_no_quadratic,False,6,quadratic_lags_0_sinusoidal_no,0.436,0.006,333.023,337.201,True,True,False,0.414,-6.311,0,1.689,1.824,0.198,1.135,0.488,,,,,,,,
Soybean_cluster_0_yearly_False_window_6_lags_1_sinusoidal_no_quadratic,False,6,quadratic_lags_1_sinusoidal_no,0.599,0.115,306.499,310.482,True,True,False,1.135,-0.217,0,1.582,1.583,0.337,,,1.0,0.001,,,,,,
Soybean_cluster_0_yearly_False_window_6_lags_7_sinusoidal_no_quadratic,False,6,quadratic_lags_7_sinusoidal_no,0.071,0.934,212.128,214.684,True,True,False,0.715,-4.331,0,1.973,1.991,0.721,,,,,1.018,0.695,,,,
Soybean_cluster_0_yearly_False_window_6_lags_none_sinusoidal_yes_quadratic,False,6,quadratic_lags_none_sinusoidal_yes,0.668,0.001,323.899,329.122,True,False,False,0.548,0.197,0,1.881,2.333,0.609,,,,,,,1.1,1.352,0.079,0.007
Soybean_cluster_0_yearly_False_window_6_lags_0_sinusoidal_yes_quadratic,False,6,quadratic_lags_0_sinusoidal_yes,0.684,0.002,324.856,331.123,True,False,False,0.589,-3.821,0,1.974,2.58,0.935,1.192,0.699,,,,,1.108,1.306,0.07,0.009
Soybean_cluster_0_yearly_False_window_6_lags_1_sinusoidal_yes_quadratic,False,6,quadratic_lags_1_sinusoidal_yes,0.679,0.023,306.03,312.005,True,False,False,0.873,-0.516,0,1.652,1.772,0.555,,,1.0,0.0,,,1.009,1.11,0.126,0.179
Soybean_cluster_0_yearly_False_window_6_lags_7_sinusoidal_yes_quadratic,False,6,quadratic_lags_7_sinusoidal_yes,0.889,0.943,186.44,190.274,True,True,True,2.157,-3.562,0,2.141,2.334,0.459,,,,,1.021,0.692,1.018,1.155,0.091,0.005
Soybean_cluster_0_yearly_True_window_6_lags_none_sinusoidal_no_quadratic,True,6,quadratic_lags_none_sinusoidal_no,0.466,0.002,294.131,296.964,True,True,False,0.529,0.39,0,1.763,1.763,0.372,,,,,,,,,,
Soybean_cluster_0_yearly_True_window_6_lags_0_sinusoidal_no_quadratic,True,6,quadratic_lags_0_sinusoidal_no,0.466,0.033,296.13,299.908,True,False,False,0.526,-1.734,0,2.55,3.581,0.649,2.031,0.98,,,,,,,,
Soybean_cluster_0_yearly_True_window_6_lags_1_sinusoidal_no_quadratic,True,6,quadratic_lags_1_sinusoidal_no,0.573,0.119,272.151,275.712,True,True,False,0.993,0.367,0,2.112,2.176,0.306,,,1.064,0.005,,,,,,
Soybean_cluster_0_yearly_True_window_6_lags_7_sinusoidal_no_quadratic,True,6,quadratic_lags_7_sinusoidal_no,0.187,0.226,170.511,172.45,True,True,False,1.153,-4.372,0,2.866,3.037,0.533,,,,,1.172,0.348,,,,
Soybean_cluster_0_yearly_True_window_6_lags_none_sinusoidal_yes_quadratic,True,6,quadratic_lags_none_sinusoidal_yes,0.777,0.0,281.559,286.281,True,True,False,0.795,0.482,0,2.223,2.826,0.456,,,,,,,1.033,1.57,0.001,0.035
Soybean_cluster_0_yearly_True_window_6_lags_0_sinusoidal_yes_quadratic,True,6,quadratic_lags_0_sinusoidal_yes,0.778,0.004,283.494,289.16,True,True,False,0.764,-0.151,0,3.369,5.473,0.569,2.576,0.526,,,,,1.036,1.492,0.003,0.048
Soybean_cluster_0_yearly_True_window_6_lags_1_sinusoidal_yes_quadratic,True,6,quadratic_lags_1_sinusoidal_yes,0.81,0.001,261.542,266.884,True,True,False,1.27,0.365,0,2.606,3.142,0.971,,,1.093,0.0,,,1.06,1.385,0.003,0.182
Soybean_cluster_0_yearly_True_window_6_lags_7_sinusoidal_yes_quadratic,True,6,quadratic_lags_7_sinusoidal_yes,0.936,0.244,143.955,146.864,True,True,False,2.611,-0.333,0,3.69,4.379,0.002,,,,,1.247,0.736,1.061,1.381,0.566,0.0
Soybean_cluster_0_yearly_False_window_7_lags_none_sinusoidal_no_quadratic,False,7,quadratic_lags_none_sinusoidal_no,0.486,0.001,325.956,329.089,True,False,False,0.442,-0.037,0,2.235,2.235,0.154,,,,,,,,,,
Soybean_cluster_0_yearly_False_window_7_lags_0_sinusoidal_no_quadratic,False,7,quadratic_lags_0_sinusoidal_no,0.572,0.001,324.118,328.296,True,True,False,0.616,-3.266,0,2.245,2.254,0.135,1.008,0.082,,,,,,,,
Soybean_cluster_0_yearly_False_window_7_lags_1_sinusoidal_no_quadratic,False,7,quadratic_lags_1_sinusoidal_no,0.575,0.016,303.968,307.951,False,True,False,1.07,-0.421,0,1.986,1.991,0.699,,,1.005,0.002,,,,,,
Soybean_cluster_0_yearly_False_window_7_lags_7_sinusoidal_no_quadratic,False,7,quadratic_lags_7_sinusoidal_no,0.243,0.228,205.048,207.604,True,True,False,1.296,-0.448,0,2.374,2.434,0.233,,,,,1.06,0.354,,,,
Soybean_cluster_0_yearly_False_window_7_lags_none_sinusoidal_yes_quadratic,False,7,quadratic_lags_none_sinusoidal_yes,0.741,0.0,315.517,320.74,True,True,False,0.67,0.607,0,3.135,3.863,0.449,,,,,,,1.002,1.726,0.212,0.002
Soybean_cluster_0_yearly_False_window_7_lags_0_sinusoidal_yes_quadratic,False,7,quadratic_lags_0_sinusoidal_yes,0.751,0.0,316.683,322.95,True,True,False,0.635,-17.697,0,3.44,4.415,0.6,1.016,0.065,,,,,1.003,1.956,0.236,0.008
Soybean_cluster_0_yearly_False_window_7_lags_1_sinusoidal_yes_quadratic,False,7,quadratic_lags_1_sinusoidal_yes,0.739,0.001,298.253,304.228,True,True,False,0.969,-0.356,0,2.444,2.917,0.467,,,1.008,0.0,,,1.083,1.382,0.09,0.028
Soybean_cluster_0_yearly_False_window_7_lags_7_sinusoidal_yes_quadratic,False,7,quadratic_lags_7_sinusoidal_yes,0.791,0.188,191.008,194.842,True,True,True,2.369,0.676,0,3.466,4.368,0.203,,,,,1.107,0.343,1.158,1.636,0.071,0.017
Soybean_cluster_0_yearly_True_window_7_lags_none_sinusoidal_no_quadratic,True,7,quadratic_lags_none_sinusoidal_no,0.572,0.0,287.213,290.047,True,False,False,0.713,0.323,0,2.328,2.328,0.094,,,,,,,,,,
Soybean_cluster_0_yearly_True_window_7_lags_0_sinusoidal_no_quadratic,True,7,quadratic_lags_0_sinusoidal_no,0.609,0.001,287.538,291.316,True,True,False,0.806,-5.453,0,2.328,2.328,0.121,1.0,0.258,,,,,,,,
Soybean_cluster_0_yearly_True_window_7_lags_1_sinusoidal_no_quadratic,True,7,quadratic_lags_1_sinusoidal_no,0.581,0.012,268.49,272.052,True,True,False,0.808,-0.051,0,1.973,1.976,0.474,,,1.003,0.004,,,,,,
Soybean_cluster_0_yearly_True_window_7_lags_none_sinusoidal_yes_quadratic,True,7,quadratic_lags_none_sinusoidal_yes,0.784,0.0,278.204,282.926,True,True,False,0.882,0.562,0,2.694,2.969,0.356,,,,,,,1.012,1.264,0.007,0.057
Soybean_cluster_0_yearly_True_window_7_lags_0_sinusoidal_yes_quadratic,True,7,quadratic_lags_0_sinusoidal_yes,0.798,0.0,279.008,284.675,True,True,False,0.9,-21.492,0,2.723,3.02,0.355,1.0,0.165,,,,,1.012,1.286,0.009,0.098
Soybean_cluster_0_yearly_True_window_7_lags_1_sinusoidal_yes_quadratic,True,7,quadratic_lags_1_sinusoidal_yes,0.832,0.0,256.016,261.358,True,True,False,1.423,0.527,0,2.073,2.179,0.911,,,1.004,0.0,,,1.073,1.029,0.005,0.019
Soybean_cluster_0_yearly_False_window_8_lags_none_sinusoidal_no_quadratic,False,8,quadratic_lags_none_sinusoidal_no,0.649,0.0,318.361,321.494,True,True,False,0.653,0.369,0,2.114,2.114,0.043,,,,,,,,,,
Soybean_cluster_0_yearly_False_window_8_lags_0_sinusoidal_no_quadratic,False,8,quadratic_lags_0_sinusoidal_no,0.658,0.0,319.847,324.025,True,True,False,0.616,0.334,0,2.13,2.144,0.054,1.014,0.525,,,,,,,,
Soybean_cluster_0_yearly_False_window_8_lags_1_sinusoidal_no_quadratic,False,8,quadratic_lags_1_sinusoidal_no,0.655,0.004,299.886,303.869,True,True,False,0.716,0.008,0,1.892,1.892,0.902,,,1.0,0.001,,,,,,
Soybean_cluster_0_yearly_False_window_8_lags_none_sinusoidal_yes_quadratic,False,8,quadratic_lags_none_sinusoidal_yes,0.759,0.0,314.505,319.728,True,True,False,0.647,0.5,0,2.628,3.089,0.55,,,,,,,1.094,1.367,0.134,0.03
Soybean_cluster_0_yearly_False_window_8_lags_0_sinusoidal_yes_quadratic,False,8,quadratic_lags_0_sinusoidal_yes,0.761,0.0,316.331,322.598,True,True,False,0.663,0.502,0,2.628,3.089,0.559,1.02,0.371,,,,,1.099,1.342,0.134,0.045
Soybean_cluster_0_yearly_False_window_8_lags_1_sinusoidal_yes_quadratic,False,8,quadratic_lags_1_sinusoidal_yes,0.805,0.0,292.516,298.491,True,True,False,0.73,-0.001,0,2.032,2.188,0.971,,,1.0,0.0,,,1.011,1.145,0.026,0.034
Soybean_cluster_0_yearly_True_window_8_lags_none_sinusoidal_no_quadratic,True,8,quadratic_lags_none_sinusoidal_no,0.785,0.0,274.396,277.229,True,True,False,1.147,0.587,0,2.033,2.033,0.048,,,,,,,,,,
Soybean_cluster_0_yearly_True_window_8_lags_0_sinusoidal_no_quadratic,True,8,quadratic_lags_0_sinusoidal_no,0.806,0.0,274.437,278.215,True,True,False,1.337,0.598,0,2.045,2.056,0.076,1.012,0.221,,,,,,,,
Soybean_cluster_0_yearly_True_window_8_lags_1_sinusoidal_no_quadratic,True,8,quadratic_lags_1_sinusoidal_no,0.675,0.001,264.101,267.663,True,True,False,0.874,-0.043,0,1.786,1.81,0.619,,,1.024,0.005,,,,,,
Soybean_cluster_0_yearly_True_window_8_lags_none_sinusoidal_yes_quadratic,True,8,quadratic_lags_none_sinusoidal_yes,0.871,0.0,268.726,273.448,True,True,False,1.321,0.739,0,2.195,2.353,0.237,,,,,,,1.122,1.036,0.021,0.098
Soybean_cluster_0_yearly_True_window_8_lags_0_sinusoidal_yes_quadratic,True,8,quadratic_lags_0_sinusoidal_yes,0.888,0.0,268.034,273.701,True,True,True,1.558,-2.075,0,2.203,2.367,0.32,1.013,0.102,,,,,1.127,1.024,0.014,0.197
Soybean_cluster_0_yearly_True_window_8_lags_1_sinusoidal_yes_quadratic,True,8,quadratic_lags_1_sinusoidal_yes,0.869,0.0,251.725,257.067,True,True,True,1.731,-0.9,0,1.788,1.814,0.965,,,1.024,0.0,,,1.001,1.001,0.004,0.029
Soybean_cluster_0_yearly_False_window_9_lags_none_sinusoidal_no_quadratic,False,9,quadratic_lags_none_sinusoidal_no,0.659,0.0,315.209,318.342,False,True,False,0.416,0.53,0,2.041,2.041,0.135,,,,,,,,,,
Soybean_cluster_0_yearly_False_window_9_lags_0_sinusoidal_no_quadratic,False,9,quadratic_lags_0_sinusoidal_no,0.721,0.0,313.002,317.18,False,True,False,0.425,0.649,0,2.045,2.049,0.162,1.004,0.069,,,,,,,,
Soybean_cluster_0_yearly_False_window_9_lags_1_sinusoidal_no_quadratic,False,9,quadratic_lags_1_sinusoidal_no,0.634,0.001,297.553,301.536,True,True,False,0.688,0.281,0,1.887,1.92,0.67,,,1.033,0.008,,,,,,
Soybean_cluster_0_yearly_False_window_9_lags_none_sinusoidal_yes_quadratic,False,9,quadratic_lags_none_sinusoidal_yes,0.723,0.0,314.878,320.1,False,True,False,0.503,0.603,0,2.546,3.031,0.777,,,,,,,1.115,1.37,0.606,0.075
Soybean_cluster_0_yearly_False_window_9_lags_0_sinusoidal_yes_quadratic,False,9,quadratic_lags_0_sinusoidal_yes,0.761,0.0,313.752,320.019,False,True,False,0.409,0.297,0,2.555,3.049,0.734,1.005,0.059,,,,,1.116,1.373,0.599,0.14
Soybean_cluster_0_yearly_False_window_9_lags_1_sinusoidal_yes_quadratic,False,9,quadratic_lags_1_sinusoidal_yes,0.781,0.0,291.311,297.285,True,True,False,0.846,0.54,0,1.991,2.145,0.261,,,1.037,0.002,,,1.0,1.117,0.225,0.014
Soybean_cluster_0_yearly_True_window_9_lags_none_sinusoidal_no_quadratic,True,9,quadratic_lags_none_sinusoidal_no,0.833,0.0,266.742,269.576,True,True,False,1.07,0.614,0,2.431,2.431,0.095,,,,,,,,,,
Soybean_cluster_0_yearly_True_window_9_lags_0_sinusoidal_no_quadratic,True,9,quadratic_lags_0_sinusoidal_no,0.834,0.0,268.526,272.304,True,False,False,1.073,0.62,0,2.439,2.445,0.108,1.005,0.684,,,,,,,,
Soybean_cluster_0_yearly_True_window_9_lags_1_sinusoidal_no_quadratic,True,9,quadratic_lags_1_sinusoidal_no,0.813,0.0,250.004,253.565,True,True,False,0.91,0.724,0,2.523,2.534,0.53,,,1.01,0.005,,,,,,
Soybean_cluster_0_yearly_True_window_9_lags_none_sinusoidal_yes_quadratic,True,9,quadratic_lags_none_sinusoidal_yes,0.854,0.0,268.079,272.802,True,True,False,1.157,0.601,0,3.363,4.014,0.507,,,,,,,1.609,1.042,0.349,0.253
Soybean_cluster_0_yearly_True_window_9_lags_0_sinusoidal_yes_quadratic,True,9,quadratic_lags_0_sinusoidal_yes,0.857,0.0,269.802,275.468,True,True,False,1.157,0.568,0,3.436,4.138,0.57,1.009,0.622,,,,,1.666,1.027,0.315,0.308
Soybean_cluster_0_yearly_True_window_9_lags_1_sinusoidal_yes_quadratic,True,9,quadratic_lags_1_sinusoidal_yes,0.898,0.0,243.104,248.447,True,True,False,1.475,0.225,0,2.871,3.113,0.677,,,1.013,0.001,,,1.179,1.05,0.068,0.043
Soybean_cluster_0_yearly_False_window_10_lags_none_sinusoidal_no_quadratic,False,10,quadratic_lags_none_sinusoidal_no,0.789,0.0,305.353,308.486,True,True,False,0.667,0.643,0,2.493,2.493,0.204,,,,,,,,,,
Soybean_cluster_0_yearly_False_window_10_lags_0_sinusoidal_no_quadratic,False,10,quadratic_lags_0_sinusoidal_no,0.825,0.0,303.429,307.607,True,True,False,0.806,0.632,0,2.536,2.566,0.254,1.029,0.079,,,,,,,,
Soybean_cluster_0_yearly_False_window_10_lags_1_sinusoidal_no_quadratic,False,10,quadratic_lags_1_sinusoidal_no,0.811,0.0,284.525,288.508,True,True,False,0.967,0.72,0,2.371,2.387,0.803,,,1.015,0.001,,,,,,
Soybean_cluster_0_yearly_False_window_10_lags_none_sinusoidal_yes_quadratic,False,10,quadratic_lags_none_sinusoidal_yes,0.821,0.0,305.803,311.026,False,True,False,0.837,0.657,0,3.536,4.235,0.422,,,,,,,1.549,1.149,0.762,0.133
Soybean_cluster_0_yearly_False_window_10_lags_0_sinusoidal_yes_quadratic,False,10,quadratic_lags_0_sinusoidal_yes,0.849,0.0,304.309,310.577,False,True,False,0.902,-1.833,0,3.544,4.249,0.389,1.035,0.052,,,,,1.55,1.12,0.746,0.303
Soybean_cluster_0_yearly_False_window_10_lags_1_sinusoidal_yes_quadratic,False,10,quadratic_lags_1_sinusoidal_yes,0.882,0.0,279.132,285.107,True,True,False,1.276,0.79,0,2.548,2.694,0.817,,,1.017,0.0,,,1.125,1.004,0.275,0.017
