analysis_name,yearly_aggregate,window_size,config_type,r_squared,p_value,aic,bic,is_normal,is_homoscedastic,no_autocorrelation,durbin_watson,cv_r2_score,cv_r2_std,vif_PPT,vif_segment,p_value_segment,breakpoint,vif_ortho_PPT_lag2,p_value_lag2,vif_ortho_PPT_lag3,p_value_lag3,vif_ortho_PPT_lag7,p_value_lag7,vif_ortho_PPT_lag8,p_value_lag8,vif_ortho_sin_cycle,vif_ortho_cos_cycle,p_value_sin,p_value_cos
Soybean_cluster_1_yearly_False_window_1_lags_none_sinusoidal_no_piecewise,False,1,piecewise_lags_none_sinusoidal_no,0.051,0.301,430.797,434.331,True,True,True,1.845,-0.475,0,1.691,1.691,0.348,790.760572660606,,,,,,,,,,,,
Soybean_cluster_1_yearly_False_window_1_lags_2_sinusoidal_no_piecewise,False,1,piecewise_lags_2_sinusoidal_no,0.163,0.321,394.256,398.62,False,True,True,1.965,-0.157,0,1.313,1.482,0.846,845.7998107939394,1.168,0.122,,,,,,,,,,
Soybean_cluster_1_yearly_False_window_1_lags_3_sinusoidal_no_piecewise,False,1,piecewise_lags_3_sinusoidal_no,0.065,0.339,379.248,383.426,True,True,True,2.007,-0.471,0,7.474,8.961,0.328,731.1939927,,,2.487,0.837,,,,,,,,
Soybean_cluster_1_yearly_False_window_1_lags_7_sinusoidal_no_piecewise,False,1,piecewise_lags_7_sinusoidal_no,0.097,0.836,310.396,313.729,True,True,True,1.942,-0.977,0,1.607,2.223,0.303,845.5824515076768,,,,,1.616,0.894,,,,,,
Soybean_cluster_1_yearly_False_window_1_lags_8_sinusoidal_no_piecewise,False,1,piecewise_lags_8_sinusoidal_no,0.253,0.633,289.769,292.859,True,True,True,1.681,-0.003,0,1.504,2.128,0.208,845.0420748727272,,,,,,,1.624,0.129,,,,
Soybean_cluster_1_yearly_False_window_1_lags_none_sinusoidal_yes_piecewise,False,1,piecewise_lags_none_sinusoidal_yes,0.098,0.264,433.578,439.468,True,True,True,1.89,-0.993,0,1.739,1.809,0.27,790.760572660606,,,,,,,,,1.05,1.02,0.333,0.922
Soybean_cluster_1_yearly_False_window_1_lags_2_sinusoidal_yes_piecewise,False,1,piecewise_lags_2_sinusoidal_yes,0.19,0.512,397.531,404.077,True,True,True,2.04,-0.459,0,1.376,1.778,0.665,845.7998107939394,1.202,0.207,,,,,,,1.182,1.017,0.855,0.495
Soybean_cluster_1_yearly_False_window_1_lags_3_sinusoidal_yes_piecewise,False,1,piecewise_lags_3_sinusoidal_yes,0.123,0.531,381.908,388.176,True,False,True,2.035,-0.551,0,8.732,10.703,0.536,731.1939927,,,2.776,0.962,,,,,1.19,1.005,0.625,0.403
Soybean_cluster_1_yearly_False_window_1_lags_7_sinusoidal_yes_piecewise,False,1,piecewise_lags_7_sinusoidal_yes,0.206,0.946,312.212,317.211,True,True,True,2.165,-1.593,0,1.67,2.453,0.377,845.5824515076768,,,,,1.68,0.711,,,1.017,1.087,0.359,0.483
Soybean_cluster_1_yearly_False_window_1_lags_8_sinusoidal_yes_piecewise,False,1,piecewise_lags_8_sinusoidal_yes,0.495,0.346,287.514,292.149,True,True,True,2.118,-2.864,0,1.532,2.246,0.208,845.0420748727272,,,,,,,1.659,0.051,1.0,1.055,0.113,0.262
Soybean_cluster_1_yearly_True_window_1_lags_none_sinusoidal_no_piecewise,True,1,piecewise_lags_none_sinusoidal_no,0.075,0.586,352.803,355.79,True,True,False,1.475,-1.922,0,3.051,3.051,0.526,740.8805198834344,,,,,,,,,,,,
Soybean_cluster_1_yearly_True_window_1_lags_2_sinusoidal_no_piecewise,True,1,piecewise_lags_2_sinusoidal_no,0.108,0.438,318.131,321.692,True,True,False,1.275,-14.345,0,5.055,6.0,0.396,741.8329003006061,1.945,0.628,,,,,,,,,,
Soybean_cluster_1_yearly_True_window_1_lags_3_sinusoidal_no_piecewise,True,1,piecewise_lags_3_sinusoidal_no,0.129,0.499,300.348,303.681,True,True,True,1.612,-2.303,0,7.451,9.633,0.496,740.9945498957576,,,3.182,0.623,,,,,,,,
Soybean_cluster_1_yearly_True_window_1_lags_7_sinusoidal_no_piecewise,True,1,piecewise_lags_7_sinusoidal_no,0.157,0.365,232.039,234.299,True,True,True,1.976,-0.502,0,5.331,6.909,0.355,742.1240684533334,,,,,2.579,0.778,,,,,,
Soybean_cluster_1_yearly_True_window_1_lags_8_sinusoidal_no_piecewise,True,1,piecewise_lags_8_sinusoidal_no,0.254,0.604,214.214,216.154,True,True,True,1.528,-12.519,0,3.842,4.781,0.641,741.4294853433332,,,,,,,1.939,0.308,,,,
Soybean_cluster_1_yearly_True_window_1_lags_none_sinusoidal_yes_piecewise,True,1,piecewise_lags_none_sinusoidal_yes,0.089,0.736,356.502,361.48,True,True,True,1.509,-2.368,0,3.404,3.576,0.693,740.8805198834344,,,,,,,,,1.087,1.085,0.713,0.757
Soybean_cluster_1_yearly_True_window_1_lags_2_sinusoidal_yes_piecewise,True,1,piecewise_lags_2_sinusoidal_yes,0.17,0.46,320.832,326.174,True,True,False,1.405,-55.201,0,6.87,8.685,0.439,741.8329003006061,2.368,0.56,,,,,,,1.446,1.002,0.626,0.443
Soybean_cluster_1_yearly_True_window_1_lags_3_sinusoidal_yes_piecewise,True,1,piecewise_lags_3_sinusoidal_yes,0.26,0.705,301.583,306.582,True,True,True,1.892,-6.791,0,9.5,12.693,0.737,740.9945498957576,,,3.875,0.54,,,,,1.273,1.045,0.462,0.363
Soybean_cluster_1_yearly_True_window_1_lags_7_sinusoidal_yes_piecewise,True,1,piecewise_lags_7_sinusoidal_yes,0.277,0.643,234.032,237.422,True,True,True,1.959,-1495.515,0,6.778,9.218,0.58,742.1240684533334,,,,,3.106,0.989,,,1.228,1.107,0.382,0.733
Soybean_cluster_1_yearly_True_window_1_lags_8_sinusoidal_yes_piecewise,True,1,piecewise_lags_8_sinusoidal_yes,0.372,0.712,216.147,219.057,True,True,True,1.842,-1345.327,0,6.209,8.764,0.791,741.4294853433332,,,,,,,2.721,0.268,1.26,1.573,0.789,0.398
Soybean_cluster_1_yearly_False_window_2_lags_none_sinusoidal_no_piecewise,False,2,piecewise_lags_none_sinusoidal_no,0.163,0.056,414.058,417.592,True,True,False,1.14,-0.072,0,2.716,2.716,0.069,774.2145380928283,,,,,,,,,,,,
Soybean_cluster_1_yearly_False_window_2_lags_2_sinusoidal_no_piecewise,False,2,piecewise_lags_2_sinusoidal_no,0.405,0.007,373.981,378.345,True,True,False,1.233,-0.126,0,4.982,5.771,0.03,772.9100628584848,1.789,0.011,,,,,,,,,,
Soybean_cluster_1_yearly_False_window_2_lags_3_sinusoidal_no_piecewise,False,2,piecewise_lags_3_sinusoidal_no,0.146,0.131,364.128,368.306,True,True,False,1.143,-3.404,0,7.582,9.084,0.162,758.4090757575757,,,2.503,0.455,,,,,,,,
Soybean_cluster_1_yearly_False_window_2_lags_7_sinusoidal_no_piecewise,False,2,piecewise_lags_7_sinusoidal_no,0.167,0.362,298.268,301.601,True,True,False,1.056,-2.439,0,1.156,1.257,0.499,856.3245349494949,,,,,1.1,0.538,,,,,,
Soybean_cluster_1_yearly_False_window_2_lags_8_sinusoidal_no_piecewise,False,2,piecewise_lags_8_sinusoidal_no,0.101,0.457,281.301,284.392,True,True,False,1.003,-1.198,0,8.756,10.347,0.529,746.3263696969697,,,,,,,2.592,0.541,,,,
Soybean_cluster_1_yearly_False_window_2_lags_none_sinusoidal_yes_piecewise,False,2,piecewise_lags_none_sinusoidal_yes,0.292,0.017,414.035,419.925,False,True,False,1.474,-0.311,0,3.089,3.307,0.017,774.2145380928283,,,,,,,,,1.186,1.031,0.101,0.421
Soybean_cluster_1_yearly_False_window_2_lags_2_sinusoidal_yes_piecewise,False,2,piecewise_lags_2_sinusoidal_yes,0.418,0.021,377.5,384.047,True,True,False,1.265,-0.352,0,8.462,10.814,0.079,772.9100628584848,2.478,0.021,,,,,,,1.822,1.051,0.929,0.59
Soybean_cluster_1_yearly_False_window_2_lags_3_sinusoidal_yes_piecewise,False,2,piecewise_lags_3_sinusoidal_yes,0.211,0.223,366.469,372.736,False,True,False,1.298,-5.135,0,11.533,14.538,0.228,758.4090757575757,,,3.405,0.838,,,,,1.54,1.06,0.291,0.977
Soybean_cluster_1_yearly_False_window_2_lags_7_sinusoidal_yes_piecewise,False,2,piecewise_lags_7_sinusoidal_yes,0.32,0.214,298.825,303.824,True,True,False,1.272,-2.213,0,1.158,1.271,0.696,856.3245349494949,,,,,1.101,0.372,,,1.011,1.0,0.166,0.589
Soybean_cluster_1_yearly_False_window_2_lags_8_sinusoidal_yes_piecewise,False,2,piecewise_lags_8_sinusoidal_yes,0.372,0.324,279.575,284.211,True,True,False,1.196,-0.756,0,11.32,13.769,0.459,746.3263696969697,,,,,,,3.118,0.166,1.33,1.0,0.066,0.945
Soybean_cluster_1_yearly_True_window_2_lags_none_sinusoidal_no_piecewise,True,2,piecewise_lags_none_sinusoidal_no,0.183,0.068,341.515,344.502,True,True,False,1.008,-0.152,0,2.518,2.518,0.084,777.3869306419192,,,,,,,,,,,,
Soybean_cluster_1_yearly_True_window_2_lags_2_sinusoidal_no_piecewise,True,2,piecewise_lags_2_sinusoidal_no,0.217,0.09,308.11,311.671,True,True,False,1.02,-123914.875,0,3.973,4.529,0.109,779.2795114569697,1.557,0.34,,,,,,,,,,
Soybean_cluster_1_yearly_True_window_2_lags_3_sinusoidal_no_piecewise,True,2,piecewise_lags_3_sinusoidal_no,0.182,0.618,290.838,294.171,True,True,False,0.978,-0.625,0,7.276,8.566,0.556,758.0707192612122,,,2.29,0.343,,,,,,,,
Soybean_cluster_1_yearly_True_window_2_lags_7_sinusoidal_no_piecewise,True,2,piecewise_lags_7_sinusoidal_no,0.226,0.788,222.652,224.912,True,True,True,1.546,-114.758,0,1.302,1.635,0.999,831.7182049458586,,,,,1.333,0.233,,,,,,
Soybean_cluster_1_yearly_True_window_2_lags_8_sinusoidal_no_piecewise,True,2,piecewise_lags_8_sinusoidal_no,0.15,0.954,209.443,211.383,True,True,False,1.094,-26.248,0,1.677,2.319,0.971,811.4739180921213,,,,,,,1.642,0.404,,,,
Soybean_cluster_1_yearly_True_window_2_lags_none_sinusoidal_yes_piecewise,True,2,piecewise_lags_none_sinusoidal_yes,0.463,0.006,337.126,342.105,True,True,True,1.831,-1.55,0,3.604,4.32,0.004,777.3869306419192,,,,,,,,,1.685,1.031,0.015,0.539
Soybean_cluster_1_yearly_True_window_2_lags_2_sinusoidal_yes_piecewise,True,2,piecewise_lags_2_sinusoidal_yes,0.349,0.089,308.785,314.128,True,True,True,1.576,-162092.922,0,15.867,22.653,0.062,779.2795114569697,3.784,0.963,,,,,,,4.277,1.724,0.152,0.541
Soybean_cluster_1_yearly_True_window_2_lags_3_sinusoidal_yes_piecewise,True,2,piecewise_lags_3_sinusoidal_yes,0.464,0.149,287.638,292.638,True,True,True,1.615,-3.294,0,15.884,20.315,0.107,758.0707192612122,,,4.06,0.087,,,,,1.762,1.61,0.042,0.456
Soybean_cluster_1_yearly_True_window_2_lags_7_sinusoidal_yes_piecewise,True,2,piecewise_lags_7_sinusoidal_yes,0.309,0.917,225.175,228.564,True,True,True,1.731,-3140.389,0,1.309,1.672,0.971,831.7182049458586,,,,,1.341,0.384,,,1.01,1.013,0.56,0.757
Soybean_cluster_1_yearly_True_window_2_lags_8_sinusoidal_yes_piecewise,True,2,piecewise_lags_8_sinusoidal_yes,0.328,0.558,210.633,213.542,True,True,False,1.422,-122.709,0,1.796,2.729,0.919,811.4739180921213,,,,,,,1.756,0.238,1.057,1.12,0.621,0.348
Soybean_cluster_1_yearly_False_window_3_lags_none_sinusoidal_no_piecewise,False,3,piecewise_lags_none_sinusoidal_no,0.151,0.077,402.781,406.316,True,True,False,0.823,-0.197,0,1.9,1.9,0.075,793.368147936431,,,,,,,,,,,,
Soybean_cluster_1_yearly_False_window_3_lags_2_sinusoidal_no_piecewise,False,3,piecewise_lags_2_sinusoidal_no,0.406,0.016,365.531,369.896,True,True,False,1.025,-0.488,0,9.261,10.178,0.023,749.0373000399999,1.917,0.013,,,,,,,,,,
Soybean_cluster_1_yearly_False_window_3_lags_3_sinusoidal_no_piecewise,False,3,piecewise_lags_3_sinusoidal_no,0.169,0.102,355.826,360.004,False,True,False,1.029,-0.367,0,14.77,16.768,0.109,745.6814999999999,,,2.998,0.58,,,,,,,,
Soybean_cluster_1_yearly_False_window_3_lags_7_sinusoidal_no_piecewise,False,3,piecewise_lags_7_sinusoidal_no,0.124,0.315,291.39,294.723,True,True,False,1.025,-0.603,0,15.312,18.156,0.348,745.9904633430301,,,,,3.843,0.861,,,,,,
Soybean_cluster_1_yearly_False_window_3_lags_8_sinusoidal_no_piecewise,False,3,piecewise_lags_8_sinusoidal_no,0.125,0.234,275.15,278.241,True,True,False,1.06,-1.51,0,10.28,11.79,0.247,746.2302471858585,,,,,,,2.51,0.889,,,,
Soybean_cluster_1_yearly_False_window_3_lags_none_sinusoidal_yes_piecewise,False,3,piecewise_lags_none_sinusoidal_yes,0.269,0.062,403.193,409.083,True,True,False,1.067,-0.244,0,2.089,2.299,0.032,793.368147936431,,,,,,,,,1.137,1.073,0.097,0.962
Soybean_cluster_1_yearly_False_window_3_lags_2_sinusoidal_yes_piecewise,False,3,piecewise_lags_2_sinusoidal_yes,0.428,0.051,368.704,375.25,True,True,False,0.96,-0.434,0,15.007,17.256,0.073,749.0373000399999,2.554,0.034,,,,,,,1.633,1.062,0.737,0.516
Soybean_cluster_1_yearly_False_window_3_lags_3_sinusoidal_yes_piecewise,False,3,piecewise_lags_3_sinusoidal_yes,0.268,0.281,357.158,363.425,True,True,False,1.12,-1.687,0,21.401,24.843,0.26,745.6814999999999,,,3.961,0.789,,,,,1.466,1.015,0.251,0.368
Soybean_cluster_1_yearly_False_window_3_lags_7_sinusoidal_yes_piecewise,False,3,piecewise_lags_7_sinusoidal_yes,0.31,0.459,291.335,296.334,True,True,False,1.382,-1.99,0,16.057,19.1,0.517,745.9904633430301,,,,,3.991,0.623,,,1.029,1.023,0.122,0.675
Soybean_cluster_1_yearly_False_window_3_lags_8_sinusoidal_yes_piecewise,False,3,piecewise_lags_8_sinusoidal_yes,0.416,0.45,272.691,277.326,True,True,False,1.284,-1.134,0,17.605,21.097,0.567,746.2302471858585,,,,,,,3.702,0.189,1.765,1.025,0.058,0.381
Soybean_cluster_1_yearly_True_window_3_lags_none_sinusoidal_no_piecewise,True,3,piecewise_lags_none_sinusoidal_no,0.02,0.591,334.245,337.232,True,True,False,0.485,-1.309,0,2.608,2.608,0.648,774.1254281301683,,,,,,,,,,,,
Soybean_cluster_1_yearly_True_window_3_lags_2_sinusoidal_no_piecewise,True,3,piecewise_lags_2_sinusoidal_no,0.032,0.516,304.815,308.377,True,False,False,0.425,-0.345,0,1.119,1.132,0.707,838.4939828339394,1.013,0.699,,,,,,,,,,
Soybean_cluster_1_yearly_True_window_3_lags_3_sinusoidal_no_piecewise,True,3,piecewise_lags_3_sinusoidal_no,0.173,0.488,284.686,288.019,True,True,False,0.557,-0.218,0,1.136,1.178,0.764,838.2263110662626,,,1.042,0.177,,,,,,,,
Soybean_cluster_1_yearly_True_window_3_lags_7_sinusoidal_no_piecewise,True,3,piecewise_lags_7_sinusoidal_no,0.328,0.784,215.682,217.942,True,True,False,1.095,-2020.471,0,3.199,4.168,0.733,785.364754210505,,,,,1.968,0.076,,,,,,
Soybean_cluster_1_yearly_True_window_3_lags_8_sinusoidal_no_piecewise,True,3,piecewise_lags_8_sinusoidal_no,0.28,0.757,201.175,203.115,True,True,False,0.712,-0.137,0,2.427,2.902,0.891,784.9139725624242,,,,,,,1.475,0.163,,,,
Soybean_cluster_1_yearly_True_window_3_lags_none_sinusoidal_yes_piecewise,True,3,piecewise_lags_none_sinusoidal_yes,0.263,0.235,332.563,337.541,True,True,False,0.84,-1.892,0,3.697,4.373,0.157,774.1254281301683,,,,,,,,,1.384,1.292,0.076,0.146
Soybean_cluster_1_yearly_True_window_3_lags_2_sinusoidal_yes_piecewise,True,3,piecewise_lags_2_sinusoidal_yes,0.256,0.866,304.089,309.431,True,True,False,0.691,-0.701,0,1.17,1.61,0.896,838.4939828339394,1.018,0.825,,,,,,,1.292,1.13,0.465,0.128
Soybean_cluster_1_yearly_True_window_3_lags_3_sinusoidal_yes_piecewise,True,3,piecewise_lags_3_sinusoidal_yes,0.549,0.154,278.381,283.38,True,True,False,0.96,-1.668,0,1.194,1.678,0.808,838.2263110662626,,,1.059,0.044,,,,,1.249,1.176,0.037,0.275
Soybean_cluster_1_yearly_True_window_3_lags_7_sinusoidal_yes_piecewise,True,3,piecewise_lags_7_sinusoidal_yes,0.489,0.86,216.142,219.531,True,True,True,1.56,-42137.357,0,4.668,6.95,0.692,785.364754210505,,,,,2.615,0.15,,,1.55,1.118,0.798,0.27
Soybean_cluster_1_yearly_True_window_3_lags_8_sinusoidal_yes_piecewise,True,3,piecewise_lags_8_sinusoidal_yes,0.701,0.548,194.604,197.514,True,True,True,1.704,-1.276,0,3.45,4.983,0.754,784.9139725624242,,,,,,,1.816,0.04,1.04,1.677,0.266,0.098
Soybean_cluster_1_yearly_False_window_4_lags_none_sinusoidal_no_piecewise,False,4,piecewise_lags_none_sinusoidal_no,0.26,0.014,389.692,393.226,False,True,False,0.889,-1.412,0,2.622,2.622,0.022,778.6365801026516,,,,,,,,,,,,
Soybean_cluster_1_yearly_False_window_4_lags_2_sinusoidal_no_piecewise,False,4,piecewise_lags_2_sinusoidal_no,0.319,0.014,359.868,364.232,True,False,False,0.763,-0.789,0,3.844,4.292,0.043,779.8715354049748,1.449,0.223,,,,,,,,,,
Soybean_cluster_1_yearly_False_window_4_lags_3_sinusoidal_no_piecewise,False,4,piecewise_lags_3_sinusoidal_no,0.316,0.029,342.183,346.361,True,True,False,0.935,-0.777,0,2.861,3.354,0.058,789.7650259454545,,,1.493,0.557,,,,,,,,
Soybean_cluster_1_yearly_False_window_4_lags_7_sinusoidal_no_piecewise,False,4,piecewise_lags_7_sinusoidal_no,0.344,0.222,276.73,280.063,True,True,False,1.199,-1.622,0,5.296,7.395,0.347,788.6832952394445,,,,,3.099,0.621,,,,,,
Soybean_cluster_1_yearly_False_window_4_lags_8_sinusoidal_no_piecewise,False,4,piecewise_lags_8_sinusoidal_no,0.258,0.151,262.039,265.13,True,True,False,1.258,-0.719,0,3.452,4.18,0.211,789.0720798838383,,,,,,,1.728,0.733,,,,
Soybean_cluster_1_yearly_False_window_4_lags_none_sinusoidal_yes_piecewise,False,4,piecewise_lags_none_sinusoidal_yes,0.322,0.021,391.621,397.511,True,True,False,0.986,-0.978,0,3.435,3.936,0.019,778.6365801026516,,,,,,,,,1.272,1.229,0.207,0.751
Soybean_cluster_1_yearly_False_window_4_lags_2_sinusoidal_yes_piecewise,False,4,piecewise_lags_2_sinusoidal_yes,0.359,0.049,362.565,369.111,True,True,False,0.739,-0.677,0,6.614,8.474,0.097,779.8715354049748,1.886,0.403,,,,,,,1.972,1.003,0.826,0.342
Soybean_cluster_1_yearly_False_window_4_lags_3_sinusoidal_yes_piecewise,False,4,piecewise_lags_3_sinusoidal_yes,0.414,0.22,342.913,349.18,True,True,False,0.979,-2.214,0,3.767,4.986,0.142,789.7650259454545,,,1.733,0.765,,,,,1.457,1.029,0.202,0.37
Soybean_cluster_1_yearly_False_window_4_lags_7_sinusoidal_yes_piecewise,False,4,piecewise_lags_7_sinusoidal_yes,0.502,0.129,276.034,281.033,True,True,False,1.456,-6.193,0,5.759,8.192,0.294,788.6832952394445,,,,,3.325,0.836,,,1.017,1.091,0.089,0.919
Soybean_cluster_1_yearly_False_window_4_lags_8_sinusoidal_yes_piecewise,False,4,piecewise_lags_8_sinusoidal_yes,0.543,0.028,258.27,262.906,True,True,False,1.153,-0.446,0,4.303,5.631,0.147,789.0720798838383,,,,,,,1.981,0.397,1.326,1.021,0.036,0.564
Soybean_cluster_1_yearly_True_window_4_lags_none_sinusoidal_no_piecewise,True,4,piecewise_lags_none_sinusoidal_no,0.1,0.262,327.266,330.254,True,True,False,0.355,-0.636,0,2.343,2.343,0.276,778.0312708261616,,,,,,,,,,,,
Soybean_cluster_1_yearly_True_window_4_lags_2_sinusoidal_no_piecewise,True,4,piecewise_lags_2_sinusoidal_no,0.253,0.117,295.784,299.346,True,True,False,0.375,-0.15,0,2.368,2.796,0.139,788.7383447219697,1.428,0.382,,,,,,,,,,
Soybean_cluster_1_yearly_True_window_4_lags_3_sinusoidal_no_piecewise,True,4,piecewise_lags_3_sinusoidal_no,0.497,0.04,270.965,274.298,True,True,False,0.727,0.316,0,2.717,3.491,0.041,789.2923069338384,,,1.774,0.623,,,,,,,,
Soybean_cluster_1_yearly_True_window_4_lags_7_sinusoidal_no_piecewise,True,4,piecewise_lags_7_sinusoidal_no,0.661,0.038,198.073,200.333,True,True,True,1.902,-0.124,0,2.751,3.523,0.032,789.0989296797981,,,,,1.772,0.066,,,,,,
Soybean_cluster_1_yearly_True_window_4_lags_8_sinusoidal_no_piecewise,True,4,piecewise_lags_8_sinusoidal_no,0.728,0.009,181.4,183.339,True,True,False,1.364,0.137,0,2.315,2.932,0.014,788.8670099108081,,,,,,,1.617,0.077,,,,
Soybean_cluster_1_yearly_True_window_4_lags_none_sinusoidal_yes_piecewise,True,4,piecewise_lags_none_sinusoidal_yes,0.17,0.387,329.648,334.627,True,False,False,0.371,-1.105,0,3.999,5.233,0.371,778.0312708261616,,,,,,,,,1.979,1.254,0.291,0.549
Soybean_cluster_1_yearly_True_window_4_lags_2_sinusoidal_yes_piecewise,True,4,piecewise_lags_2_sinusoidal_yes,0.323,0.354,297.999,303.342,True,False,False,0.455,-0.463,0,7.458,13.2,0.272,788.7383447219697,3.021,0.19,,,,,,,4.029,1.692,0.285,0.712
Soybean_cluster_1_yearly_True_window_4_lags_3_sinusoidal_yes_piecewise,True,4,piecewise_lags_3_sinusoidal_yes,0.575,0.216,272.075,277.074,True,True,False,0.565,0.056,0,5.211,8.562,0.182,789.2923069338384,,,2.898,0.479,,,,,1.865,1.588,0.471,0.391
Soybean_cluster_1_yearly_True_window_4_lags_7_sinusoidal_yes_piecewise,True,4,piecewise_lags_7_sinusoidal_yes,0.749,0.215,198.183,201.573,True,True,True,1.951,-7.509,0,3.828,5.689,0.167,789.0989296797981,,,,,2.246,0.116,,,1.11,1.505,0.166,0.812
Soybean_cluster_1_yearly_True_window_4_lags_8_sinusoidal_yes_piecewise,True,4,piecewise_lags_8_sinusoidal_yes,0.957,0.096,163.252,166.161,True,True,True,2.335,0.65,0,5.796,10.693,0.032,788.8670099108081,,,,,,,3.25,0.004,1.003,3.644,0.001,0.072
Soybean_cluster_1_yearly_False_window_5_lags_none_sinusoidal_no_piecewise,False,5,piecewise_lags_none_sinusoidal_no,0.186,0.062,385.567,389.101,True,True,False,0.648,-0.206,0,2.82,2.82,0.085,779.159688177,,,,,,,,,,,,
Soybean_cluster_1_yearly_False_window_5_lags_2_sinusoidal_no_piecewise,False,5,piecewise_lags_2_sinusoidal_no,0.303,0.027,352.864,357.228,True,False,False,0.639,0.053,0,2.236,2.512,0.107,793.4274680151918,1.276,0.466,,,,,,,,,,
Soybean_cluster_1_yearly_False_window_5_lags_3_sinusoidal_no_piecewise,False,5,piecewise_lags_3_sinusoidal_no,0.345,0.064,332.66,336.838,True,False,False,0.771,-0.059,0,2.381,2.824,0.202,794.3689427618182,,,1.443,0.548,,,,,,,,
Soybean_cluster_1_yearly_False_window_5_lags_7_sinusoidal_no_piecewise,False,5,piecewise_lags_7_sinusoidal_no,0.4,0.392,266.015,269.347,True,True,False,0.999,0.22,0,7.415,10.489,0.47,782.9519734775488,,,,,4.074,0.399,,,,,,
Soybean_cluster_1_yearly_False_window_5_lags_8_sinusoidal_no_piecewise,False,5,piecewise_lags_8_sinusoidal_no,0.519,0.466,246.389,249.48,True,True,False,1.393,-0.314,0,3.741,4.486,0.515,783.1237884666667,,,,,,,1.744,0.046,,,,
Soybean_cluster_1_yearly_False_window_5_lags_none_sinusoidal_yes_piecewise,False,5,piecewise_lags_none_sinusoidal_yes,0.241,0.077,387.884,393.774,True,False,False,0.695,-0.965,0,3.92,4.525,0.082,779.159688177,,,,,,,,,1.142,1.463,0.26,0.703
Soybean_cluster_1_yearly_False_window_5_lags_2_sinusoidal_yes_piecewise,False,5,piecewise_lags_2_sinusoidal_yes,0.349,0.145,355.354,361.9,True,False,False,0.716,-0.013,0,3.477,5.035,0.19,793.4274680151918,1.553,0.913,,,,,,,2.002,1.003,0.382,0.494
Soybean_cluster_1_yearly_False_window_5_lags_3_sinusoidal_yes_piecewise,False,5,piecewise_lags_3_sinusoidal_yes,0.536,0.594,329.385,335.652,True,True,False,0.923,-1.294,0,2.934,3.954,0.592,794.3689427618182,,,1.62,0.454,,,,,1.395,1.005,0.049,0.143
Soybean_cluster_1_yearly_False_window_5_lags_7_sinusoidal_yes_piecewise,False,5,piecewise_lags_7_sinusoidal_yes,0.662,0.188,260.274,265.274,True,True,False,1.293,-1.322,0,8.271,11.89,0.37,782.9519734775488,,,,,4.485,0.722,,,1.043,1.09,0.014,0.742
Soybean_cluster_1_yearly_False_window_5_lags_8_sinusoidal_yes_piecewise,False,5,piecewise_lags_8_sinusoidal_yes,0.72,0.097,241.739,246.375,True,True,True,1.506,-1.191,0,6.53,9.049,0.343,783.1237884666667,,,,,,,2.501,0.69,1.769,1.248,0.027,0.194
Soybean_cluster_1_yearly_True_window_5_lags_none_sinusoidal_no_piecewise,True,5,piecewise_lags_none_sinusoidal_no,0.049,0.51,326.656,329.643,True,False,False,0.254,-0.907,0,2.105,2.105,0.575,784.3635131590403,,,,,,,,,,,,
Soybean_cluster_1_yearly_True_window_5_lags_2_sinusoidal_no_piecewise,True,5,piecewise_lags_2_sinusoidal_no,0.316,0.076,291.378,294.939,True,False,False,0.593,-1.667,0,2.053,2.511,0.112,793.4109491717576,1.458,0.449,,,,,,,,,,
Soybean_cluster_1_yearly_True_window_5_lags_3_sinusoidal_no_piecewise,True,5,piecewise_lags_3_sinusoidal_no,0.434,0.204,269.614,272.947,True,True,False,0.672,-2.517,0,2.604,3.545,0.229,792.8850509297778,,,1.941,0.167,,,,,,,,
Soybean_cluster_1_yearly_True_window_5_lags_7_sinusoidal_no_piecewise,True,5,piecewise_lags_7_sinusoidal_no,0.729,0.336,193.237,195.497,True,True,False,0.947,-176.907,0,1.714,2.257,0.216,794.7202963301818,,,,,1.544,0.005,,,,,,
Soybean_cluster_1_yearly_True_window_5_lags_8_sinusoidal_no_piecewise,True,5,piecewise_lags_8_sinusoidal_no,0.379,0.283,189.236,191.176,True,True,False,0.606,-1.855,0,1.354,1.361,0.469,794.9859906990303,,,,,,,1.006,0.302,,,,
Soybean_cluster_1_yearly_True_window_5_lags_none_sinusoidal_yes_piecewise,True,5,piecewise_lags_none_sinusoidal_yes,0.099,0.747,329.576,334.555,True,False,False,0.276,-1.166,0,2.906,3.63,0.722,784.3635131590403,,,,,,,,,1.41,1.314,0.472,0.471
Soybean_cluster_1_yearly_True_window_5_lags_2_sinusoidal_yes_piecewise,True,5,piecewise_lags_2_sinusoidal_yes,0.452,0.405,291.401,296.743,True,False,False,0.733,-2.717,0,5.923,11.737,0.135,793.4109491717576,3.139,0.137,,,,,,,4.284,1.391,0.162,0.861
Soybean_cluster_1_yearly_True_window_5_lags_3_sinusoidal_yes_piecewise,True,5,piecewise_lags_3_sinusoidal_yes,0.62,0.557,266.86,271.859,True,True,False,0.556,-6.4,0,4.446,7.617,0.553,792.8850509297778,,,3.023,0.137,,,,,1.58,1.569,0.188,0.221
Soybean_cluster_1_yearly_True_window_5_lags_7_sinusoidal_yes_piecewise,True,5,piecewise_lags_7_sinusoidal_yes,0.928,0.989,180.04,183.43,True,True,True,2.113,-12.903,0,2.294,4.094,0.445,794.7202963301818,,,,,1.986,0.001,,,1.737,1.076,0.648,0.005
Soybean_cluster_1_yearly_True_window_5_lags_8_sinusoidal_yes_piecewise,True,5,piecewise_lags_8_sinusoidal_yes,0.881,0.692,173.424,176.334,True,True,False,1.334,-21.367,0,1.804,3.086,0.939,794.9859906990303,,,,,,,1.014,0.034,1.024,2.245,0.004,0.173
Soybean_cluster_1_yearly_False_window_6_lags_none_sinusoidal_no_piecewise,False,6,piecewise_lags_none_sinusoidal_no,0.039,0.589,386.377,389.911,True,False,False,0.368,-12.034,0,2.413,2.413,0.557,782.8494456833333,,,,,,,,,,,,
Soybean_cluster_1_yearly_False_window_6_lags_2_sinusoidal_no_piecewise,False,6,piecewise_lags_2_sinusoidal_no,0.388,0.009,346.916,351.28,True,False,False,0.745,-0.191,0,2.317,2.612,0.018,792.8033794414142,1.295,0.829,,,,,,,,,,
Soybean_cluster_1_yearly_False_window_6_lags_3_sinusoidal_no_piecewise,False,6,piecewise_lags_3_sinusoidal_no,0.429,0.024,325.597,329.775,True,False,False,0.795,0.154,0,3.251,4.046,0.049,790.7234767212121,,,1.795,0.949,,,,,,,,
Soybean_cluster_1_yearly_False_window_6_lags_7_sinusoidal_no_piecewise,False,6,piecewise_lags_7_sinusoidal_no,0.675,0.336,249.882,253.215,True,True,True,1.766,0.312,0,7.165,11.931,0.212,789.1422983525252,,,,,5.767,0.034,,,,,,
Soybean_cluster_1_yearly_False_window_6_lags_8_sinusoidal_no_piecewise,False,6,piecewise_lags_8_sinusoidal_no,0.746,0.06,228.924,232.014,True,True,False,2.896,0.527,0,2.968,3.966,0.057,788.9607939074074,,,,,,,1.999,0.005,,,,
Soybean_cluster_1_yearly_False_window_6_lags_none_sinusoidal_yes_piecewise,False,6,piecewise_lags_none_sinusoidal_yes,0.126,0.471,388.117,394.007,True,True,False,0.479,-1.602,0,3.582,4.41,0.488,782.8494456833333,,,,,,,,,1.361,1.467,0.28,0.296
Soybean_cluster_1_yearly_False_window_6_lags_2_sinusoidal_yes_piecewise,False,6,piecewise_lags_2_sinusoidal_yes,0.505,0.044,346.242,352.789,True,True,False,1.107,-0.17,0,4.514,6.969,0.021,792.8033794414142,1.788,0.218,,,,,,,2.667,1.001,0.069,0.846
Soybean_cluster_1_yearly_False_window_6_lags_3_sinusoidal_yes_piecewise,False,6,piecewise_lags_3_sinusoidal_yes,0.593,0.209,322.471,328.738,True,True,False,0.789,-0.047,0,5.282,7.697,0.183,790.7234767212121,,,2.512,0.239,,,,,1.847,1.055,0.047,0.28
Soybean_cluster_1_yearly_False_window_6_lags_7_sinusoidal_yes_piecewise,False,6,piecewise_lags_7_sinusoidal_yes,0.804,0.089,245.239,250.239,True,True,True,2.456,-2.286,0,10.514,18.415,0.091,789.1422983525252,,,,,8.357,0.249,,,1.344,1.2,0.026,0.645
Soybean_cluster_1_yearly_False_window_6_lags_8_sinusoidal_yes_piecewise,False,6,piecewise_lags_8_sinusoidal_yes,0.824,0.056,227.031,231.667,True,True,False,2.82,0.6,0,5.985,10.049,0.114,788.9607939074074,,,,,,,3.53,0.176,2.449,1.085,0.063,0.564
Soybean_cluster_1_yearly_True_window_6_lags_none_sinusoidal_no_piecewise,True,6,piecewise_lags_none_sinusoidal_no,0.103,0.243,324.235,327.223,True,True,False,0.257,-0.688,0,1.511,1.511,0.188,797.8942187335354,,,,,,,,,,,,
Soybean_cluster_1_yearly_True_window_6_lags_2_sinusoidal_no_piecewise,True,6,piecewise_lags_2_sinusoidal_no,0.318,0.12,290.452,294.013,False,True,False,0.656,0.004,0,2.802,3.348,0.134,789.7378284009764,1.546,0.21,,,,,,,,,,
Soybean_cluster_1_yearly_True_window_6_lags_3_sinusoidal_no_piecewise,True,6,piecewise_lags_3_sinusoidal_no,0.561,0.1,263.901,267.234,True,True,False,0.708,0.011,0,3.665,4.724,0.096,789.1626925055892,,,2.059,0.018,,,,,,,,
Soybean_cluster_1_yearly_True_window_6_lags_7_sinusoidal_no_piecewise,True,6,piecewise_lags_7_sinusoidal_no,0.556,0.679,196.182,198.442,True,True,False,0.586,-18.146,0,3.004,4.573,0.522,789.2952445494949,,,,,2.569,0.044,,,,,,
Soybean_cluster_1_yearly_True_window_6_lags_8_sinusoidal_no_piecewise,True,6,piecewise_lags_8_sinusoidal_no,0.281,0.217,188.13,190.07,True,True,False,0.807,-2.625,0,1.782,1.869,0.253,789.3864130897373,,,,,,,1.087,0.88,,,,
Soybean_cluster_1_yearly_True_window_6_lags_none_sinusoidal_yes_piecewise,True,6,piecewise_lags_none_sinusoidal_yes,0.205,0.117,325.812,330.791,True,False,False,0.353,-0.666,0,1.797,2.359,0.139,797.8942187335354,,,,,,,,,1.466,1.095,0.241,0.355
Soybean_cluster_1_yearly_True_window_6_lags_2_sinusoidal_yes_piecewise,True,6,piecewise_lags_2_sinusoidal_yes,0.39,0.454,292.469,297.811,True,True,False,0.714,-2.612,0,8.094,13.18,0.281,789.7378284009764,3.149,0.161,,,,,,,3.424,1.512,0.33,0.938
Soybean_cluster_1_yearly_True_window_6_lags_3_sinusoidal_yes_piecewise,True,6,piecewise_lags_3_sinusoidal_yes,0.661,0.164,263.5,268.499,True,True,False,1.099,-1.577,0,12.118,19.709,0.093,789.1626925055892,,,5.42,0.012,,,,,1.895,3.277,0.109,0.239
Soybean_cluster_1_yearly_True_window_6_lags_7_sinusoidal_yes_piecewise,True,6,piecewise_lags_7_sinusoidal_yes,0.868,0.69,184.431,187.82,True,True,True,1.93,-12.272,0,18.281,39.432,0.758,789.2952445494949,,,,,14.527,0.035,,,5.137,4.487,0.605,0.075
Soybean_cluster_1_yearly_True_window_6_lags_8_sinusoidal_yes_piecewise,True,6,piecewise_lags_8_sinusoidal_yes,0.769,0.895,178.505,181.414,True,True,False,1.457,-1.237,0,4.685,8.805,0.81,789.3864130897373,,,,,,,1.41,0.331,1.002,4.708,0.012,0.599
Soybean_cluster_1_yearly_False_window_7_lags_none_sinusoidal_no_piecewise,False,7,piecewise_lags_none_sinusoidal_no,0.061,0.464,382.712,386.246,True,False,False,0.339,-0.215,0,1.402,1.402,0.296,803.3214057356537,,,,,,,,,,,,
Soybean_cluster_1_yearly_False_window_7_lags_2_sinusoidal_no_piecewise,False,7,piecewise_lags_2_sinusoidal_no,0.256,0.07,346.911,351.275,True,False,False,0.66,-0.282,0,2.284,2.726,0.154,795.3111972560462,1.442,0.898,,,,,,,,,,
Soybean_cluster_1_yearly_False_window_7_lags_3_sinusoidal_no_piecewise,False,7,piecewise_lags_3_sinusoidal_no,0.313,0.147,326.902,331.08,True,False,False,0.707,-0.083,0,3.328,4.467,0.264,793.9722034320346,,,2.139,0.487,,,,,,,,
Soybean_cluster_1_yearly_False_window_7_lags_7_sinusoidal_no_piecewise,False,7,piecewise_lags_7_sinusoidal_no,0.582,0.317,252.856,256.189,True,True,True,1.747,0.077,0,7.04,12.182,0.425,789.1247147833767,,,,,6.142,0.031,,,,,,
Soybean_cluster_1_yearly_False_window_7_lags_8_sinusoidal_no_piecewise,False,7,piecewise_lags_8_sinusoidal_no,0.557,0.853,235.344,238.435,True,True,True,2.106,0.388,0,2.658,3.246,0.907,789.0169438040405,,,,,,,1.588,0.011,,,,
Soybean_cluster_1_yearly_False_window_7_lags_none_sinusoidal_yes_piecewise,False,7,piecewise_lags_none_sinusoidal_yes,0.224,0.107,382.127,388.017,True,False,False,0.543,-0.52,0,1.543,1.892,0.146,803.3214057356537,,,,,,,,,1.098,1.251,0.207,0.09
Soybean_cluster_1_yearly_False_window_7_lags_2_sinusoidal_yes_piecewise,False,7,piecewise_lags_2_sinusoidal_yes,0.48,0.88,343.041,349.587,True,True,False,1.047,-0.144,0,4.447,7.316,0.381,795.3111972560462,2.186,0.128,,,,,,,2.515,1.168,0.051,0.03
Soybean_cluster_1_yearly_False_window_7_lags_3_sinusoidal_yes_piecewise,False,7,piecewise_lags_3_sinusoidal_yes,0.641,0.714,317.255,323.522,True,True,False,0.875,0.164,0,5.595,8.816,0.457,793.9722034320346,,,3.248,0.031,,,,,1.924,1.05,0.007,0.094
Soybean_cluster_1_yearly_False_window_7_lags_7_sinusoidal_yes_piecewise,False,7,piecewise_lags_7_sinusoidal_yes,0.815,0.462,242.979,247.978,False,True,False,2.706,-0.559,0,11.642,21.464,0.755,789.1247147833767,,,,,10.06,0.62,,,1.513,1.249,0.004,0.03
Soybean_cluster_1_yearly_False_window_7_lags_8_sinusoidal_yes_piecewise,False,7,piecewise_lags_8_sinusoidal_yes,0.757,0.921,229.728,234.364,True,True,False,2.6,-0.045,0,5.279,8.377,0.686,789.0169438040405,,,,,,,2.517,0.076,2.567,1.014,0.118,0.034
Soybean_cluster_1_yearly_True_window_7_lags_none_sinusoidal_no_piecewise,True,7,piecewise_lags_none_sinusoidal_no,0.177,0.157,319.785,322.773,True,True,False,0.356,-0.314,0,1.253,1.253,0.073,806.162442948,,,,,,,,,,,,
Soybean_cluster_1_yearly_True_window_7_lags_2_sinusoidal_no_piecewise,True,7,piecewise_lags_2_sinusoidal_no,0.302,0.692,287.148,290.709,True,False,False,0.376,0.133,0,1.471,1.745,0.273,806.441313113367,1.275,0.238,,,,,,,,,,
Soybean_cluster_1_yearly_True_window_7_lags_3_sinusoidal_no_piecewise,True,7,piecewise_lags_3_sinusoidal_no,0.622,0.372,258.337,261.67,True,True,False,0.563,0.326,0,1.765,2.439,0.154,806.3867391838961,,,1.673,0.017,,,,,,,,
Soybean_cluster_1_yearly_True_window_7_lags_none_sinusoidal_yes_piecewise,True,7,piecewise_lags_none_sinusoidal_yes,0.251,0.086,321.896,326.874,True,False,False,0.423,-0.655,0,1.343,1.694,0.072,806.162442948,,,,,,,,,1.299,1.053,0.68,0.25
Soybean_cluster_1_yearly_True_window_7_lags_2_sinusoidal_yes_piecewise,True,7,piecewise_lags_2_sinusoidal_yes,0.473,0.233,286.084,291.426,True,False,False,0.736,0.389,0,2.02,3.783,0.447,806.441313113367,1.595,0.069,,,,,,,2.12,1.048,0.119,0.623
Soybean_cluster_1_yearly_True_window_7_lags_3_sinusoidal_yes_piecewise,True,7,piecewise_lags_3_sinusoidal_yes,0.795,0.067,251.965,256.964,True,True,False,1.264,-0.28,0,2.405,4.478,0.32,806.3867391838961,,,2.236,0.002,,,,,1.34,1.497,0.011,0.221
Soybean_cluster_1_yearly_False_window_8_lags_none_sinusoidal_no_piecewise,False,8,piecewise_lags_none_sinusoidal_no,0.217,0.031,378.044,381.578,True,True,False,0.362,-0.14,0,1.691,1.691,0.025,796.2295621813408,,,,,,,,,,,,
Soybean_cluster_1_yearly_False_window_8_lags_2_sinusoidal_no_piecewise,False,8,piecewise_lags_2_sinusoidal_no,0.17,0.15,349.027,353.391,True,False,False,0.492,-0.298,0,1.278,1.531,0.405,813.3378933322402,1.253,0.751,,,,,,,,,,
Soybean_cluster_1_yearly_False_window_8_lags_3_sinusoidal_no_piecewise,False,8,piecewise_lags_3_sinusoidal_no,0.261,0.592,327.788,331.966,True,False,False,0.538,-0.182,0,1.132,1.247,0.439,820.3596821628788,,,1.115,0.512,,,,,,,,
Soybean_cluster_1_yearly_False_window_8_lags_7_sinusoidal_no_piecewise,False,8,piecewise_lags_7_sinusoidal_no,0.564,0.114,252.252,255.585,True,True,False,1.117,-17.802,0,5.029,9.61,0.134,794.322063559394,,,,,5.582,0.041,,,,,,
Soybean_cluster_1_yearly_False_window_8_lags_8_sinusoidal_no_piecewise,False,8,piecewise_lags_8_sinusoidal_no,0.426,0.506,238.435,241.525,True,True,False,1.266,-2595.338,0,1.14,1.547,0.235,819.5543182516444,,,,,,,1.406,0.105,,,,
Soybean_cluster_1_yearly_False_window_8_lags_none_sinusoidal_yes_piecewise,False,8,piecewise_lags_none_sinusoidal_yes,0.423,0.003,374.719,380.609,True,True,False,0.682,-0.126,0,2.127,2.759,0.01,796.2295621813408,,,,,,,,,1.258,1.374,0.047,0.049
Soybean_cluster_1_yearly_False_window_8_lags_2_sinusoidal_yes_piecewise,False,8,piecewise_lags_2_sinusoidal_yes,0.418,0.205,345.218,351.765,True,True,False,0.69,-0.121,0,1.407,2.238,0.934,813.3378933322402,1.37,0.056,,,,,,,1.462,1.0,0.039,0.044
Soybean_cluster_1_yearly_False_window_8_lags_3_sinusoidal_yes_piecewise,False,8,piecewise_lags_3_sinusoidal_yes,0.55,0.247,321.366,327.633,True,True,False,0.779,0.306,0,1.21,1.991,0.384,820.3596821628788,,,1.183,0.075,,,,,1.396,1.201,0.057,0.274
Soybean_cluster_1_yearly_False_window_8_lags_7_sinusoidal_yes_piecewise,False,8,piecewise_lags_7_sinusoidal_yes,0.804,0.668,242.692,247.691,False,True,True,2.129,-37.101,0,8.328,17.481,0.101,794.322063559394,,,,,9.334,0.662,,,1.731,1.088,0.005,0.057
Soybean_cluster_1_yearly_False_window_8_lags_8_sinusoidal_yes_piecewise,False,8,piecewise_lags_8_sinusoidal_yes,0.813,0.585,224.5,229.136,True,True,True,2.009,-1176.731,0,1.158,1.745,0.027,819.5543182516444,,,,,,,1.458,0.604,1.06,1.068,0.051,0.006
Soybean_cluster_1_yearly_True_window_8_lags_none_sinusoidal_no_piecewise,True,8,piecewise_lags_none_sinusoidal_no,0.355,0.008,313.623,316.61,True,True,False,0.482,-0.583,0,1.906,1.906,0.007,793.7550277836667,,,,,,,,,,,,
Soybean_cluster_1_yearly_True_window_8_lags_2_sinusoidal_no_piecewise,True,8,piecewise_lags_2_sinusoidal_no,0.482,0.212,280.142,283.703,True,True,False,0.581,-0.26,0,2.214,2.664,0.151,798.048647056229,1.45,0.049,,,,,,,,,,
Soybean_cluster_1_yearly_True_window_8_lags_3_sinusoidal_no_piecewise,True,8,piecewise_lags_3_sinusoidal_no,0.768,0.189,247.741,251.074,True,True,True,1.563,0.542,0,3.382,4.112,0.169,793.6383100678788,,,1.729,0.002,,,,,,,,
Soybean_cluster_1_yearly_True_window_8_lags_none_sinusoidal_yes_piecewise,True,8,piecewise_lags_none_sinusoidal_yes,0.478,0.003,313.377,318.355,True,True,False,0.77,-1.307,0,2.242,2.611,0.003,793.7550277836667,,,,,,,,,1.362,1.008,0.988,0.079
Soybean_cluster_1_yearly_True_window_8_lags_2_sinusoidal_yes_piecewise,True,8,piecewise_lags_2_sinusoidal_yes,0.595,0.175,279.707,285.05,True,True,False,0.876,-1.238,0,3.889,6.339,0.239,798.048647056229,2.07,0.016,,,,,,,2.147,1.233,0.095,0.733
Soybean_cluster_1_yearly_True_window_8_lags_3_sinusoidal_yes_piecewise,True,8,piecewise_lags_3_sinusoidal_yes,0.809,0.505,248.431,253.43,True,True,True,1.839,-2.419,0,5.031,6.958,0.513,793.6383100678788,,,2.234,0.002,,,,,1.127,1.565,0.168,0.442
Soybean_cluster_1_yearly_False_window_9_lags_none_sinusoidal_no_piecewise,False,9,piecewise_lags_none_sinusoidal_no,0.222,0.025,375.807,379.341,True,True,False,0.592,-1.159,0,2.672,2.672,0.023,791.5020509395287,,,,,,,,,,,,
Soybean_cluster_1_yearly_False_window_9_lags_2_sinusoidal_no_piecewise,False,9,piecewise_lags_2_sinusoidal_no,0.257,0.254,344.347,348.711,True,False,False,0.463,-0.04,0,4.01,4.743,0.389,794.2603918257144,1.733,0.941,,,,,,,,,,
Soybean_cluster_1_yearly_False_window_9_lags_3_sinusoidal_no_piecewise,False,9,piecewise_lags_3_sinusoidal_no,0.38,0.361,321.628,325.806,True,True,False,0.742,-0.429,0,7.168,9.501,0.618,794.1523769555556,,,3.333,0.718,,,,,,,,
Soybean_cluster_1_yearly_False_window_9_lags_none_sinusoidal_yes_piecewise,False,9,piecewise_lags_none_sinusoidal_yes,0.384,0.007,374.201,380.092,True,False,False,0.821,-1.241,0,3.959,4.729,0.009,791.5020509395287,,,,,,,,,1.146,1.624,0.245,0.047
Soybean_cluster_1_yearly_False_window_9_lags_2_sinusoidal_yes_piecewise,False,9,piecewise_lags_2_sinusoidal_yes,0.382,0.302,344.304,350.851,True,True,False,0.601,-0.362,0,16.141,23.859,0.247,794.2603918257144,4.687,0.337,,,,,,,3.88,2.15,0.385,0.095
Soybean_cluster_1_yearly_False_window_9_lags_3_sinusoidal_yes_piecewise,False,9,piecewise_lags_3_sinusoidal_yes,0.528,0.647,319.913,326.18,True,True,False,0.73,-0.269,0,15.787,22.779,0.743,794.1523769555556,,,6.594,0.735,,,,,2.384,1.013,0.39,0.1
Soybean_cluster_1_yearly_True_window_9_lags_none_sinusoidal_no_piecewise,True,9,piecewise_lags_none_sinusoidal_no,0.241,0.034,313.052,316.039,True,True,False,0.33,-0.139,0,2.95,2.95,0.033,789.5448153399999,,,,,,,,,,,,
Soybean_cluster_1_yearly_True_window_9_lags_2_sinusoidal_no_piecewise,True,9,piecewise_lags_2_sinusoidal_no,0.466,0.882,276.338,279.899,True,True,False,0.492,-0.227,0,2.38,3.519,0.272,803.9520426867452,2.138,0.361,,,,,,,,,,
Soybean_cluster_1_yearly_True_window_9_lags_none_sinusoidal_yes_piecewise,True,9,piecewise_lags_none_sinusoidal_yes,0.295,0.026,315.558,320.537,True,True,False,0.48,-0.422,0,3.159,3.266,0.025,789.5448153399999,,,,,,,,,1.089,1.018,0.986,0.298
Soybean_cluster_1_yearly_True_window_9_lags_2_sinusoidal_yes_piecewise,True,9,piecewise_lags_2_sinusoidal_yes,0.556,0.905,277.0,282.343,True,True,False,0.658,-0.785,0,2.891,4.821,0.66,803.9520426867452,2.559,0.216,,,,,,,1.336,1.035,0.25,0.553
Soybean_cluster_1_yearly_False_window_10_lags_none_sinusoidal_no_piecewise,False,10,piecewise_lags_none_sinusoidal_no,0.195,0.054,374.036,377.57,True,True,False,0.471,0.099,0,1.572,1.572,0.037,801.652374575495,,,,,,,,,,,,
Soybean_cluster_1_yearly_False_window_10_lags_2_sinusoidal_no_piecewise,False,10,piecewise_lags_2_sinusoidal_no,0.32,0.827,340.086,344.451,True,False,False,0.413,-1.732,0,2.182,2.818,0.157,801.8341051457576,1.637,0.704,,,,,,,,,,
Soybean_cluster_1_yearly_False_window_10_lags_3_sinusoidal_no_piecewise,False,10,piecewise_lags_3_sinusoidal_no,0.446,0.653,316.442,320.62,True,True,False,0.693,-0.358,0,2.844,4.336,0.267,801.7629132326599,,,2.492,0.644,,,,,,,,
Soybean_cluster_1_yearly_False_window_10_lags_none_sinusoidal_yes_piecewise,False,10,piecewise_lags_none_sinusoidal_yes,0.322,0.014,373.923,379.813,True,False,False,0.66,-0.354,0,1.79,2.172,0.032,801.652374575495,,,,,,,,,1.154,1.227,0.165,0.144
Soybean_cluster_1_yearly_False_window_10_lags_2_sinusoidal_yes_piecewise,False,10,piecewise_lags_2_sinusoidal_yes,0.379,0.413,342.093,348.639,True,False,False,0.559,-1.539,0,3.392,5.704,0.19,801.8341051457576,2.288,0.613,,,,,,,1.82,1.204,0.274,0.405
Soybean_cluster_1_yearly_False_window_10_lags_3_sinusoidal_yes_piecewise,False,10,piecewise_lags_3_sinusoidal_yes,0.588,0.62,314.24,320.507,True,True,False,0.789,-0.317,0,3.409,5.665,0.185,801.7629132326599,,,2.949,0.525,,,,,1.295,1.011,0.065,0.521
Soybean_cluster_1_yearly_True_window_10_lags_none_sinusoidal_no_piecewise,True,10,piecewise_lags_none_sinusoidal_no,0.03,0.545,316.779,319.766,True,True,False,0.18,-0.06,0,1.687,1.687,0.479,801.5044439466465,,,,,,,,,,,,
Soybean_cluster_1_yearly_True_window_10_lags_none_sinusoidal_yes_piecewise,True,10,piecewise_lags_none_sinusoidal_yes,0.033,0.556,320.724,325.703,True,False,False,0.186,-1.174,0,1.718,1.764,0.489,801.5044439466465,,,,,,,,,1.046,1.0,0.856,0.934
